date,shortfall_pct,rule_action,gap_to_target_action
2015-04-15,20.90616800584874,Primary Cause: Blasting Delays. Review drill/blast patterns and safety clearance.,Option 1: Increase uptime to 80.4% and reduce blasting delay to 2.4 hrs (Forecast: 697.6t) | Option 2: Increase uptime to 81.6% and reduce blasting delay to 2.6 hrs (Forecast: 694.2t) | Option 3: Increase uptime to 81.6% and reduce blasting delay to 2.4 hrs (Forecast: 708.9t)
2015-04-22,30.04745147108968,Primary Cause: Blasting Delays. Review drill/blast patterns and safety clearance.,Option 1: Increase uptime to 80.6% and reduce blasting delay to 2.5 hrs (Forecast: 696.6t) | Option 2: Increase uptime to 81.9% and reduce blasting delay to 2.5 hrs (Forecast: 723.1t) | Option 3: Increase uptime to 80.6% and reduce blasting delay to 2.3 hrs (Forecast: 696.6t)
2015-04-26,20.565693682503245,Primary Cause: Blasting Delays. Review drill/blast patterns and safety clearance.,Option 1: Increase uptime to 94.5% and reduce blasting delay to 3.8 hrs (Forecast: 697.5t) | Option 2: Increase uptime to 93.6% and reduce blasting delay to 3.2 hrs (Forecast: 718.1t) | Option 3: Increase uptime to 94.5% and reduce blasting delay to 3.6 hrs (Forecast: 714.8t)
2015-04-27,24.038292820318507,Primary Cause: Blasting Delays. Review drill/blast patterns and safety clearance.,Option 1: Increase uptime to 82.0% and reduce blasting delay to 2.9 hrs (Forecast: 695.2t) | Option 2: Increase uptime to 82.0% and reduce blasting delay to 2.8 hrs (Forecast: 695.2t) | Option 3: Increase uptime to 79.6% and reduce blasting delay to 2.4 hrs (Forecast: 697.4t)
2015-05-11,24.8572888777298,Primary Cause: Blasting Delays. Review drill/blast patterns and safety clearance.,Option 1: Increase uptime to 78.9% and reduce blasting delay to 2.9 hrs (Forecast: 701.7t) | Option 2: Increase uptime to 75.0% and reduce blasting delay to 2.6 hrs (Forecast: 697.3t) | Option 3: Increase uptime to 76.3% and reduce blasting delay to 2.6 hrs (Forecast: 695.1t)
2015-05-20,20.56378300831072,Primary Cause: Blasting Delays. Review drill/blast patterns and safety clearance.,Option 1: Increase uptime to 80.4% and reduce blasting delay to 2.3 hrs (Forecast: 694.0t) | Option 2: Increase uptime to 82.9% and reduce blasting delay to 2.5 hrs (Forecast: 708.6t) | Option 3: Increase uptime to 79.2% and reduce blasting delay to 2.1 hrs (Forecast: 701.7t)
2015-05-29,16.437512963134978,Primary Cause: Equipment Downtime. Schedule immediate preventive maintenance.,Option 1: Increase uptime to 75.7% and reduce blasting delay to 2.0 hrs (Forecast: 695.8t) | Option 2: Increase uptime to 78.5% and reduce blasting delay to 2.2 hrs (Forecast: 700.0t) | Option 3: Increase uptime to 77.1% and reduce blasting delay to 2.0 hrs (Forecast: 695.8t)
2015-06-01,18.499172429843984,Primary Cause: Blasting Delays. Review drill/blast patterns and safety clearance.,Option 1: Increase uptime to 85.8% and reduce blasting delay to 1.8 hrs (Forecast: 702.6t) | Option 2: Increase uptime to 86.9% and reduce blasting delay to 1.8 hrs (Forecast: 723.9t) | Option 3: Increase uptime to 83.6% and reduce blasting delay to 1.4 hrs (Forecast: 693.8t)
2015-06-02,32.81724496797612,Primary Cause: Blasting Delays. Review drill/blast patterns and safety clearance.,Option 1: Increase uptime to 94.9% and reduce blasting delay to 1.4 hrs (Forecast: 696.4t) | Option 2: Increase uptime to 95.1% and reduce blasting delay to 1.4 hrs (Forecast: 696.4t) | Option 3: Increase uptime to 95.4% and reduce blasting delay to 1.4 hrs (Forecast: 694.3t)
2015-06-04,42.36428523929408,Primary Cause: Blasting Delays. Review drill/blast patterns and safety clearance.,Option 1: Increase uptime to 87.1% and reduce blasting delay to 1.5 hrs (Forecast: 703.0t) | Option 2: Increase uptime to 88.1% and reduce blasting delay to 1.5 hrs (Forecast: 701.0t) | Option 3: Increase uptime to 87.1% and reduce blasting delay to 1.3 hrs (Forecast: 708.9t)
2015-06-06,34.43633509733988,Primary Cause: Equipment Downtime. Schedule immediate preventive maintenance.,Option 1: Increase uptime to 87.1% and reduce blasting delay to 1.3 hrs (Forecast: 696.8t) | Option 2: Increase uptime to 87.1% and reduce blasting delay to 1.2 hrs (Forecast: 696.8t) | Option 3: Increase uptime to 87.1% and reduce blasting delay to 1.1 hrs (Forecast: 696.8t)
2015-06-07,21.34626188930076,Primary Cause: Weather/Monsoon. Increase pump capacity and adjust monthly target.,Option 1: Increase uptime to 94.1% and reduce blasting delay to 0.6 hrs (Forecast: 695.2t) | Option 2: Increase uptime to 94.4% and reduce blasting delay to 0.6 hrs (Forecast: 697.2t) | Option 3: Increase uptime to 94.7% and reduce blasting delay to 0.6 hrs (Forecast: 693.5t)
2015-06-08,17.176718331935582,Primary Cause: Blasting Delays. Review drill/blast patterns and safety clearance.,Option 1: Increase uptime to 88.9% and reduce blasting delay to 0.6 hrs (Forecast: 701.2t) | Option 2: Increase uptime to 88.9% and reduce blasting delay to 0.6 hrs (Forecast: 701.2t) | Option 3: Increase uptime to 88.9% and reduce blasting delay to 0.6 hrs (Forecast: 701.2t)
2015-06-09,18.5282869707564,Primary Cause: Blasting Delays. Review drill/blast patterns and safety clearance.,Option 1: Increase uptime to 99.6% and reduce blasting delay to 2.0 hrs (Forecast: 727.8t) | Option 2: Increase uptime to 99.6% and reduce blasting delay to 2.0 hrs (Forecast: 727.8t) | Option 3: Increase uptime to 99.6% and reduce blasting delay to 2.0 hrs (Forecast: 727.8t)
2015-06-10,43.64485334163109,Primary Cause: Blasting Delays. Review drill/blast patterns and safety clearance.,Option 1: Increase uptime to 93.9% and reduce blasting delay to 0.7 hrs (Forecast: 693.6t) | Option 2: Increase uptime to 94.2% and reduce blasting delay to 0.7 hrs (Forecast: 693.6t) | Option 3: Increase uptime to 94.5% and reduce blasting delay to 0.7 hrs (Forecast: 696.6t)
2015-06-11,30.169587738102948,Primary Cause: Weather/Monsoon. Increase pump capacity and adjust monthly target.,Option 1: Increase uptime to 89.2% and reduce blasting delay to 1.3 hrs (Forecast: 698.8t) | Option 2: Increase uptime to 91.6% and reduce blasting delay to 1.7 hrs (Forecast: 697.3t) | Option 3: Increase uptime to 90.4% and reduce blasting delay to 1.4 hrs (Forecast: 695.4t)
2015-06-12,24.345821830194605,Primary Cause: Blasting Delays. Review drill/blast patterns and safety clearance.,Option 1: Increase uptime to 89.6% and reduce blasting delay to 0.0 hrs (Forecast: 735.9t) | Option 2: Increase uptime to 89.6% and reduce blasting delay to 0.0 hrs (Forecast: 735.9t) | Option 3: Increase uptime to 89.6% and reduce blasting delay to 0.0 hrs (Forecast: 735.9t)
2015-06-15,28.534263270543104,Primary Cause: Blasting Delays. Review drill/blast patterns and safety clearance.,Option 1: Increase uptime to 91.9% and reduce blasting delay to 1.6 hrs (Forecast: 720.2t) | Option 2: Increase uptime to 92.3% and reduce blasting delay to 1.6 hrs (Forecast: 720.2t) | Option 3: Increase uptime to 92.7% and reduce blasting delay to 1.6 hrs (Forecast: 720.2t)
2015-06-18,31.41246825240844,Primary Cause: Weather/Monsoon. Increase pump capacity and adjust monthly target.,Option 1: Increase uptime to 87.5% and reduce blasting delay to 1.4 hrs (Forecast: 693.7t) | Option 2: Increase uptime to 86.5% and reduce blasting delay to 1.3 hrs (Forecast: 698.0t) | Option 3: Increase uptime to 88.5% and reduce blasting delay to 1.4 hrs (Forecast: 703.3t)
2015-06-19,32.2633171181871,Primary Cause: Equipment Downtime. Schedule immediate preventive maintenance.,Option 1: Increase uptime to 86.7% and reduce blasting delay to 1.3 hrs (Forecast: 696.8t) | Option 2: Increase uptime to 88.1% and reduce blasting delay to 1.4 hrs (Forecast: 697.0t) | Option 3: Increase uptime to 86.7% and reduce blasting delay to 1.2 hrs (Forecast: 697.6t)
2015-06-20,19.95337457191332,Primary Cause: Blasting Delays. Review drill/blast patterns and safety clearance.,Option 1: Increase uptime to 95.9% and reduce blasting delay to 1.7 hrs (Forecast: 719.6t) | Option 2: Increase uptime to 96.1% and reduce blasting delay to 1.7 hrs (Forecast: 719.6t) | Option 3: Increase uptime to 96.3% and reduce blasting delay to 1.7 hrs (Forecast: 719.6t)
2015-06-22,37.53121887023321,Primary Cause: Weather/Monsoon. Increase pump capacity and adjust monthly target.,Option 1: Increase uptime to 87.0% and reduce blasting delay to 1.2 hrs (Forecast: 712.5t) | Option 2: Increase uptime to 90.0% and reduce blasting delay to 1.5 hrs (Forecast: 695.3t) | Option 3: Increase uptime to 89.0% and reduce blasting delay to 1.4 hrs (Forecast: 698.0t)
2015-06-23,27.21246697174712,Primary Cause: Equipment Downtime. Schedule immediate preventive maintenance.,Option 1: Increase uptime to 88.8% and reduce blasting delay to 1.4 hrs (Forecast: 696.4t) | Option 2: Increase uptime to 90.2% and reduce blasting delay to 1.5 hrs (Forecast: 696.7t) | Option 3: Increase uptime to 88.8% and reduce blasting delay to 1.3 hrs (Forecast: 710.3t)
2015-06-24,40.23777815975155,Primary Cause: Blasting Delays. Review drill/blast patterns and safety clearance.,Option 1: Increase uptime to 87.6% and reduce blasting delay to 1.2 hrs (Forecast: 702.3t) | Option 2: Increase uptime to 91.7% and reduce blasting delay to 1.7 hrs (Forecast: 697.5t) | Option 3: Increase uptime to 89.7% and reduce blasting delay to 1.3 hrs (Forecast: 697.8t)
2015-06-25,17.91446698036794,Primary Cause: Weather/Monsoon. Increase pump capacity and adjust monthly target.,Option 1: Increase uptime to 87.9% and reduce blasting delay to 1.3 hrs (Forecast: 698.1t) | Option 2: Increase uptime to 87.9% and reduce blasting delay to 1.2 hrs (Forecast: 698.9t) | Option 3: Increase uptime to 87.9% and reduce blasting delay to 1.2 hrs (Forecast: 698.9t)
2015-06-26,17.731702618347708,Primary Cause: Weather/Monsoon. Increase pump capacity and adjust monthly target.,Option 1: Increase uptime to 94.3% and reduce blasting delay to 1.3 hrs (Forecast: 694.0t) | Option 2: Increase uptime to 94.3% and reduce blasting delay to 1.1 hrs (Forecast: 694.0t) | Option 3: Increase uptime to 93.5% and reduce blasting delay to 1.0 hrs (Forecast: 695.6t)
2015-06-27,36.89781544154641,Primary Cause: Blasting Delays. Review drill/blast patterns and safety clearance.,Option 1: Increase uptime to 89.7% and reduce blasting delay to 1.5 hrs (Forecast: 694.7t) | Option 2: Increase uptime to 91.8% and reduce blasting delay to 1.7 hrs (Forecast: 709.4t) | Option 3: Increase uptime to 90.2% and reduce blasting delay to 1.5 hrs (Forecast: 694.7t)
2015-06-29,32.24201714635247,Primary Cause: Blasting Delays. Review drill/blast patterns and safety clearance.,Option 1: Increase uptime to 88.1% and reduce blasting delay to 1.3 hrs (Forecast: 701.2t) | Option 2: Increase uptime to 88.9% and reduce blasting delay to 1.3 hrs (Forecast: 710.5t) | Option 3: Increase uptime to 90.5% and reduce blasting delay to 1.5 hrs (Forecast: 697.8t)
2015-06-30,52.641129258903085,Primary Cause: Equipment Downtime. Schedule immediate preventive maintenance.,Option 1: Increase uptime to 89.4% and reduce blasting delay to 1.2 hrs (Forecast: 698.5t) | Option 2: Increase uptime to 89.4% and reduce blasting delay to 1.1 hrs (Forecast: 698.5t) | Option 3: Increase uptime to 90.8% and reduce blasting delay to 1.2 hrs (Forecast: 699.7t)
2015-07-03,16.312875652163342,Primary Cause: Weather/Monsoon. Increase pump capacity and adjust monthly target.,Option 1: Increase uptime to 88.8% and reduce blasting delay to 1.4 hrs (Forecast: 694.2t) | Option 2: Increase uptime to 89.5% and reduce blasting delay to 1.4 hrs (Forecast: 694.2t) | Option 3: Increase uptime to 86.8% and reduce blasting delay to 1.3 hrs (Forecast: 694.9t)
2015-07-05,34.211414874853155,Primary Cause: Weather/Monsoon. Increase pump capacity and adjust monthly target.,Option 1: Increase uptime to 89.4% and reduce blasting delay to 0.2 hrs (Forecast: 694.6t) | Option 2: Increase uptime to 97.7% and reduce blasting delay to 1.3 hrs (Forecast: 713.7t) | Option 3: Increase uptime to 90.1% and reduce blasting delay to 0.2 hrs (Forecast: 712.4t)
2015-07-07,35.81197264545623,Primary Cause: Weather/Monsoon. Increase pump capacity and adjust monthly target.,Option 1: Increase uptime to 88.8% and reduce blasting delay to 1.2 hrs (Forecast: 696.2t) | Option 2: Increase uptime to 89.7% and reduce blasting delay to 1.2 hrs (Forecast: 697.5t) | Option 3: Increase uptime to 88.8% and reduce blasting delay to 1.1 hrs (Forecast: 696.2t)
2015-07-08,31.802314111692915,Primary Cause: Blasting Delays. Review drill/blast patterns and safety clearance.,Option 1: Increase uptime to 89.8% and reduce blasting delay to 0.2 hrs (Forecast: 699.6t) | Option 2: Increase uptime to 89.8% and reduce blasting delay to 0.2 hrs (Forecast: 700.0t) | Option 3: Increase uptime to 89.8% and reduce blasting delay to 0.2 hrs (Forecast: 700.0t)
2015-07-09,32.59695216868734,Primary Cause: Blasting Delays. Review drill/blast patterns and safety clearance.,Option 1: Increase uptime to 86.6% and reduce blasting delay to 1.6 hrs (Forecast: 682.9t) | Option 2: Increase uptime to 88.0% and reduce blasting delay to 1.7 hrs (Forecast: 684.8t) | Option 3: Increase uptime to 88.0% and reduce blasting delay to 1.6 hrs (Forecast: 691.3t)
2015-07-10,46.21377018355932,Primary Cause: Blasting Delays. Review drill/blast patterns and safety clearance.,Option 1: Increase uptime to 86.9% and reduce blasting delay to 1.6 hrs (Forecast: 689.3t) | Option 2: Increase uptime to 88.4% and reduce blasting delay to 1.6 hrs (Forecast: 689.0t) | Option 3: Increase uptime to 86.9% and reduce blasting delay to 1.4 hrs (Forecast: 690.1t)
2015-07-11,20.140667900185605,Primary Cause: Blasting Delays. Review drill/blast patterns and safety clearance.,Option 1: Increase uptime to 91.3% and reduce blasting delay to 1.7 hrs (Forecast: 678.2t) | Option 2: Increase uptime to 91.8% and reduce blasting delay to 1.7 hrs (Forecast: 697.7t) | Option 3: Increase uptime to 90.7% and reduce blasting delay to 1.6 hrs (Forecast: 685.3t)
2015-07-12,44.52298375692124,Primary Cause: Weather/Monsoon. Increase pump capacity and adjust monthly target.,Option 1: Increase uptime to 87.7% and reduce blasting delay to 1.2 hrs (Forecast: 671.3t) | Option 2: Increase uptime to 91.8% and reduce blasting delay to 1.6 hrs (Forecast: 676.7t) | Option 3: Increase uptime to 88.7% and reduce blasting delay to 1.2 hrs (Forecast: 680.3t)
2015-07-18,23.31388650251961,Primary Cause: Weather/Monsoon. Increase pump capacity and adjust monthly target.,Option 1: Increase uptime to 87.3% and reduce blasting delay to 1.4 hrs (Forecast: 666.8t) | Option 2: Increase uptime to 87.3% and reduce blasting delay to 1.3 hrs (Forecast: 675.5t) | Option 3: Increase uptime to 88.4% and reduce blasting delay to 1.4 hrs (Forecast: 672.8t)
2015-07-19,36.73929876045572,Primary Cause: Blasting Delays. Review drill/blast patterns and safety clearance.,Option 1: Increase uptime to 87.5% and reduce blasting delay to 1.8 hrs (Forecast: 674.4t) | Option 2: Increase uptime to 87.5% and reduce blasting delay to 1.7 hrs (Forecast: 684.3t) | Option 3: Increase uptime to 88.9% and reduce blasting delay to 1.8 hrs (Forecast: 674.1t)
2015-07-20,17.6991231723128,Primary Cause: Weather/Monsoon. Increase pump capacity and adjust monthly target.,Option 1: Increase uptime to 89.3% and reduce blasting delay to 1.6 hrs (Forecast: 664.5t) | Option 2: Increase uptime to 87.2% and reduce blasting delay to 1.4 hrs (Forecast: 666.1t) | Option 3: Increase uptime to 89.3% and reduce blasting delay to 1.5 hrs (Forecast: 666.7t)
2015-07-21,32.1510984061424,Primary Cause: Equipment Downtime. Schedule immediate preventive maintenance.,Option 1: Increase uptime to 87.4% and reduce blasting delay to 1.3 hrs (Forecast: 666.8t) | Option 2: Increase uptime to 87.4% and reduce blasting delay to 1.2 hrs (Forecast: 667.6t) | Option 3: Increase uptime to 88.7% and reduce blasting delay to 1.4 hrs (Forecast: 667.9t)
2015-07-23,31.879601407955565,Primary Cause: Blasting Delays. Review drill/blast patterns and safety clearance.,Option 1: Increase uptime to 94.5% and reduce blasting delay to 2.2 hrs (Forecast: 661.9t) | Option 2: Increase uptime to 94.2% and reduce blasting delay to 2.0 hrs (Forecast: 678.7t) | Option 3: Increase uptime to 94.5% and reduce blasting delay to 2.0 hrs (Forecast: 686.8t)
2015-07-27,40.79168665181918,Primary Cause: Weather/Monsoon. Increase pump capacity and adjust monthly target.,Option 1: Increase uptime to 93.9% and reduce blasting delay to 1.3 hrs (Forecast: 660.3t) | Option 2: Increase uptime to 93.9% and reduce blasting delay to 1.1 hrs (Forecast: 660.3t) | Option 3: Increase uptime to 90.2% and reduce blasting delay to 0.6 hrs (Forecast: 658.2t)
2015-08-01,22.43602909368901,Primary Cause: Weather/Monsoon. Increase pump capacity and adjust monthly target.,Option 1: Increase uptime to 85.7% and reduce blasting delay to 1.8 hrs (Forecast: 656.1t) | Option 2: Increase uptime to 86.7% and reduce blasting delay to 1.8 hrs (Forecast: 675.8t) | Option 3: Increase uptime to 85.7% and reduce blasting delay to 1.7 hrs (Forecast: 666.2t)
2015-08-03,54.21744279909204,Primary Cause: Blasting Delays. Review drill/blast patterns and safety clearance.,Option 1: Increase uptime to 87.3% and reduce blasting delay to 1.7 hrs (Forecast: 647.5t) | Option 2: Increase uptime to 88.4% and reduce blasting delay to 1.7 hrs (Forecast: 647.2t) | Option 3: Increase uptime to 87.3% and reduce blasting delay to 1.5 hrs (Forecast: 659.6t)
2015-08-06,23.531486742312,Primary Cause: Blasting Delays. Review drill/blast patterns and safety clearance.,Option 1: Increase uptime to 95.8% and reduce blasting delay to 1.7 hrs (Forecast: 665.9t) | Option 2: Increase uptime to 96.0% and reduce blasting delay to 1.7 hrs (Forecast: 665.9t) | Option 3: Increase uptime to 96.2% and reduce blasting delay to 1.7 hrs (Forecast: 665.9t)
2015-08-07,32.13237518601185,Primary Cause: Equipment Downtime. Schedule immediate preventive maintenance.,Option 1: Increase uptime to 88.1% and reduce blasting delay to 1.3 hrs (Forecast: 638.3t) | Option 2: Increase uptime to 89.6% and reduce blasting delay to 1.4 hrs (Forecast: 627.8t) | Option 3: Increase uptime to 88.1% and reduce blasting delay to 1.2 hrs (Forecast: 638.3t)
2015-08-08,16.14881120171237,Primary Cause: Weather/Monsoon. Increase pump capacity and adjust monthly target.,Option 1: Increase uptime to 86.8% and reduce blasting delay to 2.0 hrs (Forecast: 626.4t) | Option 2: Increase uptime to 87.5% and reduce blasting delay to 2.0 hrs (Forecast: 626.4t) | Option 3: Increase uptime to 86.1% and reduce blasting delay to 1.9 hrs (Forecast: 621.5t)
2015-08-11,35.77530560062759,Primary Cause: Blasting Delays. Review drill/blast patterns and safety clearance.,Option 1: Increase uptime to 81.5% and reduce blasting delay to 1.6 hrs (Forecast: 625.7t) | Option 2: Increase uptime to 82.8% and reduce blasting delay to 1.6 hrs (Forecast: 626.4t) | Option 3: Increase uptime to 81.5% and reduce blasting delay to 1.4 hrs (Forecast: 629.7t)
2015-08-12,22.052881303661724,Primary Cause: Weather/Monsoon. Increase pump capacity and adjust monthly target.,Option 1: Increase uptime to 82.1% and reduce blasting delay to 1.3 hrs (Forecast: 623.1t) | Option 2: Increase uptime to 83.1% and reduce blasting delay to 1.3 hrs (Forecast: 623.1t) | Option 3: Increase uptime to 82.1% and reduce blasting delay to 1.2 hrs (Forecast: 623.9t)
2015-08-17,19.208878561520493,Primary Cause: Weather/Monsoon. Increase pump capacity and adjust monthly target.,Option 1: Increase uptime to 86.6% and reduce blasting delay to 1.7 hrs (Forecast: 606.1t) | Option 2: Increase uptime to 87.6% and reduce blasting delay to 1.7 hrs (Forecast: 611.2t) | Option 3: Increase uptime to 86.6% and reduce blasting delay to 1.6 hrs (Forecast: 617.7t)
2015-08-19,19.23393998149321,Primary Cause: Blasting Delays. Review drill/blast patterns and safety clearance.,Option 1: Increase uptime to 98.9% and reduce blasting delay to 2.8 hrs (Forecast: 620.3t) | Option 2: Increase uptime to 98.9% and reduce blasting delay to 2.8 hrs (Forecast: 620.3t) | Option 3: Increase uptime to 99.0% and reduce blasting delay to 2.8 hrs (Forecast: 620.3t)
2015-08-21,25.24591568957288,Primary Cause: Blasting Delays. Review drill/blast patterns and safety clearance.,Option 1: Increase uptime to 85.7% and reduce blasting delay to 2.1 hrs (Forecast: 601.9t) | Option 2: Increase uptime to 86.4% and reduce blasting delay to 2.1 hrs (Forecast: 597.1t) | Option 3: Increase uptime to 87.2% and reduce blasting delay to 2.1 hrs (Forecast: 605.8t)
2015-08-24,24.57606626998492,Primary Cause: Blasting Delays. Review drill/blast patterns and safety clearance.,Option 1: Increase uptime to 82.7% and reduce blasting delay to 1.9 hrs (Forecast: 597.0t) | Option 2: Increase uptime to 81.2% and reduce blasting delay to 1.7 hrs (Forecast: 595.2t) | Option 3: Increase uptime to 82.7% and reduce blasting delay to 1.7 hrs (Forecast: 617.7t)
2015-08-25,19.770482069292168,Primary Cause: Blasting Delays. Review drill/blast patterns and safety clearance.,Option 1: Increase uptime to 91.2% and reduce blasting delay to 2.8 hrs (Forecast: 599.6t) | Option 2: Increase uptime to 91.2% and reduce blasting delay to 2.6 hrs (Forecast: 594.5t) | Option 3: Increase uptime to 88.3% and reduce blasting delay to 2.2 hrs (Forecast: 602.5t)
2015-08-26,18.688193797794145,Primary Cause: Blasting Delays. Review drill/blast patterns and safety clearance.,Option 1: Increase uptime to 85.8% and reduce blasting delay to 2.2 hrs (Forecast: 592.4t) | Option 2: Increase uptime to 86.6% and reduce blasting delay to 2.2 hrs (Forecast: 596.0t) | Option 3: Increase uptime to 87.3% and reduce blasting delay to 2.2 hrs (Forecast: 604.8t)
2015-08-27,41.00939569271782,Primary Cause: Weather/Monsoon. Increase pump capacity and adjust monthly target.,Option 1: Increase uptime to 81.5% and reduce blasting delay to 1.5 hrs (Forecast: 590.2t) | Option 2: Increase uptime to 82.9% and reduce blasting delay to 1.5 hrs (Forecast: 600.8t) | Option 3: Increase uptime to 85.8% and reduce blasting delay to 1.8 hrs (Forecast: 586.9t)
2015-08-31,45.836734825293725,Primary Cause: Blasting Delays. Review drill/blast patterns and safety clearance.,Option 1: Increase uptime to 82.0% and reduce blasting delay to 1.7 hrs (Forecast: 590.6t) | Option 2: Increase uptime to 83.3% and reduce blasting delay to 1.7 hrs (Forecast: 590.6t) | Option 3: Increase uptime to 78.2% and reduce blasting delay to 1.3 hrs (Forecast: 593.9t)
2015-09-03,30.368493321794904,Primary Cause: Weather/Monsoon. Increase pump capacity and adjust monthly target.,Option 1: Increase uptime to 78.4% and reduce blasting delay to 1.6 hrs (Forecast: 578.7t) | Option 2: Increase uptime to 79.5% and reduce blasting delay to 1.6 hrs (Forecast: 578.7t) | Option 3: Increase uptime to 78.4% and reduce blasting delay to 1.5 hrs (Forecast: 578.7t)
2015-09-06,24.99177524975007,Primary Cause: Weather/Monsoon. Increase pump capacity and adjust monthly target.,Option 1: Increase uptime to 81.7% and reduce blasting delay to 1.9 hrs (Forecast: 591.8t) | Option 2: Increase uptime to 82.8% and reduce blasting delay to 1.9 hrs (Forecast: 591.8t) | Option 3: Increase uptime to 81.7% and reduce blasting delay to 1.8 hrs (Forecast: 591.8t)
2015-09-15,36.13880882694823,Primary Cause: Weather/Monsoon. Increase pump capacity and adjust monthly target.,Option 1: Increase uptime to 86.6% and reduce blasting delay to 1.5 hrs (Forecast: 593.4t) | Option 2: Increase uptime to 86.6% and reduce blasting delay to 1.5 hrs (Forecast: 600.1t) | Option 3: Increase uptime to 86.6% and reduce blasting delay to 1.4 hrs (Forecast: 604.3t)
2015-09-19,18.285591934559275,Primary Cause: Equipment Downtime. Schedule immediate preventive maintenance.,Option 1: Increase uptime to 77.9% and reduce blasting delay to 1.4 hrs (Forecast: 585.6t) | Option 2: Increase uptime to 79.3% and reduce blasting delay to 1.4 hrs (Forecast: 585.6t) | Option 3: Increase uptime to 77.9% and reduce blasting delay to 1.3 hrs (Forecast: 585.6t)
2015-09-23,35.301769075529144,Primary Cause: Blasting Delays. Review drill/blast patterns and safety clearance.,Option 1: Increase uptime to 81.4% and reduce blasting delay to 1.7 hrs (Forecast: 592.4t) | Option 2: Increase uptime to 82.7% and reduce blasting delay to 1.7 hrs (Forecast: 593.1t) | Option 3: Increase uptime to 81.4% and reduce blasting delay to 1.5 hrs (Forecast: 604.9t)
2015-09-29,33.22055364578619,Primary Cause: Blasting Delays. Review drill/blast patterns and safety clearance.,Option 1: Increase uptime to 81.4% and reduce blasting delay to 1.8 hrs (Forecast: 596.5t) | Option 2: Increase uptime to 78.7% and reduce blasting delay to 1.6 hrs (Forecast: 593.0t) | Option 3: Increase uptime to 85.4% and reduce blasting delay to 2.2 hrs (Forecast: 597.9t)
2015-10-23,36.0379543743945,Primary Cause: Blasting Delays. Review drill/blast patterns and safety clearance.,Option 1: Increase uptime to 71.8% and reduce blasting delay to 3.0 hrs (Forecast: 672.5t) | Option 2: Increase uptime to 73.2% and reduce blasting delay to 3.0 hrs (Forecast: 662.4t) | Option 3: Increase uptime to 74.7% and reduce blasting delay to 3.0 hrs (Forecast: 662.4t)
2015-10-27,24.87357205872228,Primary Cause: Blasting Delays. Review drill/blast patterns and safety clearance.,Option 1: Increase uptime to 79.9% and reduce blasting delay to 3.0 hrs (Forecast: 668.3t) | Option 2: Increase uptime to 79.9% and reduce blasting delay to 2.8 hrs (Forecast: 668.3t) | Option 3: Increase uptime to 81.1% and reduce blasting delay to 3.0 hrs (Forecast: 670.3t)
2015-11-18,20.66540967239283,Primary Cause: Blasting Delays. Review drill/blast patterns and safety clearance.,Option 1: Increase uptime to 85.8% and reduce blasting delay to 2.4 hrs (Forecast: 735.2t) | Option 2: Increase uptime to 86.6% and reduce blasting delay to 2.4 hrs (Forecast: 738.8t) | Option 3: Increase uptime to 87.3% and reduce blasting delay to 2.4 hrs (Forecast: 746.4t)
2015-11-24,27.000116201619328,Primary Cause: Blasting Delays. Review drill/blast patterns and safety clearance.,Option 1: Increase uptime to 79.5% and reduce blasting delay to 2.0 hrs (Forecast: 732.3t) | Option 2: Increase uptime to 82.4% and reduce blasting delay to 2.2 hrs (Forecast: 735.5t) | Option 3: Increase uptime to 78.0% and reduce blasting delay to 1.8 hrs (Forecast: 732.3t)
2015-12-03,25.347304659136565,Primary Cause: Blasting Delays. Review drill/blast patterns and safety clearance.,Option 1: Increase uptime to 86.3% and reduce blasting delay to 2.4 hrs (Forecast: 765.5t) | Option 2: Increase uptime to 87.1% and reduce blasting delay to 2.4 hrs (Forecast: 766.6t) | Option 3: Increase uptime to 86.3% and reduce blasting delay to 2.3 hrs (Forecast: 765.5t)
2015-12-11,24.08319344833497,Primary Cause: Blasting Delays. Review drill/blast patterns and safety clearance.,Option 1: Increase uptime to 82.6% and reduce blasting delay to 1.7 hrs (Forecast: 782.5t) | Option 2: Increase uptime to 83.8% and reduce blasting delay to 1.7 hrs (Forecast: 795.3t) | Option 3: Increase uptime to 82.6% and reduce blasting delay to 1.6 hrs (Forecast: 778.4t)
2015-12-16,35.0593106238335,Primary Cause: Blasting Delays. Review drill/blast patterns and safety clearance.,Option 1: Increase uptime to 82.4% and reduce blasting delay to 1.7 hrs (Forecast: 795.6t) | Option 2: Increase uptime to 83.7% and reduce blasting delay to 1.7 hrs (Forecast: 808.4t) | Option 3: Increase uptime to 82.4% and reduce blasting delay to 1.6 hrs (Forecast: 783.7t)
2015-12-17,16.251477539890157,Primary Cause: Blasting Delays. Review drill/blast patterns and safety clearance.,Option 1: Increase uptime to 89.6% and reduce blasting delay to 2.3 hrs (Forecast: 781.5t) | Option 2: Increase uptime to 90.2% and reduce blasting delay to 2.3 hrs (Forecast: 786.4t) | Option 3: Increase uptime to 90.8% and reduce blasting delay to 2.3 hrs (Forecast: 786.4t)
2015-12-20,17.015978894499007,Primary Cause: Weather/Monsoon. Increase pump capacity and adjust monthly target.,Option 1: Increase uptime to 87.7% and reduce blasting delay to 1.9 hrs (Forecast: 808.6t) | Option 2: Increase uptime to 89.2% and reduce blasting delay to 2.1 hrs (Forecast: 800.7t) | Option 3: Increase uptime to 88.4% and reduce blasting delay to 1.9 hrs (Forecast: 808.1t)
2015-12-25,16.48843558812797,Primary Cause: Blasting Delays. Review drill/blast patterns and safety clearance.,Option 1: Increase uptime to 83.7% and reduce blasting delay to 1.6 hrs (Forecast: 805.8t) | Option 2: Increase uptime to 84.6% and reduce blasting delay to 1.6 hrs (Forecast: 805.8t) | Option 3: Increase uptime to 87.5% and reduce blasting delay to 1.9 hrs (Forecast: 811.7t)
2015-12-31,26.541578417040384,Primary Cause: Blasting Delays. Review drill/blast patterns and safety clearance.,Option 1: Increase uptime to 86.8% and reduce blasting delay to 1.7 hrs (Forecast: 810.3t) | Option 2: Increase uptime to 87.5% and reduce blasting delay to 1.7 hrs (Forecast: 835.8t) | Option 3: Increase uptime to 89.7% and reduce blasting delay to 1.9 hrs (Forecast: 821.4t)
2016-01-02,18.869173715073124,Primary Cause: Blasting Delays. Review drill/blast patterns and safety clearance.,Option 1: Increase uptime to 93.9% and reduce blasting delay to 2.6 hrs (Forecast: 837.3t) | Option 2: Increase uptime to 94.3% and reduce blasting delay to 2.6 hrs (Forecast: 837.3t) | Option 3: Increase uptime to 94.6% and reduce blasting delay to 2.6 hrs (Forecast: 847.7t)
2016-01-05,28.7457266301892,Primary Cause: Blasting Delays. Review drill/blast patterns and safety clearance.,Option 1: Increase uptime to 93.9% and reduce blasting delay to 2.6 hrs (Forecast: 815.3t) | Option 2: Increase uptime to 94.2% and reduce blasting delay to 2.6 hrs (Forecast: 815.3t) | Option 3: Increase uptime to 94.5% and reduce blasting delay to 2.6 hrs (Forecast: 833.6t)
2016-01-07,21.14596885799851,Primary Cause: Equipment Downtime. Schedule immediate preventive maintenance.,Option 1: Increase uptime to 83.1% and reduce blasting delay to 1.4 hrs (Forecast: 811.6t) | Option 2: Increase uptime to 86.1% and reduce blasting delay to 1.8 hrs (Forecast: 823.4t) | Option 3: Increase uptime to 84.1% and reduce blasting delay to 1.4 hrs (Forecast: 813.0t)
2016-01-14,17.54250200099022,Primary Cause: Blasting Delays. Review drill/blast patterns and safety clearance.,Option 1: Increase uptime to 83.9% and reduce blasting delay to 1.7 hrs (Forecast: 806.0t) | Option 2: Increase uptime to 85.0% and reduce blasting delay to 1.7 hrs (Forecast: 806.0t) | Option 3: Increase uptime to 83.9% and reduce blasting delay to 1.6 hrs (Forecast: 806.7t)
2016-01-16,19.64178314412653,Primary Cause: Equipment Downtime. Schedule immediate preventive maintenance.,Option 1: Increase uptime to 82.5% and reduce blasting delay to 1.7 hrs (Forecast: 807.4t) | Option 2: Increase uptime to 86.9% and reduce blasting delay to 2.2 hrs (Forecast: 812.2t) | Option 3: Increase uptime to 84.0% and reduce blasting delay to 1.7 hrs (Forecast: 821.6t)
2016-01-18,22.75322874555769,Primary Cause: Blasting Delays. Review drill/blast patterns and safety clearance.,Option 1: Increase uptime to 94.7% and reduce blasting delay to 2.5 hrs (Forecast: 825.6t) | Option 2: Increase uptime to 94.9% and reduce blasting delay to 2.5 hrs (Forecast: 827.8t) | Option 3: Increase uptime to 95.2% and reduce blasting delay to 2.5 hrs (Forecast: 827.8t)
2016-01-19,17.16547967081326,Primary Cause: Equipment Downtime. Schedule immediate preventive maintenance.,Option 1: Increase uptime to 83.7% and reduce blasting delay to 1.7 hrs (Forecast: 800.4t) | Option 2: Increase uptime to 83.7% and reduce blasting delay to 1.6 hrs (Forecast: 798.4t) | Option 3: Increase uptime to 84.6% and reduce blasting delay to 1.7 hrs (Forecast: 801.8t)
2016-01-23,17.216061445873894,Primary Cause: Equipment Downtime. Schedule immediate preventive maintenance.,Option 1: Increase uptime to 83.5% and reduce blasting delay to 1.7 hrs (Forecast: 802.2t) | Option 2: Increase uptime to 83.5% and reduce blasting delay to 1.6 hrs (Forecast: 802.9t) | Option 3: Increase uptime to 84.7% and reduce blasting delay to 1.7 hrs (Forecast: 803.6t)
2016-01-25,42.952697951938326,Primary Cause: Blasting Delays. Review drill/blast patterns and safety clearance.,Option 1: Increase uptime to 83.5% and reduce blasting delay to 1.5 hrs (Forecast: 807.4t) | Option 2: Increase uptime to 86.3% and reduce blasting delay to 1.7 hrs (Forecast: 817.3t) | Option 3: Increase uptime to 87.7% and reduce blasting delay to 1.8 hrs (Forecast: 809.2t)
2016-01-26,16.862671548230615,Primary Cause: Equipment Downtime. Schedule immediate preventive maintenance.,Option 1: Increase uptime to 82.9% and reduce blasting delay to 1.7 hrs (Forecast: 802.0t) | Option 2: Increase uptime to 82.9% and reduce blasting delay to 1.6 hrs (Forecast: 802.0t) | Option 3: Increase uptime to 82.9% and reduce blasting delay to 1.6 hrs (Forecast: 799.7t)
2016-02-05,25.18148229392433,Primary Cause: Blasting Delays. Review drill/blast patterns and safety clearance.,Option 1: Increase uptime to 85.7% and reduce blasting delay to 2.2 hrs (Forecast: 835.0t) | Option 2: Increase uptime to 83.2% and reduce blasting delay to 2.0 hrs (Forecast: 827.5t) | Option 3: Increase uptime to 84.0% and reduce blasting delay to 2.0 hrs (Forecast: 828.9t)
2016-02-06,32.27281633207293,Primary Cause: Equipment Downtime. Schedule immediate preventive maintenance.,Option 1: Increase uptime to 83.4% and reduce blasting delay to 1.9 hrs (Forecast: 825.3t) | Option 2: Increase uptime to 83.4% and reduce blasting delay to 1.8 hrs (Forecast: 837.3t) | Option 3: Increase uptime to 84.8% and reduce blasting delay to 1.9 hrs (Forecast: 826.7t)
2016-02-07,33.80142288972652,Primary Cause: Equipment Downtime. Schedule immediate preventive maintenance.,Option 1: Increase uptime to 83.9% and reduce blasting delay to 1.8 hrs (Forecast: 812.0t) | Option 2: Increase uptime to 83.9% and reduce blasting delay to 1.6 hrs (Forecast: 809.3t) | Option 3: Increase uptime to 85.4% and reduce blasting delay to 1.8 hrs (Forecast: 812.0t)
2016-02-13,26.17058385327984,Primary Cause: Equipment Downtime. Schedule immediate preventive maintenance.,Option 1: Increase uptime to 83.6% and reduce blasting delay to 1.7 hrs (Forecast: 806.4t) | Option 2: Increase uptime to 83.6% and reduce blasting delay to 1.6 hrs (Forecast: 808.2t) | Option 3: Increase uptime to 84.8% and reduce blasting delay to 1.7 hrs (Forecast: 807.8t)
2016-02-14,41.30133242820796,Primary Cause: Blasting Delays. Review drill/blast patterns and safety clearance.,Option 1: Increase uptime to 83.1% and reduce blasting delay to 1.7 hrs (Forecast: 800.9t) | Option 2: Increase uptime to 84.3% and reduce blasting delay to 1.7 hrs (Forecast: 802.3t) | Option 3: Increase uptime to 83.1% and reduce blasting delay to 1.5 hrs (Forecast: 809.0t)
2016-02-18,25.932642329697664,Primary Cause: Blasting Delays. Review drill/blast patterns and safety clearance.,Option 1: Increase uptime to 87.0% and reduce blasting delay to 2.2 hrs (Forecast: 807.5t) | Option 2: Increase uptime to 82.7% and reduce blasting delay to 1.7 hrs (Forecast: 810.8t) | Option 3: Increase uptime to 87.0% and reduce blasting delay to 2.1 hrs (Forecast: 805.8t)
2016-02-23,28.90296211502704,Primary Cause: Blasting Delays. Review drill/blast patterns and safety clearance.,Option 1: Increase uptime to 83.5% and reduce blasting delay to 2.4 hrs (Forecast: 826.7t) | Option 2: Increase uptime to 84.3% and reduce blasting delay to 2.4 hrs (Forecast: 828.1t) | Option 3: Increase uptime to 85.2% and reduce blasting delay to 2.4 hrs (Forecast: 828.1t)
2016-02-24,42.08858779173707,Primary Cause: Blasting Delays. Review drill/blast patterns and safety clearance.,Option 1: Increase uptime to 83.1% and reduce blasting delay to 1.9 hrs (Forecast: 820.5t) | Option 2: Increase uptime to 84.2% and reduce blasting delay to 1.9 hrs (Forecast: 821.9t) | Option 3: Increase uptime to 86.5% and reduce blasting delay to 2.1 hrs (Forecast: 824.2t)
2016-02-26,29.38643780166111,Primary Cause: Blasting Delays. Review drill/blast patterns and safety clearance.,Option 1: Increase uptime to 94.6% and reduce blasting delay to 3.0 hrs (Forecast: 815.5t) | Option 2: Increase uptime to 93.8% and reduce blasting delay to 2.5 hrs (Forecast: 826.3t) | Option 3: Increase uptime to 92.7% and reduce blasting delay to 2.3 hrs (Forecast: 868.6t)
2016-02-27,30.33299684089338,Primary Cause: Equipment Downtime. Schedule immediate preventive maintenance.,Option 1: Increase uptime to 83.7% and reduce blasting delay to 1.4 hrs (Forecast: 809.0t) | Option 2: Increase uptime to 88.2% and reduce blasting delay to 1.9 hrs (Forecast: 808.8t) | Option 3: Increase uptime to 80.8% and reduce blasting delay to 1.2 hrs (Forecast: 816.6t)
2016-02-28,45.3352482157802,Primary Cause: Blasting Delays. Review drill/blast patterns and safety clearance.,Option 1: Increase uptime to 84.1% and reduce blasting delay to 1.7 hrs (Forecast: 808.5t) | Option 2: Increase uptime to 85.4% and reduce blasting delay to 1.7 hrs (Forecast: 808.5t) | Option 3: Increase uptime to 84.1% and reduce blasting delay to 1.6 hrs (Forecast: 806.4t)
2016-02-29,15.774217566398631,Primary Cause: Equipment Downtime. Schedule immediate preventive maintenance.,Option 1: Increase uptime to 82.8% and reduce blasting delay to 1.7 hrs (Forecast: 804.1t) | Option 2: Increase uptime to 82.8% and reduce blasting delay to 1.5 hrs (Forecast: 806.3t) | Option 3: Increase uptime to 84.3% and reduce blasting delay to 1.7 hrs (Forecast: 816.1t)
2016-03-01,20.781470809740167,Primary Cause: Equipment Downtime. Schedule immediate preventive maintenance.,Option 1: Increase uptime to 82.7% and reduce blasting delay to 1.2 hrs (Forecast: 802.9t) | Option 2: Increase uptime to 81.3% and reduce blasting delay to 1.1 hrs (Forecast: 814.2t) | Option 3: Increase uptime to 82.7% and reduce blasting delay to 1.1 hrs (Forecast: 878.5t)
2016-03-03,19.93768981355905,Primary Cause: Blasting Delays. Review drill/blast patterns and safety clearance.,Option 1: Increase uptime to 91.6% and reduce blasting delay to 2.4 hrs (Forecast: 807.3t) | Option 2: Increase uptime to 92.0% and reduce blasting delay to 2.4 hrs (Forecast: 807.3t) | Option 3: Increase uptime to 91.6% and reduce blasting delay to 2.3 hrs (Forecast: 807.3t)
2016-03-10,25.306039696094366,Primary Cause: Blasting Delays. Review drill/blast patterns and safety clearance.,Option 1: Increase uptime to 83.8% and reduce blasting delay to 1.7 hrs (Forecast: 807.4t) | Option 2: Increase uptime to 84.7% and reduce blasting delay to 1.7 hrs (Forecast: 808.8t) | Option 3: Increase uptime to 85.6% and reduce blasting delay to 1.7 hrs (Forecast: 803.6t)
2016-03-13,20.149271134985213,Primary Cause: Equipment Downtime. Schedule immediate preventive maintenance.,Option 1: Increase uptime to 84.2% and reduce blasting delay to 1.7 hrs (Forecast: 804.2t) | Option 2: Increase uptime to 84.2% and reduce blasting delay to 1.6 hrs (Forecast: 804.9t) | Option 3: Increase uptime to 82.8% and reduce blasting delay to 1.3 hrs (Forecast: 809.2t)
2016-03-14,25.167204304619844,Primary Cause: Blasting Delays. Review drill/blast patterns and safety clearance.,Option 1: Increase uptime to 83.1% and reduce blasting delay to 1.7 hrs (Forecast: 810.1t) | Option 2: Increase uptime to 84.1% and reduce blasting delay to 1.7 hrs (Forecast: 816.5t) | Option 3: Increase uptime to 85.0% and reduce blasting delay to 1.7 hrs (Forecast: 816.5t)
2016-03-18,22.39876849722804,Primary Cause: Blasting Delays. Review drill/blast patterns and safety clearance.,Option 1: Increase uptime to 91.3% and reduce blasting delay to 2.5 hrs (Forecast: 805.4t) | Option 2: Increase uptime to 90.3% and reduce blasting delay to 2.3 hrs (Forecast: 802.8t) | Option 3: Increase uptime to 91.8% and reduce blasting delay to 2.5 hrs (Forecast: 805.4t)
2016-03-19,16.6672294550701,Primary Cause: Equipment Downtime. Schedule immediate preventive maintenance.,Option 1: Increase uptime to 83.7% and reduce blasting delay to 1.6 hrs (Forecast: 807.8t) | Option 2: Increase uptime to 84.9% and reduce blasting delay to 1.6 hrs (Forecast: 807.0t) | Option 3: Increase uptime to 83.7% and reduce blasting delay to 1.5 hrs (Forecast: 814.8t)
2016-03-20,20.97102969677536,Primary Cause: Equipment Downtime. Schedule immediate preventive maintenance.,Option 1: Increase uptime to 83.3% and reduce blasting delay to 1.7 hrs (Forecast: 806.6t) | Option 2: Increase uptime to 83.3% and reduce blasting delay to 1.6 hrs (Forecast: 807.3t) | Option 3: Increase uptime to 83.3% and reduce blasting delay to 1.5 hrs (Forecast: 813.6t)
2016-03-22,39.06668402376453,Primary Cause: Blasting Delays. Review drill/blast patterns and safety clearance.,Option 1: Increase uptime to 83.9% and reduce blasting delay to 1.7 hrs (Forecast: 803.2t) | Option 2: Increase uptime to 85.4% and reduce blasting delay to 1.7 hrs (Forecast: 803.2t) | Option 3: Increase uptime to 83.9% and reduce blasting delay to 1.6 hrs (Forecast: 801.2t)
2016-03-25,28.643356381332524,Primary Cause: Blasting Delays. Review drill/blast patterns and safety clearance.,Option 1: Increase uptime to 89.2% and reduce blasting delay to 2.4 hrs (Forecast: 813.7t) | Option 2: Increase uptime to 87.3% and reduce blasting delay to 2.2 hrs (Forecast: 803.2t) | Option 3: Increase uptime to 89.8% and reduce blasting delay to 2.4 hrs (Forecast: 813.7t)
2016-03-26,19.08246029436172,Primary Cause: Blasting Delays. Review drill/blast patterns and safety clearance.,Option 1: Increase uptime to 83.5% and reduce blasting delay to 1.7 hrs (Forecast: 805.3t) | Option 2: Increase uptime to 84.4% and reduce blasting delay to 1.7 hrs (Forecast: 804.4t) | Option 3: Increase uptime to 85.3% and reduce blasting delay to 1.7 hrs (Forecast: 804.4t)
2016-03-29,23.00487665977595,Primary Cause: Blasting Delays. Review drill/blast patterns and safety clearance.,Option 1: Increase uptime to 89.1% and reduce blasting delay to 2.4 hrs (Forecast: 802.1t) | Option 2: Increase uptime to 89.1% and reduce blasting delay to 2.2 hrs (Forecast: 820.8t) | Option 3: Increase uptime to 89.8% and reduce blasting delay to 2.4 hrs (Forecast: 802.1t)
2016-03-31,27.413644460625907,Primary Cause: Blasting Delays. Review drill/blast patterns and safety clearance.,Option 1: Increase uptime to 83.4% and reduce blasting delay to 1.7 hrs (Forecast: 796.8t) | Option 2: Increase uptime to 84.3% and reduce blasting delay to 1.7 hrs (Forecast: 798.2t) | Option 3: Increase uptime to 85.3% and reduce blasting delay to 1.7 hrs (Forecast: 798.2t)
2016-04-03,28.564170955250525,Primary Cause: Blasting Delays. Review drill/blast patterns and safety clearance.,Option 1: Increase uptime to 83.1% and reduce blasting delay to 1.6 hrs (Forecast: 799.4t) | Option 2: Increase uptime to 87.9% and reduce blasting delay to 2.2 hrs (Forecast: 797.9t) | Option 3: Increase uptime to 89.1% and reduce blasting delay to 2.4 hrs (Forecast: 812.4t)
2016-04-05,42.53948077013084,Primary Cause: Blasting Delays. Review drill/blast patterns and safety clearance.,Option 1: Increase uptime to 83.8% and reduce blasting delay to 1.6 hrs (Forecast: 792.7t) | Option 2: Increase uptime to 89.2% and reduce blasting delay to 2.3 hrs (Forecast: 793.5t) | Option 3: Increase uptime to 82.5% and reduce blasting delay to 1.4 hrs (Forecast: 786.2t)
2016-04-06,19.252062109181363,Primary Cause: Equipment Downtime. Schedule immediate preventive maintenance.,Option 1: Increase uptime to 80.9% and reduce blasting delay to 1.2 hrs (Forecast: 790.1t) | Option 2: Increase uptime to 82.3% and reduce blasting delay to 1.3 hrs (Forecast: 791.2t) | Option 3: Increase uptime to 83.8% and reduce blasting delay to 1.6 hrs (Forecast: 795.3t)
2016-04-07,36.74687210218583,Primary Cause: Blasting Delays. Review drill/blast patterns and safety clearance.,Option 1: Increase uptime to 83.7% and reduce blasting delay to 1.7 hrs (Forecast: 802.7t) | Option 2: Increase uptime to 89.1% and reduce blasting delay to 2.4 hrs (Forecast: 791.9t) | Option 3: Increase uptime to 86.4% and reduce blasting delay to 1.9 hrs (Forecast: 790.5t)
2016-04-09,28.59137651271877,Primary Cause: Equipment Downtime. Schedule immediate preventive maintenance.,Option 1: Increase uptime to 86.1% and reduce blasting delay to 1.7 hrs (Forecast: 780.5t) | Option 2: Increase uptime to 80.5% and reduce blasting delay to 1.1 hrs (Forecast: 800.3t) | Option 3: Increase uptime to 86.1% and reduce blasting delay to 1.6 hrs (Forecast: 781.1t)
2016-04-10,22.623047678415624,Primary Cause: Blasting Delays. Review drill/blast patterns and safety clearance.,Option 1: Increase uptime to 85.7% and reduce blasting delay to 1.6 hrs (Forecast: 787.8t) | Option 2: Increase uptime to 89.8% and reduce blasting delay to 2.2 hrs (Forecast: 802.5t) | Option 3: Increase uptime to 81.6% and reduce blasting delay to 1.3 hrs (Forecast: 782.5t)
2016-04-14,31.19487153610696,Primary Cause: Blasting Delays. Review drill/blast patterns and safety clearance.,Option 1: Increase uptime to 83.8% and reduce blasting delay to 1.7 hrs (Forecast: 777.1t) | Option 2: Increase uptime to 84.9% and reduce blasting delay to 1.7 hrs (Forecast: 777.1t) | Option 3: Increase uptime to 83.8% and reduce blasting delay to 1.6 hrs (Forecast: 775.1t)
2016-04-15,29.49340554521299,Primary Cause: Equipment Downtime. Schedule immediate preventive maintenance.,Option 1: Increase uptime to 84.1% and reduce blasting delay to 1.9 hrs (Forecast: 774.4t) | Option 2: Increase uptime to 81.5% and reduce blasting delay to 1.6 hrs (Forecast: 774.2t) | Option 3: Increase uptime to 84.1% and reduce blasting delay to 1.8 hrs (Forecast: 780.0t)
2016-04-19,18.774632235587944,Primary Cause: Blasting Delays. Review drill/blast patterns and safety clearance.,Option 1: Increase uptime to 92.1% and reduce blasting delay to 2.5 hrs (Forecast: 793.7t) | Option 2: Increase uptime to 92.4% and reduce blasting delay to 2.5 hrs (Forecast: 795.7t) | Option 3: Increase uptime to 92.8% and reduce blasting delay to 2.5 hrs (Forecast: 795.7t)
2016-04-26,28.370850870978508,Primary Cause: Blasting Delays. Review drill/blast patterns and safety clearance.,Option 1: Increase uptime to 85.9% and reduce blasting delay to 2.2 hrs (Forecast: 790.3t) | Option 2: Increase uptime to 85.9% and reduce blasting delay to 2.1 hrs (Forecast: 788.7t) | Option 3: Increase uptime to 86.8% and reduce blasting delay to 2.2 hrs (Forecast: 796.8t)
2016-05-05,15.613758824396468,Primary Cause: Equipment Downtime. Schedule immediate preventive maintenance.,Option 1: Increase uptime to 83.9% and reduce blasting delay to 2.0 hrs (Forecast: 794.4t) | Option 2: Increase uptime to 82.5% and reduce blasting delay to 1.7 hrs (Forecast: 780.4t) | Option 3: Increase uptime to 83.9% and reduce blasting delay to 1.9 hrs (Forecast: 800.1t)
2016-05-08,20.359512285794608,Primary Cause: Blasting Delays. Review drill/blast patterns and safety clearance.,Option 1: Increase uptime to 94.8% and reduce blasting delay to 2.6 hrs (Forecast: 835.6t) | Option 2: Increase uptime to 95.1% and reduce blasting delay to 2.6 hrs (Forecast: 835.6t) | Option 3: Increase uptime to 95.3% and reduce blasting delay to 2.6 hrs (Forecast: 835.6t)
2016-05-12,36.8777377085875,Primary Cause: Equipment Downtime. Schedule immediate preventive maintenance.,Option 1: Increase uptime to 80.7% and reduce blasting delay to 1.2 hrs (Forecast: 783.1t) | Option 2: Increase uptime to 80.7% and reduce blasting delay to 1.1 hrs (Forecast: 783.1t) | Option 3: Increase uptime to 82.2% and reduce blasting delay to 1.2 hrs (Forecast: 776.8t)
2016-05-14,16.07229041486498,Primary Cause: Equipment Downtime. Schedule immediate preventive maintenance.,Option 1: Increase uptime to 80.9% and reduce blasting delay to 1.3 hrs (Forecast: 781.2t) | Option 2: Increase uptime to 80.9% and reduce blasting delay to 1.2 hrs (Forecast: 791.7t) | Option 3: Increase uptime to 83.6% and reduce blasting delay to 1.6 hrs (Forecast: 797.9t)
2016-05-18,17.289647802617992,Primary Cause: Blasting Delays. Review drill/blast patterns and safety clearance.,Option 1: Increase uptime to 89.1% and reduce blasting delay to 2.4 hrs (Forecast: 788.8t) | Option 2: Increase uptime to 89.8% and reduce blasting delay to 2.4 hrs (Forecast: 788.8t) | Option 3: Increase uptime to 89.1% and reduce blasting delay to 2.3 hrs (Forecast: 795.5t)
2016-05-19,27.813186926606043,Primary Cause: Blasting Delays. Review drill/blast patterns and safety clearance.,Option 1: Increase uptime to 89.5% and reduce blasting delay to 2.4 hrs (Forecast: 792.9t) | Option 2: Increase uptime to 90.1% and reduce blasting delay to 2.4 hrs (Forecast: 797.8t) | Option 3: Increase uptime to 90.6% and reduce blasting delay to 2.4 hrs (Forecast: 797.8t)
2016-05-20,17.75137869609579,Primary Cause: Blasting Delays. Review drill/blast patterns and safety clearance.,Option 1: Increase uptime to 87.6% and reduce blasting delay to 2.2 hrs (Forecast: 775.3t) | Option 2: Increase uptime to 84.3% and reduce blasting delay to 1.9 hrs (Forecast: 770.2t) | Option 3: Increase uptime to 86.8% and reduce blasting delay to 2.0 hrs (Forecast: 777.9t)
2016-05-21,26.791921926133483,Primary Cause: Blasting Delays. Review drill/blast patterns and safety clearance.,Option 1: Increase uptime to 83.0% and reduce blasting delay to 1.9 hrs (Forecast: 773.1t) | Option 2: Increase uptime to 84.1% and reduce blasting delay to 1.9 hrs (Forecast: 774.5t) | Option 3: Increase uptime to 82.0% and reduce blasting delay to 1.7 hrs (Forecast: 771.3t)
2016-05-26,22.490859496989383,Primary Cause: Blasting Delays. Review drill/blast patterns and safety clearance.,Option 1: Increase uptime to 93.7% and reduce blasting delay to 2.5 hrs (Forecast: 803.5t) | Option 2: Increase uptime to 94.0% and reduce blasting delay to 2.5 hrs (Forecast: 803.5t) | Option 3: Increase uptime to 94.3% and reduce blasting delay to 2.5 hrs (Forecast: 817.8t)
2016-05-28,38.50662399248278,Primary Cause: Blasting Delays. Review drill/blast patterns and safety clearance.,Option 1: Increase uptime to 89.4% and reduce blasting delay to 2.4 hrs (Forecast: 793.4t) | Option 2: Increase uptime to 90.1% and reduce blasting delay to 2.4 hrs (Forecast: 798.3t) | Option 3: Increase uptime to 89.4% and reduce blasting delay to 2.2 hrs (Forecast: 809.9t)
2016-05-30,28.82078703480503,Primary Cause: Blasting Delays. Review drill/blast patterns and safety clearance.,Option 1: Increase uptime to 87.2% and reduce blasting delay to 2.2 hrs (Forecast: 781.3t) | Option 2: Increase uptime to 89.2% and reduce blasting delay to 2.4 hrs (Forecast: 808.3t) | Option 3: Increase uptime to 87.8% and reduce blasting delay to 2.2 hrs (Forecast: 783.8t)
2016-06-02,28.40853760957347,Primary Cause: Weather/Monsoon. Increase pump capacity and adjust monthly target.,Option 1: Increase uptime to 92.2% and reduce blasting delay to 0.8 hrs (Forecast: 776.5t) | Option 2: Increase uptime to 94.2% and reduce blasting delay to 1.0 hrs (Forecast: 774.4t) | Option 3: Increase uptime to 89.3% and reduce blasting delay to 0.5 hrs (Forecast: 772.9t)
2016-06-03,36.39792242620884,Primary Cause: Equipment Downtime. Schedule immediate preventive maintenance.,Option 1: Increase uptime to 92.1% and reduce blasting delay to 0.7 hrs (Forecast: 774.4t) | Option 2: Increase uptime to 92.1% and reduce blasting delay to 0.6 hrs (Forecast: 774.4t) | Option 3: Increase uptime to 93.4% and reduce blasting delay to 0.7 hrs (Forecast: 783.7t)
2016-06-04,30.49947631804254,Primary Cause: Equipment Downtime. Schedule immediate preventive maintenance.,Option 1: Increase uptime to 93.6% and reduce blasting delay to 0.9 hrs (Forecast: 770.4t) | Option 2: Increase uptime to 93.6% and reduce blasting delay to 0.9 hrs (Forecast: 770.5t) | Option 3: Increase uptime to 92.3% and reduce blasting delay to 0.7 hrs (Forecast: 781.7t)
2016-06-06,44.92430872276032,Primary Cause: Blasting Delays. Review drill/blast patterns and safety clearance.,Option 1: Increase uptime to 93.7% and reduce blasting delay to 0.0 hrs (Forecast: 782.0t) | Option 2: Increase uptime to 94.3% and reduce blasting delay to 0.0 hrs (Forecast: 782.0t) | Option 3: Increase uptime to 94.8% and reduce blasting delay to 0.0 hrs (Forecast: 774.3t)
2016-06-07,30.360820697623485,Primary Cause: Equipment Downtime. Schedule immediate preventive maintenance.,Option 1: Increase uptime to 98.7% and reduce blasting delay to 1.8 hrs (Forecast: 761.7t) | Option 2: Increase uptime to 98.7% and reduce blasting delay to 1.7 hrs (Forecast: 791.0t) | Option 3: Increase uptime to 94.6% and reduce blasting delay to 1.0 hrs (Forecast: 763.4t)
2016-06-08,27.24062797082525,Primary Cause: Equipment Downtime. Schedule immediate preventive maintenance.,Option 1: Increase uptime to 94.5% and reduce blasting delay to 1.2 hrs (Forecast: 761.6t) | Option 2: Increase uptime to 94.5% and reduce blasting delay to 1.2 hrs (Forecast: 761.6t) | Option 3: Increase uptime to 94.5% and reduce blasting delay to 1.1 hrs (Forecast: 761.6t)
2016-06-09,18.70069087371617,Primary Cause: Weather/Monsoon. Increase pump capacity and adjust monthly target.,Option 1: Increase uptime to 93.7% and reduce blasting delay to 1.2 hrs (Forecast: 756.1t) | Option 2: Increase uptime to 94.2% and reduce blasting delay to 1.2 hrs (Forecast: 756.1t) | Option 3: Increase uptime to 93.7% and reduce blasting delay to 1.1 hrs (Forecast: 756.1t)
2016-06-10,43.52585610833692,Primary Cause: Weather/Monsoon. Increase pump capacity and adjust monthly target.,Option 1: Increase uptime to 90.3% and reduce blasting delay to 0.1 hrs (Forecast: 758.8t) | Option 2: Increase uptime to 91.7% and reduce blasting delay to 0.1 hrs (Forecast: 769.3t) | Option 3: Increase uptime to 90.3% and reduce blasting delay to 0.0 hrs (Forecast: 768.3t)
2016-06-12,17.74536610569169,Primary Cause: Weather/Monsoon. Increase pump capacity and adjust monthly target.,Option 1: Increase uptime to 93.8% and reduce blasting delay to 1.2 hrs (Forecast: 754.2t) | Option 2: Increase uptime to 93.8% and reduce blasting delay to 1.2 hrs (Forecast: 754.2t) | Option 3: Increase uptime to 94.3% and reduce blasting delay to 1.2 hrs (Forecast: 754.2t)
2016-06-13,22.45229066009108,Primary Cause: Blasting Delays. Review drill/blast patterns and safety clearance.,Option 1: Increase uptime to 91.7% and reduce blasting delay to 0.5 hrs (Forecast: 755.8t) | Option 2: Increase uptime to 91.7% and reduce blasting delay to 0.5 hrs (Forecast: 758.3t) | Option 3: Increase uptime to 91.7% and reduce blasting delay to 0.4 hrs (Forecast: 758.3t)
2016-06-14,18.67830299906612,Primary Cause: Blasting Delays. Review drill/blast patterns and safety clearance.,Option 1: Increase uptime to 90.4% and reduce blasting delay to 0.3 hrs (Forecast: 758.0t) | Option 2: Increase uptime to 98.6% and reduce blasting delay to 0.7 hrs (Forecast: 750.1t) | Option 3: Increase uptime to 98.6% and reduce blasting delay to 0.7 hrs (Forecast: 779.9t)
2016-06-16,27.838870373574743,Primary Cause: Weather/Monsoon. Increase pump capacity and adjust monthly target.,Option 1: Increase uptime to 100.0% and reduce blasting delay to 0.7 hrs (Forecast: 747.4t) | Option 2: Increase uptime to 100.0% and reduce blasting delay to 0.7 hrs (Forecast: 747.4t) | Option 3: Increase uptime to 98.1% and reduce blasting delay to 0.4 hrs (Forecast: 761.4t)
2016-06-17,23.28542991966348,Primary Cause: Weather/Monsoon. Increase pump capacity and adjust monthly target.,Option 1: Increase uptime to 93.4% and reduce blasting delay to 1.3 hrs (Forecast: 745.9t) | Option 2: Increase uptime to 91.5% and reduce blasting delay to 0.9 hrs (Forecast: 744.3t) | Option 3: Increase uptime to 93.4% and reduce blasting delay to 1.2 hrs (Forecast: 745.9t)
2016-06-18,17.605435360285078,Primary Cause: Equipment Downtime. Schedule immediate preventive maintenance.,Option 1: Increase uptime to 94.4% and reduce blasting delay to 1.3 hrs (Forecast: 756.3t) | Option 2: Increase uptime to 94.7% and reduce blasting delay to 1.3 hrs (Forecast: 754.1t) | Option 3: Increase uptime to 94.9% and reduce blasting delay to 1.3 hrs (Forecast: 754.1t)
2016-06-20,16.03715928919034,Primary Cause: Equipment Downtime. Schedule immediate preventive maintenance.,Option 1: Increase uptime to 99.6% and reduce blasting delay to 1.7 hrs (Forecast: 770.2t) | Option 2: Increase uptime to 99.6% and reduce blasting delay to 1.7 hrs (Forecast: 770.2t) | Option 3: Increase uptime to 99.6% and reduce blasting delay to 1.7 hrs (Forecast: 770.2t)
2016-06-21,16.43912863339145,Primary Cause: Weather/Monsoon. Increase pump capacity and adjust monthly target.,Option 1: Increase uptime to 97.8% and reduce blasting delay to 0.7 hrs (Forecast: 748.6t) | Option 2: Increase uptime to 94.5% and reduce blasting delay to 0.3 hrs (Forecast: 747.2t) | Option 3: Increase uptime to 97.8% and reduce blasting delay to 0.6 hrs (Forecast: 748.6t)
2016-06-22,49.90886167060825,Primary Cause: Blasting Delays. Review drill/blast patterns and safety clearance.,Option 1: Increase uptime to 89.7% and reduce blasting delay to 0.4 hrs (Forecast: 737.9t) | Option 2: Increase uptime to 91.6% and reduce blasting delay to 0.6 hrs (Forecast: 754.5t) | Option 3: Increase uptime to 94.4% and reduce blasting delay to 1.0 hrs (Forecast: 739.0t)
2016-06-23,34.85383954743905,Primary Cause: Equipment Downtime. Schedule immediate preventive maintenance.,Option 1: Increase uptime to 94.5% and reduce blasting delay to 1.4 hrs (Forecast: 736.6t) | Option 2: Increase uptime to 94.5% and reduce blasting delay to 1.3 hrs (Forecast: 754.3t) | Option 3: Increase uptime to 91.8% and reduce blasting delay to 0.9 hrs (Forecast: 737.3t)
2016-06-24,20.820934445128927,Primary Cause: Blasting Delays. Review drill/blast patterns and safety clearance.,Option 1: Increase uptime to 94.7% and reduce blasting delay to 1.5 hrs (Forecast: 737.2t) | Option 2: Increase uptime to 93.3% and reduce blasting delay to 1.3 hrs (Forecast: 744.7t) | Option 3: Increase uptime to 93.6% and reduce blasting delay to 1.3 hrs (Forecast: 756.2t)
2016-06-25,22.081745022391587,Primary Cause: Weather/Monsoon. Increase pump capacity and adjust monthly target.,Option 1: Increase uptime to 92.1% and reduce blasting delay to 0.7 hrs (Forecast: 749.1t) | Option 2: Increase uptime to 92.7% and reduce blasting delay to 0.7 hrs (Forecast: 749.1t) | Option 3: Increase uptime to 92.1% and reduce blasting delay to 0.6 hrs (Forecast: 745.7t)
2016-06-28,43.4190693263654,Primary Cause: Blasting Delays. Review drill/blast patterns and safety clearance.,Option 1: Increase uptime to 92.0% and reduce blasting delay to 1.3 hrs (Forecast: 731.4t) | Option 2: Increase uptime to 92.0% and reduce blasting delay to 1.1 hrs (Forecast: 732.2t) | Option 3: Increase uptime to 93.3% and reduce blasting delay to 1.3 hrs (Forecast: 733.8t)
2016-06-29,23.212948645249785,Primary Cause: Weather/Monsoon. Increase pump capacity and adjust monthly target.,Option 1: Increase uptime to 91.6% and reduce blasting delay to 1.3 hrs (Forecast: 731.5t) | Option 2: Increase uptime to 92.4% and reduce blasting delay to 1.3 hrs (Forecast: 729.3t) | Option 3: Increase uptime to 91.6% and reduce blasting delay to 1.2 hrs (Forecast: 732.3t)
2016-06-30,65.25941685159496,Primary Cause: Equipment Downtime. Schedule immediate preventive maintenance.,Option 1: Increase uptime to 98.5% and reduce blasting delay to 1.3 hrs (Forecast: 720.6t) | Option 2: Increase uptime to 100.0% and reduce blasting delay to 1.3 hrs (Forecast: 726.6t) | Option 3: Increase uptime to 89.6% and reduce blasting delay to 0.0 hrs (Forecast: 731.8t)
2016-07-01,38.30451993730431,Primary Cause: Blasting Delays. Review drill/blast patterns and safety clearance.,Option 1: Increase uptime to 92.0% and reduce blasting delay to 1.2 hrs (Forecast: 716.0t) | Option 2: Increase uptime to 93.6% and reduce blasting delay to 1.4 hrs (Forecast: 719.2t) | Option 3: Increase uptime to 94.4% and reduce blasting delay to 1.6 hrs (Forecast: 725.7t)
2016-07-02,21.397037757503487,Primary Cause: Equipment Downtime. Schedule immediate preventive maintenance.,Option 1: Increase uptime to 91.5% and reduce blasting delay to 0.9 hrs (Forecast: 738.7t) | Option 2: Increase uptime to 91.5% and reduce blasting delay to 0.9 hrs (Forecast: 738.8t) | Option 3: Increase uptime to 91.5% and reduce blasting delay to 0.8 hrs (Forecast: 739.7t)
2016-07-04,32.727735360101704,Primary Cause: Equipment Downtime. Schedule immediate preventive maintenance.,Option 1: Increase uptime to 92.1% and reduce blasting delay to 1.6 hrs (Forecast: 715.5t) | Option 2: Increase uptime to 92.1% and reduce blasting delay to 1.5 hrs (Forecast: 723.0t) | Option 3: Increase uptime to 90.7% and reduce blasting delay to 1.2 hrs (Forecast: 718.6t)
2016-07-05,16.704813354900683,Primary Cause: Weather/Monsoon. Increase pump capacity and adjust monthly target.,Option 1: Increase uptime to 94.7% and reduce blasting delay to 1.3 hrs (Forecast: 716.3t) | Option 2: Increase uptime to 94.7% and reduce blasting delay to 1.2 hrs (Forecast: 722.0t) | Option 3: Increase uptime to 94.7% and reduce blasting delay to 1.2 hrs (Forecast: 722.0t)
2016-07-06,33.361147673767846,Primary Cause: Blasting Delays. Review drill/blast patterns and safety clearance.,Option 1: Increase uptime to 92.4% and reduce blasting delay to 1.2 hrs (Forecast: 725.2t) | Option 2: Increase uptime to 92.8% and reduce blasting delay to 1.2 hrs (Forecast: 725.2t) | Option 3: Increase uptime to 93.1% and reduce blasting delay to 1.2 hrs (Forecast: 730.0t)
2016-07-07,30.78863403470832,Primary Cause: Blasting Delays. Review drill/blast patterns and safety clearance.,Option 1: Increase uptime to 90.0% and reduce blasting delay to 1.3 hrs (Forecast: 714.4t) | Option 2: Increase uptime to 91.9% and reduce blasting delay to 1.4 hrs (Forecast: 721.5t) | Option 3: Increase uptime to 90.6% and reduce blasting delay to 1.3 hrs (Forecast: 714.4t)
2016-07-10,34.448806499489336,Primary Cause: Blasting Delays. Review drill/blast patterns and safety clearance.,Option 1: Increase uptime to 88.2% and reduce blasting delay to 1.2 hrs (Forecast: 713.2t) | Option 2: Increase uptime to 88.2% and reduce blasting delay to 1.1 hrs (Forecast: 713.2t) | Option 3: Increase uptime to 87.1% and reduce blasting delay to 0.9 hrs (Forecast: 715.3t)
2016-07-12,53.24729781934302,Primary Cause: Blasting Delays. Review drill/blast patterns and safety clearance.,Option 1: Increase uptime to 89.5% and reduce blasting delay to 0.2 hrs (Forecast: 723.8t) | Option 2: Increase uptime to 90.7% and reduce blasting delay to 0.2 hrs (Forecast: 723.8t) | Option 3: Increase uptime to 89.5% and reduce blasting delay to 0.0 hrs (Forecast: 744.5t)
2016-07-14,47.57521354392268,Primary Cause: Equipment Downtime. Schedule immediate preventive maintenance.,Option 1: Increase uptime to 86.7% and reduce blasting delay to 1.3 hrs (Forecast: 715.3t) | Option 2: Increase uptime to 86.7% and reduce blasting delay to 1.2 hrs (Forecast: 716.1t) | Option 3: Increase uptime to 88.1% and reduce blasting delay to 1.3 hrs (Forecast: 713.3t)
2016-07-16,41.95077201567099,Primary Cause: Equipment Downtime. Schedule immediate preventive maintenance.,Option 1: Increase uptime to 94.3% and reduce blasting delay to 1.2 hrs (Forecast: 713.5t) | Option 2: Increase uptime to 92.8% and reduce blasting delay to 1.0 hrs (Forecast: 712.2t) | Option 3: Increase uptime to 94.3% and reduce blasting delay to 1.1 hrs (Forecast: 713.5t)
2016-07-18,33.21141978743982,Primary Cause: Weather/Monsoon. Increase pump capacity and adjust monthly target.,Option 1: Increase uptime to 91.5% and reduce blasting delay to 1.3 hrs (Forecast: 710.7t) | Option 2: Increase uptime to 92.2% and reduce blasting delay to 1.3 hrs (Forecast: 710.7t) | Option 3: Increase uptime to 91.5% and reduce blasting delay to 1.2 hrs (Forecast: 710.7t)
2016-07-20,50.670274854573016,Primary Cause: Weather/Monsoon. Increase pump capacity and adjust monthly target.,Option 1: Increase uptime to 98.6% and reduce blasting delay to 1.3 hrs (Forecast: 698.8t) | Option 2: Increase uptime to 100.0% and reduce blasting delay to 1.3 hrs (Forecast: 702.1t) | Option 3: Increase uptime to 90.3% and reduce blasting delay to 0.1 hrs (Forecast: 722.8t)
2016-07-21,32.11344144059226,Primary Cause: Blasting Delays. Review drill/blast patterns and safety clearance.,Option 1: Increase uptime to 92.0% and reduce blasting delay to 1.4 hrs (Forecast: 696.4t) | Option 2: Increase uptime to 92.6% and reduce blasting delay to 1.4 hrs (Forecast: 694.2t) | Option 3: Increase uptime to 92.0% and reduce blasting delay to 1.2 hrs (Forecast: 710.3t)
2016-07-25,18.129877834006024,Primary Cause: Weather/Monsoon. Increase pump capacity and adjust monthly target.,Option 1: Increase uptime to 90.9% and reduce blasting delay to 1.3 hrs (Forecast: 690.8t) | Option 2: Increase uptime to 91.3% and reduce blasting delay to 1.3 hrs (Forecast: 692.7t) | Option 3: Increase uptime to 91.8% and reduce blasting delay to 1.3 hrs (Forecast: 712.2t)
2016-07-26,22.355213554946467,Primary Cause: Weather/Monsoon. Increase pump capacity and adjust monthly target.,Option 1: Increase uptime to 86.9% and reduce blasting delay to 1.6 hrs (Forecast: 690.8t) | Option 2: Increase uptime to 87.7% and reduce blasting delay to 1.6 hrs (Forecast: 686.2t) | Option 3: Increase uptime to 86.9% and reduce blasting delay to 1.5 hrs (Forecast: 694.8t)
2016-07-30,32.74754916765219,Primary Cause: Equipment Downtime. Schedule immediate preventive maintenance.,Option 1: Increase uptime to 87.1% and reduce blasting delay to 1.7 hrs (Forecast: 683.5t) | Option 2: Increase uptime to 87.1% and reduce blasting delay to 1.5 hrs (Forecast: 693.1t) | Option 3: Increase uptime to 88.5% and reduce blasting delay to 1.7 hrs (Forecast: 683.3t)
2016-08-01,36.89327746642365,Primary Cause: Blasting Delays. Review drill/blast patterns and safety clearance.,Option 1: Increase uptime to 98.5% and reduce blasting delay to 1.4 hrs (Forecast: 674.7t) | Option 2: Increase uptime to 98.6% and reduce blasting delay to 1.4 hrs (Forecast: 674.7t) | Option 3: Increase uptime to 98.7% and reduce blasting delay to 1.4 hrs (Forecast: 674.7t)
2016-08-03,23.89620678448284,Primary Cause: Weather/Monsoon. Increase pump capacity and adjust monthly target.,Option 1: Increase uptime to 86.9% and reduce blasting delay to 1.8 hrs (Forecast: 668.9t) | Option 2: Increase uptime to 87.8% and reduce blasting delay to 1.8 hrs (Forecast: 664.3t) | Option 3: Increase uptime to 86.9% and reduce blasting delay to 1.7 hrs (Forecast: 674.3t)
2016-08-05,16.612306032740747,Primary Cause: Weather/Monsoon. Increase pump capacity and adjust monthly target.,Option 1: Increase uptime to 87.0% and reduce blasting delay to 1.7 hrs (Forecast: 673.9t) | Option 2: Increase uptime to 87.0% and reduce blasting delay to 1.6 hrs (Forecast: 675.7t) | Option 3: Increase uptime to 87.0% and reduce blasting delay to 1.5 hrs (Forecast: 684.6t)
2016-08-06,15.109107558502751,Primary Cause: Weather/Monsoon. Increase pump capacity and adjust monthly target.,Option 1: Increase uptime to 86.6% and reduce blasting delay to 1.7 hrs (Forecast: 666.7t) | Option 2: Increase uptime to 87.8% and reduce blasting delay to 1.9 hrs (Forecast: 658.0t) | Option 3: Increase uptime to 86.6% and reduce blasting delay to 1.6 hrs (Forecast: 674.7t)
2016-08-07,23.08201881905096,Primary Cause: Weather/Monsoon. Increase pump capacity and adjust monthly target.,Option 1: Increase uptime to 87.1% and reduce blasting delay to 1.8 hrs (Forecast: 662.6t) | Option 2: Increase uptime to 86.3% and reduce blasting delay to 1.7 hrs (Forecast: 664.0t) | Option 3: Increase uptime to 87.9% and reduce blasting delay to 1.8 hrs (Forecast: 658.0t)
2016-08-08,30.74923458881179,Primary Cause: Blasting Delays. Review drill/blast patterns and safety clearance.,Option 1: Increase uptime to 86.4% and reduce blasting delay to 1.8 hrs (Forecast: 655.1t) | Option 2: Increase uptime to 87.4% and reduce blasting delay to 1.8 hrs (Forecast: 663.8t) | Option 3: Increase uptime to 86.4% and reduce blasting delay to 1.6 hrs (Forecast: 675.7t)
2016-08-11,22.46187147812921,Primary Cause: Weather/Monsoon. Increase pump capacity and adjust monthly target.,Option 1: Increase uptime to 99.3% and reduce blasting delay to 1.9 hrs (Forecast: 645.7t) | Option 2: Increase uptime to 99.3% and reduce blasting delay to 1.9 hrs (Forecast: 645.7t) | Option 3: Increase uptime to 99.2% and reduce blasting delay to 1.7 hrs (Forecast: 655.0t)
2016-08-18,16.384208641997922,Primary Cause: Equipment Downtime. Schedule immediate preventive maintenance.,Option 1: Increase uptime to 77.4% and reduce blasting delay to 1.0 hrs (Forecast: 646.6t) | Option 2: Increase uptime to 78.6% and reduce blasting delay to 1.0 hrs (Forecast: 650.1t) | Option 3: Increase uptime to 82.4% and reduce blasting delay to 1.3 hrs (Forecast: 651.5t)
2016-08-24,31.11092796186768,Primary Cause: Blasting Delays. Review drill/blast patterns and safety clearance.,Option 1: Increase uptime to 85.2% and reduce blasting delay to 1.9 hrs (Forecast: 633.0t) | Option 2: Increase uptime to 86.0% and reduce blasting delay to 1.9 hrs (Forecast: 653.3t) | Option 3: Increase uptime to 82.5% and reduce blasting delay to 1.8 hrs (Forecast: 631.7t)
2016-08-27,34.13279614065844,Primary Cause: Blasting Delays. Review drill/blast patterns and safety clearance.,Option 1: Increase uptime to 72.8% and reduce blasting delay to 1.6 hrs (Forecast: 625.8t) | Option 2: Increase uptime to 74.2% and reduce blasting delay to 1.6 hrs (Forecast: 628.2t) | Option 3: Increase uptime to 78.5% and reduce blasting delay to 1.8 hrs (Forecast: 632.9t)
2016-08-28,44.08254271723096,Primary Cause: Equipment Downtime. Schedule immediate preventive maintenance.,Option 1: Increase uptime to 89.8% and reduce blasting delay to 1.3 hrs (Forecast: 632.4t) | Option 2: Increase uptime to 89.8% and reduce blasting delay to 1.2 hrs (Forecast: 629.7t) | Option 3: Increase uptime to 91.2% and reduce blasting delay to 1.3 hrs (Forecast: 632.4t)
2016-08-29,38.29260140909266,Primary Cause: Weather/Monsoon. Increase pump capacity and adjust monthly target.,Option 1: Increase uptime to 89.7% and reduce blasting delay to 1.3 hrs (Forecast: 620.9t) | Option 2: Increase uptime to 89.7% and reduce blasting delay to 1.2 hrs (Forecast: 620.9t) | Option 3: Increase uptime to 90.6% and reduce blasting delay to 1.3 hrs (Forecast: 620.9t)
2016-09-01,33.17517890709045,Primary Cause: Equipment Downtime. Schedule immediate preventive maintenance.,Option 1: Increase uptime to 82.2% and reduce blasting delay to 1.7 hrs (Forecast: 630.1t) | Option 2: Increase uptime to 83.4% and reduce blasting delay to 1.7 hrs (Forecast: 630.1t) | Option 3: Increase uptime to 82.2% and reduce blasting delay to 1.6 hrs (Forecast: 627.9t)
2016-09-02,38.54985120906776,Primary Cause: Blasting Delays. Review drill/blast patterns and safety clearance.,Option 1: Increase uptime to 89.7% and reduce blasting delay to 2.2 hrs (Forecast: 619.8t) | Option 2: Increase uptime to 90.3% and reduce blasting delay to 2.2 hrs (Forecast: 619.8t) | Option 3: Increase uptime to 87.8% and reduce blasting delay to 2.0 hrs (Forecast: 619.5t)
2016-09-08,20.630755876074005,Primary Cause: Weather/Monsoon. Increase pump capacity and adjust monthly target.,Option 1: Increase uptime to 86.8% and reduce blasting delay to 2.0 hrs (Forecast: 631.5t) | Option 2: Increase uptime to 86.8% and reduce blasting delay to 1.9 hrs (Forecast: 662.6t) | Option 3: Increase uptime to 82.4% and reduce blasting delay to 1.6 hrs (Forecast: 625.5t)
2016-09-09,46.603021519800414,Primary Cause: Blasting Delays. Review drill/blast patterns and safety clearance.,Option 1: Increase uptime to 86.9% and reduce blasting delay to 1.9 hrs (Forecast: 627.7t) | Option 2: Increase uptime to 88.0% and reduce blasting delay to 1.9 hrs (Forecast: 620.0t) | Option 3: Increase uptime to 86.9% and reduce blasting delay to 1.7 hrs (Forecast: 645.7t)
2016-09-19,24.421937618813736,Primary Cause: Blasting Delays. Review drill/blast patterns and safety clearance.,Option 1: Increase uptime to 83.1% and reduce blasting delay to 2.2 hrs (Forecast: 628.5t) | Option 2: Increase uptime to 84.2% and reduce blasting delay to 2.2 hrs (Forecast: 628.5t) | Option 3: Increase uptime to 83.1% and reduce blasting delay to 2.1 hrs (Forecast: 631.2t)
2016-09-20,23.25542545311774,Primary Cause: Blasting Delays. Review drill/blast patterns and safety clearance.,Option 1: Increase uptime to 85.2% and reduce blasting delay to 2.0 hrs (Forecast: 620.9t) | Option 2: Increase uptime to 86.0% and reduce blasting delay to 2.0 hrs (Forecast: 634.9t) | Option 3: Increase uptime to 86.8% and reduce blasting delay to 2.0 hrs (Forecast: 648.7t)
2016-09-24,43.79310727561944,Primary Cause: Blasting Delays. Review drill/blast patterns and safety clearance.,Option 1: Increase uptime to 81.5% and reduce blasting delay to 1.6 hrs (Forecast: 636.4t) | Option 2: Increase uptime to 86.1% and reduce blasting delay to 2.0 hrs (Forecast: 632.2t) | Option 3: Increase uptime to 82.6% and reduce blasting delay to 1.6 hrs (Forecast: 636.4t)
2016-09-25,33.86709690257253,Primary Cause: Blasting Delays. Review drill/blast patterns and safety clearance.,Option 1: Increase uptime to 91.1% and reduce blasting delay to 2.2 hrs (Forecast: 626.4t) | Option 2: Increase uptime to 91.6% and reduce blasting delay to 2.2 hrs (Forecast: 628.3t) | Option 3: Increase uptime to 92.1% and reduce blasting delay to 2.2 hrs (Forecast: 628.3t)
2016-09-27,25.49968479613664,Primary Cause: Blasting Delays. Review drill/blast patterns and safety clearance.,Option 1: Increase uptime to 86.5% and reduce blasting delay to 2.0 hrs (Forecast: 622.7t) | Option 2: Increase uptime to 87.5% and reduce blasting delay to 2.0 hrs (Forecast: 634.5t) | Option 3: Increase uptime to 86.5% and reduce blasting delay to 1.9 hrs (Forecast: 653.8t)
2016-09-28,17.882926117002,Primary Cause: Weather/Monsoon. Increase pump capacity and adjust monthly target.,Option 1: Increase uptime to 81.4% and reduce blasting delay to 1.3 hrs (Forecast: 621.3t) | Option 2: Increase uptime to 86.7% and reduce blasting delay to 1.9 hrs (Forecast: 635.9t) | Option 3: Increase uptime to 86.7% and reduce blasting delay to 1.8 hrs (Forecast: 635.9t)
2016-10-28,19.746160130392592,Primary Cause: Blasting Delays. Review drill/blast patterns and safety clearance.,Option 1: Increase uptime to 79.5% and reduce blasting delay to 2.6 hrs (Forecast: 674.3t) | Option 2: Increase uptime to 80.8% and reduce blasting delay to 2.6 hrs (Forecast: 670.0t) | Option 3: Increase uptime to 79.5% and reduce blasting delay to 2.4 hrs (Forecast: 688.4t)
2016-11-06,27.48331900776065,Primary Cause: Blasting Delays. Review drill/blast patterns and safety clearance.,Option 1: Increase uptime to 81.8% and reduce blasting delay to 2.1 hrs (Forecast: 688.5t) | Option 2: Increase uptime to 79.5% and reduce blasting delay to 2.0 hrs (Forecast: 700.7t) | Option 3: Increase uptime to 82.9% and reduce blasting delay to 2.1 hrs (Forecast: 688.5t)
2016-11-08,18.875553045766683,Primary Cause: Blasting Delays. Review drill/blast patterns and safety clearance.,Option 1: Increase uptime to 79.1% and reduce blasting delay to 2.1 hrs (Forecast: 701.3t) | Option 2: Increase uptime to 81.7% and reduce blasting delay to 2.3 hrs (Forecast: 692.8t) | Option 3: Increase uptime to 77.8% and reduce blasting delay to 2.0 hrs (Forecast: 697.2t)
2016-11-10,33.39918642214648,Primary Cause: Blasting Delays. Review drill/blast patterns and safety clearance.,Option 1: Increase uptime to 79.6% and reduce blasting delay to 2.4 hrs (Forecast: 690.6t) | Option 2: Increase uptime to 79.6% and reduce blasting delay to 2.2 hrs (Forecast: 705.6t) | Option 3: Increase uptime to 82.2% and reduce blasting delay to 2.4 hrs (Forecast: 701.5t)
2016-11-11,26.0645163402882,Primary Cause: Blasting Delays. Review drill/blast patterns and safety clearance.,Option 1: Increase uptime to 79.3% and reduce blasting delay to 2.2 hrs (Forecast: 686.1t) | Option 2: Increase uptime to 79.3% and reduce blasting delay to 2.0 hrs (Forecast: 696.4t) | Option 3: Increase uptime to 81.9% and reduce blasting delay to 2.2 hrs (Forecast: 697.0t)
2016-11-14,24.62820419212186,Primary Cause: Blasting Delays. Review drill/blast patterns and safety clearance.,Option 1: Increase uptime to 83.3% and reduce blasting delay to 2.1 hrs (Forecast: 689.1t) | Option 2: Increase uptime to 80.4% and reduce blasting delay to 2.0 hrs (Forecast: 686.6t) | Option 3: Increase uptime to 81.4% and reduce blasting delay to 2.0 hrs (Forecast: 699.5t)
2016-11-23,31.178326045548843,Primary Cause: Blasting Delays. Review drill/blast patterns and safety clearance.,Option 1: Increase uptime to 79.0% and reduce blasting delay to 2.1 hrs (Forecast: 697.0t) | Option 2: Increase uptime to 81.5% and reduce blasting delay to 2.1 hrs (Forecast: 700.7t) | Option 3: Increase uptime to 79.0% and reduce blasting delay to 1.9 hrs (Forecast: 714.5t)
2016-11-25,34.67864514270376,Primary Cause: Blasting Delays. Review drill/blast patterns and safety clearance.,Option 1: Increase uptime to 78.9% and reduce blasting delay to 2.1 hrs (Forecast: 712.5t) | Option 2: Increase uptime to 81.5% and reduce blasting delay to 2.3 hrs (Forecast: 698.5t) | Option 3: Increase uptime to 80.2% and reduce blasting delay to 2.1 hrs (Forecast: 708.2t)
2016-12-10,24.952499514657937,Primary Cause: Blasting Delays. Review drill/blast patterns and safety clearance.,Option 1: Increase uptime to 94.3% and reduce blasting delay to 3.2 hrs (Forecast: 747.9t) | Option 2: Increase uptime to 92.4% and reduce blasting delay to 2.6 hrs (Forecast: 757.3t) | Option 3: Increase uptime to 94.3% and reduce blasting delay to 3.0 hrs (Forecast: 759.5t)
2016-12-12,16.125675935274057,Primary Cause: Equipment Downtime. Schedule immediate preventive maintenance.,Option 1: Increase uptime to 78.7% and reduce blasting delay to 1.7 hrs (Forecast: 742.2t) | Option 2: Increase uptime to 83.4% and reduce blasting delay to 1.9 hrs (Forecast: 751.5t) | Option 3: Increase uptime to 79.8% and reduce blasting delay to 1.7 hrs (Forecast: 742.2t)
2016-12-13,25.49805234687313,Primary Cause: Blasting Delays. Review drill/blast patterns and safety clearance.,Option 1: Increase uptime to 83.0% and reduce blasting delay to 2.0 hrs (Forecast: 763.5t) | Option 2: Increase uptime to 85.8% and reduce blasting delay to 2.2 hrs (Forecast: 738.4t) | Option 3: Increase uptime to 83.9% and reduce blasting delay to 2.0 hrs (Forecast: 763.5t)
2016-12-19,30.937730718084712,Primary Cause: Equipment Downtime. Schedule immediate preventive maintenance.,Option 1: Increase uptime to 82.7% and reduce blasting delay to 1.7 hrs (Forecast: 770.5t) | Option 2: Increase uptime to 82.7% and reduce blasting delay to 1.5 hrs (Forecast: 775.9t) | Option 3: Increase uptime to 84.1% and reduce blasting delay to 1.7 hrs (Forecast: 776.6t)
2016-12-22,16.056362638797278,Primary Cause: Blasting Delays. Review drill/blast patterns and safety clearance.,Option 1: Increase uptime to 96.9% and reduce blasting delay to 2.6 hrs (Forecast: 798.2t) | Option 2: Increase uptime to 97.0% and reduce blasting delay to 2.6 hrs (Forecast: 798.2t) | Option 3: Increase uptime to 97.2% and reduce blasting delay to 2.6 hrs (Forecast: 798.2t)
2016-12-23,20.40859302812561,Primary Cause: Blasting Delays. Review drill/blast patterns and safety clearance.,Option 1: Increase uptime to 89.7% and reduce blasting delay to 2.4 hrs (Forecast: 761.2t) | Option 2: Increase uptime to 85.4% and reduce blasting delay to 2.0 hrs (Forecast: 763.9t) | Option 3: Increase uptime to 86.1% and reduce blasting delay to 2.0 hrs (Forecast: 772.1t)
2016-12-24,21.41072859109304,Primary Cause: Blasting Delays. Review drill/blast patterns and safety clearance.,Option 1: Increase uptime to 86.7% and reduce blasting delay to 2.0 hrs (Forecast: 768.4t) | Option 2: Increase uptime to 87.4% and reduce blasting delay to 2.0 hrs (Forecast: 774.9t) | Option 3: Increase uptime to 88.1% and reduce blasting delay to 2.0 hrs (Forecast: 771.7t)
2016-12-28,18.960190669463696,Primary Cause: Equipment Downtime. Schedule immediate preventive maintenance.,Option 1: Increase uptime to 80.7% and reduce blasting delay to 1.4 hrs (Forecast: 774.1t) | Option 2: Increase uptime to 80.7% and reduce blasting delay to 1.4 hrs (Forecast: 774.1t) | Option 3: Increase uptime to 81.8% and reduce blasting delay to 1.4 hrs (Forecast: 787.0t)
2016-12-30,27.79635933429864,Primary Cause: Blasting Delays. Review drill/blast patterns and safety clearance.,Option 1: Increase uptime to 86.0% and reduce blasting delay to 1.8 hrs (Forecast: 773.3t) | Option 2: Increase uptime to 83.2% and reduce blasting delay to 1.6 hrs (Forecast: 779.7t) | Option 3: Increase uptime to 87.9% and reduce blasting delay to 2.0 hrs (Forecast: 774.4t)
2016-12-31,18.41742177171741,Primary Cause: Equipment Downtime. Schedule immediate preventive maintenance.,Option 1: Increase uptime to 78.0% and reduce blasting delay to 1.3 hrs (Forecast: 782.8t) | Option 2: Increase uptime to 80.9% and reduce blasting delay to 1.4 hrs (Forecast: 780.0t) | Option 3: Increase uptime to 82.4% and reduce blasting delay to 1.7 hrs (Forecast: 768.7t)
2017-01-02,19.01548979973096,Primary Cause: Equipment Downtime. Schedule immediate preventive maintenance.,Option 1: Increase uptime to 81.1% and reduce blasting delay to 1.3 hrs (Forecast: 770.8t) | Option 2: Increase uptime to 82.3% and reduce blasting delay to 1.3 hrs (Forecast: 782.4t) | Option 3: Increase uptime to 81.1% and reduce blasting delay to 1.2 hrs (Forecast: 800.5t)
2017-01-04,19.227997211741787,Primary Cause: Blasting Delays. Review drill/blast patterns and safety clearance.,Option 1: Increase uptime to 84.2% and reduce blasting delay to 2.0 hrs (Forecast: 767.5t) | Option 2: Increase uptime to 81.5% and reduce blasting delay to 1.7 hrs (Forecast: 772.2t) | Option 3: Increase uptime to 84.2% and reduce blasting delay to 1.8 hrs (Forecast: 773.1t)
2017-01-06,16.669789445244067,Primary Cause: Blasting Delays. Review drill/blast patterns and safety clearance.,Option 1: Increase uptime to 89.0% and reduce blasting delay to 2.3 hrs (Forecast: 773.6t) | Option 2: Increase uptime to 89.6% and reduce blasting delay to 2.3 hrs (Forecast: 795.8t) | Option 3: Increase uptime to 87.8% and reduce blasting delay to 2.2 hrs (Forecast: 779.9t)
2017-01-14,17.83807538595408,Primary Cause: Weather/Monsoon. Increase pump capacity and adjust monthly target.,Option 1: Increase uptime to 83.8% and reduce blasting delay to 2.0 hrs (Forecast: 775.7t) | Option 2: Increase uptime to 83.8% and reduce blasting delay to 1.9 hrs (Forecast: 775.7t) | Option 3: Increase uptime to 84.7% and reduce blasting delay to 2.0 hrs (Forecast: 777.1t)
2017-01-20,32.703179046147184,Primary Cause: Blasting Delays. Review drill/blast patterns and safety clearance.,Option 1: Increase uptime to 87.4% and reduce blasting delay to 2.3 hrs (Forecast: 780.2t) | Option 2: Increase uptime to 86.5% and reduce blasting delay to 2.1 hrs (Forecast: 776.5t) | Option 3: Increase uptime to 82.6% and reduce blasting delay to 1.7 hrs (Forecast: 777.6t)
2017-01-24,18.15778610119964,Primary Cause: Equipment Downtime. Schedule immediate preventive maintenance.,Option 1: Increase uptime to 82.5% and reduce blasting delay to 1.7 hrs (Forecast: 777.6t) | Option 2: Increase uptime to 82.5% and reduce blasting delay to 1.6 hrs (Forecast: 777.8t) | Option 3: Increase uptime to 82.5% and reduce blasting delay to 1.5 hrs (Forecast: 777.8t)
2017-01-25,31.41252411351957,Primary Cause: Blasting Delays. Review drill/blast patterns and safety clearance.,Option 1: Increase uptime to 86.0% and reduce blasting delay to 2.2 hrs (Forecast: 778.4t) | Option 2: Increase uptime to 86.0% and reduce blasting delay to 2.0 hrs (Forecast: 780.1t) | Option 3: Increase uptime to 83.5% and reduce blasting delay to 1.7 hrs (Forecast: 800.3t)
2017-01-30,15.8646950719532,Primary Cause: Equipment Downtime. Schedule immediate preventive maintenance.,Option 1: Increase uptime to 86.4% and reduce blasting delay to 2.2 hrs (Forecast: 779.5t) | Option 2: Increase uptime to 82.6% and reduce blasting delay to 1.6 hrs (Forecast: 782.1t) | Option 3: Increase uptime to 87.6% and reduce blasting delay to 2.2 hrs (Forecast: 788.8t)
2017-02-05,51.6333649320097,Primary Cause: Blasting Delays. Review drill/blast patterns and safety clearance.,Option 1: Increase uptime to 84.0% and reduce blasting delay to 1.6 hrs (Forecast: 778.8t) | Option 2: Increase uptime to 89.3% and reduce blasting delay to 2.3 hrs (Forecast: 790.8t) | Option 3: Increase uptime to 85.3% and reduce blasting delay to 1.6 hrs (Forecast: 780.3t)
2017-02-06,22.93160010660843,Primary Cause: Blasting Delays. Review drill/blast patterns and safety clearance.,Option 1: Increase uptime to 83.7% and reduce blasting delay to 1.7 hrs (Forecast: 785.6t) | Option 2: Increase uptime to 89.2% and reduce blasting delay to 2.3 hrs (Forecast: 797.7t) | Option 3: Increase uptime to 84.6% and reduce blasting delay to 1.7 hrs (Forecast: 787.0t)
2017-02-07,15.5439691812126,Primary Cause: Blasting Delays. Review drill/blast patterns and safety clearance.,Option 1: Increase uptime to 99.1% and reduce blasting delay to 2.5 hrs (Forecast: 800.3t) | Option 2: Increase uptime to 99.1% and reduce blasting delay to 2.5 hrs (Forecast: 825.0t) | Option 3: Increase uptime to 99.2% and reduce blasting delay to 2.5 hrs (Forecast: 825.0t)
2017-02-16,16.95352247387829,Primary Cause: Equipment Downtime. Schedule immediate preventive maintenance.,Option 1: Increase uptime to 87.0% and reduce blasting delay to 2.2 hrs (Forecast: 792.2t) | Option 2: Increase uptime to 83.8% and reduce blasting delay to 1.7 hrs (Forecast: 795.6t) | Option 3: Increase uptime to 84.9% and reduce blasting delay to 1.7 hrs (Forecast: 797.1t)
2017-02-18,22.160753147882453,Primary Cause: Blasting Delays. Review drill/blast patterns and safety clearance.,Option 1: Increase uptime to 82.9% and reduce blasting delay to 1.6 hrs (Forecast: 787.7t) | Option 2: Increase uptime to 87.8% and reduce blasting delay to 2.1 hrs (Forecast: 786.2t) | Option 3: Increase uptime to 84.1% and reduce blasting delay to 1.6 hrs (Forecast: 802.0t)
2017-02-22,18.63272433668253,Primary Cause: Equipment Downtime. Schedule immediate preventive maintenance.,Option 1: Increase uptime to 84.1% and reduce blasting delay to 1.6 hrs (Forecast: 787.6t) | Option 2: Increase uptime to 85.2% and reduce blasting delay to 1.7 hrs (Forecast: 788.4t) | Option 3: Increase uptime to 84.1% and reduce blasting delay to 1.5 hrs (Forecast: 793.9t)
2017-02-24,27.993445035978777,Primary Cause: Blasting Delays. Review drill/blast patterns and safety clearance.,Option 1: Increase uptime to 89.5% and reduce blasting delay to 2.4 hrs (Forecast: 791.0t) | Option 2: Increase uptime to 90.1% and reduce blasting delay to 2.4 hrs (Forecast: 795.9t) | Option 3: Increase uptime to 88.9% and reduce blasting delay to 2.2 hrs (Forecast: 787.3t)
2017-03-01,16.988758689554825,Primary Cause: Blasting Delays. Review drill/blast patterns and safety clearance.,Option 1: Increase uptime to 89.5% and reduce blasting delay to 2.4 hrs (Forecast: 810.0t) | Option 2: Increase uptime to 89.5% and reduce blasting delay to 2.3 hrs (Forecast: 810.0t) | Option 3: Increase uptime to 90.2% and reduce blasting delay to 2.4 hrs (Forecast: 814.9t)
2017-03-05,34.79441307841301,Primary Cause: Blasting Delays. Review drill/blast patterns and safety clearance.,Option 1: Increase uptime to 83.1% and reduce blasting delay to 1.7 hrs (Forecast: 799.1t) | Option 2: Increase uptime to 84.5% and reduce blasting delay to 1.7 hrs (Forecast: 800.5t) | Option 3: Increase uptime to 87.4% and reduce blasting delay to 2.1 hrs (Forecast: 792.2t)
2017-03-15,16.00075376117904,Primary Cause: Blasting Delays. Review drill/blast patterns and safety clearance.,Option 1: Increase uptime to 83.4% and reduce blasting delay to 2.0 hrs (Forecast: 789.1t) | Option 2: Increase uptime to 84.4% and reduce blasting delay to 2.0 hrs (Forecast: 790.5t) | Option 3: Increase uptime to 83.4% and reduce blasting delay to 1.8 hrs (Forecast: 794.7t)
2017-03-20,18.12137696635895,Primary Cause: Blasting Delays. Review drill/blast patterns and safety clearance.,Option 1: Increase uptime to 91.9% and reduce blasting delay to 2.5 hrs (Forecast: 796.7t) | Option 2: Increase uptime to 92.3% and reduce blasting delay to 2.5 hrs (Forecast: 796.7t) | Option 3: Increase uptime to 92.7% and reduce blasting delay to 2.5 hrs (Forecast: 796.7t)
2017-03-22,38.54716085049719,Primary Cause: Blasting Delays. Review drill/blast patterns and safety clearance.,Option 1: Increase uptime to 86.5% and reduce blasting delay to 2.2 hrs (Forecast: 796.3t) | Option 2: Increase uptime to 85.3% and reduce blasting delay to 1.8 hrs (Forecast: 789.4t) | Option 3: Increase uptime to 86.5% and reduce blasting delay to 2.0 hrs (Forecast: 799.2t)
2017-03-23,21.41640320019684,Primary Cause: Equipment Downtime. Schedule immediate preventive maintenance.,Option 1: Increase uptime to 83.2% and reduce blasting delay to 2.0 hrs (Forecast: 795.7t) | Option 2: Increase uptime to 83.2% and reduce blasting delay to 1.9 hrs (Forecast: 801.3t) | Option 3: Increase uptime to 84.6% and reduce blasting delay to 2.0 hrs (Forecast: 797.1t)
2017-03-27,16.258801239572886,Primary Cause: Equipment Downtime. Schedule immediate preventive maintenance.,Option 1: Increase uptime to 83.2% and reduce blasting delay to 1.7 hrs (Forecast: 800.1t) | Option 2: Increase uptime to 83.2% and reduce blasting delay to 1.6 hrs (Forecast: 799.1t) | Option 3: Increase uptime to 84.5% and reduce blasting delay to 1.7 hrs (Forecast: 801.5t)
2017-03-29,20.255321781624005,Primary Cause: Equipment Downtime. Schedule immediate preventive maintenance.,Option 1: Increase uptime to 83.2% and reduce blasting delay to 1.7 hrs (Forecast: 795.4t) | Option 2: Increase uptime to 84.4% and reduce blasting delay to 1.7 hrs (Forecast: 796.9t) | Option 3: Increase uptime to 83.2% and reduce blasting delay to 1.5 hrs (Forecast: 796.1t)
2017-04-04,22.073048988079176,Primary Cause: Blasting Delays. Review drill/blast patterns and safety clearance.,Option 1: Increase uptime to 87.5% and reduce blasting delay to 2.4 hrs (Forecast: 819.3t) | Option 2: Increase uptime to 86.5% and reduce blasting delay to 2.2 hrs (Forecast: 808.8t) | Option 3: Increase uptime to 88.5% and reduce blasting delay to 2.4 hrs (Forecast: 814.1t)
2017-04-22,17.025230921696267,Primary Cause: Blasting Delays. Review drill/blast patterns and safety clearance.,Option 1: Increase uptime to 89.4% and reduce blasting delay to 3.2 hrs (Forecast: 831.7t) | Option 2: Increase uptime to 89.9% and reduce blasting delay to 3.2 hrs (Forecast: 852.0t) | Option 3: Increase uptime to 88.8% and reduce blasting delay to 3.0 hrs (Forecast: 834.0t)
2017-04-30,18.61049803535134,Primary Cause: Equipment Downtime. Schedule immediate preventive maintenance.,Option 1: Increase uptime to 86.0% and reduce blasting delay to 2.6 hrs (Forecast: 834.2t) | Option 2: Increase uptime to 86.0% and reduce blasting delay to 2.4 hrs (Forecast: 873.7t) | Option 3: Increase uptime to 83.5% and reduce blasting delay to 2.0 hrs (Forecast: 853.7t)
2017-05-04,32.34904085145525,Primary Cause: Equipment Downtime. Schedule immediate preventive maintenance.,Option 1: Increase uptime to 84.1% and reduce blasting delay to 2.2 hrs (Forecast: 846.8t) | Option 2: Increase uptime to 85.5% and reduce blasting delay to 2.3 hrs (Forecast: 842.1t) | Option 3: Increase uptime to 84.1% and reduce blasting delay to 2.0 hrs (Forecast: 873.7t)
2017-05-25,16.850911773279705,Primary Cause: Blasting Delays. Review drill/blast patterns and safety clearance.,Option 1: Increase uptime to 97.3% and reduce blasting delay to 2.8 hrs (Forecast: 876.4t) | Option 2: Increase uptime to 97.4% and reduce blasting delay to 2.8 hrs (Forecast: 876.4t) | Option 3: Increase uptime to 97.5% and reduce blasting delay to 2.8 hrs (Forecast: 876.4t)
2017-06-01,26.864047013788085,Primary Cause: lag_7d_mean_production_t. Review historical trends.,Option 1: Increase uptime to 94.1% and reduce blasting delay to 1.2 hrs (Forecast: 896.2t) | Option 2: Increase uptime to 94.8% and reduce blasting delay to 1.3 hrs (Forecast: 895.3t) | Option 3: Increase uptime to 94.1% and reduce blasting delay to 1.0 hrs (Forecast: 917.5t)
2017-06-02,38.965576560085466,Primary Cause: Blasting Delays. Review drill/blast patterns and safety clearance.,Option 1: Increase uptime to 89.5% and reduce blasting delay to 0.0 hrs (Forecast: 894.2t) | Option 2: Increase uptime to 90.1% and reduce blasting delay to 0.0 hrs (Forecast: 894.2t) | Option 3: Increase uptime to 90.7% and reduce blasting delay to 0.0 hrs (Forecast: 894.2t)
2017-06-03,25.56012019503639,Primary Cause: Equipment Downtime. Schedule immediate preventive maintenance.,Option 1: Increase uptime to 89.7% and reduce blasting delay to 0.3 hrs (Forecast: 908.6t) | Option 2: Increase uptime to 92.6% and reduce blasting delay to 0.4 hrs (Forecast: 900.1t) | Option 3: Increase uptime to 92.6% and reduce blasting delay to 0.4 hrs (Forecast: 900.1t)
2017-06-05,25.61539660261776,Primary Cause: Blasting Delays. Review drill/blast patterns and safety clearance.,Option 1: Increase uptime to 98.0% and reduce blasting delay to 1.6 hrs (Forecast: 914.9t) | Option 2: Increase uptime to 98.1% and reduce blasting delay to 1.6 hrs (Forecast: 914.9t) | Option 3: Increase uptime to 98.2% and reduce blasting delay to 1.6 hrs (Forecast: 914.9t)
2017-06-11,15.990116814741926,Primary Cause: Weather/Monsoon. Increase pump capacity and adjust monthly target.,Option 1: Increase uptime to 97.5% and reduce blasting delay to 0.6 hrs (Forecast: 892.7t) | Option 2: Increase uptime to 97.5% and reduce blasting delay to 0.5 hrs (Forecast: 892.7t) | Option 3: Increase uptime to 98.1% and reduce blasting delay to 0.6 hrs (Forecast: 892.7t)
2017-06-12,45.24728033915645,Primary Cause: Blasting Delays. Review drill/blast patterns and safety clearance.,Option 1: Increase uptime to 89.4% and reduce blasting delay to 0.2 hrs (Forecast: 887.1t) | Option 2: Increase uptime to 90.0% and reduce blasting delay to 0.2 hrs (Forecast: 887.1t) | Option 3: Increase uptime to 93.5% and reduce blasting delay to 0.5 hrs (Forecast: 887.3t)
2017-06-15,36.27656200861888,Primary Cause: Blasting Delays. Review drill/blast patterns and safety clearance.,Option 1: Increase uptime to 98.0% and reduce blasting delay to 0.3 hrs (Forecast: 904.2t) | Option 2: Increase uptime to 98.1% and reduce blasting delay to 0.3 hrs (Forecast: 904.2t) | Option 3: Increase uptime to 98.2% and reduce blasting delay to 0.3 hrs (Forecast: 904.2t)
2017-06-17,44.89965569050888,Primary Cause: Blasting Delays. Review drill/blast patterns and safety clearance.,Option 1: Increase uptime to 91.8% and reduce blasting delay to 0.0 hrs (Forecast: 888.2t) | Option 2: Increase uptime to 92.6% and reduce blasting delay to 0.0 hrs (Forecast: 888.2t) | Option 3: Increase uptime to 93.4% and reduce blasting delay to 0.0 hrs (Forecast: 890.2t)
2017-06-19,38.89373722041039,Primary Cause: Blasting Delays. Review drill/blast patterns and safety clearance.,Option 1: Increase uptime to 99.5% and reduce blasting delay to 1.7 hrs (Forecast: 903.7t) | Option 2: Increase uptime to 99.6% and reduce blasting delay to 1.7 hrs (Forecast: 903.7t) | Option 3: Increase uptime to 99.6% and reduce blasting delay to 1.7 hrs (Forecast: 903.7t)
2017-06-21,24.666631738795463,Primary Cause: Equipment Downtime. Schedule immediate preventive maintenance.,Option 1: Increase uptime to 98.7% and reduce blasting delay to 0.6 hrs (Forecast: 885.9t) | Option 2: Increase uptime to 98.7% and reduce blasting delay to 0.5 hrs (Forecast: 885.9t) | Option 3: Increase uptime to 100.0% and reduce blasting delay to 0.6 hrs (Forecast: 887.1t)
2017-06-24,38.3971117797059,Primary Cause: Blasting Delays. Review drill/blast patterns and safety clearance.,Option 1: Increase uptime to 97.8% and reduce blasting delay to 1.8 hrs (Forecast: 902.3t) | Option 2: Increase uptime to 97.8% and reduce blasting delay to 1.6 hrs (Forecast: 894.5t) | Option 3: Increase uptime to 98.6% and reduce blasting delay to 1.8 hrs (Forecast: 902.3t)
2017-06-25,51.61167325625112,Primary Cause: Blasting Delays. Review drill/blast patterns and safety clearance.,Option 1: Increase uptime to 92.0% and reduce blasting delay to 0.6 hrs (Forecast: 881.0t) | Option 2: Increase uptime to 92.6% and reduce blasting delay to 0.6 hrs (Forecast: 881.0t) | Option 3: Increase uptime to 93.3% and reduce blasting delay to 0.6 hrs (Forecast: 885.7t)
2017-06-26,16.063448964074347,Primary Cause: Blasting Delays. Review drill/blast patterns and safety clearance.,Option 1: Increase uptime to 98.2% and reduce blasting delay to 1.5 hrs (Forecast: 909.6t) | Option 2: Increase uptime to 98.2% and reduce blasting delay to 1.4 hrs (Forecast: 909.6t) | Option 3: Increase uptime to 98.2% and reduce blasting delay to 1.3 hrs (Forecast: 921.2t)
2017-06-27,23.995010145600865,Primary Cause: Equipment Downtime. Schedule immediate preventive maintenance.,Option 1: Increase uptime to 98.6% and reduce blasting delay to 1.8 hrs (Forecast: 880.8t) | Option 2: Increase uptime to 98.6% and reduce blasting delay to 1.7 hrs (Forecast: 896.7t) | Option 3: Increase uptime to 98.6% and reduce blasting delay to 1.6 hrs (Forecast: 896.7t)
2017-06-28,49.02262342478027,Primary Cause: Weather/Monsoon. Increase pump capacity and adjust monthly target.,Option 1: Increase uptime to 98.0% and reduce blasting delay to 0.3 hrs (Forecast: 886.1t) | Option 2: Increase uptime to 98.0% and reduce blasting delay to 0.1 hrs (Forecast: 943.9t) | Option 3: Increase uptime to 99.0% and reduce blasting delay to 0.3 hrs (Forecast: 884.4t)
2017-06-29,25.452221162791886,Primary Cause: Blasting Delays. Review drill/blast patterns and safety clearance.,Option 1: Increase uptime to 97.6% and reduce blasting delay to 1.2 hrs (Forecast: 890.0t) | Option 2: Increase uptime to 97.9% and reduce blasting delay to 1.2 hrs (Forecast: 890.0t) | Option 3: Increase uptime to 98.2% and reduce blasting delay to 1.4 hrs (Forecast: 877.1t)
2017-06-30,43.90391282846142,Primary Cause: Weather/Monsoon. Increase pump capacity and adjust monthly target.,"Max effort (Uptime: 100.0%, Delay: 0.0h) yields 841.7t (still short by 27.8t)"
2017-07-01,26.17833545015906,Primary Cause: Weather/Monsoon. Increase pump capacity and adjust monthly target.,Option 1: Increase uptime to 98.0% and reduce blasting delay to 0.2 hrs (Forecast: 873.4t) | Option 2: Increase uptime to 98.0% and reduce blasting delay to 0.2 hrs (Forecast: 876.0t) | Option 3: Increase uptime to 99.0% and reduce blasting delay to 0.2 hrs (Forecast: 873.4t)
2017-07-02,17.626236732442877,Primary Cause: Weather/Monsoon. Increase pump capacity and adjust monthly target.,Option 1: Increase uptime to 98.2% and reduce blasting delay to 0.7 hrs (Forecast: 863.1t) | Option 2: Increase uptime to 98.2% and reduce blasting delay to 0.6 hrs (Forecast: 863.1t) | Option 3: Increase uptime to 94.6% and reduce blasting delay to 0.1 hrs (Forecast: 866.2t)
2017-07-03,26.75816341175427,Primary Cause: Weather/Monsoon. Increase pump capacity and adjust monthly target.,Option 1: Increase uptime to 94.4% and reduce blasting delay to 0.1 hrs (Forecast: 863.4t) | Option 2: Increase uptime to 97.9% and reduce blasting delay to 0.7 hrs (Forecast: 866.6t) | Option 3: Increase uptime to 93.8% and reduce blasting delay to 0.0 hrs (Forecast: 870.9t)
2017-07-05,51.12408370300224,Primary Cause: Weather/Monsoon. Increase pump capacity and adjust monthly target.,Option 1: Increase uptime to 98.0% and reduce blasting delay to 0.1 hrs (Forecast: 887.9t) | Option 2: Increase uptime to 99.0% and reduce blasting delay to 0.1 hrs (Forecast: 886.3t) | Option 3: Increase uptime to 98.0% and reduce blasting delay to 0.0 hrs (Forecast: 894.3t)
2017-07-06,18.025704721044296,Primary Cause: Weather/Monsoon. Increase pump capacity and adjust monthly target.,Option 1: Increase uptime to 98.0% and reduce blasting delay to 1.4 hrs (Forecast: 858.5t) | Option 2: Increase uptime to 98.0% and reduce blasting delay to 1.4 hrs (Forecast: 858.5t) | Option 3: Increase uptime to 98.0% and reduce blasting delay to 1.3 hrs (Forecast: 876.2t)
2017-07-07,28.131893978630817,Primary Cause: Blasting Delays. Review drill/blast patterns and safety clearance.,Option 1: Increase uptime to 97.6% and reduce blasting delay to 1.4 hrs (Forecast: 858.8t) | Option 2: Increase uptime to 97.6% and reduce blasting delay to 1.3 hrs (Forecast: 883.7t) | Option 3: Increase uptime to 98.0% and reduce blasting delay to 1.4 hrs (Forecast: 858.8t)
2017-07-09,30.91813833460236,Primary Cause: Equipment Downtime. Schedule immediate preventive maintenance.,Option 1: Increase uptime to 97.7% and reduce blasting delay to 1.9 hrs (Forecast: 869.2t) | Option 2: Increase uptime to 97.7% and reduce blasting delay to 1.8 hrs (Forecast: 869.2t) | Option 3: Increase uptime to 97.7% and reduce blasting delay to 1.6 hrs (Forecast: 893.2t)
2017-07-11,23.85088039280429,Primary Cause: Equipment Downtime. Schedule immediate preventive maintenance.,Option 1: Increase uptime to 98.7% and reduce blasting delay to 0.6 hrs (Forecast: 877.4t) | Option 2: Increase uptime to 98.7% and reduce blasting delay to 0.5 hrs (Forecast: 885.9t) | Option 3: Increase uptime to 93.6% and reduce blasting delay to 0.0 hrs (Forecast: 862.4t)
2017-07-13,26.250504716181126,Primary Cause: Weather/Monsoon. Increase pump capacity and adjust monthly target.,Option 1: Increase uptime to 97.7% and reduce blasting delay to 0.6 hrs (Forecast: 865.1t) | Option 2: Increase uptime to 94.0% and reduce blasting delay to 0.0 hrs (Forecast: 853.2t) | Option 3: Increase uptime to 97.7% and reduce blasting delay to 0.5 hrs (Forecast: 865.1t)
2017-07-14,16.87923288831204,Primary Cause: Weather/Monsoon. Increase pump capacity and adjust monthly target.,Option 1: Increase uptime to 98.3% and reduce blasting delay to 2.0 hrs (Forecast: 853.1t) | Option 2: Increase uptime to 98.3% and reduce blasting delay to 1.9 hrs (Forecast: 879.2t) | Option 3: Increase uptime to 97.4% and reduce blasting delay to 1.5 hrs (Forecast: 843.1t)
2017-07-15,19.806692672524548,Primary Cause: Equipment Downtime. Schedule immediate preventive maintenance.,Option 1: Increase uptime to 97.6% and reduce blasting delay to 0.7 hrs (Forecast: 865.5t) | Option 2: Increase uptime to 97.7% and reduce blasting delay to 0.7 hrs (Forecast: 865.5t) | Option 3: Increase uptime to 97.8% and reduce blasting delay to 0.7 hrs (Forecast: 865.5t)
2017-07-16,16.40870698906322,Primary Cause: Weather/Monsoon. Increase pump capacity and adjust monthly target.,Option 1: Increase uptime to 98.1% and reduce blasting delay to 1.9 hrs (Forecast: 851.9t) | Option 2: Increase uptime to 98.1% and reduce blasting delay to 1.8 hrs (Forecast: 875.4t) | Option 3: Increase uptime to 98.1% and reduce blasting delay to 1.7 hrs (Forecast: 896.1t)
2017-07-17,20.06953559638706,Primary Cause: Weather/Monsoon. Increase pump capacity and adjust monthly target.,Option 1: Increase uptime to 97.5% and reduce blasting delay to 2.0 hrs (Forecast: 862.4t) | Option 2: Increase uptime to 97.5% and reduce blasting delay to 1.9 hrs (Forecast: 885.9t) | Option 3: Increase uptime to 97.5% and reduce blasting delay to 1.8 hrs (Forecast: 885.9t)
2017-07-18,31.91504827230801,Primary Cause: Blasting Delays. Review drill/blast patterns and safety clearance.,Option 1: Increase uptime to 93.9% and reduce blasting delay to 0.6 hrs (Forecast: 833.2t) | Option 2: Increase uptime to 97.8% and reduce blasting delay to 1.8 hrs (Forecast: 841.3t) | Option 3: Increase uptime to 94.5% and reduce blasting delay to 0.6 hrs (Forecast: 842.2t)
2017-07-19,24.898494006479048,Primary Cause: Equipment Downtime. Schedule immediate preventive maintenance.,Option 1: Increase uptime to 98.5% and reduce blasting delay to 1.1 hrs (Forecast: 870.3t) | Option 2: Increase uptime to 98.5% and reduce blasting delay to 1.0 hrs (Forecast: 873.8t) | Option 3: Increase uptime to 98.5% and reduce blasting delay to 1.0 hrs (Forecast: 873.8t)
2017-07-20,29.326149778270505,Primary Cause: Blasting Delays. Review drill/blast patterns and safety clearance.,Option 1: Increase uptime to 97.5% and reduce blasting delay to 1.3 hrs (Forecast: 834.6t) | Option 2: Increase uptime to 91.4% and reduce blasting delay to 0.2 hrs (Forecast: 830.7t) | Option 3: Increase uptime to 91.9% and reduce blasting delay to 0.2 hrs (Forecast: 832.1t)
2017-07-21,20.54941577329729,Primary Cause: Weather/Monsoon. Increase pump capacity and adjust monthly target.,Option 1: Increase uptime to 97.5% and reduce blasting delay to 0.2 hrs (Forecast: 832.6t) | Option 2: Increase uptime to 97.5% and reduce blasting delay to 0.1 hrs (Forecast: 865.5t) | Option 3: Increase uptime to 98.8% and reduce blasting delay to 0.2 hrs (Forecast: 832.6t)
2017-07-25,40.91054039750116,Primary Cause: Blasting Delays. Review drill/blast patterns and safety clearance.,Option 1: Increase uptime to 98.6% and reduce blasting delay to 2.0 hrs (Forecast: 841.7t) | Option 2: Increase uptime to 98.6% and reduce blasting delay to 1.9 hrs (Forecast: 867.8t) | Option 3: Increase uptime to 98.6% and reduce blasting delay to 1.7 hrs (Forecast: 904.3t)
2017-07-28,20.56130599557785,Primary Cause: Weather/Monsoon. Increase pump capacity and adjust monthly target.,Option 1: Increase uptime to 97.6% and reduce blasting delay to 1.9 hrs (Forecast: 818.9t) | Option 2: Increase uptime to 97.6% and reduce blasting delay to 1.8 hrs (Forecast: 818.9t) | Option 3: Increase uptime to 97.6% and reduce blasting delay to 1.7 hrs (Forecast: 813.7t)
2017-07-29,22.98098511951344,Primary Cause: Equipment Downtime. Schedule immediate preventive maintenance.,Option 1: Increase uptime to 88.8% and reduce blasting delay to 1.3 hrs (Forecast: 810.2t) | Option 2: Increase uptime to 88.8% and reduce blasting delay to 1.2 hrs (Forecast: 811.0t) | Option 3: Increase uptime to 88.8% and reduce blasting delay to 1.1 hrs (Forecast: 811.0t)
2017-07-31,33.16576378904641,Primary Cause: Blasting Delays. Review drill/blast patterns and safety clearance.,Option 1: Increase uptime to 97.6% and reduce blasting delay to 1.3 hrs (Forecast: 825.9t) | Option 2: Increase uptime to 97.6% and reduce blasting delay to 1.2 hrs (Forecast: 822.6t) | Option 3: Increase uptime to 97.6% and reduce blasting delay to 1.2 hrs (Forecast: 822.6t)
2017-08-04,38.22528717189222,Primary Cause: Equipment Downtime. Schedule immediate preventive maintenance.,Option 1: Increase uptime to 88.4% and reduce blasting delay to 1.2 hrs (Forecast: 804.6t) | Option 2: Increase uptime to 89.9% and reduce blasting delay to 1.3 hrs (Forecast: 809.8t) | Option 3: Increase uptime to 92.8% and reduce blasting delay to 1.7 hrs (Forecast: 809.7t)
2017-08-05,36.69834151057705,Primary Cause: Weather/Monsoon. Increase pump capacity and adjust monthly target.,Option 1: Increase uptime to 88.9% and reduce blasting delay to 1.3 hrs (Forecast: 808.8t) | Option 2: Increase uptime to 89.7% and reduce blasting delay to 1.3 hrs (Forecast: 808.8t) | Option 3: Increase uptime to 88.9% and reduce blasting delay to 1.2 hrs (Forecast: 809.6t)
2017-08-06,36.59045907431566,Primary Cause: Blasting Delays. Review drill/blast patterns and safety clearance.,Option 1: Increase uptime to 98.0% and reduce blasting delay to 2.0 hrs (Forecast: 801.4t) | Option 2: Increase uptime to 88.9% and reduce blasting delay to 0.0 hrs (Forecast: 797.2t) | Option 3: Increase uptime to 91.5% and reduce blasting delay to 0.2 hrs (Forecast: 804.2t)
2017-08-07,45.272382403066416,Primary Cause: Blasting Delays. Review drill/blast patterns and safety clearance.,Option 1: Increase uptime to 98.6% and reduce blasting delay to 1.9 hrs (Forecast: 821.9t) | Option 2: Increase uptime to 98.6% and reduce blasting delay to 1.7 hrs (Forecast: 851.3t) | Option 3: Increase uptime to 100.0% and reduce blasting delay to 1.9 hrs (Forecast: 821.9t)
2017-08-10,17.651949700041037,Primary Cause: Weather/Monsoon. Increase pump capacity and adjust monthly target.,Option 1: Increase uptime to 89.3% and reduce blasting delay to 0.3 hrs (Forecast: 781.4t) | Option 2: Increase uptime to 90.0% and reduce blasting delay to 0.3 hrs (Forecast: 789.5t) | Option 3: Increase uptime to 97.9% and reduce blasting delay to 1.4 hrs (Forecast: 785.5t)
2017-08-11,30.893776537346955,Primary Cause: Blasting Delays. Review drill/blast patterns and safety clearance.,Option 1: Increase uptime to 89.9% and reduce blasting delay to 0.2 hrs (Forecast: 778.7t) | Option 2: Increase uptime to 97.5% and reduce blasting delay to 1.3 hrs (Forecast: 789.2t) | Option 3: Increase uptime to 90.8% and reduce blasting delay to 0.2 hrs (Forecast: 778.7t)
2017-08-14,39.87687234406891,Primary Cause: Blasting Delays. Review drill/blast patterns and safety clearance.,Option 1: Increase uptime to 97.5% and reduce blasting delay to 1.8 hrs (Forecast: 810.0t) | Option 2: Increase uptime to 97.5% and reduce blasting delay to 1.7 hrs (Forecast: 834.9t) | Option 3: Increase uptime to 98.7% and reduce blasting delay to 1.8 hrs (Forecast: 810.0t)
2017-08-22,15.104777666913307,Primary Cause: Blasting Delays. Review drill/blast patterns and safety clearance.,Option 1: Increase uptime to 73.7% and reduce blasting delay to 0.1 hrs (Forecast: 762.7t) | Option 2: Increase uptime to 73.7% and reduce blasting delay to 0.1 hrs (Forecast: 762.7t) | Option 3: Increase uptime to 73.7% and reduce blasting delay to 0.1 hrs (Forecast: 762.7t)
2017-08-23,41.65884041240729,Primary Cause: Blasting Delays. Review drill/blast patterns and safety clearance.,Option 1: Increase uptime to 87.3% and reduce blasting delay to 1.8 hrs (Forecast: 782.0t) | Option 2: Increase uptime to 87.3% and reduce blasting delay to 1.7 hrs (Forecast: 784.5t) | Option 3: Increase uptime to 86.1% and reduce blasting delay to 1.5 hrs (Forecast: 758.9t)
2017-08-26,21.730564024160675,Primary Cause: Equipment Downtime. Schedule immediate preventive maintenance.,Option 1: Increase uptime to 88.3% and reduce blasting delay to 1.2 hrs (Forecast: 761.0t) | Option 2: Increase uptime to 88.3% and reduce blasting delay to 1.1 hrs (Forecast: 761.0t) | Option 3: Increase uptime to 88.3% and reduce blasting delay to 1.1 hrs (Forecast: 761.0t)
2017-08-27,35.05502263778375,Primary Cause: Blasting Delays. Review drill/blast patterns and safety clearance.,Option 1: Increase uptime to 87.2% and reduce blasting delay to 1.5 hrs (Forecast: 744.7t) | Option 2: Increase uptime to 88.3% and reduce blasting delay to 1.5 hrs (Forecast: 757.6t) | Option 3: Increase uptime to 91.8% and reduce blasting delay to 2.1 hrs (Forecast: 755.1t)
2017-08-30,48.02668337026099,Primary Cause: Blasting Delays. Review drill/blast patterns and safety clearance.,Option 1: Increase uptime to 98.5% and reduce blasting delay to 1.7 hrs (Forecast: 756.8t) | Option 2: Increase uptime to 98.5% and reduce blasting delay to 1.6 hrs (Forecast: 753.4t) | Option 3: Increase uptime to 100.0% and reduce blasting delay to 1.7 hrs (Forecast: 758.0t)
2017-08-31,33.92490062573247,Primary Cause: Blasting Delays. Review drill/blast patterns and safety clearance.,Option 1: Increase uptime to 94.6% and reduce blasting delay to 1.7 hrs (Forecast: 740.3t) | Option 2: Increase uptime to 91.9% and reduce blasting delay to 1.2 hrs (Forecast: 731.7t) | Option 3: Increase uptime to 94.6% and reduce blasting delay to 1.5 hrs (Forecast: 754.2t)
2017-09-02,32.2604156213344,Primary Cause: Blasting Delays. Review drill/blast patterns and safety clearance.,Option 1: Increase uptime to 92.6% and reduce blasting delay to 1.4 hrs (Forecast: 731.0t) | Option 2: Increase uptime to 92.6% and reduce blasting delay to 1.3 hrs (Forecast: 739.7t) | Option 3: Increase uptime to 93.8% and reduce blasting delay to 1.4 hrs (Forecast: 739.2t)
2017-09-15,17.382387005806915,Primary Cause: Equipment Downtime. Schedule immediate preventive maintenance.,Option 1: Increase uptime to 83.7% and reduce blasting delay to 1.7 hrs (Forecast: 734.0t) | Option 2: Increase uptime to 86.7% and reduce blasting delay to 2.0 hrs (Forecast: 731.4t) | Option 3: Increase uptime to 83.7% and reduce blasting delay to 1.5 hrs (Forecast: 732.2t)
2017-09-17,22.414530665154786,Primary Cause: Blasting Delays. Review drill/blast patterns and safety clearance.,Option 1: Increase uptime to 83.4% and reduce blasting delay to 1.7 hrs (Forecast: 729.6t) | Option 2: Increase uptime to 84.6% and reduce blasting delay to 1.7 hrs (Forecast: 729.6t) | Option 3: Increase uptime to 86.9% and reduce blasting delay to 1.9 hrs (Forecast: 730.4t)
2017-09-23,20.819419657939147,Primary Cause: Blasting Delays. Review drill/blast patterns and safety clearance.,Option 1: Increase uptime to 94.5% and reduce blasting delay to 2.9 hrs (Forecast: 731.2t) | Option 2: Increase uptime to 94.5% and reduce blasting delay to 2.7 hrs (Forecast: 747.1t) | Option 3: Increase uptime to 94.8% and reduce blasting delay to 2.7 hrs (Forecast: 733.2t)
2017-09-26,24.75864022600651,Primary Cause: Blasting Delays. Review drill/blast patterns and safety clearance.,Option 1: Increase uptime to 83.3% and reduce blasting delay to 1.8 hrs (Forecast: 737.1t) | Option 2: Increase uptime to 87.0% and reduce blasting delay to 2.1 hrs (Forecast: 734.3t) | Option 3: Increase uptime to 84.2% and reduce blasting delay to 1.8 hrs (Forecast: 737.1t)
2017-11-05,15.986304826166124,Primary Cause: lag_7d_mean_production_t. Review historical trends.,Option 1: Increase uptime to 87.9% and reduce blasting delay to 2.5 hrs (Forecast: 844.9t) | Option 2: Increase uptime to 88.5% and reduce blasting delay to 2.5 hrs (Forecast: 848.4t) | Option 3: Increase uptime to 89.1% and reduce blasting delay to 2.5 hrs (Forecast: 861.0t)
2017-11-13,15.12238323185534,Primary Cause: Blasting Delays. Review drill/blast patterns and safety clearance.,Option 1: Increase uptime to 90.0% and reduce blasting delay to 2.5 hrs (Forecast: 877.0t) | Option 2: Increase uptime to 85.7% and reduce blasting delay to 1.7 hrs (Forecast: 868.4t) | Option 3: Increase uptime to 88.6% and reduce blasting delay to 2.1 hrs (Forecast: 865.8t)
2017-11-14,28.66449017238356,Primary Cause: Blasting Delays. Review drill/blast patterns and safety clearance.,Option 1: Increase uptime to 87.5% and reduce blasting delay to 2.2 hrs (Forecast: 864.5t) | Option 2: Increase uptime to 88.7% and reduce blasting delay to 2.2 hrs (Forecast: 865.3t) | Option 3: Increase uptime to 90.0% and reduce blasting delay to 2.4 hrs (Forecast: 873.4t)
2017-11-18,15.245445243930488,Primary Cause: lag_7d_mean_production_t. Review historical trends.,Option 1: Increase uptime to 86.4% and reduce blasting delay to 2.2 hrs (Forecast: 873.5t) | Option 2: Increase uptime to 87.5% and reduce blasting delay to 2.3 hrs (Forecast: 872.6t) | Option 3: Increase uptime to 87.5% and reduce blasting delay to 2.2 hrs (Forecast: 901.3t)
2017-11-25,18.302020058962125,Primary Cause: Blasting Delays. Review drill/blast patterns and safety clearance.,Option 1: Increase uptime to 89.0% and reduce blasting delay to 2.2 hrs (Forecast: 888.1t) | Option 2: Increase uptime to 89.8% and reduce blasting delay to 2.4 hrs (Forecast: 886.4t) | Option 3: Increase uptime to 89.8% and reduce blasting delay to 2.2 hrs (Forecast: 914.0t)
2017-11-30,24.35912961464793,Primary Cause: lag_7d_mean_production_t. Review historical trends.,Option 1: Increase uptime to 82.6% and reduce blasting delay to 1.1 hrs (Forecast: 956.4t) | Option 2: Increase uptime to 84.0% and reduce blasting delay to 1.1 hrs (Forecast: 964.7t) | Option 3: Increase uptime to 82.6% and reduce blasting delay to 0.9 hrs (Forecast: 962.2t)
2017-12-01,22.00563103274381,Primary Cause: lag_7d_mean_production_t. Review historical trends.,Option 1: Increase uptime to 82.3% and reduce blasting delay to 1.1 hrs (Forecast: 909.1t) | Option 2: Increase uptime to 87.8% and reduce blasting delay to 1.7 hrs (Forecast: 907.1t) | Option 3: Increase uptime to 83.4% and reduce blasting delay to 1.1 hrs (Forecast: 984.3t)
2017-12-03,29.934201204409185,Primary Cause: Blasting Delays. Review drill/blast patterns and safety clearance.,Option 1: Increase uptime to 88.6% and reduce blasting delay to 1.8 hrs (Forecast: 931.8t) | Option 2: Increase uptime to 82.9% and reduce blasting delay to 1.1 hrs (Forecast: 953.7t) | Option 3: Increase uptime to 88.6% and reduce blasting delay to 1.6 hrs (Forecast: 927.6t)
2017-12-08,28.82054973341447,Primary Cause: Blasting Delays. Review drill/blast patterns and safety clearance.,Option 1: Increase uptime to 82.6% and reduce blasting delay to 1.2 hrs (Forecast: 952.5t) | Option 2: Increase uptime to 83.9% and reduce blasting delay to 1.2 hrs (Forecast: 960.9t) | Option 3: Increase uptime to 82.6% and reduce blasting delay to 1.0 hrs (Forecast: 958.4t)
2017-12-09,32.125091812490574,Primary Cause: Equipment Downtime. Schedule immediate preventive maintenance.,Option 1: Increase uptime to 83.4% and reduce blasting delay to 1.1 hrs (Forecast: 977.2t) | Option 2: Increase uptime to 84.7% and reduce blasting delay to 1.1 hrs (Forecast: 977.2t) | Option 3: Increase uptime to 83.4% and reduce blasting delay to 0.9 hrs (Forecast: 983.0t)
2017-12-13,28.329492651684863,Primary Cause: Blasting Delays. Review drill/blast patterns and safety clearance.,Option 1: Increase uptime to 83.0% and reduce blasting delay to 1.1 hrs (Forecast: 970.2t) | Option 2: Increase uptime to 83.9% and reduce blasting delay to 1.1 hrs (Forecast: 970.2t) | Option 3: Increase uptime to 84.7% and reduce blasting delay to 1.1 hrs (Forecast: 970.2t)
2017-12-18,30.80670338065612,Primary Cause: Blasting Delays. Review drill/blast patterns and safety clearance.,Option 1: Increase uptime to 82.5% and reduce blasting delay to 1.2 hrs (Forecast: 954.7t) | Option 2: Increase uptime to 83.6% and reduce blasting delay to 1.2 hrs (Forecast: 963.0t) | Option 3: Increase uptime to 84.7% and reduce blasting delay to 1.2 hrs (Forecast: 963.0t)
2017-12-20,17.234775983959622,Primary Cause: Blasting Delays. Review drill/blast patterns and safety clearance.,Option 1: Increase uptime to 87.5% and reduce blasting delay to 1.7 hrs (Forecast: 943.0t) | Option 2: Increase uptime to 88.5% and reduce blasting delay to 1.7 hrs (Forecast: 943.8t) | Option 3: Increase uptime to 89.5% and reduce blasting delay to 1.7 hrs (Forecast: 946.0t)
2017-12-21,40.94363730819145,Primary Cause: Blasting Delays. Review drill/blast patterns and safety clearance.,Option 1: Increase uptime to 83.6% and reduce blasting delay to 1.2 hrs (Forecast: 982.3t) | Option 2: Increase uptime to 85.0% and reduce blasting delay to 1.2 hrs (Forecast: 982.3t) | Option 3: Increase uptime to 83.6% and reduce blasting delay to 1.0 hrs (Forecast: 988.1t)
2017-12-25,20.24561473037266,Primary Cause: Blasting Delays. Review drill/blast patterns and safety clearance.,Option 1: Increase uptime to 83.4% and reduce blasting delay to 1.1 hrs (Forecast: 958.5t) | Option 2: Increase uptime to 84.2% and reduce blasting delay to 1.1 hrs (Forecast: 958.5t) | Option 3: Increase uptime to 85.0% and reduce blasting delay to 1.1 hrs (Forecast: 958.5t)
2017-12-26,21.37029881269205,Primary Cause: lag_7d_mean_production_t. Review historical trends.,Option 1: Increase uptime to 82.9% and reduce blasting delay to 1.2 hrs (Forecast: 973.9t) | Option 2: Increase uptime to 84.1% and reduce blasting delay to 1.2 hrs (Forecast: 982.3t) | Option 3: Increase uptime to 82.9% and reduce blasting delay to 1.0 hrs (Forecast: 973.9t)
2018-01-03,19.44228928596261,Primary Cause: Blasting Delays. Review drill/blast patterns and safety clearance.,Option 1: Increase uptime to 83.1% and reduce blasting delay to 1.1 hrs (Forecast: 990.5t) | Option 2: Increase uptime to 84.2% and reduce blasting delay to 1.1 hrs (Forecast: 992.0t) | Option 3: Increase uptime to 85.4% and reduce blasting delay to 1.1 hrs (Forecast: 992.0t)
2018-01-05,36.18873543741336,Primary Cause: Blasting Delays. Review drill/blast patterns and safety clearance.,Option 1: Increase uptime to 82.5% and reduce blasting delay to 1.0 hrs (Forecast: 954.8t) | Option 2: Increase uptime to 83.6% and reduce blasting delay to 1.0 hrs (Forecast: 994.7t) | Option 3: Increase uptime to 84.8% and reduce blasting delay to 1.0 hrs (Forecast: 996.1t)
2018-01-06,18.932151830105614,Primary Cause: Blasting Delays. Review drill/blast patterns and safety clearance.,Option 1: Increase uptime to 99.6% and reduce blasting delay to 2.2 hrs (Forecast: 959.4t) | Option 2: Increase uptime to 99.6% and reduce blasting delay to 2.2 hrs (Forecast: 959.4t) | Option 3: Increase uptime to 99.7% and reduce blasting delay to 2.2 hrs (Forecast: 959.4t)
2018-01-08,37.570935965174655,Primary Cause: Blasting Delays. Review drill/blast patterns and safety clearance.,Option 1: Increase uptime to 84.2% and reduce blasting delay to 1.2 hrs (Forecast: 980.6t) | Option 2: Increase uptime to 85.6% and reduce blasting delay to 1.2 hrs (Forecast: 981.1t) | Option 3: Increase uptime to 84.2% and reduce blasting delay to 1.0 hrs (Forecast: 986.4t)
2018-01-12,23.012980612114305,Primary Cause: Blasting Delays. Review drill/blast patterns and safety clearance.,Option 1: Increase uptime to 87.0% and reduce blasting delay to 1.1 hrs (Forecast: 1000.5t) | Option 2: Increase uptime to 87.7% and reduce blasting delay to 1.1 hrs (Forecast: 1004.9t) | Option 3: Increase uptime to 88.3% and reduce blasting delay to 1.1 hrs (Forecast: 1001.9t)
2018-01-23,20.268104477654663,Primary Cause: Blasting Delays. Review drill/blast patterns and safety clearance.,Option 1: Increase uptime to 83.7% and reduce blasting delay to 1.2 hrs (Forecast: 994.7t) | Option 2: Increase uptime to 84.7% and reduce blasting delay to 1.2 hrs (Forecast: 996.1t) | Option 3: Increase uptime to 85.7% and reduce blasting delay to 1.2 hrs (Forecast: 1000.8t)
2018-01-25,21.63809022972008,Primary Cause: lag_7d_mean_production_t. Review historical trends.,Option 1: Increase uptime to 84.1% and reduce blasting delay to 1.1 hrs (Forecast: 990.6t) | Option 2: Increase uptime to 85.6% and reduce blasting delay to 1.1 hrs (Forecast: 985.4t) | Option 3: Increase uptime to 84.1% and reduce blasting delay to 1.0 hrs (Forecast: 996.5t)
2018-01-27,26.36279949187849,Primary Cause: Blasting Delays. Review drill/blast patterns and safety clearance.,Option 1: Increase uptime to 83.8% and reduce blasting delay to 1.1 hrs (Forecast: 989.5t) | Option 2: Increase uptime to 85.0% and reduce blasting delay to 1.1 hrs (Forecast: 989.5t) | Option 3: Increase uptime to 86.1% and reduce blasting delay to 1.1 hrs (Forecast: 993.7t)
2018-02-02,27.220956696941407,Primary Cause: lag_7d_mean_production_t. Review historical trends.,Option 1: Increase uptime to 83.2% and reduce blasting delay to 1.2 hrs (Forecast: 999.6t) | Option 2: Increase uptime to 84.6% and reduce blasting delay to 1.2 hrs (Forecast: 1001.0t) | Option 3: Increase uptime to 83.2% and reduce blasting delay to 1.0 hrs (Forecast: 1005.5t)
2018-02-03,32.3853527144497,Primary Cause: Blasting Delays. Review drill/blast patterns and safety clearance.,Option 1: Increase uptime to 82.5% and reduce blasting delay to 1.1 hrs (Forecast: 969.2t) | Option 2: Increase uptime to 83.6% and reduce blasting delay to 1.1 hrs (Forecast: 1009.1t) | Option 3: Increase uptime to 84.6% and reduce blasting delay to 1.1 hrs (Forecast: 1010.5t)
2018-02-05,15.567400933405535,Primary Cause: lag_7d_mean_production_t. Review historical trends.,Option 1: Increase uptime to 93.7% and reduce blasting delay to 2.2 hrs (Forecast: 964.6t) | Option 2: Increase uptime to 94.7% and reduce blasting delay to 2.3 hrs (Forecast: 966.1t) | Option 3: Increase uptime to 94.0% and reduce blasting delay to 2.2 hrs (Forecast: 964.6t)
2018-02-07,21.588099969902338,Primary Cause: Blasting Delays. Review drill/blast patterns and safety clearance.,Option 1: Increase uptime to 88.8% and reduce blasting delay to 1.0 hrs (Forecast: 995.5t) | Option 2: Increase uptime to 89.3% and reduce blasting delay to 1.0 hrs (Forecast: 995.5t) | Option 3: Increase uptime to 89.9% and reduce blasting delay to 1.0 hrs (Forecast: 995.5t)
2018-02-10,22.921758643931497,Primary Cause: Equipment Downtime. Schedule immediate preventive maintenance.,Option 1: Increase uptime to 83.9% and reduce blasting delay to 1.1 hrs (Forecast: 984.5t) | Option 2: Increase uptime to 85.0% and reduce blasting delay to 1.1 hrs (Forecast: 984.5t) | Option 3: Increase uptime to 83.9% and reduce blasting delay to 1.0 hrs (Forecast: 990.4t)
2018-02-13,49.64476637972589,Primary Cause: Blasting Delays. Review drill/blast patterns and safety clearance.,Option 1: Increase uptime to 83.9% and reduce blasting delay to 1.2 hrs (Forecast: 979.7t) | Option 2: Increase uptime to 85.3% and reduce blasting delay to 1.2 hrs (Forecast: 979.7t) | Option 3: Increase uptime to 83.9% and reduce blasting delay to 1.0 hrs (Forecast: 985.5t)
2018-02-17,16.56472503969265,Primary Cause: Blasting Delays. Review drill/blast patterns and safety clearance.,Option 1: Increase uptime to 94.9% and reduce blasting delay to 2.3 hrs (Forecast: 961.8t) | Option 2: Increase uptime to 94.0% and reduce blasting delay to 2.2 hrs (Forecast: 959.6t) | Option 3: Increase uptime to 94.3% and reduce blasting delay to 2.2 hrs (Forecast: 959.6t)
2018-02-21,15.71307874701032,Primary Cause: Blasting Delays. Review drill/blast patterns and safety clearance.,Option 1: Increase uptime to 83.0% and reduce blasting delay to 1.2 hrs (Forecast: 959.7t) | Option 2: Increase uptime to 83.9% and reduce blasting delay to 1.2 hrs (Forecast: 1001.0t) | Option 3: Increase uptime to 84.7% and reduce blasting delay to 1.2 hrs (Forecast: 1001.0t)
2018-02-27,22.507300109912727,Primary Cause: lag_7d_mean_production_t. Review historical trends.,Option 1: Increase uptime to 87.8% and reduce blasting delay to 1.6 hrs (Forecast: 964.9t) | Option 2: Increase uptime to 91.3% and reduce blasting delay to 2.2 hrs (Forecast: 963.0t) | Option 3: Increase uptime to 88.6% and reduce blasting delay to 1.6 hrs (Forecast: 968.4t)
2018-03-03,29.784901031300738,Primary Cause: Blasting Delays. Review drill/blast patterns and safety clearance.,Option 1: Increase uptime to 84.0% and reduce blasting delay to 1.2 hrs (Forecast: 994.4t) | Option 2: Increase uptime to 85.3% and reduce blasting delay to 1.2 hrs (Forecast: 994.4t) | Option 3: Increase uptime to 84.0% and reduce blasting delay to 1.0 hrs (Forecast: 1000.2t)
2018-03-05,35.40099682648208,Primary Cause: Blasting Delays. Review drill/blast patterns and safety clearance.,Option 1: Increase uptime to 84.0% and reduce blasting delay to 1.2 hrs (Forecast: 982.1t) | Option 2: Increase uptime to 85.0% and reduce blasting delay to 1.2 hrs (Forecast: 982.1t) | Option 3: Increase uptime to 86.1% and reduce blasting delay to 1.2 hrs (Forecast: 994.7t)
2018-03-06,24.50270542031961,Primary Cause: Equipment Downtime. Schedule immediate preventive maintenance.,Option 1: Increase uptime to 91.6% and reduce blasting delay to 1.1 hrs (Forecast: 962.1t) | Option 2: Increase uptime to 91.6% and reduce blasting delay to 1.0 hrs (Forecast: 960.8t) | Option 3: Increase uptime to 87.3% and reduce blasting delay to 0.6 hrs (Forecast: 962.0t)
2018-03-08,26.328103865810924,Primary Cause: Equipment Downtime. Schedule immediate preventive maintenance.,Option 1: Increase uptime to 92.8% and reduce blasting delay to 1.1 hrs (Forecast: 971.1t) | Option 2: Increase uptime to 92.8% and reduce blasting delay to 0.9 hrs (Forecast: 977.6t) | Option 3: Increase uptime to 94.3% and reduce blasting delay to 1.1 hrs (Forecast: 984.9t)
2018-03-09,21.825176571628177,Primary Cause: Equipment Downtime. Schedule immediate preventive maintenance.,Option 1: Increase uptime to 95.6% and reduce blasting delay to 1.2 hrs (Forecast: 996.8t) | Option 2: Increase uptime to 91.2% and reduce blasting delay to 0.7 hrs (Forecast: 968.2t) | Option 3: Increase uptime to 95.6% and reduce blasting delay to 1.1 hrs (Forecast: 996.8t)
2018-03-13,15.868630916260654,Primary Cause: Blasting Delays. Review drill/blast patterns and safety clearance.,Option 1: Increase uptime to 94.7% and reduce blasting delay to 2.2 hrs (Forecast: 964.0t) | Option 2: Increase uptime to 94.7% and reduce blasting delay to 2.1 hrs (Forecast: 960.7t) | Option 3: Increase uptime to 95.2% and reduce blasting delay to 2.2 hrs (Forecast: 966.2t)
2018-03-17,33.71143267583753,Primary Cause: lag_7d_mean_production_t. Review historical trends.,Option 1: Increase uptime to 87.7% and reduce blasting delay to 1.7 hrs (Forecast: 962.9t) | Option 2: Increase uptime to 87.7% and reduce blasting delay to 1.5 hrs (Forecast: 961.5t) | Option 3: Increase uptime to 83.6% and reduce blasting delay to 1.2 hrs (Forecast: 981.6t)
2018-03-18,20.06480862094562,Primary Cause: lag_7d_mean_production_t. Review historical trends.,Option 1: Increase uptime to 82.5% and reduce blasting delay to 1.1 hrs (Forecast: 964.4t) | Option 2: Increase uptime to 83.4% and reduce blasting delay to 1.1 hrs (Forecast: 1004.2t) | Option 3: Increase uptime to 84.3% and reduce blasting delay to 1.1 hrs (Forecast: 1005.6t)
2018-03-25,29.334758029404696,Primary Cause: Blasting Delays. Review drill/blast patterns and safety clearance.,Option 1: Increase uptime to 83.9% and reduce blasting delay to 1.1 hrs (Forecast: 994.4t) | Option 2: Increase uptime to 85.0% and reduce blasting delay to 1.1 hrs (Forecast: 994.4t) | Option 3: Increase uptime to 86.2% and reduce blasting delay to 1.1 hrs (Forecast: 1007.0t)
2018-03-27,16.601667530575003,Primary Cause: lag_7d_mean_production_t. Review historical trends.,Option 1: Increase uptime to 94.7% and reduce blasting delay to 2.1 hrs (Forecast: 966.2t) | Option 2: Increase uptime to 93.7% and reduce blasting delay to 1.7 hrs (Forecast: 968.7t) | Option 3: Increase uptime to 95.3% and reduce blasting delay to 2.1 hrs (Forecast: 968.4t)
2018-03-29,22.620617336885044,Primary Cause: lag_7d_mean_production_t. Review historical trends.,Option 1: Increase uptime to 85.4% and reduce blasting delay to 1.1 hrs (Forecast: 991.1t) | Option 2: Increase uptime to 86.1% and reduce blasting delay to 1.1 hrs (Forecast: 1003.8t) | Option 3: Increase uptime to 86.8% and reduce blasting delay to 1.1 hrs (Forecast: 1004.0t)
2018-03-30,15.0503176789154,Primary Cause: Equipment Downtime. Schedule immediate preventive maintenance.,Option 1: Increase uptime to 91.9% and reduce blasting delay to 0.7 hrs (Forecast: 969.7t) | Option 2: Increase uptime to 94.2% and reduce blasting delay to 1.0 hrs (Forecast: 960.5t) | Option 3: Increase uptime to 94.2% and reduce blasting delay to 1.0 hrs (Forecast: 976.3t)
2018-03-31,36.39141641259979,Primary Cause: Blasting Delays. Review drill/blast patterns and safety clearance.,Option 1: Increase uptime to 92.6% and reduce blasting delay to 1.1 hrs (Forecast: 958.0t) | Option 2: Increase uptime to 92.6% and reduce blasting delay to 0.9 hrs (Forecast: 964.5t) | Option 3: Increase uptime to 93.8% and reduce blasting delay to 1.1 hrs (Forecast: 964.8t)
