date,month,year,is_weekend,is_monsoon,fy,equipment_uptime_pct,blasting_delay_hrs,rainfall_mm,true_production_t,rom_gross_reported_te,stripping_ratio_miss,production_shortfall_pct,ob_overrun_pct,lag_1d_production_t,lag_7d_mean_production_t,ndvi_seasonal_delta,soil_moisture_seasonal_delta,daily_value_inr
2015-04-08,4,2015,0,0,2015-16,0.9598528437324805,3.711009132780852,0.0,656.3319756339957,281215.0,2.0,0.1965,0.2,428.3764851467882,753.9329893143974,0.0,1.1814874510706885,1968995.9269019873
2015-04-09,4,2015,0,0,2015-16,0.8803345035229626,3.979631290585741,0.0,602.0109148378803,281215.0,2.0,0.1965,0.2,656.3319756339957,723.9975378254339,0.0,1.1814874510706885,1806032.7445136406
2015-04-10,4,2015,0,0,2015-16,0.9124217733388136,0.6955809968779492,0.0,1031.8917404473837,281215.0,2.0,0.1965,0.2,602.0109148378803,656.4081290143301,0.0,1.1814874510706885,3095675.221342151
2015-04-11,4,2015,1,0,2015-16,0.7061753482887407,1.584968075610635,0.0,697.9320908858515,281215.0,2.0,0.1965,0.2,1031.8917404473837,695.729693319771,0.0,1.1814874510706885,2093796.2726575546
2015-04-12,4,2015,1,0,2015-16,0.9909729556485982,3.0329539028163652,0.0,716.4209643306972,281215.0,2.0,0.1965,0.2,697.9320908858515,688.269329237876,0.0,1.1814874510706885,2149262.8929920914
2015-04-13,4,2015,0,0,2015-16,0.9497327922401265,2.784082472215169,0.0,852.4701858671134,281215.0,2.0,0.1965,0.2,716.4209643306972,667.9258402983406,0.0,1.1814874510706885,2557410.55760134
2015-04-14,4,2015,0,0,2015-16,0.7637017332034828,0.6155836253594202,0.0,795.7816086461321,281215.0,2.0,0.1965,0.2,852.4701858671134,712.2049081642443,0.0,1.1814874510706885,2387344.825938396
2015-04-15,4,2015,0,0,2015-16,0.7545474901621302,3.263332499962471,0.0,548.5306612979685,281215.0,2.0,0.1965,0.2,795.7816086461321,764.6913543784361,0.0,1.1814874510706885,1645591.9838939055
2015-04-16,4,2015,0,0,2015-16,0.7550213529560301,0.8977622873466427,0.0,742.6511420172993,281215.0,2.0,0.1965,0.2,548.5306612979685,749.2911666161466,0.0,1.1814874510706885,2227953.426051898
2015-04-17,4,2015,0,0,2015-16,0.7912726728878613,0.8952704592904923,0.0,707.6398356214941,281215.0,2.0,0.1965,0.2,742.6511420172993,769.382627641778,0.0,1.1814874510706885,2122919.506864482
2015-04-18,4,2015,1,0,2015-16,0.8574269294896714,2.1478976915736543,0.0,739.2078346711621,281215.0,2.0,0.1965,0.2,707.6398356214941,723.0609269523653,0.0,1.1814874510706885,2217623.504013486
2015-04-19,4,2015,1,0,2015-16,0.8295835055926347,2.3717597393668126,0.0,728.0589987624132,281215.0,2.0,0.1965,0.2,739.2078346711621,728.9574617788381,0.0,1.1814874510706885,2184176.9962872397
2015-04-20,4,2015,0,0,2015-16,0.7873687420594125,2.3203448313512447,0.0,648.0272358323381,281215.0,2.0,0.1965,0.2,728.0589987624132,730.6200381262261,0.0,1.1814874510706885,1944081.7074970142
2015-04-21,4,2015,0,0,2015-16,0.8835558684167139,0.3659473495910195,0.0,965.5547291869109,281215.0,2.0,0.1965,0.2,648.0272358323381,701.4139024069725,0.0,1.1814874510706885,2896664.1875607325
2015-04-22,4,2015,0,0,2015-16,0.7418481581956126,3.5098434505215215,0.0,485.13413418733893,281215.0,2.0,0.1965,0.2,965.5547291869109,725.6672053413695,0.0,1.1814874510706885,1455402.4025620169
2015-04-23,4,2015,0,0,2015-16,0.7876433945605654,1.0624001703548243,0.0,771.4715830283968,281215.0,2.0,0.1965,0.2,485.13413418733893,716.6105586112795,0.0,1.1814874510706885,2314414.7490851902
2015-04-24,4,2015,0,0,2015-16,0.8099085529881075,0.5180596851312167,0.0,867.6232543692156,281215.0,2.0,0.1965,0.2,771.4715830283968,720.7277644700077,0.0,1.1814874510706885,2602869.7631076467
2015-04-25,4,2015,1,0,2015-16,0.8368209952651108,3.5549923194759088,0.0,607.5251143007641,281215.0,2.0,0.1965,0.2,867.6232543692156,743.582538576825,0.0,1.1814874510706885,1822575.3429022925
2015-04-26,4,2015,1,0,2015-16,0.935552788417904,3.8226059929190135,0.0,550.8919150270013,281215.0,2.0,0.1965,0.2,607.5251143007641,724.7707213810539,0.0,1.1814874510706885,1652675.745081004
2015-04-27,4,2015,0,0,2015-16,0.7599021346475079,3.4485104690618025,0.0,526.8087842257346,281215.0,2.0,0.1965,0.2,550.8919150270013,699.4611379902808,0.0,1.1814874510706885,1580426.3526772037
2015-04-28,4,2015,0,0,2015-16,0.8542703315240835,3.2380642988995123,0.0,732.2929174483967,281215.0,2.0,0.1965,0.2,526.8087842257346,682.1442163321946,0.0,1.1814874510706885,2196878.75234519
2015-04-29,4,2015,0,0,2015-16,0.8777243706586128,2.620967922556087,0.0,689.705397884579,281215.0,2.0,0.1965,0.2,732.2929174483967,648.8211003695498,0.0,1.1814874510706885,2069116.1936537372
2015-04-30,4,2015,0,0,2015-16,0.7139351238159993,2.2034294824365572,0.0,617.0452373700742,281215.0,2.0,0.1965,0.2,689.705397884579,678.0455666120126,0.0,1.1814874510706885,1851135.7121102228
2015-05-01,5,2015,0,0,2015-16,0.8822634555704315,0.34794703964564055,0.0,937.861024864653,281215.0,2.0,0.1965,0.2,617.0452373700742,655.9846600893951,0.0,1.1814874510706885,2813583.074593959
2015-05-02,5,2015,1,0,2015-16,0.7511572371061874,1.6338128522827948,0.0,782.4599179332937,281215.0,2.0,0.1965,0.2,937.861024864653,666.0186273030291,0.0,1.1814874510706885,2347379.753799881
2015-05-03,5,2015,1,0,2015-16,0.7195154778955838,1.490754068049256,0.0,749.1705119289935,281215.0,2.0,0.1965,0.2,782.4599179332937,691.0093135362475,0.0,1.1814874510706885,2247511.5357869803
2015-05-04,5,2015,0,0,2015-16,0.984665661176,1.0390151350413048,0.0,1021.4448212820002,281215.0,2.0,0.1965,0.2,749.1705119289935,719.3348273793893,0.0,1.1814874510706885,3064334.463846001
2015-05-05,5,2015,0,0,2015-16,0.9896896099223678,2.8936804547543398,0.0,724.6743667568625,281215.0,2.0,0.1965,0.2,1021.4448212820002,789.9971183874271,0.0,1.1814874510706885,2174023.1002705875
2015-05-06,5,2015,0,0,2015-16,0.9425192044349383,1.9835029403150832,0.0,856.2788740789109,281215.0,2.0,0.1965,0.2,724.6743667568625,788.9087540029223,0.0,1.1814874510706885,2568836.622236733
2015-05-07,5,2015,0,0,2015-16,0.7913841307520112,0.32418486363059174,0.0,879.0785461475083,281215.0,2.0,0.1965,0.2,856.2788740789109,812.7049648878268,0.0,1.1814874510706885,2637235.6384425247
2015-05-08,5,2015,0,0,2015-16,0.7293016342019151,0.8807328077992453,0.0,697.5495219261284,281215.0,2.0,0.1965,0.2,879.0785461475083,850.1382947131746,0.0,1.1814874510706885,2092648.5657783851
2015-05-09,5,2015,1,0,2015-16,0.905269907953647,2.7330350546383837,0.0,680.0495611330089,281215.0,2.0,0.1965,0.2,697.5495219261284,815.8080800076712,0.0,1.1814874510706885,2040148.6833990265
2015-05-10,5,2015,1,0,2015-16,0.8320457481218804,0.30452343796120074,0.0,987.3773463271316,281215.0,2.0,0.1965,0.2,680.0495611330089,801.1780290362019,0.0,1.1814874510706885,2962132.038981395
2015-05-11,5,2015,0,0,2015-16,0.7366114704534336,3.4048276561950748,0.0,521.1288919048585,281215.0,2.0,0.1965,0.2,987.3773463271316,835.2075768073644,0.0,1.1814874510706885,1563386.6757145755
2015-05-12,5,2015,0,0,2015-16,0.848553073033381,1.9805861080558973,0.0,842.6733307951788,281215.0,2.0,0.1965,0.2,521.1288919048585,763.7338726106298,0.0,1.1814874510706885,2528019.9923855364
2015-05-13,5,2015,0,0,2015-16,0.7103165563345655,1.922346309306592,0.0,690.3369037991414,281215.0,2.0,0.1965,0.2,842.6733307951788,780.5908674732465,0.0,1.1814874510706885,2071010.711397424
2015-05-14,5,2015,0,0,2015-16,0.9727961206236346,2.3696311386380704,0.0,844.2612783164523,281215.0,2.0,0.1965,0.2,690.3369037991414,756.8848717189937,0.0,1.1814874510706885,2532783.834949357
2015-05-15,5,2015,0,0,2015-16,0.777633994480005,3.2987238637005967,0.0,601.9080573114901,281215.0,2.0,0.1965,0.2,844.2612783164523,751.910976314557,0.0,1.1814874510706885,1805724.1719344703
2015-05-16,5,2015,1,0,2015-16,0.8987566853061946,1.3912368316087722,0.0,778.9764584664726,281215.0,2.0,0.1965,0.2,601.9080573114901,738.2479099410373,0.0,1.1814874510706885,2336929.375399418
2015-05-17,5,2015,1,0,2015-16,0.7935133228268233,2.7120646102362542,0.0,651.6174320736149,281215.0,2.0,0.1965,0.2,778.9764584664726,752.3803238458178,0.0,1.1814874510706885,1954852.2962208446
2015-05-18,5,2015,0,0,2015-16,0.8560204063533432,2.2629278559831643,0.0,811.591105769322,281215.0,2.0,0.1965,0.2,651.6174320736149,704.4146218096013,0.0,1.1814874510706885,2434773.317307966
2015-05-19,5,2015,0,0,2015-16,0.8640130838029838,1.0681130806776853,0.0,891.9946917042726,281215.0,2.0,0.1965,0.2,811.591105769322,745.9092237902388,0.0,1.1814874510706885,2675984.075112818
2015-05-20,5,2015,0,0,2015-16,0.7554563366576581,3.514519945420632,0.0,550.9051659133464,281215.0,2.0,0.1965,0.2,891.9946917042726,752.955132491538,0.0,1.1814874510706885,1652715.4977400394
2015-05-21,5,2015,0,0,2015-16,0.9908753883293675,3.1897040864277124,0.0,841.7585801454514,281215.0,2.0,0.1965,0.2,550.9051659133464,733.0363127935673,0.0,1.1814874510706885,2525275.740436354
2015-05-22,5,2015,0,0,2015-16,0.9325398470083344,2.633807338633702,0.0,750.1700676392586,281215.0,2.0,0.1965,0.2,841.7585801454514,732.6787844834244,0.0,1.1814874510706885,2250510.2029177756
2015-05-23,5,2015,1,0,2015-16,0.9818496824692567,3.4023269163769676,0.0,682.7992078173784,281215.0,2.0,0.1965,0.2,750.1700676392586,753.8590716731054,0.0,1.1814874510706885,2048397.6234521351
2015-05-24,5,2015,1,0,2015-16,0.9684482051282947,3.4691768038392095,0.0,708.650936876123,281215.0,2.0,0.1965,0.2,682.7992078173784,740.1194644375206,0.0,1.1814874510706885,2125952.810628369
2015-05-25,5,2015,0,0,2015-16,0.8793699936433255,2.833451906860139,0.0,740.0449098012919,281215.0,2.0,0.1965,0.2,708.650936876123,748.267107980736,0.0,1.1814874510706885,2220134.729403876
2015-05-26,5,2015,0,0,2015-16,0.976562270506935,3.348053313454688,0.0,624.0185032786587,281215.0,2.0,0.1965,0.2,740.0449098012919,738.046222842446,0.0,1.1814874510706885,1872055.5098359762
2015-05-27,5,2015,0,0,2015-16,0.7265477506155759,2.7898858466771346,0.0,595.6559307115135,281215.0,2.0,0.1965,0.2,624.0185032786587,699.7639102102155,0.0,1.1814874510706885,1786967.7921345406
2015-05-28,5,2015,0,0,2015-16,0.7587948587257435,2.7205630870412016,0.0,656.3011154763208,281215.0,2.0,0.1965,0.2,595.6559307115135,706.1568766099535,0.0,1.1814874510706885,1968903.3464289624
2015-05-29,5,2015,0,0,2015-16,0.7135681866731614,2.474445512860737,0.0,579.5216278991763,281215.0,2.0,0.1965,0.2,656.3011154763208,679.662953085792,0.0,1.1814874510706885,1738564.883697529
2015-05-30,5,2015,1,0,2015-16,0.7975990992289793,3.010866558230565,0.0,678.3561955174414,281215.0,2.0,0.1965,0.2,579.5216278991763,655.2846045514946,0.0,1.1814874510706885,2035068.5865523242
2015-05-31,5,2015,1,0,2015-16,0.8166031869068446,0.6344204211722948,0.0,882.1003750594634,281215.0,2.0,0.1965,0.2,678.3561955174414,654.6498885086465,0.0,1.1814874510706885,2646301.12517839
2015-06-01,6,2015,0,1,2015-16,0.7814047095321688,3.5234830367957137,0.0,565.2236301649316,281215.0,2.0,0.1965,0.2,882.1003750594634,679.4283796776953,0.0,1.1814874510706885,1695670.8904947948
2015-06-02,6,2015,0,1,2015-16,0.9486212527455788,3.487374110980928,6.837649064933652,465.92509322674573,281215.0,2.0,0.1965,0.2,565.2236301649316,654.4539111582151,0.0,1.1814874510706885,1397775.2796802372
2015-06-03,6,2015,0,1,2015-16,0.8070259980080767,0.11698913213823658,3.3556728831355502,731.4106378197727,281215.0,2.0,0.1965,0.2,465.92509322674573,631.8691382936561,0.0,1.1814874510706885,2194231.9134593178
2015-06-04,6,2015,0,1,2015-16,0.7842803529062142,3.3032670022590507,1.3671389281094155,399.71456604111603,281215.0,2.0,0.1965,0.2,731.4106378197727,651.2626678805502,0.0,1.1814874510706885,1199143.6981233482
2015-06-05,6,2015,0,1,2015-16,0.8628088249474746,0.5154794698937808,3.537968333840955,613.3279817705987,281215.0,2.0,0.1965,0.2,399.71456604111603,614.6074465326639,0.0,1.1814874510706885,1839983.9453117962
2015-06-06,6,2015,1,1,2015-16,0.7422772674924287,1.3404754170365676,0.0,454.69639742368236,281215.0,2.0,0.1965,0.2,613.3279817705987,619.4369256571528,0.0,1.1814874510706885,1364089.192271047
2015-06-07,6,2015,1,1,2015-16,0.9406590942262119,2.974033025166431,12.227545410899511,545.4785271070119,281215.0,2.0,0.1965,0.2,454.69639742368236,587.4855259294729,0.0,1.1814874510706885,1636435.5813210357
2015-06-08,6,2015,0,1,2015-16,0.7223651931039312,0.6430395841932328,5.856113590347798,574.3950990718313,281215.0,2.0,0.1965,0.2,545.4785271070119,539.3966905076942,0.0,1.1814874510706885,1723185.2972154939
2015-06-09,6,2015,0,1,2015-16,0.9960660809801551,3.2718680964762488,0.0,565.0217153255892,281215.0,2.0,0.1965,0.2,574.3950990718313,540.706900351537,0.0,1.1814874510706885,1695065.1459767676
2015-06-10,6,2015,0,1,2015-16,0.9316734307889972,3.3285367118309677,10.775369643789139,390.833584423435,281215.0,2.0,0.1965,0.2,565.0217153255892,554.8635606513718,0.0,1.1814874510706885,1172500.753270305
2015-06-11,6,2015,0,1,2015-16,0.7596147044602517,2.029870935043345,2.148204939156709,484.28709611086526,281215.0,2.0,0.1965,0.2,390.833584423435,506.20969588046637,0.0,1.1814874510706885,1452861.2883325957
2015-06-12,6,2015,0,1,2015-16,0.7016566351370807,0.02554348686733432,16.856852156807427,524.6760124671464,281215.0,2.0,0.1965,0.2,484.28709611086526,518.2914858904305,0.0,1.1814874510706885,1574028.0374014392
2015-06-13,6,2015,1,1,2015-16,0.9446384285364502,1.1481525326996511,0.0,781.9726433210343,281215.0,2.0,0.1965,0.2,524.6760124671464,505.62691884708016,0.0,1.1814874510706885,2345917.929963103
2015-06-14,6,2015,1,1,2015-16,0.9120572031542851,2.467707673502969,0.0,605.4694695480717,281215.0,2.0,0.1965,0.2,781.9726433210343,552.3806682609876,0.0,1.1814874510706885,1816408.4086442152
2015-06-15,6,2015,0,1,2015-16,0.9187021504122962,3.924744712109694,1.9824457740947092,495.62838011508046,281215.0,2.0,0.1965,0.2,605.4694695480717,560.9508028954248,0.0,1.1814874510706885,1486885.1403452414
2015-06-16,6,2015,0,1,2015-16,0.9313811040057838,2.5272541080666735,0.0,593.5184550422842,281215.0,2.0,0.1965,0.2,495.62838011508046,549.6984144730318,0.0,1.1814874510706885,1780555.3651268526
2015-06-17,6,2015,0,1,2015-16,0.7222133955202271,1.0392143242566392,7.851015090018789,624.5925527137027,281215.0,2.0,0.1965,0.2,593.5184550422842,553.7693772897024,0.0,1.1814874510706885,1873777.6581411082
2015-06-18,6,2015,0,1,2015-16,0.8075397185632818,2.5360228123984454,0.0,475.6674850332687,281215.0,2.0,0.1965,0.2,624.5925527137027,587.1635156168835,0.0,1.1814874510706885,1427002.455099806
2015-06-19,6,2015,0,1,2015-16,0.7347607178575388,2.159941518863422,0.0,469.7666874711439,281215.0,2.0,0.1965,0.2,475.6674850332687,585.9321426057984,0.0,1.1814874510706885,1409300.0624134317
2015-06-20,6,2015,1,1,2015-16,0.958931027762678,3.1193815806045744,0.0,555.13846369191,281215.0,2.0,0.1965,0.2,469.7666874711439,578.0879533206551,0.0,1.1814874510706885,1665415.39107573
2015-06-21,6,2015,1,1,2015-16,0.8869894380482674,0.42792255530783363,8.001816658239948,735.1661169294932,281215.0,2.0,0.1965,0.2,555.13846369191,545.6830705164946,0.0,1.1814874510706885,2205498.3507884797
2015-06-22,6,2015,0,1,2015-16,0.7992694074557947,3.044111610008112,0.0,433.23279400753904,281215.0,2.0,0.1965,0.2,735.1661169294932,564.2111629995546,0.0,1.1814874510706885,1299698.3820226172
2015-06-23,6,2015,0,1,2015-16,0.7190675050858071,2.165066314704441,0.0,504.7952870609139,281215.0,2.0,0.1965,0.2,433.23279400753904,555.2975078413345,0.0,1.1814874510706885,1514385.8611827416
2015-06-24,6,2015,0,1,2015-16,0.7932946965146986,3.8519680154359786,4.546045117075097,414.4622942164626,281215.0,2.0,0.1965,0.2,504.7952870609139,542.6227695582817,0.0,1.1814874510706885,1243386.882649388
2015-06-25,6,2015,0,1,2015-16,0.7975549966080241,1.3674886641547443,0.0,569.2786728753333,281215.0,2.0,0.1965,0.2,414.4622942164626,512.6041612015331,0.0,1.1814874510706885,1707836.018626
2015-06-26,6,2015,0,1,2015-16,0.9188818535014192,2.5304875725357925,9.674641199023238,570.5461782399498,281215.0,2.0,0.1965,0.2,569.2786728753333,525.9771880361137,0.0,1.1814874510706885,1711638.5347198492
2015-06-27,6,2015,1,1,2015-16,0.8912672414065639,3.72811242204007,0.0,437.6255664001026,281215.0,2.0,0.1965,0.2,570.5461782399498,540.3742581459431,0.0,1.1814874510706885,1312876.699200308
2015-06-28,6,2015,1,1,2015-16,0.9661638227728979,0.410038911962717,9.870216597678356,701.3774959023896,281215.0,2.0,0.1965,0.2,437.6255664001026,523.5867013899707,0.0,1.1814874510706885,2104132.487707169
2015-06-29,6,2015,0,1,2015-16,0.8416644775485848,3.7489139489458045,0.0,469.9144067981951,281215.0,2.0,0.1965,0.2,701.3774959023896,518.7597555289558,0.0,1.1814874510706885,1409743.2203945853
2015-06-30,6,2015,0,1,2015-16,0.7358782737814905,2.7515428892032534,9.125224132714484,328.4427120418174,281215.0,2.0,0.1965,0.2,469.9144067981951,523.999985927621,0.0,1.1814874510706885,985328.1361254522
2015-07-01,7,2015,0,1,2015-16,0.9139734361668985,0.2713482364206876,4.4765151165932275,641.358105774987,281215.0,2.0,0.1965,0.2,328.4427120418174,498.8067609248929,0.0,1.1814874510706885,1924074.317324961
2015-07-02,7,2015,0,1,2015-16,0.9282355145850693,1.203854267787265,3.775173450816366,729.2883714657374,281215.0,2.0,0.1965,0.2,641.358105774987,531.2204482903963,0.0,1.1814874510706885,2187865.1143972124
2015-07-03,7,2015,0,1,2015-16,0.8683831592708489,2.8326883545811263,4.886361647379632,580.3860111878091,281215.0,2.0,0.1965,0.2,729.2883714657374,554.0789766604541,0.0,1.1814874510706885,1741158.0335634274
2015-07-04,7,2015,1,1,2015-16,0.9312901539863683,0.2694024058750868,3.3381406262361555,755.5643476344502,281215.0,2.0,0.1965,0.2,580.3860111878091,555.484667081577,0.0,1.1814874510706885,2266693.0429033507
2015-07-05,7,2015,1,1,2015-16,0.8481386789093173,2.328681840705093,14.645821146686906,456.2562616415275,281215.0,2.0,0.1965,0.2,755.5643476344502,600.9044929721979,0.0,1.1814874510706885,1368768.7849245826
2015-07-06,7,2015,0,1,2015-16,0.8568198488145982,1.383532227811827,5.238968029583206,678.3131935973947,281215.0,2.0,0.1965,0.2,456.2562616415275,565.8871737920748,0.0,1.1814874510706885,2034939.5807921842
2015-07-07,7,2015,0,1,2015-16,0.8282623055075649,2.4836620710699084,7.685800934411567,443.56274692103585,281215.0,2.0,0.1965,0.2,678.3131935973947,595.6584290491033,0.0,1.1814874510706885,1330688.2407631075
2015-07-08,7,2015,0,1,2015-16,0.7076257380232285,0.1829681352500514,12.193436650541553,470.2223922278708,281215.0,2.0,0.1965,0.2,443.56274692103585,612.1041483175632,0.0,1.1814874510706885,1410667.1766836124
2015-07-09,7,2015,0,1,2015-16,0.7323674280979913,3.486147224609505,0.0,460.2481430018658,281215.0,2.0,0.1965,0.2,470.2223922278708,587.6561892394037,0.0,1.1814874510706885,1380744.4290055975
2015-07-10,7,2015,0,1,2015-16,0.7094287557060203,3.8939558767095876,3.1935059241779635,365.1804055920511,281215.0,2.0,0.1965,0.2,460.2481430018658,549.221870887422,0.0,1.1814874510706885,1095541.2167761533
2015-07-11,7,2015,1,1,2015-16,0.8909231233791342,3.875511421142766,0.0,540.5647119932248,281215.0,2.0,0.1965,0.2,365.1804055920511,518.4782129451709,0.0,1.1814874510706885,1621694.1359796745
2015-07-12,7,2015,1,1,2015-16,0.794306794322898,2.998607326971699,0.0,372.4146924918308,281215.0,2.0,0.1965,0.2,540.5647119932248,487.7639792821387,0.0,1.1814874510706885,1117244.0774754924
2015-07-13,7,2015,0,1,2015-16,0.8525712073494108,0.5203449605225279,0.0,635.8564084316838,281215.0,2.0,0.1965,0.2,372.4146924918308,475.7866122607534,0.0,1.1814874510706885,1907569.2252950515
2015-07-14,7,2015,0,1,2015-16,0.9722699421778279,3.0330527837160903,1.897746259947148,588.1892121426706,281215.0,2.0,0.1965,0.2,635.8564084316838,469.72135723708044,0.0,1.1814874510706885,1764567.6364280118
2015-07-15,7,2015,0,1,2015-16,0.7747876687446624,0.09834766583520604,0.0,700.2747403272845,281215.0,2.0,0.1965,0.2,588.1892121426706,490.38228084017106,0.0,1.1814874510706885,2100824.2209818535
2015-07-16,7,2015,0,1,2015-16,0.8231148769106889,0.08849420611598902,3.348531875499402,748.4569646132061,281215.0,2.0,0.1965,0.2,700.2747403272845,523.2469019972302,0.0,1.1814874510706885,2245370.893839618
2015-07-17,7,2015,0,1,2015-16,0.9266653415629146,1.294440876598165,8.316921579256249,675.7060417307997,281215.0,2.0,0.1965,0.2,748.4569646132061,564.4195907988502,0.0,1.1814874510706885,2027118.1251923991
2015-07-18,7,2015,1,1,2015-16,0.7686394496474867,1.954572761618663,7.907701318883458,511.19207983438054,281215.0,2.0,0.1965,0.2,675.7060417307997,608.7803959615286,0.0,1.1814874510706885,1533576.2395031415
2015-07-19,7,2015,1,1,2015-16,0.7230939729486379,3.081629671231173,0.0,420.0150285340562,281215.0,2.0,0.1965,0.2,511.19207983438054,604.5843056531223,0.0,1.1814874510706885,1260045.0856021687
2015-07-20,7,2015,0,1,2015-16,0.7869254358741303,2.7331815064260208,9.112707434106738,542.3676058540105,281215.0,2.0,0.1965,0.2,420.0150285340562,611.3843536591545,0.0,1.1814874510706885,1627102.8175620316
2015-07-21,7,2015,0,1,2015-16,0.7483663861762013,1.7836108255069933,6.299500470376903,446.82499751523676,281215.0,2.0,0.1965,0.2,542.3676058540105,598.0288104337726,0.0,1.1814874510706885,1340474.9925457102
2015-07-22,7,2015,0,1,2015-16,0.9789092957027719,1.0945066651266635,0.0,789.3550516993432,281215.0,2.0,0.1965,0.2,446.82499751523676,577.8339226298534,0.0,1.1814874510706885,2368065.15509803
2015-07-23,7,2015,0,1,2015-16,0.9424361138693251,3.9884980006308446,0.0,445.39951955217515,281215.0,2.0,0.1965,0.2,789.3550516993432,590.5596813972904,0.0,1.1814874510706885,1336198.5586565256
2015-07-24,7,2015,0,1,2015-16,0.8900211269531271,1.7047252089438918,0.3468669281030762,679.3530351168273,281215.0,2.0,0.1965,0.2,445.39951955217515,547.2657606742861,0.0,1.1814874510706885,2038059.1053504818
2015-07-25,7,2015,1,1,2015-16,0.9614381770563153,1.805548097318702,6.14508321370354,603.9989175266765,281215.0,2.0,0.1965,0.2,679.3530351168273,547.7867597294328,0.0,1.1814874510706885,1811996.7525800294
2015-07-26,7,2015,1,1,2015-16,0.9411016230697343,0.6544952847666767,0.0,817.4848602184514,281215.0,2.0,0.1965,0.2,603.9989175266765,561.0448793997608,0.0,1.1814874510706885,2452454.5806553545
2015-07-27,7,2015,0,1,2015-16,0.7559710176658108,3.1792381949997175,13.318784830787873,387.6186016041618,281215.0,2.0,0.1965,0.2,817.4848602184514,617.826283926103,0.0,1.1814874510706885,1162855.8048124856
2015-07-28,7,2015,0,1,2015-16,0.9677676995469933,2.7747289031259545,15.681992914102544,626.9633893220564,281215.0,2.0,0.1965,0.2,387.6186016041618,595.7192833189818,0.0,1.1814874510706885,1880890.1679661693
2015-07-29,7,2015,0,1,2015-16,0.8618026725746952,0.8830784511550416,7.311218925653006,637.4928591237973,281215.0,2.0,0.1965,0.2,626.9633893220564,621.4533392913846,0.0,1.1814874510706885,1912478.577371392
2015-07-30,7,2015,0,1,2015-16,0.9422320465492188,0.3295241824633708,0.0,827.7966319520132,281215.0,2.0,0.1965,0.2,637.4928591237973,599.7587403520209,0.0,1.1814874510706885,2483389.8958560396
2015-07-31,7,2015,0,1,2015-16,0.968827389977048,2.7219972082988524,0.0,579.2297942844007,281215.0,2.0,0.1965,0.2,827.7966319520132,654.3868992662834,0.0,1.1814874510706885,1737689.382853202
2015-08-01,8,2015,1,1,2015-16,0.7954010424915592,2.618044857124541,0.0,502.3360338225639,281215.0,2.0,0.1965,0.2,579.2297942844007,640.0835791473653,0.0,1.1814874510706885,1507008.1014676916
2015-08-02,8,2015,1,1,2015-16,0.733015577358303,1.0930381079928373,0.0,582.1440490727817,281215.0,2.0,0.1965,0.2,502.3360338225639,625.5603100467779,0.0,1.1814874510706885,1746432.1472183452
2015-08-03,8,2015,0,1,2015-16,0.7683805487625824,3.8034542490016414,7.929456355980734,291.8482962462489,281215.0,2.0,0.1965,0.2,582.1440490727817,591.940194168825,0.0,1.1814874510706885,875544.8887387466
2015-08-04,8,2015,0,1,2015-16,0.8281323365878769,0.6042315671236009,10.635110720314048,549.4732846122289,281215.0,2.0,0.1965,0.2,291.8482962462489,578.2587219748375,0.0,1.1814874510706885,1648419.8538366866
2015-08-05,8,2015,0,1,2015-16,0.9454044297767479,1.7293392041704077,15.386931343556727,638.2078546897076,281215.0,2.0,0.1965,0.2,549.4732846122289,567.1887070162907,0.0,1.1814874510706885,1914623.5640691228
2015-08-06,8,2015,0,1,2015-16,0.958219174976903,3.7744636806703955,6.834062396695927,480.63975136724196,281215.0,2.0,0.1965,0.2,638.2078546897076,567.2908492399921,0.0,1.1814874510706885,1441919.2541017258
2015-08-07,8,2015,0,1,2015-16,0.7020856391593572,1.6789092677044892,10.53192486979539,424.5562466130977,281215.0,2.0,0.1965,0.2,480.63975136724196,517.6970091564534,0.0,1.1814874510706885,1273668.739839293
2015-08-08,8,2015,1,1,2015-16,0.8532241907732697,2.554103790656342,0.0,519.9713979766726,281215.0,2.0,0.1965,0.2,424.5562466130977,495.60078806055293,0.0,1.1814874510706885,1559914.1939300178
2015-08-09,8,2015,1,1,2015-16,0.8252233009446337,1.590377591851177,0.0,573.8971212002809,281215.0,2.0,0.1965,0.2,519.9713979766726,498.12012579685415,0.0,1.1814874510706885,1721691.363600843
2015-08-10,8,2015,0,1,2015-16,0.7666323431412191,1.0968608093946801,0.0,608.69104359604,281215.0,2.0,0.1965,0.2,573.8971212002809,496.9419932436398,0.0,1.1814874510706885,1826073.13078812
2015-08-11,8,2015,0,1,2015-16,0.7359596102001048,3.935910591839313,4.3125927073999595,394.6920774441458,281215.0,2.0,0.1965,0.2,608.69104359604,542.2052428650385,0.0,1.1814874510706885,1184076.2323324375
2015-08-12,8,2015,0,1,2015-16,0.8012845514210883,1.637336025260172,0.0,475.67117293190535,281215.0,2.0,0.1965,0.2,394.6920774441458,520.0936418410266,0.0,1.1814874510706885,1427013.518795716
2015-08-13,8,2015,0,1,2015-16,0.9828729111737557,3.5763968147165377,0.0,635.4807678918764,281215.0,2.0,0.1965,0.2,475.67117293190535,496.8741158756264,0.0,1.1814874510706885,1906442.3036756294
2015-08-14,8,2015,0,1,2015-16,0.7969608796062265,0.9198184235643447,2.1939064617158675,700.8679841456501,281215.0,2.0,0.1965,0.2,635.4807678918764,518.9942610934312,0.0,1.1814874510706885,2102603.9524369505
2015-08-15,8,2015,1,1,2015-16,0.8556371865230098,0.8524188161003332,0.0,561.8687407557126,281215.0,2.0,0.1965,0.2,700.8679841456501,558.4673664552245,0.0,1.1814874510706885,1685606.2222671376
2015-08-16,8,2015,1,1,2015-16,0.9109056876685533,0.12453633153804544,4.702640634169086,828.0933903656348,281215.0,2.0,0.1965,0.2,561.8687407557126,564.4527011379445,0.0,1.1814874510706885,2484280.1710969047
2015-08-17,8,2015,0,1,2015-16,0.8090888807137881,2.60666730150354,17.759617432110673,488.1096159596452,281215.0,2.0,0.1965,0.2,828.0933903656348,600.7664538758521,0.0,1.1814874510706885,1464328.8478789357
2015-08-18,8,2015,0,1,2015-16,0.9915346248162882,1.4741053748950446,10.680922336185278,687.0925638613076,281215.0,2.0,0.1965,0.2,488.1096159596452,583.5405356420815,0.0,1.1814874510706885,2061277.6915839226
2015-08-19,8,2015,0,1,2015-16,0.9887341884826334,3.457432999358548,2.403430543958629,485.88819585793556,281215.0,2.0,0.1965,0.2,687.0925638613076,625.312033701676,0.0,1.1814874510706885,1457664.5875738068
2015-08-20,8,2015,0,1,2015-16,0.7755346887476092,1.8928396267662286,11.028735458455104,550.1182607813261,281215.0,2.0,0.1965,0.2,485.88819585793556,626.7716084053945,0.0,1.1814874510706885,1650354.782343978
2015-08-21,8,2015,0,1,2015-16,0.8491745517677156,3.872773711658887,0.0,445.9094788375982,281215.0,2.0,0.1965,0.2,550.1182607813261,614.5769645324589,0.0,1.1814874510706885,1337728.4365127946
2015-08-22,8,2015,1,1,2015-16,0.7902634929450308,0.7421020628124846,0.0,676.1578830467201,281215.0,2.0,0.1965,0.2,445.9094788375982,578.1543209170228,0.0,1.1814874510706885,2028473.6491401605
2015-08-23,8,2015,1,1,2015-16,0.7854521483132403,3.474492671822443,0.0,575.2410294431726,281215.0,2.0,0.1965,0.2,676.1578830467201,594.4813412443098,0.0,1.1814874510706885,1725723.0883295177
2015-08-24,8,2015,0,1,2015-16,0.7110660842063597,3.106387411166967,0.0,446.6079194475982,281215.0,2.0,0.1965,0.2,575.2410294431726,558.3595753982437,0.0,1.1814874510706885,1339823.7583427946
2015-08-25,8,2015,0,1,2015-16,0.882869300193969,3.083687378576208,2.5844161296330688,473.9238105987269,281215.0,2.0,0.1965,0.2,446.6079194475982,552.4307616108083,0.0,1.1814874510706885,1421771.4317961808
2015-08-26,8,2015,0,1,2015-16,0.8508037069686585,3.3791329124675507,0.0,478.63155549086343,281215.0,2.0,0.1965,0.2,473.9238105987269,521.9780825732968,0.0,1.1814874510706885,1435894.6664725903
2015-08-27,8,2015,0,1,2015-16,0.7154436253749967,3.0440959637719955,9.02287854661666,345.6309621719073,281215.0,2.0,0.1965,0.2,478.63155549086343,520.9414196637151,0.0,1.1814874510706885,1036892.8865157219
2015-08-28,8,2015,0,1,2015-16,0.7835939392709834,2.5048812865256616,3.083489683553759,525.3306726056259,281215.0,2.0,0.1965,0.2,345.6309621719073,491.72894843379805,0.0,1.1814874510706885,1575992.0178168777
2015-08-29,8,2015,1,1,2015-16,0.9724797657899962,0.5249795107295503,2.2725002853406004,756.1238509301725,281215.0,2.0,0.1965,0.2,525.3306726056259,503.074833257802,0.0,1.1814874510706885,2268371.5527905175
2015-08-30,8,2015,1,1,2015-16,0.7718685672000917,0.13010471796500767,19.731315635125338,537.0598111416439,281215.0,2.0,0.1965,0.2,756.1238509301725,514.4985429554381,0.0,1.1814874510706885,1611179.4334249317
2015-08-31,8,2015,0,1,2015-16,0.7434684616273669,3.6833913912627474,5.235759948350237,314.44899166195876,281215.0,2.0,0.1965,0.2,537.0598111416439,509.0440831980768,0.0,1.1814874510706885,943346.9749858762
2015-09-01,9,2015,0,1,2015-16,0.8468358280832688,2.466601258082952,10.545918216915162,497.42344686822844,281215.0,2.0,0.1965,0.2,314.44899166195876,490.16423637155697,0.0,1.1814874510706885,1492270.3406046852
2015-09-02,9,2015,0,1,2015-16,0.9956951362331803,3.1861491639047053,7.050086920155176,569.6116944568054,281215.0,2.0,0.1965,0.2,497.42344686822844,493.52132726720004,0.0,1.1814874510706885,1708835.0833704162
2015-09-03,9,2015,0,1,2015-16,0.7726165814534501,1.9260894060502003,0.0,402.0137593964675,281215.0,2.0,0.1965,0.2,569.6116944568054,506.5184899766203,0.0,1.1814874510706885,1206041.2781894025
2015-09-04,9,2015,0,1,2015-16,0.9016406642217636,0.4692327558495779,2.782091464546695,757.4768595123958,281215.0,2.0,0.1965,0.2,402.0137593964675,514.5731752944146,0.0,1.1814874510706885,2272430.5785371875
2015-09-05,9,2015,1,1,2015-16,0.9284858845986153,0.5007431688102018,5.691629826861237,744.4775655657157,281215.0,2.0,0.1965,0.2,757.4768595123958,547.7369162810961,0.0,1.1814874510706885,2233432.696697147
2015-09-06,9,2015,1,1,2015-16,0.7712912631977199,2.7422611489158855,2.8049414172868703,436.2379969559406,281215.0,2.0,0.1965,0.2,744.4775655657157,546.0731612290308,0.0,1.1814874510706885,1308713.990867822
2015-09-07,9,2015,0,1,2015-16,0.9184649045835579,1.7212235795978508,0.0,783.4447760919096,281215.0,2.0,0.1965,0.2,436.2379969559406,531.6700449167874,0.0,1.1814874510706885,2350334.328275729
2015-09-08,9,2015,0,1,2015-16,0.810334939815776,0.8020989068013469,29.20145029193201,549.312450308733,281215.0,2.0,0.1965,0.2,783.4447760919096,598.6694426924947,0.0,1.1814874510706885,1647937.350926199
2015-09-09,9,2015,0,1,2015-16,0.8896917491780738,1.9663781869657475,11.88085132914543,504.44091241747407,281215.0,2.0,0.1965,0.2,549.312450308733,606.0821574697096,0.0,1.1814874510706885,1513322.7372524221
2015-09-10,9,2015,0,1,2015-16,0.8900589132282684,0.25683574830053635,6.950837007980422,773.3750237693716,281215.0,2.0,0.1965,0.2,504.44091241747407,596.7720457498052,0.0,1.1814874510706885,2320125.071308115
2015-09-11,9,2015,0,1,2015-16,0.8607324052224276,2.327885607657595,10.154568334200915,595.5612747549528,281215.0,2.0,0.1965,0.2,773.3750237693716,649.8236549459343,0.0,1.1814874510706885,1786683.8242648584
2015-09-12,9,2015,1,1,2015-16,0.7270869310163225,1.0759736177403907,11.358951235370307,517.1617901187175,281215.0,2.0,0.1965,0.2,595.5612747549528,626.6928571234424,0.0,1.1814874510706885,1551485.3703561525
2015-09-13,9,2015,1,1,2015-16,0.9505907486767714,3.1902364025487526,11.379791754160536,528.3990256157772,281215.0,2.0,0.1965,0.2,517.1617901187175,594.2191749167284,0.0,1.1814874510706885,1585197.0768473316
2015-09-14,9,2015,0,1,2015-16,0.7962340194915207,1.241447835694295,11.046080576801822,573.1506740513198,281215.0,2.0,0.1965,0.2,528.3990256157772,607.385036153848,0.0,1.1814874510706885,1719452.0221539594
2015-09-15,9,2015,0,1,2015-16,0.7559555531199562,1.8208805963272048,10.465735373437338,372.3860526407342,281215.0,2.0,0.1965,0.2,573.1506740513198,577.3430215766209,0.0,1.1814874510706885,1117158.1579222025
2015-09-16,9,2015,0,1,2015-16,0.7122325424664291,0.04648215963240254,7.384537385736694,574.5294654371063,281215.0,2.0,0.1965,0.2,372.3860526407342,552.0678219097639,0.0,1.1814874510706885,1723588.396311319
2015-09-17,9,2015,0,1,2015-16,0.8772678829564725,0.2897875511782355,0.0,738.6762306576443,281215.0,2.0,0.1965,0.2,574.5294654371063,562.08047234114,0.0,1.1814874510706885,2216028.691972933
2015-09-18,9,2015,0,1,2015-16,0.9032693085526847,1.5699742256267393,18.743204190473328,647.5334181899151,281215.0,2.0,0.1965,0.2,738.6762306576443,557.1235018966074,0.0,1.1814874510706885,1942600.2545697454
2015-09-19,9,2015,1,1,2015-16,0.7049763486783568,1.919755338868494,7.74071108460327,478.43073987160255,281215.0,2.0,0.1965,0.2,647.5334181899151,564.5480938158878,0.0,1.1814874510706885,1435292.2196148077
2015-09-20,9,2015,1,1,2015-16,0.8536279174897843,2.400082192477215,7.10409296158383,516.8404296239048,281215.0,2.0,0.1965,0.2,478.43073987160255,559.0150866377285,0.0,1.1814874510706885,1550521.2888717144
2015-09-21,9,2015,0,1,2015-16,0.7679487325593813,1.166650314837213,0.0,593.7770299682157,281215.0,2.0,0.1965,0.2,516.8404296239048,557.3638586388896,0.0,1.1814874510706885,1781331.0899046473
2015-09-22,9,2015,0,1,2015-16,0.8935518371228349,2.77992754450617,7.790166616591171,582.9817008779204,281215.0,2.0,0.1965,0.2,593.7770299682157,560.3104809127319,0.0,1.1814874510706885,1748945.1026337612
2015-09-23,9,2015,0,1,2015-16,0.7523099287014974,3.4404895887568183,8.2051585146271,379.94814680901493,281215.0,2.0,0.1965,0.2,582.9817008779204,590.3955735180442,0.0,1.1814874510706885,1139844.4404270449
2015-09-24,9,2015,0,1,2015-16,0.9072813214307398,3.1194039555733992,0.0,512.3752688724124,281215.0,2.0,0.1965,0.2,379.94814680901493,562.5982422854597,0.0,1.1814874510706885,1537125.8066172374
2015-09-25,9,2015,0,1,2015-16,0.8160206038901612,0.15847530139342858,1.3792244586604352,685.9696824043012,281215.0,2.0,0.1965,0.2,512.3752688724124,530.269533458998,0.0,1.1814874510706885,2057909.0472129036
2015-09-26,9,2015,1,1,2015-16,0.9810189966210203,1.9220277890313158,3.318230399275219,733.1859907590787,281215.0,2.0,0.1965,0.2,685.9696824043012,535.7604283467674,0.0,1.1814874510706885,2199557.972277236
2015-09-27,9,2015,1,1,2015-16,0.7412562832437979,0.4197207136726995,6.299335000637927,619.4199709637006,281215.0,2.0,0.1965,0.2,733.1859907590787,572.1540356164069,0.0,1.1814874510706885,1858259.9128911018
2015-09-28,9,2015,0,1,2015-16,0.8023199053150776,0.9681800634501099,0.0,642.069880128987,281215.0,2.0,0.1965,0.2,619.4199709637006,586.8082558078062,0.0,1.1814874510706885,1926209.6403869612
2015-09-29,9,2015,0,1,2015-16,0.7340420563721767,3.946650373068586,1.3036439587703967,395.59327928271057,281215.0,2.0,0.1965,0.2,642.069880128987,593.7072344022023,0.0,1.1814874510706885,1186779.8378481318
2015-09-30,9,2015,0,1,2015-16,0.9774080854835688,0.5699821716060529,0.0,782.57487823003,281215.0,2.0,0.1965,0.2,395.59327928271057,566.9374598886009,0.0,1.1814874510706885,2347724.63469009
2015-10-01,10,2015,0,0,2015-16,0.9632018060142943,1.9955526138054243,0.0,842.7327496321896,281215.0,2.0,0.1965,0.2,782.57487823003,624.4555643773173,0.0,1.1814874510706885,2528198.2488965685
2015-10-02,10,2015,0,0,2015-16,0.7773824883145466,2.4726229372724764,0.0,611.0509197781863,281215.0,2.0,0.1965,0.2,842.7327496321896,671.6494902001425,0.0,1.1814874510706885,1833152.7593345589
2015-10-03,10,2015,1,0,2015-16,0.8979952138102537,2.809859882176416,0.0,698.4271021419661,281215.0,2.0,0.1965,0.2,611.0509197781863,660.9468098249832,0.0,1.1814874510706885,2095281.3064258983
2015-10-04,10,2015,1,0,2015-16,0.9451666600603648,2.2385947339476564,0.0,886.5675967159681,281215.0,2.0,0.1965,0.2,698.4271021419661,655.9812543082529,0.0,1.1814874510706885,2659702.7901479043
2015-10-05,10,2015,0,0,2015-16,0.8665602434798387,0.03908338967673464,0.0,895.8537783779906,281215.0,2.0,0.1965,0.2,886.5675967159681,694.1452008442911,0.0,1.1814874510706885,2687561.3351339716
2015-10-06,10,2015,0,0,2015-16,0.8588951735068019,1.3058452329759676,0.0,788.5003380217389,281215.0,2.0,0.1965,0.2,895.8537783779906,730.4000434512916,0.0,1.1814874510706885,2365501.0140652168
2015-10-07,10,2015,0,0,2015-16,0.7725556872701355,2.0708465735388457,0.0,608.678026260517,281215.0,2.0,0.1965,0.2,788.5003380217389,786.5296232711528,0.0,1.1814874510706885,1826034.078781551
2015-10-08,10,2015,0,0,2015-16,0.7279308303417698,0.3514659965793334,0.0,696.0680488252907,281215.0,2.0,0.1965,0.2,608.678026260517,761.6872158469367,0.0,1.1814874510706885,2088204.146475872
2015-10-09,10,2015,0,0,2015-16,0.969164727385998,1.402507724836723,0.0,912.0379834098524,281215.0,2.0,0.1965,0.2,696.0680488252907,740.7351157316654,0.0,1.1814874510706885,2736113.950229557
2015-10-10,10,2015,1,0,2015-16,0.9701254171489991,0.13281243516546626,0.0,1025.4593020278276,281215.0,2.0,0.1965,0.2,912.0379834098524,783.7332676790462,0.0,1.1814874510706885,3076377.906083483
2015-10-11,10,2015,1,0,2015-16,0.8899304371819804,0.314313988620083,0.0,1051.6754272425912,281215.0,2.0,0.1965,0.2,1025.4593020278276,830.4521533770265,0.0,1.1814874510706885,3155026.2817277736
2015-10-12,10,2015,0,0,2015-16,0.8017089373146101,1.5876931048063843,0.0,730.9142700722667,281215.0,2.0,0.1965,0.2,1051.6754272425912,854.0389863094013,0.0,1.1814874510706885,2192742.8102168003
2015-10-13,10,2015,0,0,2015-16,0.8047628723837983,0.5308630161722414,0.0,914.9280787841774,281215.0,2.0,0.1965,0.2,730.9142700722667,830.4761994085836,0.0,1.1814874510706885,2744784.236352532
2015-10-14,10,2015,0,0,2015-16,0.9177867036610718,2.2701633930462326,0.0,838.9049375907066,281215.0,2.0,0.1965,0.2,914.9280787841774,848.537305231789,0.0,1.1814874510706885,2516714.81277212
2015-10-15,10,2015,0,0,2015-16,0.9691330779857732,2.757859876549063,0.0,765.3768979526882,281215.0,2.0,0.1965,0.2,838.9049375907066,881.4268639932445,0.0,1.1814874510706885,2296130.6938580647
2015-10-16,10,2015,0,0,2015-16,0.9661259272795352,3.2023467964363315,0.0,843.788065473563,281215.0,2.0,0.1965,0.2,765.3768979526882,891.3281281543015,0.0,1.1814874510706885,2531364.196420689
2015-10-17,10,2015,1,0,2015-16,0.9339626637572871,0.8006009769792404,0.0,965.965662692385,281215.0,2.0,0.1965,0.2,843.788065473563,881.5781398776887,0.0,1.1814874510706885,2897896.988077155
2015-10-18,10,2015,1,0,2015-16,0.8926094938462863,0.669930329036279,0.0,1005.6453675600776,281215.0,2.0,0.1965,0.2,965.965662692385,873.079048544054,0.0,1.1814874510706885,3016936.102680233
2015-10-19,10,2015,0,0,2015-16,0.7252419894985146,0.418271361337601,0.0,846.5459414716229,281215.0,2.0,0.1965,0.2,1005.6453675600776,866.5033257322664,0.0,1.1814874510706885,2539637.824414869
2015-10-20,10,2015,0,0,2015-16,0.7484886142283841,2.545720998174547,0.0,640.5815110877768,281215.0,2.0,0.1965,0.2,846.5459414716229,883.0221359321743,0.0,1.1814874510706885,1921744.5332633303
2015-10-21,10,2015,0,0,2015-16,0.9695662565581238,2.8259029059476046,0.0,811.5607790817566,281215.0,2.0,0.1965,0.2,640.5815110877768,843.8297691184029,0.0,1.1814874510706885,2434682.3372452697
2015-10-22,10,2015,0,0,2015-16,0.881928717897877,0.12634457930256815,0.0,998.4813005112426,281215.0,2.0,0.1965,0.2,811.5607790817566,839.9234607599816,0.0,1.1814874510706885,2995443.9015337275
2015-10-23,10,2015,0,0,2015-16,0.7027591154849888,3.7448489849747593,0.0,423.2783379760659,281215.0,2.0,0.1965,0.2,998.4813005112426,873.2240896969178,0.0,1.1814874510706885,1269835.0139281978
2015-10-24,10,2015,1,0,2015-16,0.7304414628598096,0.20788513460588964,0.0,794.9432900430028,281215.0,2.0,0.1965,0.2,423.2783379760659,813.1512714829896,0.0,1.1814874510706885,2384829.8701290083
2015-10-25,10,2015,1,0,2015-16,0.8990505307324167,2.165185341204282,0.0,839.2008763984531,281215.0,2.0,0.1965,0.2,794.9432900430028,788.7195039616493,0.0,1.1814874510706885,2517602.6291953595
2015-10-26,10,2015,0,0,2015-16,0.7015184751538656,2.8362420778036657,0.0,640.7846124891353,281215.0,2.0,0.1965,0.2,839.2008763984531,764.9417195099886,0.0,1.1814874510706885,1922353.8374674057
2015-10-27,10,2015,0,0,2015-16,0.7482424154252496,3.4838764949843424,0.0,499.83533661817523,281215.0,2.0,0.1965,0.2,640.7846124891353,735.547243941062,0.0,1.1814874510706885,1499506.0098545258
2015-10-28,10,2015,0,0,2015-16,0.8646201368099758,2.856347728529711,0.0,712.9992839578154,281215.0,2.0,0.1965,0.2,499.83533661817523,715.4406475882616,0.0,1.1814874510706885,2138997.8518734463
2015-10-29,10,2015,0,0,2015-16,0.907568559307808,3.2069123322791673,0.0,690.8228514230075,281215.0,2.0,0.1965,0.2,712.9992839578154,701.3604339991273,0.0,1.1814874510706885,2072468.5542690225
2015-10-30,10,2015,0,0,2015-16,0.8955883778507802,1.3578007701712242,0.0,850.2593794801039,281215.0,2.0,0.1965,0.2,690.8228514230075,657.4092269865222,0.0,1.1814874510706885,2550778.138440312
2015-10-31,10,2015,1,0,2015-16,0.7672807928381679,3.259300454986049,0.0,592.2336092343049,281215.0,2.0,0.1965,0.2,850.2593794801039,718.4065186299562,0.0,1.1814874510706885,1776700.8277029148
2015-11-01,11,2015,1,0,2015-16,0.9136537664042608,0.32045938553870057,0.0,991.0481160641966,281215.0,2.0,0.1965,0.2,592.2336092343049,689.4479928001422,0.0,1.1814874510706885,2973144.34819259
2015-11-02,11,2015,0,0,2015-16,0.77117472624904,3.5792666242421105,0.0,578.0865027377714,281215.0,2.0,0.1965,0.2,991.0481160641966,711.1404556095341,0.0,1.1814874510706885,1734259.5082133142
2015-11-03,11,2015,0,0,2015-16,0.7976199094477803,2.190369504614945,0.0,769.3459265552644,281215.0,2.0,0.1965,0.2,578.0865027377714,702.1835827879106,0.0,1.1814874510706885,2308037.7796657933
2015-11-04,11,2015,0,0,2015-16,0.9239474215354072,3.269191079849975,0.0,731.8196654805288,281215.0,2.0,0.1965,0.2,769.3459265552644,740.6850956360662,0.0,1.1814874510706885,2195458.9964415864
2015-11-05,11,2015,0,0,2015-16,0.8948898697141644,1.8092731380732006,0.0,828.582340299963,281215.0,2.0,0.1965,0.2,731.8196654805288,743.3737215678824,0.0,1.1814874510706885,2485747.020899889
2015-11-06,11,2015,0,0,2015-16,0.9547670231482533,2.5743107807861,0.0,888.0293696709582,281215.0,2.0,0.1965,0.2,828.582340299963,763.0536485503047,0.0,1.1814874510706885,2664088.109012875
2015-11-07,11,2015,1,0,2015-16,0.8972838676901029,2.105610643744453,0.0,845.5610230706855,281215.0,2.0,0.1965,0.2,888.0293696709582,768.4493614347124,0.0,1.1814874510706885,2536683.069212056
2015-11-08,11,2015,1,0,2015-16,0.8704925810006414,2.9263580870213275,0.0,676.5124891490503,281215.0,2.0,0.1965,0.2,845.5610230706855,804.6389919827669,0.0,1.1814874510706885,2029537.467447151
2015-11-09,11,2015,0,0,2015-16,0.7281024303484277,0.3265199281223583,0.0,712.3088509604047,281215.0,2.0,0.1965,0.2,676.5124891490503,759.7053309948889,0.0,1.1814874510706885,2136926.5528812143
2015-11-10,11,2015,0,0,2015-16,0.8103147409178301,0.2414083359622552,0.0,820.6698063115639,281215.0,2.0,0.1965,0.2,712.3088509604047,778.8799521695507,0.0,1.1814874510706885,2462009.4189346917
2015-11-11,11,2015,0,0,2015-16,0.7795607103045176,0.9884129360405858,0.0,829.3130901386885,281215.0,2.0,0.1965,0.2,820.6698063115639,786.2119349918792,0.0,1.1814874510706885,2487939.2704160656
2015-11-12,11,2015,0,0,2015-16,0.7731968930137251,0.6381787204527534,0.0,766.4013399848582,281215.0,2.0,0.1965,0.2,829.3130901386885,800.139567085902,0.0,1.1814874510706885,2299204.0199545743
2015-11-13,11,2015,0,0,2015-16,0.9919031664257336,3.4871342663688067,0.0,659.3267693732979,281215.0,2.0,0.1965,0.2,766.4013399848582,791.256567040887,0.0,1.1814874510706885,1977980.3081198938
2015-11-14,11,2015,1,0,2015-16,0.817929317400028,0.8768559494321773,0.0,784.076371535616,281215.0,2.0,0.1965,0.2,659.3267693732979,758.5847669983642,0.0,1.1814874510706885,2352229.114606848
2015-11-15,11,2015,1,0,2015-16,0.967613966553134,3.903461023276525,0.0,614.9701872689236,281215.0,2.0,0.1965,0.2,784.076371535616,749.801245350497,0.0,1.1814874510706885,1844910.5618067707
2015-11-16,11,2015,0,0,2015-16,0.8893415877991788,1.3475831670844274,0.0,898.8956990227874,281215.0,2.0,0.1965,0.2,614.9701872689236,741.0094879390502,0.0,1.1814874510706885,2696687.0970683624
2015-11-17,11,2015,0,0,2015-16,0.9384433910624945,0.7284716627547971,0.0,954.4831331832465,281215.0,2.0,0.1965,0.2,898.8956990227874,767.6647519479623,0.0,1.1814874510706885,2863449.3995497394
2015-11-18,11,2015,0,0,2015-16,0.8507911279315576,3.1587940285699165,0.0,568.3494218474893,281215.0,2.0,0.1965,0.2,954.4831331832465,786.7809415010597,0.0,1.1814874510706885,1705048.265542468
2015-11-19,11,2015,0,0,2015-16,0.8730711653879077,2.6348311020035045,0.0,713.5392434947843,281215.0,2.0,0.1965,0.2,568.3494218474893,749.5004174594598,0.0,1.1814874510706885,2140617.730484353
2015-11-20,11,2015,0,0,2015-16,0.8477553081456591,1.992782865812556,0.0,763.7356307856057,281215.0,2.0,0.1965,0.2,713.5392434947843,741.9486893894492,0.0,1.1814874510706885,2291206.892356817
2015-11-21,11,2015,1,0,2015-16,0.7585728963394133,2.221454203750525,0.0,626.6511670356873,281215.0,2.0,0.1965,0.2,763.7356307856057,756.864241019779,0.0,1.1814874510706885,1879953.501107062
2015-11-22,11,2015,1,0,2015-16,0.9167356345784516,2.8768071130890553,0.0,786.8419277539261,281215.0,2.0,0.1965,0.2,626.6511670356873,734.3749260912178,0.0,1.1814874510706885,2360525.7832617783
2015-11-23,11,2015,0,0,2015-16,0.7842317087322567,0.9138189653251949,0.0,765.4966024515904,281215.0,2.0,0.1965,0.2,786.8419277539261,758.9280318747896,0.0,1.1814874510706885,2296489.8073547715
2015-11-24,11,2015,0,0,2015-16,0.7072947899294361,3.9853356642269677,0.0,532.2685791350061,281215.0,2.0,0.1965,0.2,765.4966024515904,739.8710180789042,0.0,1.1814874510706885,1596805.7374050184
2015-11-25,11,2015,0,0,2015-16,0.8936416887721503,3.8991726485871325,0.0,636.5496916726064,281215.0,2.0,0.1965,0.2,532.2685791350061,679.5546532148699,0.0,1.1814874510706885,1909649.0750178192
2015-11-26,11,2015,0,0,2015-16,0.7531332038221147,2.6013027453877475,0.0,668.1164857317157,281215.0,2.0,0.1965,0.2,636.5496916726064,689.2975489041725,0.0,1.1814874510706885,2004349.457195147
2015-11-27,11,2015,0,0,2015-16,0.9821375753058743,0.7981698037165805,0.0,939.6224518802567,281215.0,2.0,0.1965,0.2,668.1164857317157,682.8085835094482,0.0,1.1814874510706885,2818867.35564077
2015-11-28,11,2015,1,0,2015-16,0.9861785731007762,2.7209129697251653,0.0,800.0821930699408,281215.0,2.0,0.1965,0.2,939.6224518802567,707.9352722372556,0.0,1.1814874510706885,2400246.579209822
2015-11-29,11,2015,1,0,2015-16,0.9744593170661345,0.2887936359167034,0.0,1044.6273373577353,281215.0,2.0,0.1965,0.2,800.0821930699408,732.7111330992917,0.0,1.1814874510706885,3133882.012073206
2015-11-30,11,2015,0,0,2015-16,0.8110476100766333,0.12261000882322426,0.0,808.0962078362672,281215.0,2.0,0.1965,0.2,1044.6273373577353,769.53762018555,0.0,1.1814874510706885,2424288.6235088017
2015-12-01,12,2015,0,0,2015-16,0.7046369849586602,1.0307315540448547,0.0,760.7816357000278,281215.0,2.0,0.1965,0.2,808.0962078362672,775.6232780976469,0.0,1.1814874510706885,2282344.9071000833
2015-12-02,12,2015,0,0,2015-16,0.9784955687763176,1.8504918269572652,0.0,837.4894123800175,281215.0,2.0,0.1965,0.2,760.7816357000278,808.2680004640786,0.0,1.1814874510706885,2512468.2371400525
2015-12-03,12,2015,0,0,2015-16,0.8284552444951943,3.473090021633522,0.0,564.8313223868056,281215.0,2.0,0.1965,0.2,837.4894123800175,836.9736748508516,0.0,1.1814874510706885,1694493.9671604168
2015-12-04,12,2015,0,0,2015-16,0.9899964457131009,2.908676279065232,0.0,721.054321011808,281215.0,2.0,0.1965,0.2,564.8313223868056,822.2186515158645,0.0,1.1814874510706885,2163162.9630354242
2015-12-05,12,2015,1,0,2015-16,0.9890859931267759,2.970826084799924,0.0,808.4305526162309,281215.0,2.0,0.1965,0.2,721.054321011808,790.9946328203716,0.0,1.1814874510706885,2425291.6578486925
2015-12-06,12,2015,1,0,2015-16,0.955902836640208,1.7019733377923014,0.0,793.6072226952452,281215.0,2.0,0.1965,0.2,808.4305526162309,792.187255612699,0.0,1.1814874510706885,2380821.6680857358
2015-12-07,12,2015,0,0,2015-16,0.7883346676208757,1.3837399701878517,0.0,786.1120531356211,281215.0,2.0,0.1965,0.2,793.6072226952452,756.3272392323432,0.0,1.1814874510706885,2358336.159406863
2015-12-08,12,2015,0,0,2015-16,0.8155293185805775,1.4841550519384108,0.0,826.5990919124556,281215.0,2.0,0.1965,0.2,786.1120531356211,753.1866457036795,0.0,1.1814874510706885,2479797.2757373666
2015-12-09,12,2015,0,0,2015-16,0.9553410014550571,3.9505982549442313,0.0,669.4806586793968,281215.0,2.0,0.1965,0.2,826.5990919124556,762.589139448312,0.0,1.1814874510706885,2008441.9760381905
2015-12-10,12,2015,0,0,2015-16,0.7950766015468833,0.16043676564992992,0.0,905.4537357020525,281215.0,2.0,0.1965,0.2,669.4806586793968,738.5878889196518,0.0,1.1814874510706885,2716361.2071061577
2015-12-11,12,2015,0,0,2015-16,0.7508478240058277,3.4681259844897943,0.0,584.9503701938863,281215.0,2.0,0.1965,0.2,905.4537357020525,787.2482336789728,0.0,1.1814874510706885,1754851.110581659
2015-12-12,12,2015,1,0,2015-16,0.8670403787375051,2.3147016342895737,0.0,685.0802942862555,281215.0,2.0,0.1965,0.2,584.9503701938863,767.8048121335556,0.0,1.1814874510706885,2055240.8828587665
2015-12-13,12,2015,1,0,2015-16,0.9808464322482343,1.7544616767583618,0.0,974.6899799909567,281215.0,2.0,0.1965,0.2,685.0802942862555,750.1833466578447,0.0,1.1814874510706885,2924069.93997287
2015-12-14,12,2015,0,0,2015-16,0.9088089390024918,2.901030641660546,0.0,688.7130415284837,281215.0,2.0,0.1965,0.2,974.6899799909567,776.0523119858035,0.0,1.1814874510706885,2066139.124585451
2015-12-15,12,2015,0,0,2015-16,0.8710183510268095,1.9466757656988114,0.0,772.8245157922556,281215.0,2.0,0.1965,0.2,688.7130415284837,762.1381674704982,0.0,1.1814874510706885,2318473.547376767
2015-12-16,12,2015,0,0,2015-16,0.7291529481312305,3.4936929523266422,0.0,506.7488645003583,281215.0,2.0,0.1965,0.2,772.8245157922556,754.4560851676124,0.0,1.1814874510706885,1520246.593501075
2015-12-17,12,2015,0,0,2015-16,0.8845021680097509,3.602807456045034,0.0,653.5701958919319,281215.0,2.0,0.1965,0.2,506.7488645003583,731.2086859991784,0.0,1.1814874510706885,1960710.5876757957
2015-12-18,12,2015,0,0,2015-16,0.997016155031279,1.6868837074938217,0.0,887.7168593137447,281215.0,2.0,0.1965,0.2,653.5701958919319,695.2253231691611,0.0,1.1814874510706885,2663150.577941234
2015-12-19,12,2015,1,0,2015-16,0.7420252045709572,1.1073111889402063,0.0,734.1531447720893,281215.0,2.0,0.1965,0.2,887.7168593137447,738.4776787577123,0.0,1.1814874510706885,2202459.4343162677
2015-12-20,12,2015,1,0,2015-16,0.855498895709121,2.369401314373449,0.0,654.2559795585411,281215.0,2.0,0.1965,0.2,734.1531447720893,745.4880859699742,0.0,1.1814874510706885,1962767.9386756232
2015-12-21,12,2015,0,0,2015-16,0.9632119215783866,3.649453382466764,0.0,741.5917743884235,281215.0,2.0,0.1965,0.2,654.2559795585411,699.711800193915,0.0,1.1814874510706885,2224775.3231652705
2015-12-22,12,2015,0,0,2015-16,0.9222305853262613,0.8426487560226663,0.0,971.9873560096729,281215.0,2.0,0.1965,0.2,741.5917743884235,707.2659048881922,0.0,1.1814874510706885,2915962.0680290186
2015-12-23,12,2015,0,0,2015-16,0.9091047222985804,2.491866334253931,0.0,739.4104855167143,281215.0,2.0,0.1965,0.2,971.9873560096729,735.717739204966,0.0,1.1814874510706885,2218231.4565501427
2015-12-24,12,2015,0,0,2015-16,0.9107452251961328,2.526240880370082,0.0,727.5177970461414,281215.0,2.0,0.1965,0.2,739.4104855167143,768.955113635874,0.0,1.1814874510706885,2182553.391138424
2015-12-25,12,2015,0,0,2015-16,0.8078473453659265,2.932452089661124,0.0,667.7076371595222,281215.0,2.0,0.1965,0.2,727.5177970461414,779.5190566579039,0.0,1.1814874510706885,2003122.9114785665
2015-12-26,12,2015,1,0,2015-16,0.788077553279348,0.5262707405090392,0.0,787.3245021468475,281215.0,2.0,0.1965,0.2,667.7076371595222,748.0891677787292,0.0,1.1814874510706885,2361973.5064405426
2015-12-27,12,2015,1,0,2015-16,0.9428083466435541,2.8632998587283542,0.0,751.7724496223126,281215.0,2.0,0.1965,0.2,787.3245021468475,755.6850759751233,0.0,1.1814874510706885,2255317.3488669377
2015-12-28,12,2015,0,0,2015-16,0.9430340184037542,3.636130082662564,0.0,728.6169469050442,281215.0,2.0,0.1965,0.2,751.7724496223126,769.6160002699478,0.0,1.1814874510706885,2185850.8407151327
2015-12-29,12,2015,0,0,2015-16,0.960121695574031,0.7187324354809679,0.0,941.540843796176,281215.0,2.0,0.1965,0.2,728.6169469050442,767.7624534866079,0.0,1.1814874510706885,2824622.5313885277
2015-12-30,12,2015,0,0,2015-16,0.9739721657669413,0.9501732996955106,0.0,996.1216419168684,281215.0,2.0,0.1965,0.2,941.540843796176,763.4129517418226,0.0,1.1814874510706885,2988364.9257506053
2015-12-31,12,2015,0,0,2015-16,0.8534027196582813,3.8855803761665584,0.0,595.1022684437778,281215.0,2.0,0.1965,0.2,996.1216419168684,800.0859740847017,0.0,1.1814874510706885,1785306.8053313333
2016-01-01,1,2016,0,0,2015-16,0.8504548884061598,0.7239078108379591,0.0,867.8949966253645,281215.0,2.0,0.1965,0.2,595.1022684437778,781.1694699986499,0.0,1.1814874510706885,2603684.9898760933
2016-01-02,1,2016,1,0,2015-16,0.9394885536900326,3.4175403734783165,0.0,656.686218265043,281215.0,2.0,0.1965,0.2,867.8949966253645,809.7676642080559,0.0,1.1814874510706885,1970058.6547951289
2016-01-03,1,2016,1,0,2015-16,0.8949891792333295,1.9691114257921392,0.0,862.8834221173917,281215.0,2.0,0.1965,0.2,656.686218265043,791.1050522249409,0.0,1.1814874510706885,2588650.266352175
2016-01-04,1,2016,0,0,2015-16,0.910590063177311,0.9889242976127082,0.0,875.2433432888859,281215.0,2.0,0.1965,0.2,862.8834221173917,806.9780482956666,0.0,1.1814874510706885,2625730.0298666577
2016-01-05,1,2016,0,0,2015-16,0.9387378008308302,3.4829996050900456,0.0,576.9268430371998,281215.0,2.0,0.1965,0.2,875.2433432888859,827.9246763505009,0.0,1.1814874510706885,1730780.5291115993
2016-01-06,1,2016,0,0,2015-16,0.9670016025452699,1.781221020010662,0.0,915.230386389466,281215.0,2.0,0.1965,0.2,576.9268430371998,775.8369619563615,0.0,1.1814874510706885,2745691.159168398
2016-01-07,1,2016,0,0,2015-16,0.8013985470554608,2.0592694157187608,0.0,637.954802517594,281215.0,2.0,0.1965,0.2,915.230386389466,764.2810683095898,0.0,1.1814874510706885,1913864.407552782
2016-01-08,1,2016,0,0,2015-16,0.8126748857919832,1.4369334775990628,0.0,808.6385595625638,281215.0,2.0,0.1965,0.2,637.954802517594,770.4028588915635,0.0,1.1814874510706885,2425915.6786876917
2016-01-09,1,2016,1,0,2015-16,0.7281945819522606,2.3718034057397097,0.0,688.789906704515,281215.0,2.0,0.1965,0.2,808.6385595625638,761.9376535968778,0.0,1.1814874510706885,2066369.7201135452
2016-01-10,1,2016,1,0,2015-16,0.8734840422988521,0.6540954903400911,0.0,938.5360222099148,281215.0,2.0,0.1965,0.2,688.789906704515,766.5238948025166,0.0,1.1814874510706885,2815608.0666297446
2016-01-11,1,2016,0,0,2015-16,0.7107826821390226,1.5643261466070428,0.0,723.036824820652,281215.0,2.0,0.1965,0.2,938.5360222099148,777.3314091014485,0.0,1.1814874510706885,2169110.474461956
2016-01-12,1,2016,0,0,2015-16,0.8396794054397381,3.87764928934115,0.0,680.88313922451,281215.0,2.0,0.1965,0.2,723.036824820652,755.5876207488436,0.0,1.1814874510706885,2042649.41767353
2016-01-13,1,2016,0,0,2015-16,0.862793390412273,1.0325337308045102,0.0,909.9846036505432,281215.0,2.0,0.1965,0.2,680.88313922451,770.4385202041738,0.0,1.1814874510706885,2729953.8109516297
2016-01-14,1,2016,0,0,2015-16,0.7859623756384853,2.626946658165169,0.0,659.7833763114514,281215.0,2.0,0.1965,0.2,909.9846036505432,769.6891226700418,0.0,1.1814874510706885,1979350.1289343543
2016-01-15,1,2016,0,0,2015-16,0.8772499781707033,1.3007602568987795,0.0,935.2160421496128,281215.0,2.0,0.1965,0.2,659.7833763114514,772.8074903548786,0.0,1.1814874510706885,2805648.1264488385
2016-01-16,1,2016,1,0,2015-16,0.7091500749817148,3.0938925027464026,0.0,639.262821909066,281215.0,2.0,0.1965,0.2,935.2160421496128,790.8899878673143,0.0,1.1814874510706885,1917788.4657271982
2016-01-17,1,2016,1,0,2015-16,0.7112044566247643,0.5234946428733993,0.0,843.9720382383028,281215.0,2.0,0.1965,0.2,639.262821909066,783.8146900393929,0.0,1.1814874510706885,2531916.1147149084
2016-01-18,1,2016,0,0,2015-16,0.9467801681978975,3.879284180314179,0.0,614.2502640066078,281215.0,2.0,0.1965,0.2,843.9720382383028,770.3055494720196,0.0,1.1814874510706885,1842750.7920198236
2016-01-19,1,2016,0,0,2015-16,0.8080571924233788,1.815158165534557,0.0,657.191049562874,281215.0,2.0,0.1965,0.2,614.2502640066078,754.7646122128707,0.0,1.1814874510706885,1971573.148688622
2016-01-20,1,2016,0,0,2015-16,0.7381181537955654,0.9442018533858558,0.0,709.3121291920883,281215.0,2.0,0.1965,0.2,657.191049562874,751.380027975494,0.0,1.1814874510706885,2127936.387576265
2016-01-21,1,2016,0,0,2015-16,0.8566729780164413,0.29398698932005063,0.0,959.3833222665206,281215.0,2.0,0.1965,0.2,709.3121291920883,722.7125316242862,0.0,1.1814874510706885,2878149.966799562
2016-01-22,1,2016,0,0,2015-16,0.9309980659295832,0.679031620350163,0.0,969.421731593211,281215.0,2.0,0.1965,0.2,959.3833222665206,765.5125239035817,0.0,1.1814874510706885,2908265.194779633
2016-01-23,1,2016,1,0,2015-16,0.7647463082490529,2.0790957942240706,0.0,659.120578573797,281215.0,2.0,0.1965,0.2,969.421731593211,770.3990509669529,0.0,1.1814874510706885,1977361.7357213912
2016-01-24,1,2016,1,0,2015-16,0.8868671427457,1.3480127057251452,0.0,880.4231382257091,281215.0,2.0,0.1965,0.2,659.120578573797,773.2358733476289,0.0,1.1814874510706885,2641269.4146771273
2016-01-25,1,2016,0,0,2015-16,0.7256042394981304,3.315533463530438,0.0,455.5069671157842,281215.0,2.0,0.1965,0.2,880.4231382257091,778.4431733458297,0.0,1.1814874510706885,1366520.9013473527
2016-01-26,1,2016,0,0,2015-16,0.7155045163505823,1.7235500946472238,0.0,663.347034742963,281215.0,2.0,0.1965,0.2,455.5069671157842,755.7655595042835,0.0,1.1814874510706885,1990041.104228889
2016-01-27,1,2016,0,0,2015-16,0.8594063894704443,0.9948570903505196,0.0,918.6030047221144,281215.0,2.0,0.1965,0.2,663.347034742963,756.6449859585819,0.0,1.1814874510706885,2755809.014166343
2016-01-28,1,2016,0,0,2015-16,0.8621905364830319,2.46857994641612,0.0,749.2212894289704,281215.0,2.0,0.1965,0.2,918.6030047221144,786.5436824628714,0.0,1.1814874510706885,2247663.8682869114
2016-01-29,1,2016,0,0,2015-16,0.8912289704494619,2.8271088675417833,0.0,745.9464512092936,281215.0,2.0,0.1965,0.2,749.2212894289704,756.5205349146499,0.0,1.1814874510706885,2237839.353627881
2016-01-30,1,2016,1,0,2015-16,0.9178274001167984,0.6681676316037994,0.0,1036.5393592266298,281215.0,2.0,0.1965,0.2,745.9464512092936,724.5954948598046,0.0,1.1814874510706885,3109618.0776798893
2016-01-31,1,2016,1,0,2015-16,0.9927556238387604,0.6704768651532707,0.0,1021.6136718041716,281215.0,2.0,0.1965,0.2,1036.5393592266298,778.5124635244948,0.0,1.1814874510706885,3064841.015412515
2016-02-01,2,2016,0,0,2015-16,0.8548901044903585,0.1466857077341719,0.0,896.3139083075099,281215.0,2.0,0.1965,0.2,1021.6136718041716,798.6825397499896,0.0,1.1814874510706885,2688941.72492253
2016-02-02,2,2016,0,0,2015-16,0.7968869418823737,2.945608060262562,0.0,688.1309553668841,281215.0,2.0,0.1965,0.2,896.3139083075099,861.6549599202361,0.0,1.1814874510706885,2064392.8661006524
2016-02-03,2,2016,0,0,2015-16,0.9385558584306111,2.6552181104872203,0.0,827.9130914177063,281215.0,2.0,0.1965,0.2,688.1309553668841,865.1955200093678,0.0,1.1814874510706885,2483739.274253119
2016-02-04,2,2016,0,0,2015-16,0.7812496753786222,1.8985235029992555,0.0,731.5367642040742,281215.0,2.0,0.1965,0.2,827.9130914177063,852.239818108738,0.0,1.1814874510706885,2194610.2926122225
2016-02-05,2,2016,0,0,2015-16,0.8316914262116908,3.3766817958767885,0.0,600.9079721082554,281215.0,2.0,0.1965,0.2,731.5367642040742,849.7134573623242,0.0,1.1814874510706885,1802723.9163247664
2016-02-06,2,2016,1,0,2015-16,0.7235369144026798,3.2226806118002127,0.0,542.8978774801087,281215.0,2.0,0.1965,0.2,600.9079721082554,828.9936746336044,0.0,1.1814874510706885,1628693.6324403263
2016-02-07,2,2016,1,0,2015-16,0.7076052230246372,2.3414174575870086,0.0,529.2306969250735,281215.0,2.0,0.1965,0.2,542.8978774801087,758.4734629555302,0.0,1.1814874510706885,1587692.0907752207
2016-02-08,2,2016,0,0,2015-16,0.9887945244033776,3.4730851220530345,0.0,776.0183170102691,281215.0,2.0,0.1965,0.2,529.2306969250735,688.1330379728016,0.0,1.1814874510706885,2328054.9510308076
2016-02-09,2,2016,0,0,2015-16,0.9507940361536618,0.823364840147073,0.0,1025.4937041113326,281215.0,2.0,0.1965,0.2,776.0183170102691,670.9479535017673,0.0,1.1814874510706885,3076481.1123339976
2016-02-10,2,2016,0,0,2015-16,0.9087922618281093,0.4476784775909115,0.0,888.3746121515056,281215.0,2.0,0.1965,0.2,1025.4937041113326,719.1426318938313,0.0,1.1814874510706885,2665123.8364545167
2016-02-11,2,2016,0,0,2015-16,0.8226858833242809,1.0789984460679585,0.0,860.4526327019255,281215.0,2.0,0.1965,0.2,888.3746121515056,727.77999199866,0.0,1.1814874510706885,2581357.8981057764
2016-02-12,2,2016,0,0,2015-16,0.7519882960212537,0.2283474243572594,0.0,835.7915329755066,281215.0,2.0,0.1965,0.2,860.4526327019255,746.1965446412102,0.0,1.1814874510706885,2507374.59892652
2016-02-13,2,2016,1,0,2015-16,0.7469311128013257,2.124678112004128,0.0,594.594267699638,281215.0,2.0,0.1965,0.2,835.7915329755066,779.7513390508174,0.0,1.1814874510706885,1783782.8030989137
2016-02-14,2,2016,1,0,2015-16,0.7750728694493786,3.746422769179846,0.0,469.79839161051257,281215.0,2.0,0.1965,0.2,594.594267699638,787.1365376536072,0.0,1.1814874510706885,1409395.1748315378
2016-02-15,2,2016,0,0,2015-16,0.8647679994118361,0.1573741626740386,0.0,962.8851993621716,281215.0,2.0,0.1965,0.2,469.79839161051257,778.6462083229557,0.0,1.1814874510706885,2888655.598086515
2016-02-16,2,2016,0,0,2015-16,0.9143787768100187,0.4884396560401072,0.0,940.7437171323993,281215.0,2.0,0.1965,0.2,962.8851993621716,805.3414772303704,0.0,1.1814874510706885,2822231.151397198
2016-02-17,2,2016,0,0,2015-16,0.8980592130153193,1.8087961131337411,0.0,915.0445583672374,281215.0,2.0,0.1965,0.2,940.7437171323993,793.2343362333798,0.0,1.1814874510706885,2745133.6751017123
2016-02-18,2,2016,0,0,2015-16,0.7839801690837829,3.7355000701116197,0.0,596.388347338231,281215.0,2.0,0.1965,0.2,915.0445583672374,797.044328549913,0.0,1.1814874510706885,1789165.0420146931
2016-02-19,2,2016,0,0,2015-16,0.9864595841989583,1.264624419907002,0.0,980.11053345027,281215.0,2.0,0.1965,0.2,596.388347338231,759.3208592122422,0.0,1.1814874510706885,2940331.60035081
2016-02-20,2,2016,1,0,2015-16,0.9213690750087306,2.0289392347535697,0.0,841.9473395896825,281215.0,2.0,0.1965,0.2,980.11053345027,779.9378592800657,0.0,1.1814874510706885,2525842.0187690477
2016-02-21,2,2016,1,0,2015-16,0.8663062157534202,0.1662914362015684,0.0,1016.6955440193171,281215.0,2.0,0.1965,0.2,841.9473395896825,815.274012407215,0.0,1.1814874510706885,3050086.6320579513
2016-02-22,2,2016,0,0,2015-16,0.8835162238703056,0.5933728038483554,0.0,966.8517504368914,281215.0,2.0,0.1965,0.2,1016.6955440193171,893.4021770370442,0.0,1.1814874510706885,2900555.251310674
2016-02-23,2,2016,0,0,2015-16,0.8258800187283369,3.9465204918353876,0.0,581.0886120877336,281215.0,2.0,0.1965,0.2,966.8517504368914,893.9688271905756,0.0,1.1814874510706885,1743265.836263201
2016-02-24,2,2016,0,0,2015-16,0.7743192968503472,3.860474785744182,0.0,471.9951101960981,281215.0,2.0,0.1965,0.2,581.0886120877336,842.5895264699091,0.0,1.1814874510706885,1415985.3305882942
2016-02-25,2,2016,0,0,2015-16,0.8067918035953785,0.019759923737638463,0.0,1060.8099895751348,281215.0,2.0,0.1965,0.2,471.9951101960981,779.2967481597462,0.0,1.1814874510706885,3182429.9687254042
2016-02-26,2,2016,0,0,2015-16,0.9273538331393107,3.807247141692956,0.0,574.6626946027995,281215.0,2.0,0.1965,0.2,1060.8099895751348,845.6426970507325,0.0,1.1814874510706885,1723988.0838083986
2016-02-27,2,2016,1,0,2015-16,0.7043180465889267,2.5564797512620014,0.0,563.0452584302602,281215.0,2.0,0.1965,0.2,574.6626946027995,787.7215772153796,0.0,1.1814874510706885,1689135.7752907807
2016-02-28,2,2016,1,0,2015-16,0.7348217921520749,3.4716731780800885,0.0,439.4467260244407,281215.0,2.0,0.1965,0.2,563.0452584302602,747.8784227640335,0.0,1.1814874510706885,1318340.1780733222
2016-02-29,2,2016,0,0,2015-16,0.7138007926065257,1.8189594225354364,0.0,676.2555312651843,281215.0,2.0,0.1965,0.2,439.4467260244407,665.4143059076226,0.0,1.1814874510706885,2028766.593795553
2016-03-01,3,2016,0,0,2015-16,0.712218640695691,2.062384114317001,0.0,634.1728103032829,281215.0,2.0,0.1965,0.2,676.2555312651843,623.9005603116645,0.0,1.1814874510706885,1902518.4309098485
2016-03-02,3,2016,0,0,2015-16,0.9566381752033022,1.9553863210276807,0.0,894.2624278859424,281215.0,2.0,0.1965,0.2,634.1728103032829,631.4840171996001,0.0,1.1814874510706885,2682787.2836578274
2016-03-03,3,2016,0,0,2015-16,0.9110973578140071,2.6674570301844174,0.0,643.2781897418066,281215.0,2.0,0.1965,0.2,894.2624278859424,691.8079197267207,0.0,1.1814874510706885,1929834.5692254198
2016-03-04,3,2016,0,0,2015-16,0.8422521487261976,0.5586050190252516,0.0,941.8696436985489,281215.0,2.0,0.1965,0.2,643.2781897418066,632.1605197505311,0.0,1.1814874510706885,2825608.9310956467
2016-03-05,3,2016,1,0,2015-16,0.7293502481953004,0.11989435949071181,0.0,753.0030401894434,281215.0,2.0,0.1965,0.2,941.8696436985489,684.6186553356381,0.0,1.1814874510706885,2259009.12056833
2016-03-06,3,2016,1,0,2015-16,0.8474847625350497,1.2317197663647637,0.0,814.3452018737943,281215.0,2.0,0.1965,0.2,753.0030401894434,711.7554813012356,0.0,1.1814874510706885,2443035.605621383
2016-03-07,3,2016,0,0,2015-16,0.8420415312341697,2.818723050946587,0.0,720.9427058329841,281215.0,2.0,0.1965,0.2,814.3452018737943,765.3124064225718,0.0,1.1814874510706885,2162828.1174989524
2016-03-08,3,2016,0,0,2015-16,0.7519605609730046,0.8074138084917934,0.0,779.6541430438953,281215.0,2.0,0.1965,0.2,720.9427058329841,771.6962885036861,0.0,1.1814874510706885,2338962.4291316858
2016-03-09,3,2016,0,0,2015-16,0.8301554947713918,2.6937297332996692,0.0,689.7915690810497,281215.0,2.0,0.1965,0.2,779.6541430438953,792.4793360380593,0.0,1.1814874510706885,2069374.7072431492
2016-03-10,3,2016,0,0,2015-16,0.819551420319212,3.8796481844290818,0.0,599.486721652375,281215.0,2.0,0.1965,0.2,689.7915690810497,763.2692133516459,0.0,1.1814874510706885,1798460.164957125
2016-03-11,3,2016,0,0,2015-16,0.884755029415665,0.37560286315767355,0.0,966.3494384036825,281215.0,2.0,0.1965,0.2,599.486721652375,757.0132893388701,0.0,1.1814874510706885,2899048.3152110474
2016-03-12,3,2016,1,0,2015-16,0.8905280952602931,2.690408472900505,0.0,701.6949962414617,281215.0,2.0,0.1965,0.2,966.3494384036825,760.5104028681748,0.0,1.1814874510706885,2105084.988724385
2016-03-13,3,2016,1,0,2015-16,0.7135912029316133,1.7750008772182846,0.0,640.5024177618546,281215.0,2.0,0.1965,0.2,701.6949962414617,753.1806823041776,0.0,1.1814874510706885,1921507.253285564
2016-03-14,3,2016,0,0,2015-16,0.8123837843879413,3.4725690175100214,0.0,598.7324267435245,281215.0,2.0,0.1965,0.2,640.5024177618546,728.3459988596147,0.0,1.1814874510706885,1796197.2802305734
2016-03-15,3,2016,0,0,2015-16,0.8877579747142709,0.7085991577895436,0.0,863.5232816829215,281215.0,2.0,0.1965,0.2,598.7324267435245,710.8873875611205,0.0,1.1814874510706885,2590569.8450487643
2016-03-16,3,2016,0,0,2015-16,0.8509408775740263,2.770503808904658,0.0,736.1258949943748,281215.0,2.0,0.1965,0.2,863.5232816829215,722.8686930809814,0.0,1.1814874510706885,2208377.6849831245
2016-03-17,3,2016,0,0,2015-16,0.9569469523564966,3.352461158592441,0.0,720.1622793782687,281215.0,2.0,0.1965,0.2,736.1258949943748,729.4878824971707,0.0,1.1814874510706885,2160486.838134806
2016-03-18,3,2016,0,0,2015-16,0.8976080894856835,3.778456877896093,0.0,622.3306361719771,281215.0,2.0,0.1965,0.2,720.1622793782687,746.727247886584,0.0,1.1814874510706885,1866991.908515931
2016-03-19,3,2016,1,0,2015-16,0.7488803281244288,2.7329921131585833,0.0,668.433104128294,281215.0,2.0,0.1965,0.2,622.3306361719771,697.5817047106262,0.0,1.1814874510706885,2005299.3123848818
2016-03-20,3,2016,1,0,2015-16,0.7211706242201289,1.9886990560337092,0.0,632.909181763316,281215.0,2.0,0.1965,0.2,668.433104128294,692.8300058373164,0.0,1.1814874510706885,1898727.5452899481
2016-03-21,3,2016,0,0,2015-16,0.8927257834618947,2.4713889608048554,0.0,733.9004877260422,281215.0,2.0,0.1965,0.2,632.909181763316,691.7452578375253,0.0,1.1814874510706885,2201701.4631781266
2016-03-22,3,2016,0,0,2015-16,0.7079533931624865,3.475619937914873,0.0,484.48405935756216,281215.0,2.0,0.1965,0.2,733.9004877260422,711.0549808350277,0.0,1.1814874510706885,1453452.1780726865
2016-03-23,3,2016,0,0,2015-16,0.875732674382039,2.2824389865553187,0.0,767.1406855920303,281215.0,2.0,0.1965,0.2,484.48405935756216,656.9065205028336,0.0,1.1814874510706885,2301422.056776091
2016-03-24,3,2016,0,0,2015-16,0.9820690724274872,0.12154823878734744,0.0,1090.9859079087514,281215.0,2.0,0.1965,0.2,767.1406855920303,661.3372048739272,0.0,1.1814874510706885,3272957.7237262544
2016-03-25,3,2016,0,0,2015-16,0.8726422533627637,3.723794782027911,0.0,569.3999114566968,281215.0,2.0,0.1965,0.2,1090.9859079087514,714.3120089497105,0.0,1.1814874510706885,1708199.7343700905
2016-03-26,3,2016,1,0,2015-16,0.8164509778619565,2.7581070041262445,0.0,644.6813842261504,281215.0,2.0,0.1965,0.2,569.3999114566968,706.7504768475276,0.0,1.1814874510706885,1934044.1526784513
2016-03-27,3,2016,1,0,2015-16,0.892986465532706,2.706053543108986,0.0,684.509370009978,281215.0,2.0,0.1965,0.2,644.6813842261504,703.3573740043641,0.0,1.1814874510706885,2053528.1100299342
2016-03-28,3,2016,0,0,2015-16,0.8374758671474549,0.8627006095908687,0.0,808.074424727625,281215.0,2.0,0.1965,0.2,684.509370009978,710.728829468173,0.0,1.1814874510706885,2424223.274182875
2016-03-29,3,2016,0,0,2015-16,0.8636850367947805,2.635541880930629,0.0,608.3525997729824,281215.0,2.0,0.1965,0.2,808.074424727625,721.3251061826849,0.0,1.1814874510706885,1825057.7993189474
2016-03-30,3,2016,0,0,2015-16,0.9824394426329576,1.575457622616634,0.0,903.4198713509305,281215.0,2.0,0.1965,0.2,608.3525997729824,739.0206119563164,0.0,1.1814874510706885,2710259.6140527916
2016-03-31,3,2016,0,0,2015-16,0.8158307913402323,2.6049319081659683,0.0,573.6371802858138,281215.0,2.0,0.1965,0.2,903.4198713509305,758.4890670647308,0.0,1.1814874510706885,1720911.5408574413
2016-04-01,4,2016,0,0,2016-17,0.9883571691471742,0.4263721212319629,0.0,1025.1181240595959,0.0,0.0,0.0,0.0,573.6371802858138,684.5821059757396,0.0,1.1814874510706885,3075354.3721787874
2016-04-02,4,2016,1,0,2016-17,0.9716051925868191,2.631381218412144,0.0,761.0618839913452,0.0,0.0,0.0,0.0,1025.1181240595959,749.6847077761538,0.0,1.1814874510706885,2283185.6519740354
2016-04-03,4,2016,1,0,2016-17,0.7587373404367889,3.9976549030826662,0.0,564.1742450212657,0.0,0.0,0.0,0.0,761.0618839913452,766.3104934568959,0.0,1.1814874510706885,1692522.735063797
2016-04-04,4,2016,0,0,2016-17,0.7208083902625496,0.1928481554422241,0.0,728.6971221076609,0.0,0.0,0.0,0.0,564.1742450212657,749.1197613156512,0.0,1.1814874510706885,2186091.3663229826
2016-04-05,4,2016,0,0,2016-17,0.7302334004132279,3.908696736885269,0.0,451.71245018538286,0.0,0.0,0.0,0.0,728.6971221076609,737.7801466556564,0.0,1.1814874510706885,1355137.3505561487
2016-04-06,4,2016,0,0,2016-17,0.7054665476954649,1.6276318428914824,0.0,634.7508695197503,0.0,0.0,0.0,0.0,451.71245018538286,715.4029824288564,0.0,1.1814874510706885,1904252.6085592508
2016-04-07,4,2016,0,0,2016-17,0.7283328882267784,3.4830138013490366,0.0,494.9108833582258,0.0,0.0,0.0,0.0,634.7508695197503,677.0216964529735,0.0,1.1814874510706885,1484732.6500746775
2016-04-08,4,2016,0,0,2016-17,0.904902032024907,3.129541936233094,0.0,766.4677914280652,0.0,0.0,0.0,0.0,494.9108833582258,665.7750826061753,0.0,1.1814874510706885,2299403.3742841957
2016-04-09,4,2016,1,0,2016-17,0.7213565945380687,2.268065043946671,0.0,556.1836092734715,0.0,0.0,0.0,0.0,766.4677914280652,628.8250350873851,0.0,1.1814874510706885,1668550.8278204144
2016-04-10,4,2016,1,0,2016-17,0.7956926890881284,2.953796837005306,0.0,601.5729123036484,0.0,0.0,0.0,0.0,556.1836092734715,599.5567101276889,0.0,1.1814874510706885,1804718.7369109453
2016-04-11,4,2016,0,0,2016-17,0.9534625932908364,3.5140622452053916,0.0,705.2114818686861,0.0,0.0,0.0,0.0,601.5729123036484,604.899376882315,0.0,1.1814874510706885,2115634.445606058
2016-04-12,4,2016,0,0,2016-17,0.7069815807207477,1.616561286604132,0.0,707.1434734824785,0.0,0.0,0.0,0.0,705.2114818686861,601.5442854196043,0.0,1.1814874510706885,2121430.4204474357
2016-04-13,4,2016,0,0,2016-17,0.9443405447766807,1.3081326462529548,0.0,890.4317502988177,0.0,0.0,0.0,0.0,707.1434734824785,638.0344316049037,0.0,1.1814874510706885,2671295.2508964534
2016-04-14,4,2016,0,0,2016-17,0.78455643243202,2.670373542254339,0.0,532.1133193826527,0.0,0.0,0.0,0.0,890.4317502988177,674.560271716199,0.0,1.1814874510706885,1596339.958147958
2016-04-15,4,2016,0,0,2016-17,0.7354494482864968,3.2313837677650343,0.0,544.4922649376092,0.0,0.0,0.0,0.0,532.1133193826527,679.8749054339743,0.0,1.1814874510706885,1633476.7948128276
2016-04-16,4,2016,1,0,2016-17,0.9090211496092452,3.049140539106463,0.0,776.7707324960718,0.0,0.0,0.0,0.0,544.4922649376092,648.1641159353377,0.0,1.1814874510706885,2330312.1974882153
2016-04-17,4,2016,1,0,2016-17,0.8886828540339652,3.191254595434538,0.0,687.6401245641362,0.0,0.0,0.0,0.0,776.7707324960718,679.6765621099948,0.0,1.1814874510706885,2062920.3736924084
2016-04-18,4,2016,0,0,2016-17,0.9632416040581159,1.742333259251732,0.0,896.4703581608512,0.0,0.0,0.0,0.0,687.6401245641362,691.9718781472075,0.0,1.1814874510706885,2689411.0744825536
2016-04-19,4,2016,0,0,2016-17,0.9205213131411657,3.2713368647000864,0.0,628.8322398851913,0.0,0.0,0.0,0.0,896.4703581608512,719.2945747603738,0.0,1.1814874510706885,1886496.7196555738
2016-04-20,4,2016,0,0,2016-17,0.9410442791154545,0.48083622148243377,0.0,930.0956695185507,0.0,0.0,0.0,0.0,628.8322398851913,708.1072556750471,0.0,1.1814874510706885,2790287.008555652
2016-04-21,4,2016,0,0,2016-17,0.7846103717713919,2.177956391843398,0.0,682.572520562306,0.0,0.0,0.0,0.0,930.0956695185507,713.7735298492946,0.0,1.1814874510706885,2047717.561686918
2016-04-22,4,2016,0,0,2016-17,0.7532318631339168,0.023034641992486282,0.0,755.368979263186,0.0,0.0,0.0,0.0,682.572520562306,735.2677014463881,0.0,1.1814874510706885,2266106.937789558
2016-04-23,4,2016,1,0,2016-17,0.9251844254922574,1.2983433196010812,0.0,937.447433112713,0.0,0.0,0.0,0.0,755.368979263186,765.3929463500418,0.0,1.1814874510706885,2812342.299338139
2016-04-24,4,2016,1,0,2016-17,0.9420504217801792,1.4658461394855915,0.0,845.8231230675408,0.0,0.0,0.0,0.0,937.447433112713,788.3467607238479,0.0,1.1814874510706885,2537469.369202622
2016-04-25,4,2016,0,0,2016-17,0.997151542600202,1.5846907664370216,0.0,930.5277966911588,0.0,0.0,0.0,0.0,845.8231230675408,810.9443319386199,0.0,1.1814874510706885,2791583.3900734764
2016-04-26,4,2016,0,0,2016-17,0.8237853030734279,2.7818688267594487,0.0,555.6403671719559,0.0,0.0,0.0,0.0,930.5277966911588,815.8096803000924,0.0,1.1814874510706885,1666921.1015158675
2016-04-27,4,2016,0,0,2016-17,0.8116054257378349,1.554232405081383,0.0,739.3716858078748,0.0,0.0,0.0,0.0,555.6403671719559,805.3536984839159,0.0,1.1814874510706885,2218115.057423624
2016-04-28,4,2016,0,0,2016-17,0.932923888222599,1.7947744904901226,0.0,784.2589366051085,0.0,0.0,0.0,0.0,739.3716858078748,778.1074150966766,0.0,1.1814874510706885,2352776.8098153253
2016-04-29,4,2016,0,0,2016-17,0.8022410620759053,0.9501765234973099,0.0,677.3401176627431,0.0,0.0,0.0,0.0,784.2589366051085,792.6340459599339,0.0,1.1814874510706885,2032020.3529882291
2016-04-30,4,2016,1,0,2016-17,0.9792271976810694,1.4930071665173603,0.0,955.2030073683562,0.0,0.0,0.0,0.0,677.3401176627431,781.4870657312993,0.0,1.1814874510706885,2865609.022105069
2016-05-01,5,2016,1,0,2016-17,0.9575238255529035,0.9090785090526059,0.0,1057.8345705426823,0.0,0.0,0.0,0.0,955.2030073683562,784.0235763392483,0.0,1.1814874510706885,3173503.711628047
2016-05-02,5,2016,0,0,2016-17,0.8286982082125055,0.29278369507377455,0.0,956.0792012083888,0.0,0.0,0.0,0.0,1057.8345705426823,814.3109259785542,0.0,1.1814874510706885,2868237.603625166
2016-05-03,5,2016,0,0,2016-17,0.9252613203374492,2.4137943735255116,0.0,817.3695802423085,0.0,0.0,0.0,0.0,956.0792012083888,817.9611266238728,0.0,1.1814874510706885,2452108.7407269254
2016-05-04,5,2016,0,0,2016-17,0.9263628622254048,2.672851194220065,0.0,730.7991667713217,0.0,0.0,0.0,0.0,817.3695802423085,855.3510142053517,0.0,1.1814874510706885,2192397.500313965
2016-05-05,5,2016,0,0,2016-17,0.7309371606507797,2.477961384038458,0.0,655.3425148303847,0.0,0.0,0.0,0.0,730.7991667713217,854.1263686287014,0.0,1.1814874510706885,1966027.5444911541
2016-05-06,5,2016,0,0,2016-17,0.97076587200387,1.8539761752022894,0.0,946.1641297507371,0.0,0.0,0.0,0.0,655.3425148303847,835.7097369465979,0.0,1.1814874510706885,2838492.389252211
2016-05-07,5,2016,1,0,2016-17,0.8515757117343571,1.5191431207169193,0.0,809.6440285454759,0.0,0.0,0.0,0.0,946.1641297507371,874.1131672448828,0.0,1.1814874510706885,2428932.0856364276
2016-05-08,5,2016,1,0,2016-17,0.9479372398323225,3.453334598287301,0.0,623.4215492989244,0.0,0.0,0.0,0.0,809.6440285454759,853.3190274130427,0.0,1.1814874510706885,1870264.6478967734
2016-05-09,5,2016,0,0,2016-17,0.7960148803091835,2.076327140544872,0.0,672.7321908845718,0.0,0.0,0.0,0.0,623.4215492989244,791.2600243782201,0.0,1.1814874510706885,2018196.5726537153
2016-05-10,5,2016,0,0,2016-17,0.9686569685488602,1.9167275105189239,0.0,964.0947815133261,0.0,0.0,0.0,0.0,672.7321908845718,750.7818800462463,0.0,1.1814874510706885,2892284.344539978
2016-05-11,5,2016,0,0,2016-17,0.8167605036202489,0.10256826322574275,0.0,893.5965040966647,0.0,0.0,0.0,0.0,964.0947815133261,771.7426230849632,0.0,1.1814874510706885,2680789.512289994
2016-05-12,5,2016,0,0,2016-17,0.7032512954440895,1.3649913105046254,0.0,489.7734556237823,0.0,0.0,0.0,0.0,893.5965040966647,794.9993855600121,0.0,1.1814874510706885,1469320.366871347
2016-05-13,5,2016,0,0,2016-17,0.9716145929257791,1.5207824751434282,0.0,833.3616429241831,0.0,0.0,0.0,0.0,489.7734556237823,771.3466628162117,0.0,1.1814874510706885,2500084.928772549
2016-05-14,5,2016,1,0,2016-17,0.72738600303584,1.595291123587602,0.0,655.3603482252827,0.0,0.0,0.0,0.0,833.3616429241831,755.2320218409898,0.0,1.1814874510706885,1966081.044675848
2016-05-15,5,2016,1,0,2016-17,0.7957940912771244,2.320689476909329,0.0,736.188048285388,0.0,0.0,0.0,0.0,655.3603482252827,733.1914960809621,0.0,1.1814874510706885,2208564.144856164
2016-05-16,5,2016,0,0,2016-17,0.9850185901152415,2.134410186907514,0.0,845.2579541502544,0.0,0.0,0.0,0.0,736.188048285388,749.3009959361714,0.0,1.1814874510706885,2535773.862450763
2016-05-17,5,2016,0,0,2016-17,0.9851821440812668,2.4316203711737785,0.0,886.5988469335803,0.0,0.0,0.0,0.0,845.2579541502544,773.9475335455544,0.0,1.1814874510706885,2659796.540800741
2016-05-18,5,2016,0,0,2016-17,0.8720313664369859,3.059533046168513,0.0,642.9200603535044,0.0,0.0,0.0,0.0,886.5988469335803,762.8766857484479,0.0,1.1814874510706885,1928760.181060513
2016-05-19,5,2016,0,0,2016-17,0.8895511636509398,3.251942954864374,0.0,557.5603704579263,0.0,0.0,0.0,0.0,642.9200603535044,727.0657652137107,0.0,1.1814874510706885,1672681.111373779
2016-05-20,5,2016,0,0,2016-17,0.8345336565934959,2.8724923049059776,0.0,633.2739418236805,0.0,0.0,0.0,0.0,557.5603704579263,736.749610190017,0.0,1.1814874510706885,1899821.8254710415
2016-05-21,5,2016,1,0,2016-17,0.7879632315094194,3.8220947838197388,0.0,559.763574599368,0.0,0.0,0.0,0.0,633.2739418236805,708.1656528899454,0.0,1.1814874510706885,1679290.7237981039
2016-05-22,5,2016,1,0,2016-17,0.7985993636109747,0.07293033070544652,0.0,894.9588610621466,0.0,0.0,0.0,0.0,559.763574599368,694.508970943386,0.0,1.1814874510706885,2684876.5831864397
2016-05-23,5,2016,0,0,2016-17,0.9017555368231115,0.7831119427341844,0.0,853.3244013467544,0.0,0.0,0.0,0.0,894.9588610621466,717.19051562578,0.0,1.1814874510706885,2559973.2040402633
2016-05-24,5,2016,0,0,2016-17,0.925712358831304,0.03025149991256848,0.0,1005.4354016307738,0.0,0.0,0.0,0.0,853.3244013467544,718.3428652252802,0.0,1.1814874510706885,3016306.2048923215
2016-05-25,5,2016,0,0,2016-17,0.9374737131177545,2.589898856618412,0.0,920.5442313527227,0.0,0.0,0.0,0.0,1005.4354016307738,735.3195158963077,0.0,1.1814874510706885,2761632.694058168
2016-05-26,5,2016,0,0,2016-17,0.9368854428383662,3.5921221957999476,0.0,598.2304932923689,0.0,0.0,0.0,0.0,920.5442313527227,774.9801117533389,0.0,1.1814874510706885,1794691.4798771068
2016-05-27,5,2016,0,0,2016-17,0.727361830914607,0.9739291863051971,0.0,765.7861635445768,0.0,0.0,0.0,0.0,598.2304932923689,780.7901293011164,0.0,1.1814874510706885,2297358.4906337303
2016-05-28,5,2016,1,0,2016-17,0.8483260914107744,3.7081381791852266,0.0,476.336902252389,0.0,0.0,0.0,0.0,765.7861635445768,799.7204466898158,0.0,1.1814874510706885,1429010.706757167
2016-05-29,5,2016,1,0,2016-17,0.7172676280049932,0.2410695611582434,0.0,825.3202940157099,0.0,0.0,0.0,0.0,476.336902252389,787.8023506402475,0.0,1.1814874510706885,2475960.88204713
2016-05-30,5,2016,0,0,2016-17,0.8648586646971206,3.737744107222057,0.0,551.9196660795247,0.0,0.0,0.0,0.0,825.3202940157099,777.853983919328,0.0,1.1814874510706885,1655758.9982385742
2016-05-31,5,2016,0,0,2016-17,0.8324591504120131,1.4064907489585377,0.0,816.7833850770027,0.0,0.0,0.0,0.0,551.9196660795247,734.796164595438,0.0,1.1814874510706885,2450350.155231008
2016-06-01,6,2016,0,1,2016-17,0.9663112548274899,0.40568331379686606,0.0,749.2570051135463,0.0,0.0,0.0,0.0,816.7833850770027,707.8458765163278,0.0,1.1814874510706885,2247771.015340639
2016-06-02,6,2016,0,1,2016-17,0.8052745037656236,1.9434870367453025,6.942385813625232,552.0987671284743,0.0,0.0,0.0,0.0,749.2570051135463,683.3762727678741,0.0,1.1814874510706885,1656296.3013854227
2016-06-03,6,2016,0,1,2016-17,0.7351201049282817,1.0271062708820318,8.126176841527602,488.523759344181,0.0,0.0,0.0,0.0,552.0987671284743,676.7860261730319,0.0,1.1814874510706885,1465571.278032543
2016-06-04,6,2016,1,1,2016-17,0.7428975046158507,1.1394916078476913,2.097452932463517,531.5362450586673,0.0,0.0,0.0,0.0,488.523759344181,637.1771112872611,0.0,1.1814874510706885,1594608.735176002
2016-06-05,6,2016,1,1,2016-17,0.9284531895152417,1.2291598597051463,4.06131325682145,723.0958023339267,0.0,0.0,0.0,0.0,531.5362450586673,645.062731688158,0.0,1.1814874510706885,2169287.4070017803
2016-06-06,6,2016,0,1,2016-17,0.8854654189948783,3.2121035913306537,16.104832962718643,418.9117929415179,0.0,0.0,0.0,0.0,723.0958023339267,630.4592328764747,0.0,1.1814874510706885,1256735.3788245537
2016-06-07,6,2016,0,1,2016-17,0.730336802836837,2.156645106701018,0.0,528.3718257684548,0.0,0.0,0.0,0.0,418.9117929415179,611.4581081424737,0.0,1.1814874510706885,1585115.4773053643
2016-06-08,6,2016,0,1,2016-17,0.7252320418344992,1.2452307966240146,0.0,551.639439849014,0.0,0.0,0.0,0.0,528.3718257684548,570.2564568126811,0.0,1.1814874510706885,1654918.319547042
2016-06-09,6,2016,0,1,2016-17,0.910290739437736,2.4413351332436735,0.0,613.0354924758999,0.0,0.0,0.0,0.0,551.639439849014,542.025376060605,0.0,1.1814874510706885,1839106.4774276996
2016-06-10,6,2016,0,1,2016-17,0.721828901909258,2.8646026968927742,10.227605452244989,424.01237521882274,0.0,0.0,0.0,0.0,613.0354924758999,550.7306225388089,0.0,1.1814874510706885,1272037.1256564683
2016-06-11,6,2016,1,1,2016-17,0.9465580177871069,1.090496002934135,0.0,727.3535619952045,0.0,0.0,0.0,0.0,424.01237521882274,541.5147105209005,0.0,1.1814874510706885,2182060.6859856136
2016-06-12,6,2016,1,1,2016-17,0.9118726681469489,1.654196406101406,0.0,618.5984475500246,0.0,0.0,0.0,0.0,727.3535619952045,569.4886129404058,0.0,1.1814874510706885,1855795.3426500738
2016-06-13,6,2016,0,1,2016-17,0.7244046341925698,0.4875443733477902,0.0,580.6405742069708,0.0,0.0,0.0,0.0,618.5984475500246,554.5604193998482,0.0,1.1814874510706885,1741921.7226209124
2016-06-14,6,2016,0,1,2016-17,0.7254513142255575,0.7245973981387213,9.821278078328007,607.6797724340837,0.0,0.0,0.0,0.0,580.6405742069708,577.6645310091988,0.0,1.1814874510706885,1823039.317302251
2016-06-15,6,2016,0,1,2016-17,0.9959918735503526,2.7244714158599312,0.0,648.1294116935956,0.0,0.0,0.0,0.0,607.6797724340837,588.9942376757172,0.0,1.1814874510706885,1944388.2350807867
2016-06-16,6,2016,0,1,2016-17,0.8122812387268361,0.7257533907825078,14.814669816677004,537.9098993139313,0.0,0.0,0.0,0.0,648.1294116935956,602.7785193678003,0.0,1.1814874510706885,1613729.6979417938
2016-06-17,6,2016,0,1,2016-17,0.8111926441200672,2.1006535346682407,3.3762419143765303,570.9803540783312,0.0,0.0,0.0,0.0,537.9098993139313,592.0462917732332,0.0,1.1814874510706885,1712941.0622349936
2016-06-18,6,2016,1,1,2016-17,0.9438398701772508,2.8361850468897307,2.1036890577334315,613.0653423365545,0.0,0.0,0.0,0.0,570.9803540783312,613.0417173245917,0.0,1.1814874510706885,1839196.0270096636
2016-06-19,6,2016,1,1,2016-17,0.9841745732151577,0.42750769237897535,0.0,863.1206602729083,0.0,0.0,0.0,0.0,613.0653423365545,596.7148288019273,0.0,1.1814874510706885,2589361.9808187247
2016-06-20,6,2016,0,1,2016-17,0.9958003191468613,2.269248878515614,0.0,627.4000181404139,0.0,0.0,0.0,0.0,863.1206602729083,631.6465734766251,0.0,1.1814874510706885,1882200.0544212416
2016-06-21,6,2016,0,1,2016-17,0.9260134555776824,1.026251134805455,13.500768016733604,622.9910800362827,0.0,0.0,0.0,0.0,627.4000181404139,638.3264940385454,0.0,1.1814874510706885,1868973.240108848
2016-06-22,6,2016,0,1,2016-17,0.8128778756592747,3.851707500950319,6.437204980366269,369.23841440846047,0.0,0.0,0.0,0.0,622.9910800362827,640.5138236960025,0.0,1.1814874510706885,1107715.2432253815
2016-06-23,6,2016,0,1,2016-17,0.7250502150096005,1.934182586879699,3.29654748370779,479.53094301056507,0.0,0.0,0.0,0.0,369.23841440846047,600.6722526552688,0.0,1.1814874510706885,1438592.8290316951
2016-06-24,6,2016,0,1,2016-17,0.933144074778231,3.2239701991006324,1.3669557870442832,582.2482861062123,0.0,0.0,0.0,0.0,479.53094301056507,592.3324017547881,0.0,1.1814874510706885,1746744.858318637
2016-06-25,6,2016,1,1,2016-17,0.8675212749207415,2.200906168625047,7.856189367054863,571.9536518696917,0.0,0.0,0.0,0.0,582.2482861062123,593.9421063301995,0.0,1.1814874510706885,1715860.9556090753
2016-06-26,6,2016,1,1,2016-17,0.8272666027740929,0.17365013141927665,5.874216007435747,708.0551409103881,0.0,0.0,0.0,0.0,571.9536518696917,588.0690076920763,0.0,1.1814874510706885,2124165.4227311644
2016-06-27,6,2016,0,1,2016-17,0.9719063155284208,2.5326055023760894,0.0,717.8590443734195,0.0,0.0,0.0,0.0,708.0551409103881,565.9167906402878,0.0,1.1814874510706885,2153577.1331202583
2016-06-28,6,2016,0,1,2016-17,0.7333592446918453,3.805613368826628,5.1090460574762435,412.14816173249704,0.0,0.0,0.0,0.0,717.8590443734195,578.8395086735743,0.0,1.1814874510706885,1236444.4851974912
2016-06-29,6,2016,0,1,2016-17,0.8477875312872577,2.4064472805853248,0.5389749777631856,559.2047743106448,0.0,0.0,0.0,0.0,412.14816173249704,548.7190917730335,0.0,1.1814874510706885,1677614.3229319344
2016-06-30,6,2016,0,1,2016-17,0.7034060934302256,3.276755437707161,18.582027043416556,249.857502965402,0.0,0.0,0.0,0.0,559.2047743106448,575.8571431876313,0.0,1.1814874510706885,749572.508896206
2016-07-01,7,2016,0,1,2016-17,0.8405981925982379,3.536825853393631,0.0,441.41889869500443,0.0,0.0,0.0,0.0,249.857502965402,543.0466517526079,0.0,1.1814874510706885,1324256.6960850132
2016-07-02,7,2016,1,1,2016-17,0.7168909827045512,0.9123190877957299,0.0,562.3720467742025,0.0,0.0,0.0,0.0,441.41889869500443,522.9281678367212,0.0,1.1814874510706885,1687116.1403226077
2016-07-03,7,2016,1,1,2016-17,0.7356453748804216,0.8481793596329066,0.0,642.2136369393544,0.0,0.0,0.0,0.0,562.3720467742025,521.559367108794,0.0,1.1814874510706885,1926640.9108180632
2016-07-04,7,2016,0,1,2016-17,0.7352578740331315,2.443923955403967,1.727208421219272,480.85550721844714,0.0,0.0,0.0,0.0,642.2136369393544,512.153437970075,0.0,1.1814874510706885,1442566.5216553414
2016-07-05,7,2016,0,1,2016-17,0.8947630906348191,1.6441138792268188,5.515199384787172,594.9994771342568,0.0,0.0,0.0,0.0,480.85550721844714,478.2957898050789,0.0,1.1814874510706885,1784998.4314027706
2016-07-06,7,2016,0,1,2016-17,0.9238134637796269,3.3594452114668814,4.802364446503829,475.8708627573857,0.0,0.0,0.0,0.0,594.9994771342568,504.41740629104464,0.0,1.1814874510706885,1427612.5882721571
2016-07-07,7,2016,0,1,2016-17,0.8750106295291479,3.6000924935920446,0.0,492.02526150713936,0.0,0.0,0.0,0.0,475.8708627573857,492.5125617834361,0.0,1.1814874510706885,1476075.7845214182
2016-07-08,7,2016,0,1,2016-17,0.9886517645423626,1.4136855172108724,0.0,801.123494679088,0.0,0.0,0.0,0.0,492.02526150713936,527.1079558608272,0.0,1.1814874510706885,2403370.4840372643
2016-07-09,7,2016,1,1,2016-17,0.8124611738571113,0.9474822358979282,0.0,739.6272619526208,0.0,0.0,0.0,0.0,801.123494679088,578.4943267156963,0.0,1.1814874510706885,2218881.7858578623
2016-07-10,7,2016,1,1,2016-17,0.7857136258845582,3.1221020609754473,0.0,467.11311898007165,0.0,0.0,0.0,0.0,739.6272619526208,603.8165003126131,0.0,1.1814874510706885,1401339.356940215
2016-07-11,7,2016,0,1,2016-17,0.9605797384568381,1.0992241421925444,0.0,754.6247218690771,0.0,0.0,0.0,0.0,467.11311898007165,578.8021406041443,0.0,1.1814874510706885,2263874.165607231
2016-07-12,7,2016,0,1,2016-17,0.7670787515558357,3.2904572740547136,10.442821173589902,330.3605007441983,0.0,0.0,0.0,0.0,754.6247218690771,617.912028411377,0.0,1.1814874510706885,991081.5022325949
2016-07-13,7,2016,0,1,2016-17,0.9889667618321833,1.6949530145950513,0.0,834.9905992943975,0.0,0.0,0.0,0.0,330.3605007441983,580.1064603556543,0.0,1.1814874510706885,2504971.7978831925
2016-07-14,7,2016,0,1,2016-17,0.7036463424069449,2.670199597165882,1.3842926192286056,371.2329374662694,0.0,0.0,0.0,0.0,834.9905992943975,631.4092798609418,0.0,1.1814874510706885,1113698.812398808
2016-07-15,7,2016,0,1,2016-17,0.9909636480122916,0.3821412553386727,9.580289883546776,855.8448048807213,0.0,0.0,0.0,0.0,371.2329374662694,614.1532335693889,0.0,1.1814874510706885,2567534.414642164
2016-07-16,7,2016,1,1,2016-17,0.7129479735851728,2.495437298706292,7.885066415514044,409.71429969749323,0.0,0.0,0.0,0.0,855.8448048807213,621.9705635981937,0.0,1.1814874510706885,1229142.8990924796
2016-07-17,7,2016,1,1,2016-17,0.9673429341094213,1.8070707149489165,3.893012937850681,646.9076524229571,0.0,0.0,0.0,0.0,409.71429969749323,574.8401404188897,0.0,1.1814874510706885,1940722.9572688714
2016-07-18,7,2016,0,1,2016-17,0.85831033272589,2.3464338527018964,9.3417353527996,468.20084371828597,0.0,0.0,0.0,0.0,646.9076524229571,600.5250737678734,0.0,1.1814874510706885,1404602.531154858
2016-07-19,7,2016,0,1,2016-17,0.9978894388357902,0.6720568309794537,6.933090115658655,919.5884512998945,0.0,0.0,0.0,0.0,468.20084371828597,559.607376889189,0.0,1.1814874510706885,2758765.3538996833
2016-07-20,7,2016,0,1,2016-17,0.7221389694206196,2.9474949797767285,21.51776729721528,343.80075092132347,0.0,0.0,0.0,0.0,919.5884512998945,643.7827983971456,0.0,1.1814874510706885,1031402.2527639704
2016-07-21,7,2016,0,1,2016-17,0.8661562853203962,3.451188310172914,5.870079174455887,470.87836627785526,0.0,0.0,0.0,0.0,343.80075092132347,573.612820058135,0.0,1.1814874510706885,1412635.0988335658
2016-07-22,7,2016,0,1,2016-17,0.9907907606857297,0.8669592003631026,2.917234768217386,834.3382007367604,0.0,0.0,0.0,0.0,470.87836627785526,587.847881316933,0.0,1.1814874510706885,2503014.6022102814
2016-07-23,7,2016,1,1,2016-17,0.8569293532510447,0.3828582220806469,9.648296146218355,640.0604168593774,0.0,0.0,0.0,0.0,834.3382007367604,584.7755092963671,0.0,1.1814874510706885,1920181.250578132
2016-07-24,7,2016,1,1,2016-17,0.8888195914405788,0.09455434418534558,5.305021117525095,750.2685524087013,0.0,0.0,0.0,0.0,640.0604168593774,617.6820974623506,0.0,1.1814874510706885,2250805.657226104
2016-07-25,7,2016,0,1,2016-17,0.9087246066953851,2.567886001773064,6.827519506897004,563.2728640191934,0.0,0.0,0.0,0.0,750.2685524087013,632.447940317457,0.0,1.1814874510706885,1689818.5920575804
2016-07-26,7,2016,0,1,2016-17,0.836362319430332,2.428376144355123,0.0,532.3266935825851,0.0,0.0,0.0,0.0,563.2728640191934,646.0296575033009,0.0,1.1814874510706885,1596980.0807477552
2016-07-27,7,2016,0,1,2016-17,0.8882674240252191,2.18678965085628,0.0,681.1814423624323,0.0,0.0,0.0,0.0,532.3266935825851,590.706549257971,0.0,1.1814874510706885,2043544.327087297
2016-07-28,7,2016,0,1,2016-17,0.8752942935769301,0.9277883844639017,0.0,691.0354549297493,0.0,0.0,0.0,0.0,681.1814423624323,638.903790892415,0.0,1.1814874510706885,2073106.364789248
2016-07-29,7,2016,0,1,2016-17,0.9703474031472967,1.5636239836220587,0.0,638.6626047385555,0.0,0.0,0.0,0.0,691.0354549297493,670.3548035569713,0.0,1.1814874510706885,1915987.8142156666
2016-07-30,7,2016,1,1,2016-17,0.7136339141024374,2.377905340744692,2.1210383022753554,453.1482810827105,0.0,0.0,0.0,0.0,638.6626047385555,642.4011469857991,0.0,1.1814874510706885,1359444.8432481317
2016-07-31,7,2016,1,1,2016-17,0.7842889568776691,1.9870674354366775,0.0,570.3357742849329,0.0,0.0,0.0,0.0,453.1482810827105,615.6994133034183,0.0,1.1814874510706885,1711007.3228547988
2016-08-01,8,2016,0,1,2016-17,0.9851234452229676,3.951142080859549,10.55530661858473,419.4445652046184,0.0,0.0,0.0,0.0,570.3357742849329,589.9947307143085,0.0,1.1814874510706885,1258333.6956138553
2016-08-02,8,2016,0,1,2016-17,0.967079135167275,0.5457590102269325,4.633698693890851,738.6667922558662,0.0,0.0,0.0,0.0,419.4445652046184,569.4478308836549,0.0,1.1814874510706885,2216000.3767675986
2016-08-03,8,2016,0,1,2016-17,0.8366970258357138,2.780578216190375,0.0,504.561883862378,0.0,0.0,0.0,0.0,738.6667922558662,598.9249878369808,0.0,1.1814874510706885,1513685.651587134
2016-08-04,8,2016,0,1,2016-17,0.886039779340461,1.6172750724171685,8.336949316542071,679.2309458212743,0.0,0.0,0.0,0.0,504.561883862378,573.693622336973,0.0,1.1814874510706885,2037692.837463823
2016-08-05,8,2016,0,1,2016-17,0.7832143548943398,1.712798459702459,0.0,547.7084120788505,0.0,0.0,0.0,0.0,679.2309458212743,572.0072638929051,0.0,1.1814874510706885,1643125.2362365515
2016-08-06,8,2016,1,1,2016-17,0.7564363479171283,2.870391062632705,0.0,556.9231488247765,0.0,0.0,0.0,0.0,547.7084120788505,559.0138077986616,0.0,1.1814874510706885,1670769.4464743296
2016-08-07,8,2016,1,1,2016-17,0.8391095214819946,2.7697446052974786,0.0,503.0949130347327,0.0,0.0,0.0,0.0,556.9231488247765,573.838788904671,0.0,1.1814874510706885,1509284.739104198
2016-08-08,8,2016,0,1,2016-17,0.8060056684078158,3.9650239748087532,0.0,448.78286985364167,0.0,0.0,0.0,0.0,503.0949130347327,564.2329515832138,0.0,1.1814874510706885,1346348.609560925
2016-08-09,8,2016,0,1,2016-17,0.8750968335552616,0.5135771578165009,25.05403503669668,571.218932993786,0.0,0.0,0.0,0.0,448.78286985364167,568.4241379616457,0.0,1.1814874510706885,1713656.798981358
2016-08-10,8,2016,0,1,2016-17,0.7233203910894954,0.41643859753666534,5.605735945211612,624.5846207756144,0.0,0.0,0.0,0.0,571.218932993786,544.50301520992,0.0,1.1814874510706885,1873753.8623268434
2016-08-11,8,2016,0,1,2016-17,0.9923184422998499,2.8973552685149646,11.574268484380951,497.75685276548296,0.0,0.0,0.0,0.0,624.5846207756144,561.6491204832395,0.0,1.1814874510706885,1493270.5582964488
2016-08-12,8,2016,0,1,2016-17,0.9958632233438809,2.3135476680256364,5.916495577264372,686.2295236483411,0.0,0.0,0.0,0.0,497.75685276548296,535.7242500466979,0.0,1.1814874510706885,2058688.5709450233
2016-08-13,8,2016,1,1,2016-17,0.9094485142059235,1.0966426662392235,0.0,723.3393676643095,0.0,0.0,0.0,0.0,686.2295236483411,555.5129802709108,0.0,1.1814874510706885,2170018.1029929286
2016-08-14,8,2016,1,1,2016-17,0.8608289099032361,0.3176774759559464,0.0,702.5262916139221,0.0,0.0,0.0,0.0,723.3393676643095,579.2867258194154,0.0,1.1814874510706885,2107578.8748417664
2016-08-15,8,2016,0,1,2016-17,0.7928582848858983,0.34263299838572214,0.0,668.8042677749439,0.0,0.0,0.0,0.0,702.5262916139221,607.7769227592996,0.0,1.1814874510706885,2006412.8033248319
2016-08-16,8,2016,0,1,2016-17,0.9441385059120846,3.576763498656473,3.939055171308045,600.313868979971,0.0,0.0,0.0,0.0,668.8042677749439,639.2085510337714,0.0,1.1814874510706885,1800941.6069399128
2016-08-17,8,2016,0,1,2016-17,0.9054193517661637,0.7674692988749716,16.479437258475578,656.3800945969693,0.0,0.0,0.0,0.0,600.313868979971,643.3649704603694,0.0,1.1814874510706885,1969140.283790908
2016-08-18,8,2016,0,1,2016-17,0.7487850818034674,1.293486248462083,0.9498284908228577,533.0014684970474,0.0,0.0,0.0,0.0,656.3800945969693,647.9071810062771,0.0,1.1814874510706885,1599004.4054911423
2016-08-19,8,2016,0,1,2016-17,0.9732781553481528,0.9066256089079521,13.66962549191115,640.9198869504105,0.0,0.0,0.0,0.0,533.0014684970474,652.9421261107864,0.0,1.1814874510706885,1922759.6608512315
2016-08-20,8,2016,1,1,2016-17,0.9467611728769507,1.4199852233277492,0.0,747.3896550297909,0.0,0.0,0.0,0.0,640.9198869504105,646.4693208682248,0.0,1.1814874510706885,2242168.965089373
2016-08-21,8,2016,1,1,2016-17,0.9849399739875773,0.27769537098437347,0.8102113784321193,854.3375412770903,0.0,0.0,0.0,0.0,747.3896550297909,649.9050762061507,0.0,1.1814874510706885,2563012.6238312707
2016-08-22,8,2016,0,1,2016-17,0.917715852516508,2.0762391636330815,12.726586591350452,611.8525961062586,0.0,0.0,0.0,0.0,854.3375412770903,671.5923975866034,0.0,1.1814874510706885,1835557.7883187758
2016-08-23,8,2016,0,1,2016-17,0.8840245587807369,0.2704502543688596,6.90707262921408,642.101470857617,0.0,0.0,0.0,0.0,611.8525961062586,663.4564444910768,0.0,1.1814874510706885,1926304.412572851
2016-08-24,8,2016,0,1,2016-17,0.8254729108871857,3.2014260312894463,0.0,431.8634664904913,0.0,0.0,0.0,0.0,642.101470857617,669.4261019021691,0.0,1.1814874510706885,1295590.3994714739
2016-08-25,8,2016,0,1,2016-17,0.979818545006204,0.9348483276417321,0.0,850.2179532112127,0.0,0.0,0.0,0.0,431.8634664904913,637.352297886958,0.0,1.1814874510706885,2550653.859633638
2016-08-26,8,2016,0,1,2016-17,0.9598191668501225,2.1600476584180424,2.924733823566674,668.5046758939628,0.0,0.0,0.0,0.0,850.2179532112127,682.6689385604102,0.0,1.1814874510706885,2005514.0276818885
2016-08-27,8,2016,1,1,2016-17,0.7135656010318567,3.520316350245833,4.895873870629185,411.86782098251496,0.0,0.0,0.0,0.0,668.5046758939628,686.6096226952034,0.0,1.1814874510706885,1235603.4629475449
2016-08-28,8,2016,1,1,2016-17,0.7079100923491756,2.6035094761887767,11.144471556518193,348.3238272896991,0.0,0.0,0.0,0.0,411.86782098251496,638.677932117021,0.0,1.1814874510706885,1044971.4818690973
2016-08-29,8,2016,0,1,2016-17,0.8129390100634148,2.131831146205341,23.534433501021656,381.2553680809991,0.0,0.0,0.0,0.0,348.3238272896991,566.3902586902509,0.0,1.1814874510706885,1143766.1042429972
2016-08-30,8,2016,0,1,2016-17,0.9431659992345498,1.2973350124615024,0.0,781.8799431358503,0.0,0.0,0.0,0.0,381.2553680809991,533.4477975437852,0.0,1.1814874510706885,2345639.829407551
2016-08-31,8,2016,0,1,2016-17,0.9961828387944833,1.3320076522327917,0.0,822.2944351227236,0.0,0.0,0.0,0.0,781.8799431358503,553.41615072639,0.0,1.1814874510706885,2466883.3053681706
2016-09-01,9,2016,0,1,2016-17,0.7451250673310584,2.6779478207927605,1.4470732558300163,414.65801734943017,0.0,0.0,0.0,0.0,822.2944351227236,609.1920033881377,0.0,1.1814874510706885,1243974.0520482906
2016-09-02,9,2016,0,1,2016-17,0.8782392146056406,3.97655744488467,3.0936747773328745,380.22257568301495,0.0,0.0,0.0,0.0,414.65801734943017,546.9691554078829,0.0,1.1814874510706885,1140667.7270490448
2016-09-03,9,2016,1,1,2016-17,0.8142672569893065,2.6473567593975145,0.0,524.131026924023,0.0,0.0,0.0,0.0,380.22257568301495,505.78599823489037,0.0,1.1814874510706885,1572393.080772069
2016-09-04,9,2016,1,1,2016-17,0.990974319344381,2.2311336694800996,1.933010931305175,626.6184915339754,0.0,0.0,0.0,0.0,524.131026924023,521.8235990836772,0.0,1.1814874510706885,1879855.4746019263
2016-09-05,9,2016,0,1,2016-17,0.9526356769407126,2.9226020409569844,0.0,551.4898939372179,0.0,0.0,0.0,0.0,626.6184915339754,561.5799796900025,0.0,1.1814874510706885,1654469.6818116535
2016-09-06,9,2016,0,1,2016-17,0.9514986114133414,1.8608224491348726,5.8786127565673505,583.6537066451422,0.0,0.0,0.0,0.0,551.4898939372179,585.8991976694623,0.0,1.1814874510706885,1750961.1199354264
2016-09-07,9,2016,0,1,2016-17,0.840607947938491,0.24056937040314086,12.96076664292134,628.4873267171572,0.0,0.0,0.0,0.0,583.6537066451422,557.5811638850754,0.0,1.1814874510706885,1885461.9801514717
2016-09-08,9,2016,0,1,2016-17,0.8244458507012995,2.2491872635116392,1.6702573812767032,492.4653100446869,0.0,0.0,0.0,0.0,628.4873267171572,529.8944341128515,0.0,1.1814874510706885,1477395.9301340606
2016-09-09,9,2016,0,1,2016-17,0.7820221215792118,3.830501138021521,6.767499395617747,328.83157294904095,0.0,0.0,0.0,0.0,492.4653100446869,541.0097616407453,0.0,1.1814874510706885,986494.7188471229
2016-09-10,9,2016,1,1,2016-17,0.7169126489952781,0.7012117694306386,0.0,606.8920703854949,0.0,0.0,0.0,0.0,328.83157294904095,533.6681898216062,0.0,1.1814874510706885,1820676.2111564847
2016-09-11,9,2016,1,1,2016-17,0.959416712876516,2.760019563282663,12.680895758630882,541.6159702037891,0.0,0.0,0.0,0.0,606.8920703854949,545.4911960303879,0.0,1.1814874510706885,1624847.910611367
2016-09-12,9,2016,0,1,2016-17,0.9438703027390233,0.8037347546362259,4.837939520926058,768.6968007221054,0.0,0.0,0.0,0.0,541.6159702037891,533.3479786975041,0.0,1.1814874510706885,2306090.4021663163
2016-09-13,9,2016,0,1,2016-17,0.9999153019858391,2.143310737892325,7.9390007768509445,560.0152592649526,0.0,0.0,0.0,0.0,768.6968007221054,564.377536809631,0.0,1.1814874510706885,1680045.777794858
2016-09-14,9,2016,0,1,2016-17,0.9989910511221716,0.3867057985868785,15.678783783228996,763.9038678813571,0.0,0.0,0.0,0.0,560.0152592649526,561.0006157553182,0.0,1.1814874510706885,2291711.603644071
2016-09-15,9,2016,0,1,2016-17,0.8666295116807883,1.8014837450327406,2.5866409264413477,730.0586979848395,0.0,0.0,0.0,0.0,763.9038678813571,580.3458359216324,0.0,1.1814874510706885,2190176.0939545184
2016-09-16,9,2016,0,1,2016-17,0.9306962245541531,3.0246533155809843,1.0802908747644424,548.201913302204,0.0,0.0,0.0,0.0,730.0586979848395,614.2877484845113,0.0,1.1814874510706885,1644605.739906612
2016-09-17,9,2016,1,1,2016-17,0.9834297189647284,1.3902860969559283,0.0,795.5682031990656,0.0,0.0,0.0,0.0,548.201913302204,645.6263685349633,0.0,1.1814874510706885,2386704.609597197
2016-09-18,9,2016,1,1,2016-17,0.9548942172032234,2.659646897948872,8.666139511073062,617.8723464405109,0.0,0.0,0.0,0.0,795.5682031990656,672.5801017940448,0.0,1.1814874510706885,1853617.0393215327
2016-09-19,9,2016,0,1,2016-17,0.7742044305229593,3.1817998431589167,8.841083842801915,466.3865004167968,0.0,0.0,0.0,0.0,617.8723464405109,683.4738698278621,0.0,1.1814874510706885,1399159.5012503904
2016-09-20,9,2016,0,1,2016-17,0.835163240593028,3.7087112779178106,0.0,474.5276695605584,0.0,0.0,0.0,0.0,466.3865004167968,640.286684069961,0.0,1.1814874510706885,1423583.0086816752
2016-09-21,9,2016,0,1,2016-17,0.7387478245454484,0.9385683274218142,4.5638457528325445,598.866953043053,0.0,0.0,0.0,0.0,474.5276695605584,628.0741712550474,0.0,1.1814874510706885,1796600.8591291588
2016-09-22,9,2016,0,1,2016-17,0.9862153081776167,1.5972636632372326,0.0,772.6346231484348,0.0,0.0,0.0,0.0,598.866953043053,604.4974691352897,0.0,1.1814874510706885,2317903.8694453044
2016-09-23,9,2016,0,1,2016-17,0.881852390335264,0.6096640533216697,3.8433022545280155,747.2312449181225,0.0,0.0,0.0,0.0,772.6346231484348,610.5797441586604,0.0,1.1814874510706885,2241693.7347543673
2016-09-24,9,2016,1,1,2016-17,0.7685928416510388,3.969934008633501,0.0,348.3605968861277,0.0,0.0,0.0,0.0,747.2312449181225,639.0125058180774,0.0,1.1814874510706885,1045081.7906583832
2016-09-25,9,2016,1,1,2016-17,0.901510205321757,3.7080038716971813,0.0,407.4856039595063,0.0,0.0,0.0,0.0,348.3605968861277,575.1257049162292,0.0,1.1814874510706885,1222456.811878519
2016-09-26,9,2016,0,1,2016-17,0.8854384721373687,2.1598285211222383,0.0,528.4591146884078,0.0,0.0,0.0,0.0,407.4856039595063,545.0704559903713,0.0,1.1814874510706885,1585377.3440652234
2016-09-27,9,2016,0,1,2016-17,0.8074488154098521,3.368133177505685,0.0,459.1839798395308,0.0,0.0,0.0,0.0,528.4591146884078,553.9379723148871,0.0,1.1814874510706885,1377551.9395185926
2016-09-28,9,2016,0,1,2016-17,0.7340672776598887,2.0838319090881687,7.013583354285121,508.60892635117847,0.0,0.0,0.0,0.0,459.1839798395308,551.7460166404546,0.0,1.1814874510706885,1525826.7790535353
2016-09-29,9,2016,0,1,2016-17,0.9014719586778399,2.494342752011039,0.0,537.8286224837883,0.0,0.0,0.0,0.0,508.60892635117847,538.8520128273298,0.0,1.1814874510706885,1613485.8674513649
2016-09-30,9,2016,0,1,2016-17,0.856092310271138,0.35649772846406647,2.54205524314264,768.2495607641996,0.0,0.0,0.0,0.0,537.8286224837883,505.30829844666596,0.0,1.1814874510706885,2304748.6822925988
2016-10-01,10,2016,1,0,2016-17,0.9316955175206918,3.0210816819872317,0.0,694.2123732403063,0.0,0.0,0.0,0.0,768.2495607641996,508.31091499610557,0.0,1.1814874510706885,2082637.1197209188
2016-10-02,10,2016,1,0,2016-17,0.856049050333598,0.5108539345409393,0.0,874.7547130330634,0.0,0.0,0.0,0.0,694.2123732403063,557.7183116181311,0.0,1.1814874510706885,2624264.13909919
2016-10-03,10,2016,0,0,2016-17,0.955654450095562,3.3042705210101135,0.0,664.1899604856725,0.0,0.0,0.0,0.0,874.7547130330634,624.471041485782,0.0,1.1814874510706885,1992569.8814570175
2016-10-04,10,2016,0,0,2016-17,0.8655720516323456,3.1281123506815436,0.0,555.9084302569298,0.0,0.0,0.0,0.0,664.1899604856725,643.8611623139628,0.0,1.1814874510706885,1667725.2907707894
2016-10-05,10,2016,0,0,2016-17,0.8682813914606159,2.8349787909719057,0.0,703.6322843687752,0.0,0.0,0.0,0.0,555.9084302569298,657.6789409450197,0.0,1.1814874510706885,2110896.8531063255
2016-10-06,10,2016,0,0,2016-17,0.9629960807975035,0.14464152209904846,0.0,1149.0827967329378,0.0,0.0,0.0,0.0,703.6322843687752,685.5394206618193,0.0,1.1814874510706885,3447248.3901988133
2016-10-07,10,2016,0,0,2016-17,0.8210448598637191,1.2125134237813144,0.0,797.7707094953656,0.0,0.0,0.0,0.0,1149.0827967329378,772.861445554555,0.0,1.1814874510706885,2393312.128486097
2016-10-08,10,2016,1,0,2016-17,0.7402045685351922,1.0524502796433715,0.0,632.7560807277317,0.0,0.0,0.0,0.0,797.7707094953656,777.0787525161502,0.0,1.1814874510706885,1898268.2421831952
2016-10-09,10,2016,1,0,2016-17,0.7086348028940016,1.4405456298860764,0.0,716.935186452043,0.0,0.0,0.0,0.0,632.7560807277317,768.2992821572109,0.0,1.1814874510706885,2150805.5593561293
2016-10-10,10,2016,0,0,2016-17,0.9265411767020857,0.35057098705535417,0.0,902.6735616880609,0.0,0.0,0.0,0.0,716.935186452043,745.7536355027794,0.0,1.1814874510706885,2708020.6850641826
2016-10-11,10,2016,0,0,2016-17,0.8860928654060394,3.747831292124251,0.0,548.108417156315,0.0,0.0,0.0,0.0,902.6735616880609,779.8227213888348,0.0,1.1814874510706885,1644325.251468945
2016-10-12,10,2016,0,0,2016-17,0.9112239304297671,2.215208962849505,0.0,774.5525612335498,0.0,0.0,0.0,0.0,548.108417156315,778.7084338030328,0.0,1.1814874510706885,2323657.6837006495
2016-10-13,10,2016,0,0,2016-17,0.7638892484526731,1.2220972426320942,0.0,751.4807920463561,0.0,0.0,0.0,0.0,774.5525612335498,788.8399019265719,0.0,1.1814874510706885,2254442.3761390685
2016-10-14,10,2016,0,0,2016-17,0.7409114426760309,1.5879260682971337,0.0,636.1508509616915,0.0,0.0,0.0,0.0,751.4807920463561,732.0396155427745,0.0,1.1814874510706885,1908452.5528850744
2016-10-15,10,2016,1,0,2016-17,0.7043633997003645,1.7888101620193426,0.0,626.9037466232392,0.0,0.0,0.0,0.0,636.1508509616915,708.9510643236782,0.0,1.1814874510706885,1880711.2398697175
2016-10-16,10,2016,1,0,2016-17,0.805176267641979,2.402377333442469,0.0,719.07942865408,0.0,0.0,0.0,0.0,626.9037466232392,708.1150165944651,0.0,1.1814874510706885,2157238.28596224
2016-10-17,10,2016,0,0,2016-17,0.8769753060563898,2.062717710785991,0.0,820.3482904688826,0.0,0.0,0.0,0.0,719.07942865408,708.4213369090418,0.0,1.1814874510706885,2461044.871406648
2016-10-18,10,2016,0,0,2016-17,0.8176732135299196,3.6775678928576694,0.0,643.6072535487341,0.0,0.0,0.0,0.0,820.3482904688826,696.6605838777306,0.0,1.1814874510706885,1930821.7606462024
2016-10-19,10,2016,0,0,2016-17,0.8312424766071187,1.987853931623321,0.0,845.6526928183122,0.0,0.0,0.0,0.0,643.6072535487341,710.3032747909334,0.0,1.1814874510706885,2536958.0784549364
2016-10-20,10,2016,0,0,2016-17,0.9712476083481245,3.9686320592932507,0.0,695.523597573751,0.0,0.0,0.0,0.0,845.6526928183122,720.4604364458994,0.0,1.1814874510706885,2086570.792721253
2016-10-21,10,2016,0,0,2016-17,0.80447664010699,3.405699830980383,0.0,577.1055900905246,0.0,0.0,0.0,0.0,695.523597573751,712.4665515212415,0.0,1.1814874510706885,1731316.770271574
2016-10-22,10,2016,1,0,2016-17,0.8541968467479433,0.8340420574293432,0.0,917.2211566211263,0.0,0.0,0.0,0.0,577.1055900905246,704.031514253932,0.0,1.1814874510706885,2751663.469863379
2016-10-23,10,2016,1,0,2016-17,0.935095903822343,3.722380858575665,0.0,677.8256788164927,0.0,0.0,0.0,0.0,917.2211566211263,745.5054299679158,0.0,1.1814874510706885,2033477.036449478
2016-10-24,10,2016,0,0,2016-17,0.818962834696381,0.46546559154190437,0.0,895.2793780698437,0.0,0.0,0.0,0.0,677.8256788164927,739.6120371339748,0.0,1.1814874510706885,2685838.134209531
2016-10-25,10,2016,0,0,2016-17,0.8866260100683621,3.2697988339647663,0.0,672.5224582087272,0.0,0.0,0.0,0.0,895.2793780698437,750.3164782198264,0.0,1.1814874510706885,2017567.3746261818
2016-10-26,10,2016,0,0,2016-17,0.9587091126240235,1.5224931739063203,0.0,851.9484381278982,0.0,0.0,0.0,0.0,672.5224582087272,754.4472217426825,0.0,1.1814874510706885,2555845.3143836944
2016-10-27,10,2016,0,0,2016-17,0.9848561870972926,3.511897281780278,0.0,652.5347472223456,0.0,0.0,0.0,0.0,851.9484381278982,755.3466139297662,0.0,1.1814874510706885,1957604.2416670367
2016-10-28,10,2016,0,0,2016-17,0.7441220442787113,3.4722267604298014,0.0,534.050676465258,0.0,0.0,0.0,0.0,652.5347472223456,749.2053495938511,0.0,1.1814874510706885,1602152.029395774
2016-10-29,10,2016,1,0,2016-17,0.9779762875484483,3.2237016004704846,0.0,744.2341369563392,0.0,0.0,0.0,0.0,534.050676465258,743.0546476473845,0.0,1.1814874510706885,2232702.4108690177
2016-10-30,10,2016,1,0,2016-17,0.8476348879238614,3.1601217452282455,0.0,606.1360227788873,0.0,0.0,0.0,0.0,744.2341369563392,718.3422162667006,0.0,1.1814874510706885,1818408.068336662
2016-10-31,10,2016,0,0,2016-17,0.7774733164896874,1.2187165563921631,0.0,781.7006738223843,0.0,0.0,0.0,0.0,606.1360227788873,708.100836832757,0.0,1.1814874510706885,2345102.021467153
2016-11-01,11,2016,0,0,2016-17,0.8377407268714784,0.3236771322050087,0.0,1015.7758536425665,0.0,0.0,0.0,0.0,781.7006738223843,691.8753076545485,0.0,1.1814874510706885,3047327.5609276993
2016-11-02,11,2016,0,0,2016-17,0.9940097725856432,1.6119207150606458,0.0,829.0968867153854,0.0,0.0,0.0,0.0,1015.7758536425665,740.9115070022399,0.0,1.1814874510706885,2487290.6601461563
2016-11-03,11,2016,0,0,2016-17,0.8477854281978608,0.6940980599460347,0.0,908.485714554772,0.0,0.0,0.0,0.0,829.0968867153854,737.6469996575952,0.0,1.1814874510706885,2725457.1436643163
2016-11-04,11,2016,0,0,2016-17,0.7986254830862525,2.779804355609847,0.0,636.7033579297788,0.0,0.0,0.0,0.0,908.485714554772,774.2114235622275,0.0,1.1814874510706885,1910110.0737893365
2016-11-05,11,2016,1,0,2016-17,0.8900202562950177,1.3843989061511421,0.0,876.5971535668607,0.0,0.0,0.0,0.0,636.7033579297788,788.8760923428734,0.0,1.1814874510706885,2629791.4607005822
2016-11-06,11,2016,1,0,2016-17,0.7720436856334579,3.9024408034396596,0.0,498.8823266824962,0.0,0.0,0.0,0.0,876.5971535668607,807.785094715805,0.0,1.1814874510706885,1496646.9800474886
2016-11-07,11,2016,0,0,2016-17,0.7227589984325992,2.563888309381328,0.0,588.7546102762324,0.0,0.0,0.0,0.0,498.8823266824962,792.4631381306062,0.0,1.1814874510706885,1766263.8308286972
2016-11-08,11,2016,0,0,2016-17,0.7386639165731947,3.289922254537444,0.0,557.6322003345379,0.0,0.0,0.0,0.0,588.7546102762324,764.8994147668702,0.0,1.1814874510706885,1672896.6010036136
2016-11-09,11,2016,0,0,2016-17,0.7384137516873317,0.5300986909673937,0.0,759.8233433573968,0.0,0.0,0.0,0.0,557.6322003345379,699.4503214371518,0.0,1.1814874510706885,2279470.0300721903
2016-11-10,11,2016,0,0,2016-17,0.7455708080536882,3.4480579290904902,0.0,458.06324023114246,0.0,0.0,0.0,0.0,759.8233433573968,689.5541009574392,0.0,1.1814874510706885,1374189.7206934274
2016-11-11,11,2016,0,0,2016-17,0.741648151794823,3.6910287620535773,0.0,506.6400049772162,0.0,0.0,0.0,0.0,458.06324023114246,625.2080331969207,0.0,1.1814874510706885,1519920.0149316487
2016-11-12,11,2016,1,0,2016-17,0.8922624234409644,1.9482476752757436,0.0,719.1963209880191,0.0,0.0,0.0,0.0,506.6400049772162,606.6275542036975,0.0,1.1814874510706885,2157588.9629640575
2016-11-13,11,2016,1,0,2016-17,0.7545640253197434,2.4250117510039098,0.0,671.0375891315832,0.0,0.0,0.0,0.0,719.1963209880191,584.1417209781488,0.0,1.1814874510706885,2013112.7673947497
2016-11-14,11,2016,0,0,2016-17,0.8037001849971589,3.0592392036119818,0.0,515.9062742388351,0.0,0.0,0.0,0.0,671.0375891315832,608.7353298994468,0.0,1.1814874510706885,1547718.8227165053
2016-11-15,11,2016,0,0,2016-17,0.9690365229718035,0.6993545090416502,0.0,1058.0165517922846,0.0,0.0,0.0,0.0,515.9062742388351,598.3284247512473,0.0,1.1814874510706885,3174049.655376854
2016-11-16,11,2016,0,0,2016-17,0.8421884920788617,2.0102643058537697,0.0,771.1238781235484,0.0,0.0,0.0,0.0,1058.0165517922846,669.8119035309254,0.0,1.1814874510706885,2313371.634370645
2016-11-17,11,2016,0,0,2016-17,0.9002673215563082,1.5946521110892524,0.0,864.4219094653715,0.0,0.0,0.0,0.0,771.1238781235484,671.4262656403755,0.0,1.1814874510706885,2593265.7283961144
2016-11-18,11,2016,0,0,2016-17,0.7516959613604889,0.5854959686489964,0.0,665.7380118953458,0.0,0.0,0.0,0.0,864.4219094653715,729.4775041024084,0.0,1.1814874510706885,1997214.0356860375
2016-11-19,11,2016,1,0,2016-17,0.7576867056426012,1.4701376891661257,0.0,699.4957112371702,0.0,0.0,0.0,0.0,665.7380118953458,752.2057908049982,0.0,1.1814874510706885,2098487.133711511
2016-11-20,11,2016,1,0,2016-17,0.7122605848799436,0.27268923754197427,0.0,833.4829162835308,0.0,0.0,0.0,0.0,699.4957112371702,749.3914179834484,0.0,1.1814874510706885,2500448.7488505924
2016-11-21,11,2016,0,0,2016-17,0.7506805189216493,0.10324762779794794,0.0,796.2611211317525,0.0,0.0,0.0,0.0,833.4829162835308,772.5978932908695,0.0,1.1814874510706885,2388783.3633952574
2016-11-22,11,2016,0,0,2016-17,0.7835771017095876,0.540665156619291,0.0,763.2881025535404,0.0,0.0,0.0,0.0,796.2611211317525,812.6485857041434,0.0,1.1814874510706885,2289864.307660621
2016-11-23,11,2016,0,0,2016-17,0.753103145283024,3.8524604463566954,0.0,478.8004968504911,0.0,0.0,0.0,0.0,763.2881025535404,770.54452152718,0.0,1.1814874510706885,1436401.490551473
2016-11-24,11,2016,0,0,2016-17,0.7266107601271167,2.198118143580068,0.0,625.7697604431262,0.0,0.0,0.0,0.0,478.8004968504911,728.7840384881717,0.0,1.1814874510706885,1877309.2813293785
2016-11-25,11,2016,0,0,2016-17,0.7361907613301802,3.86328864461288,0.0,454.44717887589906,0.0,0.0,0.0,0.0,625.7697604431262,694.6908743421367,0.0,1.1814874510706885,1363341.536627697
2016-11-26,11,2016,1,0,2016-17,0.8382336304098177,1.729991513320528,0.0,838.3633323349247,0.0,0.0,0.0,0.0,454.44717887589906,664.5064696250728,0.0,1.1814874510706885,2515089.9970047744
2016-11-27,11,2016,1,0,2016-17,0.7619001155217378,1.2472645323410383,0.0,737.0002840768541,0.0,0.0,0.0,0.0,838.3633323349247,684.3447012104664,0.0,1.1814874510706885,2211000.8522305624
2016-11-28,11,2016,0,0,2016-17,0.8092809583144226,2.0245674513609764,0.0,685.9378814818458,0.0,0.0,0.0,0.0,737.0002840768541,670.5614680380841,0.0,1.1814874510706885,2057813.6444455374
2016-11-29,11,2016,0,0,2016-17,0.8510251812564571,1.7580467545316405,0.0,706.6892118981642,0.0,0.0,0.0,0.0,685.9378814818458,654.8010052309545,0.0,1.1814874510706885,2120067.6356944926
2016-11-30,11,2016,0,0,2016-17,0.9071184485888095,0.42265873704697565,0.0,991.7184842945602,0.0,0.0,0.0,0.0,706.6892118981642,646.7154494230435,0.0,1.1814874510706885,2975155.452883681
2016-12-01,12,2016,0,0,2016-17,0.7117936419523296,2.563305258760825,0.0,613.4907490444663,0.0,0.0,0.0,0.0,991.7184842945602,719.9894476293392,0.0,1.1814874510706885,1840472.247133399
2016-12-02,12,2016,0,0,2016-17,0.9398231196727128,0.8641527300383984,0.0,909.534706459225,0.0,0.0,0.0,0.0,613.4907490444663,718.2353031438163,0.0,1.1814874510706885,2728604.119377675
2016-12-03,12,2016,1,0,2016-17,0.8883701168472723,2.4783518195913183,0.0,617.8904864127816,0.0,0.0,0.0,0.0,909.534706459225,783.2478070842915,0.0,1.1814874510706885,1853671.4592383448
2016-12-04,12,2016,1,0,2016-17,0.7245277095846615,2.6008043695926135,0.0,618.1637250868156,0.0,0.0,0.0,0.0,617.8904864127816,751.751686238271,0.0,1.1814874510706885,1854491.1752604467
2016-12-05,12,2016,0,0,2016-17,0.9620735872320332,0.6080994125145924,0.0,993.0835169559316,0.0,0.0,0.0,0.0,618.1637250868156,734.7750349539799,0.0,1.1814874510706885,2979250.550867795
2016-12-06,12,2016,0,0,2016-17,0.9762617201595439,0.24539850844267264,0.0,1076.2392004814496,0.0,0.0,0.0,0.0,993.0835169559316,778.6529828788492,0.0,1.1814874510706885,3228717.601444349
2016-12-07,12,2016,0,0,2016-17,0.7183233879564591,3.1230463442737593,0.0,657.2727833527048,0.0,0.0,0.0,0.0,1076.2392004814496,831.4458383907471,0.0,1.1814874510706885,1971818.3500581144
2016-12-08,12,2016,0,0,2016-17,0.7830632944441611,1.8392016950772807,0.0,708.1959669259904,0.0,0.0,0.0,0.0,657.2727833527048,783.6678811133391,0.0,1.1814874510706885,2124587.9007779714
2016-12-09,12,2016,0,0,2016-17,0.9418603839379184,0.23265518202190316,0.0,993.1121733128333,0.0,0.0,0.0,0.0,708.1959669259904,797.1971979535571,0.0,1.1814874510706885,2979336.5199385
2016-12-10,12,2016,1,0,2016-17,0.9244779071150975,3.9794652686790686,0.0,554.4058226173513,0.0,0.0,0.0,0.0,993.1121733128333,809.136836075501,0.0,1.1814874510706885,1663217.467852054
2016-12-11,12,2016,1,0,2016-17,0.7553563058069132,0.23112224398546655,0.0,802.1222844400058,0.0,0.0,0.0,0.0,554.4058226173513,800.0675983904395,0.0,1.1814874510706885,2406366.8533200175
2016-12-12,12,2016,0,0,2016-17,0.762804797001013,2.7801409154342127,0.0,620.5323492462448,0.0,0.0,0.0,0.0,802.1222844400058,826.3473925837525,0.0,1.1814874510706885,1861597.0477387346
2016-12-13,12,2016,0,0,2016-17,0.8111416308374145,3.9347157010536544,0.0,549.3270663156777,0.0,0.0,0.0,0.0,620.5323492462448,773.1257971966543,0.0,1.1814874510706885,1647981.1989470331
2016-12-14,12,2016,0,0,2016-17,0.8453568955573063,0.9567204168637025,0.0,944.6896467565671,0.0,0.0,0.0,0.0,549.3270663156777,697.8526351729727,0.0,1.1814874510706885,2834068.940269701
2016-12-15,12,2016,0,0,2016-17,0.8854764314590888,0.5689974747487847,0.0,955.1223202074355,0.0,0.0,0.0,0.0,944.6896467565671,738.91218708781,0.0,1.1814874510706885,2865366.9606223064
2016-12-16,12,2016,0,0,2016-17,0.8106740918709316,0.4855397576897156,0.0,849.0932221288834,0.0,0.0,0.0,0.0,955.1223202074355,774.1873804137307,0.0,1.1814874510706885,2547279.6663866504
2016-12-17,12,2016,1,0,2016-17,0.8387604148399443,1.2131005902703822,0.0,779.2506498368851,0.0,0.0,0.0,0.0,849.0932221288834,753.6132445303094,0.0,1.1814874510706885,2337751.9495106554
2016-12-18,12,2016,1,0,2016-17,0.924241281440127,0.40418324404258676,0.0,999.7344188297453,0.0,0.0,0.0,0.0,779.2506498368851,785.7339341330999,0.0,1.1814874510706885,2999203.256489236
2016-12-19,12,2016,0,0,2016-17,0.7110049608671793,2.7686453667765276,0.0,520.6268457315186,0.0,0.0,0.0,0.0,999.7344188297453,813.96423904592,0.0,1.1814874510706885,1561880.5371945559
2016-12-20,12,2016,0,0,2016-17,0.7757310833032062,0.24916719252025077,0.0,850.0053865834324,0.0,0.0,0.0,0.0,520.6268457315186,799.6920242581018,0.0,1.1814874510706885,2550016.159750297
2016-12-21,12,2016,0,0,2016-17,0.9140048757653657,2.037688512599159,0.0,835.274973428775,0.0,0.0,0.0,0.0,850.0053865834324,842.6460700106381,0.0,1.1814874510706885,2505824.920286325
2016-12-22,12,2016,0,0,2016-17,0.9685620513061598,3.986787415411907,0.0,634.7819441857754,0.0,0.0,0.0,0.0,835.274973428775,827.0154023923822,0.0,1.1814874510706885,1904345.8325573262
2016-12-23,12,2016,0,0,2016-17,0.8535032326346998,3.2558810780240752,0.0,604.2464397628246,0.0,0.0,0.0,0.0,634.7819441857754,781.252491532145,0.0,1.1814874510706885,1812739.3192884738
2016-12-24,12,2016,1,0,2016-17,0.8596340455795947,2.4608777529240435,0.0,598.3887142154426,0.0,0.0,0.0,0.0,604.2464397628246,746.2743797655651,0.0,1.1814874510706885,1795166.1426463278
2016-12-25,12,2016,1,0,2016-17,0.7321516034019327,1.2250144831464467,0.0,776.9979039686131,0.0,0.0,0.0,0.0,598.3887142154426,720.4369603910734,0.0,1.1814874510706885,2330993.7119058394
2016-12-26,12,2016,0,0,2016-17,0.8342237100470364,2.495583345166554,0.0,717.6363667339464,0.0,0.0,0.0,0.0,776.9979039686131,688.6174582680545,0.0,1.1814874510706885,2152909.100201839
2016-12-27,12,2016,0,0,2016-17,0.8597851799365069,2.1081658556466065,0.0,777.2813821590258,0.0,0.0,0.0,0.0,717.6363667339464,716.7616755541156,0.0,1.1814874510706885,2331844.1464770776
2016-12-28,12,2016,0,0,2016-17,0.7727411510904189,1.704333535561486,0.0,625.2071788315789,0.0,0.0,0.0,0.0,777.2813821590258,706.3725320649146,0.0,1.1814874510706885,1875621.5364947366
2016-12-29,12,2016,0,0,2016-17,0.7807729692848142,0.5228415069607979,0.0,898.368441438148,0.0,0.0,0.0,0.0,625.2071788315789,676.3628471224581,0.0,1.1814874510706885,2695105.324314444
2016-12-30,12,2016,0,0,2016-17,0.8131852489313868,3.546416860961867,0.0,556.9778270260103,0.0,0.0,0.0,0.0,898.368441438148,714.0180610156541,0.0,1.1814874510706885,1670933.481078031
2016-12-31,12,2016,1,0,2016-17,0.7060213593333179,1.79913859528529,0.0,626.9683919338413,0.0,0.0,0.0,0.0,556.9778270260103,707.265402053252,0.0,1.1814874510706885,1880905.175801524
2017-01-01,1,2017,1,0,2016-17,0.7966237496749534,0.7784900472830603,0.0,756.4408412433884,0.0,0.0,0.0,0.0,626.9683919338413,711.3482131558804,0.0,1.1814874510706885,2269322.5237301653
2017-01-02,1,2017,0,0,2016-17,0.7634344020989634,1.4710374035091585,0.0,623.8860630105737,0.0,0.0,0.0,0.0,756.4408412433884,708.4114899094199,0.0,1.1814874510706885,1871658.189031721
2017-01-03,1,2017,0,0,2016-17,0.7982492056533743,1.6565190101157081,0.0,803.9077885310812,0.0,0.0,0.0,0.0,623.8860630105737,695.0185893775094,0.0,1.1814874510706885,2411723.365593244
2017-01-04,1,2017,0,0,2016-17,0.7359286395457754,3.310151582267497,0.0,618.1910858223986,0.0,0.0,0.0,0.0,803.9077885310812,698.8223617163746,0.0,1.1814874510706885,1854573.2574671956
2017-01-05,1,2017,0,0,2016-17,0.9671581842219685,2.934457522245608,0.0,749.7001308887204,0.0,0.0,0.0,0.0,618.1910858223986,697.820062715063,0.0,1.1814874510706885,2249100.392666161
2017-01-06,1,2017,0,0,2016-17,0.8780777360662146,3.077219574565359,0.0,637.3477139939783,0.0,0.0,0.0,0.0,749.7001308887204,676.5817326365734,0.0,1.1814874510706885,1912043.1419819351
2017-01-07,1,2017,1,0,2016-17,0.9037306957433469,0.044125057714588856,0.0,978.2699307273017,0.0,0.0,0.0,0.0,637.3477139939783,688.0631450605688,0.0,1.1814874510706885,2934809.792181905
2017-01-08,1,2017,1,0,2016-17,0.9367513715822015,1.664615992719046,0.0,847.7215782132758,0.0,0.0,0.0,0.0,978.2699307273017,738.2490791739203,0.0,1.1814874510706885,2543164.7346398276
2017-01-09,1,2017,0,0,2016-17,0.8495326596787172,1.9253766065412945,0.0,695.1715630731157,0.0,0.0,0.0,0.0,847.7215782132758,751.2891844553327,0.0,1.1814874510706885,2085514.6892193472
2017-01-10,1,2017,0,0,2016-17,0.7260760864262271,0.07676910729222675,0.0,783.9227110743723,0.0,0.0,0.0,0.0,695.1715630731157,761.4728273214103,0.0,1.1814874510706885,2351768.133223117
2017-01-11,1,2017,0,0,2016-17,0.8611319625455643,1.0392528349801369,0.0,865.4416629941229,0.0,0.0,0.0,0.0,783.9227110743723,758.6178162561662,0.0,1.1814874510706885,2596324.9889823687
2017-01-12,1,2017,0,0,2016-17,0.8760523354062637,3.04115929248854,0.0,733.5587988387097,0.0,0.0,0.0,0.0,865.4416629941229,793.9393272806982,0.0,1.1814874510706885,2200676.396516129
2017-01-13,1,2017,0,0,2016-17,0.9236318422552989,0.5484388229159962,0.0,970.2714702612193,0.0,0.0,0.0,0.0,733.5587988387097,791.6334227021252,0.0,1.1814874510706885,2910814.410783658
2017-01-14,1,2017,1,0,2016-17,0.8294978638689038,2.1412405258103666,0.0,636.414995494627,0.0,0.0,0.0,0.0,970.2714702612193,839.1939593117311,0.0,1.1814874510706885,1909244.9864838808
2017-01-15,1,2017,1,0,2016-17,0.7382740908386691,0.86080748806895,0.0,768.942545189578,0.0,0.0,0.0,0.0,636.414995494627,790.3575399927776,0.0,1.1814874510706885,2306827.6355687343
2017-01-16,1,2017,0,0,2016-17,0.7851327717396173,0.04848309857557309,0.0,853.4877408987394,0.0,0.0,0.0,0.0,768.942545189578,779.1033924179636,0.0,1.1814874510706885,2560463.222696218
2017-01-17,1,2017,0,0,2016-17,0.8089246889195905,0.9648058303981659,0.0,887.7702713758041,0.0,0.0,0.0,0.0,853.4877408987394,801.7199892501956,0.0,1.1814874510706885,2663310.814127412
2017-01-18,1,2017,0,0,2016-17,0.8937751723994803,3.903495019640215,0.0,684.5000204997673,0.0,0.0,0.0,0.0,887.7702713758041,816.555355007543,0.0,1.1814874510706885,2053500.0614993018
2017-01-19,1,2017,0,0,2016-17,0.8712334914006735,3.2061484475319584,0.0,738.6529729233664,0.0,0.0,0.0,0.0,684.5000204997673,790.7065489369206,0.0,1.1814874510706885,2215958.918770099
2017-01-20,1,2017,0,0,2016-17,0.8068290177693538,3.8383065772841336,0.0,520.9171586807546,0.0,0.0,0.0,0.0,738.6529729233664,791.4342880918715,0.0,1.1814874510706885,1562751.4760422637
2017-01-21,1,2017,1,0,2016-17,0.9959545746378939,1.9514161757054498,0.0,1000.7078191535231,0.0,0.0,0.0,0.0,520.9171586807546,727.2408150089481,0.0,1.1814874510706885,3002123.457460569
2017-01-22,1,2017,1,0,2016-17,0.8817324458070661,0.438944794710014,0.0,955.7098657144135,0.0,0.0,0.0,0.0,1000.7078191535231,779.2826469602189,0.0,1.1814874510706885,2867129.5971432403
2017-01-23,1,2017,0,0,2016-17,0.7711680375207983,2.191837955894772,0.0,759.0133987856485,0.0,0.0,0.0,0.0,955.7098657144135,805.9636927494812,0.0,1.1814874510706885,2277040.1963569457
2017-01-24,1,2017,0,0,2016-17,0.7305347417861211,1.8175093382398435,0.0,635.9303035629162,0.0,0.0,0.0,0.0,759.0133987856485,792.4673581618969,0.0,1.1814874510706885,1907790.9106887484
2017-01-25,1,2017,0,0,2016-17,0.7458577417552996,3.377428330958464,0.0,531.9736344751819,0.0,0.0,0.0,0.0,635.9303035629162,756.4902199029128,0.0,1.1814874510706885,1595920.903425546
2017-01-26,1,2017,0,0,2016-17,0.7737873185153524,0.39233032313697835,0.0,840.8286094315688,0.0,0.0,0.0,0.0,531.9736344751819,734.7007361851148,0.0,1.1814874510706885,2522485.8282947065
2017-01-27,1,2017,0,0,2016-17,0.7482044119778667,1.9529645480871127,0.0,677.07408015383,0.0,0.0,0.0,0.0,840.8286094315688,749.2972556862867,0.0,1.1814874510706885,2031222.24046149
2017-01-28,1,2017,1,0,2016-17,0.7559701072153917,0.600194658775937,0.0,858.8273645213342,0.0,0.0,0.0,0.0,677.07408015383,771.6053873252974,0.0,1.1814874510706885,2576482.0935640023
2017-01-29,1,2017,1,0,2016-17,0.7855285506081541,1.29870370756024,0.0,746.181792482877,0.0,0.0,0.0,0.0,858.8273645213342,751.3367509492704,0.0,1.1814874510706885,2238545.377448631
2017-01-30,1,2017,0,0,2016-17,0.7520120785884264,2.9494283095511986,0.0,653.4923342257861,0.0,0.0,0.0,0.0,746.181792482877,721.4041690590509,0.0,1.1814874510706885,1960477.0026773582
2017-01-31,1,2017,0,0,2016-17,0.9690296273879275,1.9040725174750661,0.0,911.9040364563714,0.0,0.0,0.0,0.0,653.4923342257861,706.3297312647848,0.0,1.1814874510706885,2735712.109369114
2017-02-01,2,2017,0,0,2016-17,0.7240701236984927,1.5035531405830773,0.0,671.3615397990617,0.0,0.0,0.0,0.0,911.9040364563714,745.7545502495642,0.0,1.1814874510706885,2014084.619397185
2017-02-02,2,2017,0,0,2016-17,0.8573534168710764,1.5779051142801412,0.0,838.2458679571821,0.0,0.0,0.0,0.0,671.3615397990617,765.6671081529756,0.0,1.1814874510706885,2514737.603871546
2017-02-03,2,2017,0,0,2016-17,0.8231190480968984,1.8377870736239466,0.0,719.8383480686774,0.0,0.0,0.0,0.0,838.2458679571821,765.298145085206,0.0,1.1814874510706885,2159515.044206032
2017-02-04,2,2017,1,0,2016-17,0.9947135850725819,3.1400661753482275,0.0,888.3006447283454,0.0,0.0,0.0,0.0,719.8383480686774,771.4073262158985,0.0,1.1814874510706885,2664901.9341850365
2017-02-05,2,2017,1,0,2016-17,0.7336116706504157,3.5683387557609376,0.0,376.05045610309406,0.0,0.0,0.0,0.0,888.3006447283454,775.6177948169001,0.0,1.1814874510706885,1128151.3683092822
2017-02-06,2,2017,0,0,2016-17,0.8193566797137225,3.821338746015713,0.0,599.5837995284395,0.0,0.0,0.0,0.0,376.05045610309406,722.7418896197881,0.0,1.1814874510706885,1798751.3985853186
2017-02-07,2,2017,0,0,2016-17,0.9908411299826106,3.1476135450211804,0.0,656.0361310216565,0.0,0.0,0.0,0.0,599.5837995284395,715.0406703773103,0.0,1.1814874510706885,1968108.3930649695
2017-02-08,2,2017,0,0,2016-17,0.9596521377681941,1.261627582992051,0.0,918.751506156534,0.0,0.0,0.0,0.0,656.0361310216565,678.4881124580653,0.0,1.1814874510706885,2756254.518469602
2017-02-09,2,2017,0,0,2016-17,0.9451216212847839,2.7525388243461686,0.0,755.9408514836898,0.0,0.0,0.0,0.0,918.751506156534,713.8295362234185,0.0,1.1814874510706885,2267822.5544510693
2017-02-10,2,2017,0,0,2016-17,0.7773708481134819,1.7504124962215677,0.0,795.9069009669872,0.0,0.0,0.0,0.0,755.9408514836898,702.0716767272052,0.0,1.1814874510706885,2387720.7029009615
2017-02-11,2,2017,1,0,2016-17,0.7512662762170197,1.0186824881842047,0.0,710.8922812923262,0.0,0.0,0.0,0.0,795.9069009669872,712.9386128555352,0.0,1.1814874510706885,2132676.8438769784
2017-02-12,2,2017,1,0,2016-17,0.9005929659773293,3.3634863177036904,0.0,736.3813877390211,0.0,0.0,0.0,0.0,710.8922812923262,687.594560936104,0.0,1.1814874510706885,2209144.163217063
2017-02-13,2,2017,0,0,2016-17,0.9788127967382758,0.15370539584929999,0.0,1004.8523136394963,0.0,0.0,0.0,0.0,736.3813877390211,739.0704083126649,0.0,1.1814874510706885,3014556.940918489
2017-02-14,2,2017,0,0,2016-17,0.8670288679041789,3.607047968541694,0.0,690.3387321584578,0.0,0.0,0.0,0.0,1004.8523136394963,796.9659103285302,0.0,1.1814874510706885,2071016.1964753733
2017-02-15,2,2017,0,0,2016-17,0.8714838068409699,1.8459098584989366,0.0,762.8325221924682,0.0,0.0,0.0,0.0,690.3387321584578,801.8662819195017,0.0,1.1814874510706885,2288497.5665774047
2017-02-16,2,2017,0,0,2016-17,0.7839937280980852,2.5488059072331217,0.0,652.8242438092793,0.0,0.0,0.0,0.0,762.8325221924682,779.5921413532067,0.0,1.1814874510706885,1958472.7314278379
2017-02-17,2,2017,0,0,2016-17,0.930847879957581,2.637415688823131,0.0,742.4286636895021,0.0,0.0,0.0,0.0,652.8242438092793,764.8611973997195,0.0,1.1814874510706885,2227285.991068506
2017-02-18,2,2017,1,0,2016-17,0.756113124567257,3.5804709628261455,0.0,610.2531418693522,0.0,0.0,0.0,0.0,742.4286636895021,757.2214492172216,0.0,1.1814874510706885,1830759.4256080568
2017-02-19,2,2017,1,0,2016-17,0.797103770921273,2.5466787286688293,0.0,720.1826176217991,0.0,0.0,0.0,0.0,610.2531418693522,742.8444292996539,0.0,1.1814874510706885,2160547.852865397
2017-02-20,2,2017,0,0,2016-17,0.8276309315849251,2.455734339040247,0.0,718.0368273461803,0.0,0.0,0.0,0.0,720.1826176217991,740.530319282908,0.0,1.1814874510706885,2154110.4820385408
2017-02-21,2,2017,0,0,2016-17,0.8522831136053365,0.26660816224275985,0.0,857.3051927424897,0.0,0.0,0.0,0.0,718.0368273461803,699.5566783838627,0.0,1.1814874510706885,2571915.578227469
2017-02-22,2,2017,0,0,2016-17,0.772722919724524,2.0736320877808163,0.0,640.4936853208783,0.0,0.0,0.0,0.0,857.3051927424897,723.4090298958672,0.0,1.1814874510706885,1921481.0559626347
2017-02-23,2,2017,0,0,2016-17,0.734451047421761,0.6006760032681666,0.0,709.5341093546418,0.0,0.0,0.0,0.0,640.4936853208783,705.9320531999258,0.0,1.1814874510706885,2128602.3280639253
2017-02-24,2,2017,0,0,2016-17,0.8831860127324898,2.9497350748859423,0.0,566.6699800976509,0.0,0.0,0.0,0.0,709.5341093546418,714.033462563549,0.0,1.1814874510706885,1700009.9402929526
2017-02-25,2,2017,1,0,2016-17,0.7865891659720767,2.048887683250698,0.0,764.6019621559367,0.0,0.0,0.0,0.0,566.6699800976509,688.9250791932845,0.0,1.1814874510706885,2293805.8864678103
2017-02-26,2,2017,1,0,2016-17,0.8743714664267837,2.7209111168334132,0.0,688.6181666013434,0.0,0.0,0.0,0.0,764.6019621559367,710.9749106627967,0.0,1.1814874510706885,2065854.4998040304
2017-02-27,2,2017,0,0,2016-17,0.7463088145822606,0.16669160240953707,0.0,796.1992120207026,0.0,0.0,0.0,0.0,688.6181666013434,706.4657033741603,0.0,1.1814874510706885,2388597.636062108
2017-02-28,2,2017,0,0,2016-17,0.8443420305564452,0.3391680641832129,0.0,988.9522601611761,0.0,0.0,0.0,0.0,796.1992120207026,717.6317583276633,0.0,1.1814874510706885,2966856.7804835285
2017-03-01,3,2017,0,0,2016-17,0.8597768297654758,2.865293552250729,0.0,654.8070457750038,0.0,0.0,0.0,0.0,988.9522601611761,736.4384822446185,0.0,1.1814874510706885,1964421.1373250112
2017-03-02,3,2017,0,0,2016-17,0.715547061046728,0.28833734399469346,0.0,725.0663325074223,0.0,0.0,0.0,0.0,654.8070457750038,738.4832480237793,0.0,1.1814874510706885,2175198.997522267
2017-03-03,3,2017,0,0,2016-17,0.8009812834581761,0.2850269110610344,0.0,851.6933243181065,0.0,0.0,0.0,0.0,725.0663325074223,740.7021370456051,0.0,1.1814874510706885,2555079.97295432
2017-03-04,3,2017,1,0,2016-17,0.7403244030816922,0.0484339009395498,0.0,755.288349406548,0.0,0.0,0.0,0.0,851.6933243181065,781.4197576485274,0.0,1.1814874510706885,2265865.048219644
2017-03-05,3,2017,1,0,2016-17,0.7190124911418303,3.8260055931979204,0.0,512.1125147854563,0.0,0.0,0.0,0.0,755.288349406548,780.0892415414718,0.0,1.1814874510706885,1536337.5443563687
2017-03-06,3,2017,0,0,2016-17,0.9969880697169835,2.950033437836028,0.0,759.8247985400192,0.0,0.0,0.0,0.0,512.1125147854563,754.8741484249165,0.0,1.1814874510706885,2279474.3956200574
2017-03-07,3,2017,0,0,2016-17,0.7967061534924169,1.4130056340082566,0.0,731.591829186867,0.0,0.0,0.0,0.0,759.8247985400192,749.6778036419618,0.0,1.1814874510706885,2194775.487560601
2017-03-08,3,2017,0,0,2016-17,0.9429623337563904,1.186142325150621,0.0,890.0122128569626,0.0,0.0,0.0,0.0,731.591829186867,712.9120277884891,0.0,1.1814874510706885,2670036.638570888
2017-03-09,3,2017,0,0,2016-17,0.7763921964291292,1.3988129189833982,0.0,735.7128704533143,0.0,0.0,0.0,0.0,890.0122128569626,746.5127659430545,0.0,1.1814874510706885,2207138.6113599427
2017-03-10,3,2017,0,0,2016-17,0.9044508166671787,3.0986141247247274,0.0,697.8344561096235,0.0,0.0,0.0,0.0,735.7128704533143,748.0336999353249,0.0,1.1814874510706885,2093503.3683288705
2017-03-11,3,2017,1,0,2016-17,0.928068357966906,2.6454824442816576,0.0,729.1299637660335,0.0,0.0,0.0,0.0,697.8344561096235,726.0538616198272,0.0,1.1814874510706885,2187389.8912981004
2017-03-12,3,2017,1,0,2016-17,0.8786916221823533,0.7407822714698717,0.0,883.6187827876585,0.0,0.0,0.0,0.0,729.1299637660335,722.3169493854681,0.0,1.1814874510706885,2650856.3483629753
2017-03-13,3,2017,0,0,2016-17,0.8414728565650476,0.6964373413363374,0.0,864.8860838812856,0.0,0.0,0.0,0.0,883.6187827876585,775.3892733857826,0.0,1.1814874510706885,2594658.2516438565
2017-03-14,3,2017,0,0,2016-17,0.8235522742441805,0.39358259885358926,0.0,868.4669066338913,0.0,0.0,0.0,0.0,864.8860838812856,790.398028434535,0.0,1.1814874510706885,2605400.719901674
2017-03-15,3,2017,0,0,2016-17,0.8046604799628986,2.6412108788053525,0.0,659.316283272998,0.0,0.0,0.0,0.0,868.4669066338913,809.9516109269671,0.0,1.1814874510706885,1977948.849818994
2017-03-16,3,2017,0,0,2016-17,0.9788587432743477,3.0574906488869438,0.0,717.1241915070295,0.0,0.0,0.0,0.0,659.316283272998,776.9950495578292,0.0,1.1814874510706885,2151372.5745210885
2017-03-17,3,2017,0,0,2016-17,0.9491858223363188,1.060185713300016,0.0,998.1413483518874,0.0,0.0,0.0,0.0,717.1241915070295,774.3395239940744,0.0,1.1814874510706885,2994424.0450556623
2017-03-18,3,2017,1,0,2016-17,0.9895080731999537,0.08377984412365125,0.0,1095.0645553949198,0.0,0.0,0.0,0.0,998.1413483518874,817.240508600112,0.0,1.1814874510706885,3285193.6661847592
2017-03-19,3,2017,1,0,2016-17,0.7372891670456634,0.3286866699057094,0.0,763.9037968588882,0.0,0.0,0.0,0.0,1095.0645553949198,869.5168788328101,0.0,1.1814874510706885,2291711.390576665
2017-03-20,3,2017,0,0,2016-17,0.9192602425610933,3.871440139380122,0.0,644.7757640179537,0.0,0.0,0.0,0.0,763.9037968588882,852.4147379858429,0.0,1.1814874510706885,1934327.2920538613
2017-03-21,3,2017,0,0,2016-17,0.9815021370463113,1.181779109909681,0.0,957.0596798113978,0.0,0.0,0.0,0.0,644.7757640179537,820.9704065767954,0.0,1.1814874510706885,2871179.0394341936
2017-03-22,3,2017,0,0,2016-17,0.754369919849698,3.0768925913525345,0.0,483.7173823059082,0.0,0.0,0.0,0.0,957.0596798113978,833.6265170307249,0.0,1.1814874510706885,1451152.1469177245
2017-03-23,3,2017,0,0,2016-17,0.7199488802100332,2.498654275417055,0.0,618.6921720657618,0.0,0.0,0.0,0.0,483.7173823059082,808.5409597497121,0.0,1.1814874510706885,1856076.5161972856
2017-03-24,3,2017,0,0,2016-17,0.9223361947870177,1.5277585586115836,0.0,811.198702573797,0.0,0.0,0.0,0.0,618.6921720657618,794.4792426866737,0.0,1.1814874510706885,2433596.107721391
2017-03-25,3,2017,1,0,2016-17,0.8723419339539735,0.8227490487822204,0.0,940.9563579735452,0.0,0.0,0.0,0.0,811.198702573797,767.7731504326609,0.0,1.1814874510706885,2822869.0739206355
2017-03-26,3,2017,1,0,2016-17,0.9525486330274816,0.4855456726376257,0.0,993.0621778751093,0.0,0.0,0.0,0.0,940.9563579735452,745.7576936581789,0.0,1.1814874510706885,2979186.533625328
2017-03-27,3,2017,0,0,2016-17,0.7419317129878868,2.4600518721554665,0.0,664.568834854763,0.0,0.0,0.0,0.0,993.0621778751093,778.4946052319248,0.0,1.1814874510706885,1993706.5045642892
2017-03-28,3,2017,0,0,2016-17,0.9385801935579671,3.098535122551152,0.0,684.3706721847025,0.0,0.0,0.0,0.0,664.568834854763,781.3221867800403,0.0,1.1814874510706885,2053112.0165541074
2017-03-29,3,2017,0,0,2016-17,0.7604881960143233,2.5756170141645227,0.0,630.91467264276,0.0,0.0,0.0,0.0,684.3706721847025,742.3666142619411,0.0,1.1814874510706885,1892744.0179282802
2017-03-30,3,2017,0,0,2016-17,0.7490967828597113,2.1212085329966333,0.0,722.6434412839214,0.0,0.0,0.0,0.0,630.91467264276,763.3947985957769,0.0,1.1814874510706885,2167930.323851764
2017-03-31,3,2017,0,0,2016-17,0.7492797393792978,0.16780489372654506,0.0,803.2088201828764,0.0,0.0,0.0,0.0,722.6434412839214,778.244979912657,0.0,1.1814874510706885,2409626.460548629
2017-04-01,4,2017,1,0,2017-18,0.9443724160694147,3.873955110377535,0.0,739.0066843937087,0.0,0.0,0.2037,0.1,803.2088201828764,777.1035681425254,0.0,1.1814874510706885,2217020.0531811262
2017-04-02,4,2017,1,0,2017-18,0.89955916620886,3.1948567666182983,0.0,868.1396366050856,0.0,0.0,0.2037,0.1,739.0066843937087,748.2536147739773,0.0,1.1814874510706885,2604418.9098152565
2017-04-03,4,2017,0,0,2017-18,0.8569196274307358,1.171288146803859,0.0,1061.1987061728455,0.0,0.0,0.2037,0.1,868.1396366050856,730.4075374496882,0.0,1.1814874510706885,3183596.1185185364
2017-04-04,4,2017,0,0,2017-18,0.8076491452370507,3.9198813174354026,0.0,624.0967908789175,0.0,0.0,0.2037,0.1,1061.1987061728455,787.0689476379856,0.0,1.1814874510706885,1872290.3726367527
2017-04-05,4,2017,0,0,2017-18,0.9631601622439325,2.4075263585452884,0.0,850.7595245422661,0.0,0.0,0.2037,0.1,624.0967908789175,778.4583931657307,0.0,1.1814874510706885,2552278.5736267986
2017-04-06,4,2017,0,0,2017-18,0.8177335322267906,2.329690632828986,0.0,803.2707403648685,0.0,0.0,0.2037,0.1,850.7595245422661,809.864800579946,0.0,1.1814874510706885,2409812.2210946055
2017-04-07,4,2017,0,0,2017-18,0.9449798318414732,2.9922927177181284,0.0,937.017435080142,0.0,0.0,0.2037,0.1,803.2707403648685,821.3829861629383,0.0,1.1814874510706885,2811052.305240426
2017-04-08,4,2017,1,0,2017-18,0.8317404725710655,3.2470791523605502,0.0,703.9132269857066,0.0,0.0,0.2037,0.1,937.017435080142,840.4985025768334,0.0,1.1814874510706885,2111739.68095712
2017-04-09,4,2017,1,0,2017-18,0.8130833288274723,2.6259144293260106,0.0,806.3694574653531,0.0,0.0,0.2037,0.1,703.9132269857066,835.4851515185475,0.0,1.1814874510706885,2419108.3723960593
2017-04-10,4,2017,0,0,2017-18,0.8388039357008819,0.5123829854648001,0.0,1027.0313238778826,0.0,0.0,0.2037,0.1,806.3694574653531,826.6608402128713,0.0,1.1814874510706885,3081093.971633648
2017-04-11,4,2017,0,0,2017-18,0.7904133622492426,1.3530700239779936,0.0,789.9854732803134,0.0,0.0,0.2037,0.1,1027.0313238778826,821.7797855993052,0.0,1.1814874510706885,2369956.4198409403
2017-04-12,4,2017,0,0,2017-18,0.9242828140528754,3.712334561304199,0.0,736.8503520453698,0.0,0.0,0.2037,0.1,789.9854732803134,845.4781687995046,0.0,1.1814874510706885,2210551.0561361094
2017-04-13,4,2017,0,0,2017-18,0.8508161170277437,0.8984624473754077,0.0,1087.7139199388507,0.0,0.0,0.2037,0.1,736.8503520453698,829.2054298713765,0.0,1.1814874510706885,3263141.759816552
2017-04-14,4,2017,0,0,2017-18,0.7696638085440451,1.4886680953500533,0.0,722.2983279441728,0.0,0.0,0.2037,0.1,1087.7139199388507,869.840169810517,0.0,1.1814874510706885,2166894.9838325186
2017-04-15,4,2017,1,0,2017-18,0.9698723719823705,1.728307531776784,0.0,1096.9037938098395,0.0,0.0,0.2037,0.1,722.2983279441728,839.1660116482354,0.0,1.1814874510706885,3290711.3814295186
2017-04-16,4,2017,1,0,2017-18,0.8151673664119634,1.7576199587778087,0.0,824.623995071751,0.0,0.0,0.2037,0.1,1096.9037938098395,895.3075211945403,0.0,1.1814874510706885,2473871.9852152527
2017-04-17,4,2017,0,0,2017-18,0.8630658583341966,2.451758329978102,0.0,917.9062727631858,0.0,0.0,0.2037,0.1,824.623995071751,897.9153122811686,0.0,1.1814874510706885,2753718.8182895575
2017-04-18,4,2017,0,0,2017-18,0.971941633289364,3.7723033509788304,0.0,862.8853987116221,0.0,0.0,0.2037,0.1,917.9062727631858,882.3260192647833,0.0,1.1814874510706885,2588656.196134866
2017-04-19,4,2017,0,0,2017-18,0.8872713987741976,0.9627708473300198,0.0,1067.8181295997697,0.0,0.0,0.2037,0.1,862.8853987116221,892.7402943263988,0.0,1.1814874510706885,3203454.3887993093
2017-04-20,4,2017,0,0,2017-18,0.7350694122125092,0.48600550520367225,0.0,929.9893486814284,0.0,0.0,0.2037,0.1,1067.8181295997697,940.0214054055988,0.0,1.1814874510706885,2789968.0460442854
2017-04-21,4,2017,0,0,2017-18,0.9819496370840426,0.7898819594397493,0.0,1163.1497078434807,0.0,0.0,0.2037,0.1,929.9893486814284,917.4893237973956,0.0,1.1814874510706885,3489449.123530442
2017-04-22,4,2017,1,0,2017-18,0.8883124159214253,3.547699600837078,0.0,680.9894829904985,0.0,0.0,0.2037,0.1,1163.1497078434807,980.4680923544396,0.0,1.1814874510706885,2042968.4489714953
2017-04-23,4,2017,1,0,2017-18,0.8004716843971258,2.583243250620824,0.0,913.4774376185898,0.0,0.0,0.2037,0.1,680.9894829904985,921.0517622373909,0.0,1.1814874510706885,2740432.3128557694
2017-04-24,4,2017,0,0,2017-18,0.7417816217990162,1.1436271569566405,0.0,826.1147378791612,0.0,0.0,0.2037,0.1,913.4774376185898,933.7451111726535,0.0,1.1814874510706885,2478344.213637484
2017-04-25,4,2017,0,0,2017-18,0.9382075567810888,3.263787755874469,0.0,956.2726855350252,0.0,0.0,0.2037,0.1,826.1147378791612,920.63203476065,0.0,1.1814874510706885,2868818.0566050755
2017-04-26,4,2017,0,0,2017-18,0.886021826778554,3.445479985453744,0.0,723.9082848534787,0.0,0.0,0.2037,0.1,956.2726855350252,933.9730757354218,0.0,1.1814874510706885,2171724.854560436
2017-04-27,4,2017,0,0,2017-18,0.8600383275928964,3.386057354761112,0.0,801.0606207148202,0.0,0.0,0.2037,0.1,723.9082848534787,884.8430979145231,0.0,1.1814874510706885,2403181.8621444604
2017-04-28,4,2017,0,0,2017-18,0.9681677749152873,3.675706134558218,0.0,747.6508175792401,0.0,0.0,0.2037,0.1,801.0606207148202,866.4247082050077,0.0,1.1814874510706885,2242952.45273772
2017-04-29,4,2017,1,0,2017-18,0.9365791633673592,1.0089640806934463,0.0,1168.7797220257914,0.0,0.0,0.2037,0.1,747.6508175792401,807.0677238815448,0.0,1.1814874510706885,3506339.1660773745
2017-04-30,4,2017,1,0,2017-18,0.7455024639198253,3.020167714985113,0.0,678.5424374629021,0.0,0.0,0.2037,0.1,1168.7797220257914,876.7520437437295,0.0,1.1814874510706885,2035627.3123887063
2017-05-01,5,2017,0,0,2017-18,0.7935166203386644,1.84215798909656,0.0,850.3674650226767,0.0,0.0,0.2037,0.1,678.5424374629021,843.1899008643455,0.0,1.1814874510706885,2551102.39506803
2017-05-02,5,2017,0,0,2017-18,0.7745467419443397,3.367994211560246,0.0,732.5386347460247,0.0,0.0,0.2037,0.1,850.3674650226767,846.654576170562,0.0,1.1814874510706885,2197615.904238074
2017-05-03,5,2017,0,0,2017-18,0.923183887771803,2.913962708646453,0.0,849.0239772167935,0.0,0.0,0.2037,0.1,732.5386347460247,814.6925689149905,0.0,1.1814874510706885,2547071.9316503806
2017-05-04,5,2017,0,0,2017-18,0.7100597304207338,3.1057897859988985,0.0,562.8476804809276,0.0,0.0,0.2037,0.1,849.0239772167935,832.566239252607,0.0,1.1814874510706885,1688543.0414427829
2017-05-05,5,2017,0,0,2017-18,0.8709669054613949,2.624647350724286,0.0,915.9530569320845,0.0,0.0,0.2037,0.1,562.8476804809276,798.5358192191936,0.0,1.1814874510706885,2747859.1707962533
2017-05-06,5,2017,1,0,2017-18,0.9287376057222072,0.7097150778788275,0.0,1084.3466863188912,0.0,0.0,0.2037,0.1,915.9530569320845,822.5789962696001,0.0,1.1814874510706885,3253040.058956674
2017-05-07,5,2017,1,0,2017-18,0.9630296910285248,2.1801076755877533,0.0,1048.5073693612385,0.0,0.0,0.2037,0.1,1084.3466863188912,810.5171340257572,0.0,1.1814874510706885,3145522.1080837157
2017-05-08,5,2017,0,0,2017-18,0.8026245246147722,3.938678958098033,0.0,720.3767674797698,0.0,0.0,0.2037,0.1,1048.5073693612385,863.3692671540911,0.0,1.1814874510706885,2161130.302439309
2017-05-09,5,2017,0,0,2017-18,0.9463771914016038,3.7495522659884757,0.0,771.0008355947162,0.0,0.0,0.2037,0.1,720.3767674797698,844.7991675051043,0.0,1.1814874510706885,2313002.506784149
2017-05-10,5,2017,0,0,2017-18,0.7331895210865621,0.17269494318804668,0.0,1049.504364602983,0.0,0.0,0.2037,0.1,771.0008355947162,850.293767626346,0.0,1.1814874510706885,3148513.093808949
2017-05-11,5,2017,0,0,2017-18,0.9539356875203555,0.6592592629177485,0.0,1231.8921585321352,0.0,0.0,0.2037,0.1,1049.504364602983,878.9338229672301,0.0,1.1814874510706885,3695676.4755964056
2017-05-12,5,2017,0,0,2017-18,0.7382465986995946,0.5269150938182476,0.0,894.5766592685073,0.0,0.0,0.2037,0.1,1231.8921585321352,974.5116055459741,0.0,1.1814874510706885,2683729.977805522
2017-05-13,5,2017,1,0,2017-18,0.8191861871681101,2.903919639941182,0.0,876.832440415419,0.0,0.0,0.2037,0.1,894.5766592685073,971.4578344511773,0.0,1.1814874510706885,2630497.321246257
2017-05-14,5,2017,1,0,2017-18,0.9391886097338661,3.2711413194277803,0.0,773.8677287118024,0.0,0.0,0.2037,0.1,876.832440415419,941.8129421792528,0.0,1.1814874510706885,2321603.1861354075
2017-05-15,5,2017,0,0,2017-18,0.7449752282046321,0.8540454652426877,0.0,891.8328887247613,0.0,0.0,0.2037,0.1,773.8677287118024,902.5787078007618,0.0,1.1814874510706885,2675498.666174284
2017-05-16,5,2017,0,0,2017-18,0.7687754185697924,2.023410771807316,0.0,811.5885663709053,0.0,0.0,0.2037,0.1,891.8328887247613,927.0724394071893,0.0,1.1814874510706885,2434765.6991127157
2017-05-17,5,2017,0,0,2017-18,0.9166757705179198,3.3628121120448,0.0,859.7413832667016,0.0,0.0,0.2037,0.1,811.5885663709053,932.8706866609306,0.0,1.1814874510706885,2579224.149800105
2017-05-18,5,2017,0,0,2017-18,0.9160109609638223,2.9312061790650024,0.0,946.707886354006,0.0,0.0,0.2037,0.1,859.7413832667016,905.7616893271761,0.0,1.1814874510706885,2840123.6590620177
2017-05-19,5,2017,0,0,2017-18,0.8923442898655891,2.168948821967393,0.0,1011.5348795515961,0.0,0.0,0.2037,0.1,946.707886354006,865.0210790160147,0.0,1.1814874510706885,3034604.638654788
2017-05-20,5,2017,1,0,2017-18,0.9081845333401299,2.3613907618350916,0.0,948.9063404229552,0.0,0.0,0.2037,0.1,1011.5348795515961,881.7293961993131,0.0,1.1814874510706885,2846719.0212688656
2017-05-21,5,2017,1,0,2017-18,0.8628173330042788,2.03344218766512,0.0,906.4236320350611,0.0,0.0,0.2037,0.1,948.9063404229552,892.0256676289612,0.0,1.1814874510706885,2719270.8961051833
2017-05-22,5,2017,0,0,2017-18,0.7755397176720857,1.1901938052752823,0.0,796.8234221978821,0.0,0.0,0.2037,0.1,906.4236320350611,910.9622252465696,0.0,1.1814874510706885,2390470.2665936463
2017-05-23,5,2017,0,0,2017-18,0.8037087980511758,2.2600879714360644,0.0,748.9280970428448,0.0,0.0,0.2037,0.1,796.8234221978821,897.3894443141581,0.0,1.1814874510706885,2246784.2911285344
2017-05-24,5,2017,0,0,2017-18,0.7544793150404276,2.7555412082003627,0.0,854.6746666215088,0.0,0.0,0.2037,0.1,748.9280970428448,888.4379486958638,0.0,1.1814874510706885,2564023.9998645266
2017-05-25,5,2017,0,0,2017-18,0.9725351684000885,3.4932916634432307,0.0,728.2521021053765,0.0,0.0,0.2037,0.1,854.6746666215088,887.714132032265,0.0,1.1814874510706885,2184756.3063161294
2017-05-26,5,2017,0,0,2017-18,0.8750175384298361,2.5451654159169923,0.0,825.2945120930098,0.0,0.0,0.2037,0.1,728.2521021053765,856.5061628538891,0.0,1.1814874510706885,2475883.536279029
2017-05-27,5,2017,1,0,2017-18,0.8202554250290919,3.044486148172632,0.0,845.047014964825,0.0,0.0,0.2037,0.1,825.2945120930098,829.9003960740912,0.0,1.1814874510706885,2535141.044894475
2017-05-28,5,2017,1,0,2017-18,0.8386017410932398,0.640286539818292,0.0,1070.7025734948425,0.0,0.0,0.2037,0.1,845.047014964825,815.0633495800724,0.0,1.1814874510706885,3212107.7204845273
2017-05-29,5,2017,0,0,2017-18,0.9841850018835445,1.8462298976791596,0.0,1142.7087247187899,0.0,0.0,0.2037,0.1,1070.7025734948425,838.5317697886128,0.0,1.1814874510706885,3428126.1741563696
2017-05-30,5,2017,0,0,2017-18,0.746005420934824,0.037326479308373184,0.0,1037.0081168147767,0.0,0.0,0.2037,0.1,1142.7087247187899,887.9439558630282,0.0,1.1814874510706885,3111024.3504443304
2017-05-31,5,2017,0,0,2017-18,0.8758689496050391,0.9867154580864921,0.0,1161.6092787882817,0.0,0.0,0.2037,0.1,1037.0081168147767,929.0982444018756,0.0,1.1814874510706885,3484827.8363648453
2017-06-01,6,2017,0,1,2017-18,0.8517666036653397,2.9058468604520193,2.545946801484112,651.3363009675388,0.0,0.0,0.2037,0.1,1161.6092787882817,972.9460461399859,0.0,1.1814874510706885,1954008.9029026164
2017-06-02,6,2017,0,1,2017-18,0.8834362706303943,3.967239805397454,11.093620053187168,542.0436990482284,0.0,0.0,0.2037,0.1,651.3363009675388,961.9580745488664,0.0,1.1814874510706885,1626131.0971446852
2017-06-03,6,2017,1,1,2017-18,0.7054330551462521,0.3967123983488636,2.377257957988833,662.4021076138979,0.0,0.0,0.2037,0.1,542.0436990482284,921.493672685326,0.0,1.1814874510706885,1987206.3228416936
2017-06-04,6,2017,1,1,2017-18,0.9616371726832454,1.605977263445153,1.1640396226790588,898.0505996616326,0.0,0.0,0.2037,0.1,662.4021076138979,895.4015430637652,0.0,1.1814874510706885,2694151.798984898
2017-06-05,6,2017,0,1,2017-18,0.9796354847450837,3.200283874796638,3.836611029578505,662.5102792631443,0.0,0.0,0.2037,0.1,898.0505996616326,870.7369753733066,0.0,1.1814874510706885,1987530.8377894328
2017-06-06,6,2017,0,1,2017-18,0.8695399550767626,0.8161425385155954,4.656767768560997,795.3209662862549,0.0,0.0,0.2037,0.1,662.5102792631443,802.1371974510714,0.0,1.1814874510706885,2385962.8988587647
2017-06-07,6,2017,0,1,2017-18,0.9089952471630677,2.220339797209145,0.0,819.2700272337803,0.0,0.0,0.2037,0.1,795.3209662862549,767.6104616612827,0.0,1.1814874510706885,2457810.081701341
2017-06-08,6,2017,0,1,2017-18,0.9767498143531888,2.932285184118699,0.0,801.671295469463,0.0,0.0,0.2037,0.1,819.2700272337803,718.7048542963539,0.0,1.1814874510706885,2405013.886408389
2017-06-09,6,2017,0,1,2017-18,0.9121715902940195,2.463941801040716,9.579548880107852,787.0173163783692,0.0,0.0,0.2037,0.1,801.671295469463,740.1812820823432,0.0,1.1814874510706885,2361051.9491351075
2017-06-10,6,2017,1,1,2017-18,0.7457617128742784,0.7520989384616645,4.132249997549595,821.7149130039132,0.0,0.0,0.2037,0.1,787.0173163783692,775.1775131295061,0.0,1.1814874510706885,2465144.73901174
2017-06-11,6,2017,1,1,2017-18,0.872886508050044,1.4215382747429577,17.460201714781594,747.9615587589343,0.0,0.0,0.2037,0.1,821.7149130039132,797.9364853280797,0.0,1.1814874510706885,2243884.676276803
2017-06-12,6,2017,0,1,2017-18,0.8820145139148567,3.135167137941589,7.29274562360707,485.0281838906698,0.0,0.0,0.2037,0.1,747.9615587589343,776.4951937705513,0.0,1.1814874510706885,1455084.5516720095
2017-06-13,6,2017,0,1,2017-18,0.8272392013907157,2.2169060565280665,3.3848221467909183,791.3172422002473,0.0,0.0,0.2037,0.1,485.0281838906698,751.1406087173407,0.0,1.1814874510706885,2373951.726600742
2017-06-14,6,2017,0,1,2017-18,0.9209332706874168,0.020918454171650946,9.292998146763248,985.6677378441457,0.0,0.0,0.2037,0.1,791.3172422002473,750.5686481336254,0.0,1.1814874510706885,2957003.213532437
2017-06-15,6,2017,0,1,2017-18,0.9803101044307044,3.0439630401123754,17.255541253359226,564.2475596293023,0.0,0.0,0.2037,0.1,985.6677378441457,774.3397496493918,0.0,1.1814874510706885,1692742.6788879067
2017-06-16,6,2017,0,1,2017-18,0.9776705538720329,0.14124541976095628,0.0,1083.636181998102,0.0,0.0,0.2037,0.1,564.2475596293023,740.4220731007974,0.0,1.1814874510706885,3250908.5459943064
2017-06-17,6,2017,1,1,2017-18,0.8352518114212396,2.9829351309249286,10.88351220738921,486.0335231585038,0.0,0.0,0.2037,0.1,1083.636181998102,782.7961967607591,0.0,1.1814874510706885,1458100.5694755113
2017-06-18,6,2017,1,1,2017-18,0.7339714137522265,0.8099222406609496,1.565150819152264,755.1158723364953,0.0,0.0,0.2037,0.1,486.0335231585038,734.8417124971293,0.0,1.1814874510706885,2265347.6170094856
2017-06-19,6,2017,0,1,2017-18,0.9954523596887004,3.832293920477521,4.994268343617678,536.8015838944831,0.0,0.0,0.2037,0.1,755.1158723364953,735.8637572939236,0.0,1.1814874510706885,1610404.7516834494
2017-06-20,6,2017,0,1,2017-18,0.9516694259337802,1.471763005208338,8.242566556158197,761.2741370271314,0.0,0.0,0.2037,0.1,536.8015838944831,743.2599572944684,0.0,1.1814874510706885,2283822.411081394
2017-06-21,6,2017,0,1,2017-18,0.73739880436098,1.3077264653523164,10.570927922072505,664.6258858379447,0.0,0.0,0.2037,0.1,761.2741370271314,738.9680851268805,0.0,1.1814874510706885,1993877.657513834
2017-06-22,6,2017,0,1,2017-18,0.9762525647852117,0.5955522013297787,0.0,1057.6818732338959,0.0,0.0,0.2037,0.1,664.6258858379447,693.1049634117089,0.0,1.1814874510706885,3173045.6197016877
2017-06-23,6,2017,0,1,2017-18,0.9609689086186385,1.2224168619608595,5.907017387664477,887.5283064466715,0.0,0.0,0.2037,0.1,1057.6818732338959,763.5955796409368,0.0,1.1814874510706885,2662584.9193400145
2017-06-24,6,2017,1,1,2017-18,0.8556514171378216,3.5066030473128023,5.271074198554531,541.6322875115875,0.0,0.0,0.2037,0.1,887.5283064466715,735.580168847875,0.0,1.1814874510706885,1624896.8625347624
2017-06-25,6,2017,1,1,2017-18,0.8773826307234788,3.9853373505089893,0.0,424.0880510297533,0.0,0.0,0.2037,0.1,541.6322875115875,743.5228494697442,0.0,1.1814874510706885,1272264.1530892598
2017-06-26,6,2017,0,1,2017-18,0.8197008111610391,1.4732381220273933,0.0,736.1491048034746,0.0,0.0,0.2037,0.1,424.0880510297533,696.2331607116382,0.0,1.1814874510706885,2208447.314410424
2017-06-27,6,2017,0,1,2017-18,0.7164284916466094,1.7944425238181703,0.0,666.9060431290167,0.0,0.0,0.2037,0.1,736.1491048034746,724.7113779843513,0.0,1.1814874510706885,2000718.12938705
2017-06-28,6,2017,0,1,2017-18,0.8005591724937703,2.888283752810948,21.414046219065174,445.653807676777,0.0,0.0,0.2037,0.1,666.9060431290167,711.230221713192,0.0,1.1814874510706885,1336961.423030331
2017-06-29,6,2017,0,1,2017-18,0.9408560345794035,3.544783121860298,0.0,650.3815186681582,0.0,0.0,0.2037,0.1,445.653807676777,679.9484962615967,0.0,1.1814874510706885,1951144.5560044744
2017-06-30,6,2017,0,1,2017-18,0.7013896069013809,2.3721773367471366,10.995588566626493,487.758045245143,0.0,0.0,0.2037,0.1,650.3815186681582,621.7627313236342,0.0,1.1814874510706885,1463274.1357354291
2017-07-01,7,2017,1,1,2017-18,0.8000497515073433,1.5661027927113174,9.313726939296036,639.917179582447,0.0,0.0,0.2037,0.1,487.758045245143,564.6526940091301,0.0,1.1814874510706885,1919751.5387473411
2017-07-02,7,2017,1,1,2017-18,0.819450608077283,1.650487363394495,4.282426380556719,710.6817985902607,0.0,0.0,0.2037,0.1,639.917179582447,578.6933928763957,0.0,1.1814874510706885,2132045.395770782
2017-07-03,7,2017,0,1,2017-18,0.8612186808813769,2.7824725859872275,2.50688130730853,631.9630786435097,0.0,0.0,0.2037,0.1,710.6817985902607,619.635356813611,0.0,1.1814874510706885,1895889.235930529
2017-07-04,7,2017,0,1,2017-18,0.9759566849238281,0.012873054417114727,9.4307692956542,1079.877545107538,0.0,0.0,0.2037,0.1,631.9630786435097,604.7516387907589,0.0,1.1814874510706885,3239632.635322614
2017-07-05,7,2017,0,1,2017-18,0.8039037983097883,2.4783573498393627,11.837530924508801,420.84893482369284,0.0,0.0,0.2037,0.1,1079.877545107538,663.7475676448333,0.0,1.1814874510706885,1262546.8044710786
2017-07-06,7,2017,0,1,2017-18,0.8040859605688683,1.4219720417654296,0.0,703.6122525321091,0.0,0.0,0.2037,0.1,420.84893482369284,660.204014380107,0.0,1.1814874510706885,2110836.7575963275
2017-07-07,7,2017,0,1,2017-18,0.9212503744329246,3.176789325108337,0.0,616.1315009658172,0.0,0.0,0.2037,0.1,703.6122525321091,667.8084049321,0.0,1.1814874510706885,1848394.5028974514
2017-07-08,7,2017,1,1,2017-18,0.8356653822669421,0.37196255929252864,0.0,878.3580930901157,0.0,0.0,0.2037,0.1,616.1315009658172,686.1474700350535,0.0,1.1814874510706885,2635074.279270347
2017-07-09,7,2017,1,1,2017-18,0.7673814468819946,2.352809067793562,6.801699888713761,589.2970411246064,0.0,0.0,0.2037,0.1,878.3580930901157,720.2104576790063,0.0,1.1814874510706885,1767891.123373819
2017-07-10,7,2017,0,1,2017-18,0.835731854839808,1.923891559544495,0.0,833.6482289702193,0.0,0.0,0.2037,0.1,589.2970411246064,702.8697780410556,0.0,1.1814874510706885,2500944.6869106577
2017-07-11,7,2017,0,1,2017-18,0.7422571061139399,2.5693021036209096,11.01607691728146,649.1928414911251,0.0,0.0,0.2037,0.1,833.6482289702193,731.6819423734427,0.0,1.1814874510706885,1947578.5244733754
2017-07-12,7,2017,0,1,2017-18,0.7529160959518669,0.2594143779318734,0.0,735.1561201341485,0.0,0.0,0.2037,0.1,649.1928414911251,670.1555561425265,0.0,1.1814874510706885,2205468.360402446
2017-07-13,7,2017,0,1,2017-18,0.8495103318218439,2.319935149712525,11.212213593941946,624.8635791814886,0.0,0.0,0.2037,0.1,735.1561201341485,715.0565826154489,0.0,1.1814874510706885,1874590.7375444658
2017-07-14,7,2017,0,1,2017-18,0.8256776348513644,2.245938351838095,0.0,700.4194695618289,0.0,0.0,0.2037,0.1,624.8635791814886,703.8067721367887,0.0,1.1814874510706885,2101258.4086854868
2017-07-15,7,2017,1,1,2017-18,0.97445377032043,2.2426403776646837,12.381292491504682,674.3451561241254,0.0,0.0,0.2037,0.1,700.4194695618289,715.8479105076476,0.0,1.1814874510706885,2023035.4683723762
2017-07-16,7,2017,1,1,2017-18,0.8087181697349899,2.4139506663858192,0.0,700.8015278552575,0.0,0.0,0.2037,0.1,674.3451561241254,686.7032052267916,0.0,1.1814874510706885,2102404.5835657725
2017-07-17,7,2017,0,1,2017-18,0.874176505083413,2.705871748905449,0.0,668.295770220881,0.0,0.0,0.2037,0.1,700.8015278552575,702.6324176168847,0.0,1.1814874510706885,2004887.3106626428
2017-07-18,7,2017,0,1,2017-18,0.8896792863758591,3.219955998723079,1.5360233730184647,565.2639493509104,0.0,0.0,0.2037,0.1,668.295770220881,679.0106377955508,0.0,1.1814874510706885,1695791.848052731
2017-07-19,7,2017,0,1,2017-18,0.7039283369765,1.0792828805128574,5.110860928381218,620.8087283260057,0.0,0.0,0.2037,0.1,565.2639493509104,667.0207960612343,0.0,1.1814874510706885,1862426.1849780171
2017-07-20,7,2017,0,1,2017-18,0.8990612116050132,3.3001976407202482,0.0,579.3953458421474,0.0,0.0,0.2037,0.1,620.8087283260057,650.6854543743567,0.0,1.1814874510706885,1738186.0375264422
2017-07-21,7,2017,0,1,2017-18,0.7534107900609254,1.9930227290538145,9.83776073666585,651.0710716015026,0.0,0.0,0.2037,0.1,579.3953458421474,644.1899924687366,0.0,1.1814874510706885,1953213.2148045078
2017-07-22,7,2017,1,1,2017-18,0.9883210952408366,0.30823311653732466,0.0,1156.1190830231142,0.0,0.0,0.2037,0.1,651.0710716015026,637.1402213315471,0.0,1.1814874510706885,3468357.2490693424
2017-07-23,7,2017,1,1,2017-18,0.7445988183259339,0.2342037169759168,7.09804397291727,749.2121689179849,0.0,0.0,0.2037,0.1,1156.1190830231142,705.9650680314027,0.0,1.1814874510706885,2247636.5067539546
2017-07-24,7,2017,0,1,2017-18,0.8243872371181071,1.3369532747842432,11.236459204360942,698.4271380762885,0.0,0.0,0.2037,0.1,749.2121689179849,712.8808738975066,0.0,1.1814874510706885,2095281.4142288656
2017-07-25,7,2017,0,1,2017-18,0.7256049004235932,3.13958790844587,9.3097348960616,481.91523252371513,0.0,0.0,0.2037,0.1,698.4271380762885,717.1853550197077,0.0,1.1814874510706885,1445745.6975711454
2017-07-26,7,2017,0,1,2017-18,0.9990622755537841,2.830723738963663,0.5979672446138078,844.3513245047718,0.0,0.0,0.2037,0.1,481.91523252371513,705.2783954729656,0.0,1.1814874510706885,2533053.973514315
2017-07-27,7,2017,0,1,2017-18,0.8506585030993727,3.1544598586896258,0.0,703.1667881159685,0.0,0.0,0.2037,0.1,844.3513245047718,737.2130520699321,0.0,1.1814874510706885,2109500.3643479054
2017-07-28,7,2017,0,1,2017-18,0.8786155051960132,2.0690762257664375,14.436745133278816,642.9932835535911,0.0,0.0,0.2037,0.1,703.1667881159685,754.8946866804779,0.0,1.1814874510706885,1928979.8506607735
2017-07-29,7,2017,1,1,2017-18,0.7201229432165283,1.7607959918219622,4.5978624325048,622.9079921266355,0.0,0.0,0.2037,0.1,642.9932835535911,753.7407169593478,0.0,1.1814874510706885,1868723.9763799063
2017-07-30,7,2017,1,1,2017-18,0.9249881411197534,0.5898101068251358,3.207404928524832,956.6307105699714,0.0,0.0,0.2037,0.1,622.9079921266355,677.5677039741365,0.0,1.1814874510706885,2869892.131709914
2017-07-31,7,2017,0,1,2017-18,0.7629716779286757,1.3127710144372462,14.114860879029283,539.8625961960997,0.0,0.0,0.2037,0.1,956.6307105699714,707.1989242101346,0.0,1.1814874510706885,1619587.7885882992
2017-08-01,8,2017,0,1,2017-18,0.9694162868322141,1.736077464695501,0.0,941.5092030524468,0.0,0.0,0.2037,0.1,539.8625961960997,684.5468467986791,0.0,1.1814874510706885,2824527.60915734
2017-08-02,8,2017,0,1,2017-18,0.7615418921446021,0.3544017187184689,0.0,905.2092470208364,0.0,0.0,0.2037,0.1,941.5092030524468,750.2031283027835,0.0,1.1814874510706885,2715627.7410625094
2017-08-03,8,2017,0,1,2017-18,0.7572063161991,0.882447810844845,10.643889889794762,747.8115098419541,0.0,0.0,0.2037,0.1,905.2092470208364,758.8971172336499,0.0,1.1814874510706885,2243434.5295258625
2017-08-04,8,2017,0,1,2017-18,0.7109649003544284,2.3929011762549552,0.0,496.68042871122765,0.0,0.0,0.2037,0.1,747.8115098419541,765.2749346230765,0.0,1.1814874510706885,1490041.286133683
2017-08-05,8,2017,1,1,2017-18,0.8416200835329998,2.9426524569567594,0.0,504.94303416731026,0.0,0.0,0.2037,0.1,496.68042871122765,744.3730982170246,0.0,1.1814874510706885,1514829.1025019307
2017-08-06,8,2017,1,1,2017-18,0.8694523399787849,3.9933900455717986,15.460328186056012,504.20439237355254,0.0,0.0,0.2037,0.1,504.94303416731026,727.5209613656924,0.0,1.1814874510706885,1512613.1771206576
2017-08-07,8,2017,0,1,2017-18,0.7197125918285057,3.7324533253742307,0.0,433.01158596256414,0.0,0.0,0.2037,0.1,504.20439237355254,662.8886301947753,0.0,1.1814874510706885,1299034.7578876924
2017-08-08,8,2017,0,1,2017-18,0.9326582850085032,2.570260798140766,8.309015718209517,707.1797689162192,0.0,0.0,0.2037,0.1,433.01158596256414,647.6242001614131,0.0,1.1814874510706885,2121539.306748658
2017-08-09,8,2017,0,1,2017-18,0.8359866504244082,1.684992213176288,5.057635231832315,815.4061654521821,0.0,0.0,0.2037,0.1,707.1797689162192,614.1485667133805,0.0,1.1814874510706885,2446218.4963565464
2017-08-10,8,2017,0,1,2017-18,0.857317080798274,2.544709458832931,0.0,641.8295076825934,0.0,0.0,0.2037,0.1,815.4061654521821,601.3195550607159,0.0,1.1814874510706885,1925488.5230477804
2017-08-11,8,2017,0,1,2017-18,0.8322288240814684,3.142606472320928,7.618442393545621,535.8723394167237,0.0,0.0,0.2037,0.1,641.8295076825934,586.1792690379499,0.0,1.1814874510706885,1607617.018250171
2017-08-12,8,2017,1,1,2017-18,0.8202289182625978,0.4733447636935493,0.0,857.3573667226839,0.0,0.0,0.2037,0.1,535.8723394167237,591.7781134244493,0.0,1.1814874510706885,2572072.1001680517
2017-08-13,8,2017,1,1,2017-18,0.8678920993924654,1.639619558785153,0.0,691.4934798750759,0.0,0.0,0.2037,0.1,857.3573667226839,642.123018075217,0.0,1.1814874510706885,2074480.4396252276
2017-08-14,8,2017,0,1,2017-18,0.7465720737792138,3.359209142542469,2.7038051869784474,462.9493564513594,0.0,0.0,0.2037,0.1,691.4934798750759,668.8786020040061,0.0,1.1814874510706885,1388848.0693540783
2017-08-15,8,2017,0,1,2017-18,0.7545784391485812,1.535331807732176,0.0,687.2592806566628,0.0,0.0,0.2037,0.1,462.9493564513594,673.1554263595482,0.0,1.1814874510706885,2061777.8419699883
2017-08-16,8,2017,0,1,2017-18,0.9585356863040552,2.287489084908746,1.8824694033558145,760.6161126604127,0.0,0.0,0.2037,0.1,687.2592806566628,670.3096423224688,0.0,1.1814874510706885,2281848.337981238
2017-08-17,8,2017,0,1,2017-18,0.9838346386400898,2.351077443448793,4.013234277076789,821.6753823455228,0.0,0.0,0.2037,0.1,760.6161126604127,662.4824919236445,0.0,1.1814874510706885,2465026.1470365687
2017-08-18,8,2017,0,1,2017-18,0.8119927948839258,0.7379050125345574,0.0,993.4205066270503,0.0,0.0,0.2037,0.1,821.6753823455228,688.1747597326345,0.0,1.1814874510706885,2980261.5198811507
2017-08-19,8,2017,1,1,2017-18,0.781223401943066,1.4489417666091535,0.0,723.7117768348157,0.0,0.0,0.2037,0.1,993.4205066270503,753.538783619824,0.0,1.1814874510706885,2171135.330504447
2017-08-20,8,2017,1,1,2017-18,0.8931998629717047,1.3380451549677286,18.58505875916609,648.7054608739724,0.0,0.0,0.2037,0.1,723.7117768348157,734.4465564929857,0.0,1.1814874510706885,1946116.3826219172
2017-08-21,8,2017,0,1,2017-18,0.822620251329429,0.10478683412825918,4.370227926563245,939.7623752818726,0.0,0.0,0.2037,0.1,648.7054608739724,728.3339823499708,0.0,1.1814874510706885,2819287.1258456176
2017-08-22,8,2017,0,1,2017-18,0.7076159066981034,0.09676705556542098,0.0,645.2430905107476,0.0,0.0,0.2037,0.1,939.7623752818726,796.4501278971871,0.0,1.1814874510706885,1935729.271532243
2017-08-23,8,2017,0,1,2017-18,0.7468457792098571,3.326788174703094,0.0,441.46790196232945,0.0,0.0,0.2037,0.1,645.2430905107476,790.4478150191991,0.0,1.1814874510706885,1324403.7058869884
2017-08-24,8,2017,0,1,2017-18,0.9147916686542192,1.0922832398912496,0.0,834.5997677305768,0.0,0.0,0.2037,0.1,441.46790196232945,744.8552134909015,0.0,1.1814874510706885,2503799.3031917303
2017-08-25,8,2017,0,1,2017-18,0.8976771825730454,2.0723150649552617,1.1943028231700912,736.7823938919474,0.0,0.0,0.2037,0.1,834.5997677305768,746.7015542601949,0.0,1.1814874510706885,2210347.1816758425
2017-08-26,8,2017,1,1,2017-18,0.708128797751045,1.1949022943550922,6.039096820363195,586.9442397191866,0.0,0.0,0.2037,0.1,736.7823938919474,710.0389667266088,0.0,1.1814874510706885,1760832.7191575598
2017-08-27,8,2017,1,1,2017-18,0.7665916485798848,3.762716980461362,4.3213585153313305,482.0178303699238,0.0,0.0,0.2037,0.1,586.9442397191866,690.5007471386618,0.0,1.1814874510706885,1446053.4911097714
2017-08-28,8,2017,0,1,2017-18,0.7693224389764214,1.037187035463095,0.0,758.60908538678,0.0,0.0,0.2037,0.1,482.0178303699238,666.6882284952263,0.0,1.1814874510706885,2275827.25616034
2017-08-29,8,2017,0,1,2017-18,0.9015678230796185,1.7186272509557403,14.61389125666607,774.9853418493063,0.0,0.0,0.2037,0.1,758.60908538678,640.8091870816417,0.0,1.1814874510706885,2324956.025547919
2017-08-30,8,2017,0,1,2017-18,0.7059131613263092,3.4909210019384074,17.71994582290083,380.06565520293736,0.0,0.0,0.2037,0.1,774.9853418493063,659.3437944157214,0.0,1.1814874510706885,1140196.9656088122
2017-08-31,8,2017,0,1,2017-18,0.7312325745953722,3.3677342671672346,0.0,482.73063544495767,0.0,0.0,0.2037,0.1,380.06565520293736,650.5720448786655,0.0,1.1814874510706885,1448191.906334873
2017-09-01,9,2017,0,1,2017-18,0.9399748256119568,0.7444056713851093,4.868680883304233,969.3538311805266,0.0,0.0,0.2037,0.1,482.73063544495767,600.3050259807198,0.0,1.1814874510706885,2908061.4935415797
2017-09-02,9,2017,1,1,2017-18,0.7535633986163001,3.2105732391828417,0.0,494.12462640034005,0.0,0.0,0.2037,0.1,969.3538311805266,633.5295170219454,0.0,1.1814874510706885,1482373.87920102
2017-09-03,9,2017,1,1,2017-18,0.8958238323555624,1.8327475469515706,0.0,675.4345993120706,0.0,0.0,0.2037,0.1,494.12462640034005,620.2695722621103,0.0,1.1814874510706885,2026303.797936212
2017-09-04,9,2017,0,1,2017-18,0.771454834314018,1.9318754883414209,0.0,749.252350010341,0.0,0.0,0.2037,0.1,675.4345993120706,647.9005392538455,0.0,1.1814874510706885,2247757.050031023
2017-09-05,9,2017,0,1,2017-18,0.7298324178278035,0.5339198896637751,8.30316840090642,762.5195051997275,0.0,0.0,0.2037,0.1,749.252350010341,646.563862771497,0.0,1.1814874510706885,2287558.5155991823
2017-09-06,9,2017,0,1,2017-18,0.7729516572998362,0.3224060550284986,8.816669799038015,690.2423261372232,0.0,0.0,0.2037,0.1,762.5195051997275,644.7830289644144,0.0,1.1814874510706885,2070726.9784116698
2017-09-07,9,2017,0,1,2017-18,0.9166800795566977,2.9117572278950608,0.0,670.5736558757084,0.0,0.0,0.2037,0.1,690.2423261372232,689.0939819550267,0.0,1.1814874510706885,2011720.967627125
2017-09-08,9,2017,0,1,2017-18,0.9567089404318857,1.985844609421199,0.0,761.2573135994211,0.0,0.0,0.2037,0.1,670.5736558757084,715.9286991594197,0.0,1.1814874510706885,2283771.940798263
2017-09-09,9,2017,1,1,2017-18,0.9490659593700974,1.7474028104607182,0.0,862.671820435346,0.0,0.0,0.2037,0.1,761.2573135994211,686.2006252192617,0.0,1.1814874510706885,2588015.4613060383
2017-09-10,9,2017,1,1,2017-18,0.8191550588855364,2.918032914609587,6.577045950807323,694.9944884944349,0.0,0.0,0.2037,0.1,862.671820435346,738.8502243671197,0.0,1.1814874510706885,2084983.4654833048
2017-09-11,9,2017,0,1,2017-18,0.9004255409711939,3.062051595964439,0.0,717.8514996029844,0.0,0.0,0.2037,0.1,694.9944884944349,741.6444942503147,0.0,1.1814874510706885,2153554.498808953
2017-09-12,9,2017,0,1,2017-18,0.7614952886247462,0.6356326706774142,0.0,835.1197418284801,0.0,0.0,0.2037,0.1,717.8514996029844,737.1586584778352,0.0,1.1814874510706885,2505359.2254854403
2017-09-13,9,2017,0,1,2017-18,0.787944319078304,2.440900597910565,0.0,694.4857572609036,0.0,0.0,0.2037,0.1,835.1197418284801,747.5301208533712,0.0,1.1814874510706885,2083457.2717827107
2017-09-14,9,2017,0,1,2017-18,0.9689007455563359,0.5414163291107421,0.0,983.6703963057748,0.0,0.0,0.2037,0.1,694.4857572609036,748.1363252996113,0.0,1.1814874510706885,2951011.1889173244
2017-09-15,9,2017,0,1,2017-18,0.7039005770532207,3.0055003441161827,0.0,601.380254403104,0.0,0.0,0.2037,0.1,983.6703963057748,792.864431075335,0.0,1.1814874510706885,1804140.763209312
2017-09-16,9,2017,1,1,2017-18,0.7256525592563404,2.627820625068558,0.0,624.3575529315427,0.0,0.0,0.2037,0.1,601.380254403104,770.0248511901469,0.0,1.1814874510706885,1873072.6587946282
2017-09-17,9,2017,1,1,2017-18,0.7623658765438082,3.826458484333832,5.683196781609492,563.8117852815764,0.0,0.0,0.2037,0.1,624.3575529315427,735.9799558324606,0.0,1.1814874510706885,1691435.355844729
2017-09-18,9,2017,0,1,2017-18,0.7079596611621459,0.2758320654256847,3.014938149476587,687.7160561715672,0.0,0.0,0.2037,0.1,563.8117852815764,717.239569659195,0.0,1.1814874510706885,2063148.1685147015
2017-09-19,9,2017,0,1,2017-18,0.7544306305269391,0.22821888460501727,0.9790260327978689,667.7235705935814,0.0,0.0,0.2037,0.1,687.7160561715672,712.9345063118498,0.0,1.1814874510706885,2003170.7117807441
2017-09-20,9,2017,0,1,2017-18,0.8749124682909076,1.1287482987728006,2.9987785664538387,883.2686960965364,0.0,0.0,0.2037,0.1,667.7235705935814,689.0207675640071,0.0,1.1814874510706885,2649806.088289609
2017-09-21,9,2017,0,1,2017-18,0.8264273651777494,1.0468227349436239,6.399201585853171,774.6704788850554,0.0,0.0,0.2037,0.1,883.2686960965364,715.9897588262403,0.0,1.1814874510706885,2324011.4366551666
2017-09-22,9,2017,0,1,2017-18,0.9678015133230924,0.9879151962879993,1.673425958915031,904.9908094614565,0.0,0.0,0.2037,0.1,774.6704788850554,686.1326277661376,0.0,1.1814874510706885,2714972.4283843692
2017-09-23,9,2017,1,1,2017-18,0.9452330685215322,3.6250183220841468,7.987759719479002,576.8667302522231,0.0,0.0,0.2037,0.1,904.9908094614565,729.5055642030451,0.0,1.1814874510706885,1730600.1907566693
2017-09-24,9,2017,1,1,2017-18,0.8025452055093627,0.9981847993980244,7.204811374318488,898.8924389827548,0.0,0.0,0.2037,0.1,576.8667302522231,722.7211609631423,0.0,1.1814874510706885,2696677.3169482644
2017-09-25,9,2017,0,1,2017-18,0.7778270300293877,1.087798904514524,0.0,700.849461331346,0.0,0.0,0.2037,0.1,898.8924389827548,770.5898257775964,0.0,1.1814874510706885,2102548.3839940378
2017-09-26,9,2017,0,1,2017-18,0.8139077224501801,3.037593049671855,0.0,550.8173975373652,0.0,0.0,0.2037,0.1,700.849461331346,772.4660265147077,0.0,1.1814874510706885,1652452.1926120955
2017-09-27,9,2017,0,1,2017-18,0.8770884827544423,1.79895936980216,4.327628589441074,748.6885303388437,0.0,0.0,0.2037,0.1,550.8173975373652,755.7651446495339,0.0,1.1814874510706885,2246065.5910165315
2017-09-28,9,2017,0,1,2017-18,0.7804190922468628,3.106842227820725,0.0,656.8774280638919,0.0,0.0,0.2037,0.1,748.6885303388437,736.5394066841492,0.0,1.1814874510706885,1970632.2841916757
2017-09-29,9,2017,0,1,2017-18,0.8872446723547402,0.26146463025754096,5.492278795302523,1043.822488192504,0.0,0.0,0.2037,0.1,656.8774280638919,719.7118279954117,0.0,1.1814874510706885,3131467.464577512
2017-09-30,9,2017,1,1,2017-18,0.8228234956573721,1.9502847746935372,2.0039524577776446,741.7003059228645,0.0,0.0,0.2037,0.1,1043.822488192504,739.5449249569899,0.0,1.1814874510706885,2225100.9177685934
2017-10-01,10,2017,1,0,2017-18,0.8656141542555941,0.13445440073313053,0.0,1064.0557695474165,0.0,0.0,0.2037,0.1,741.7003059228645,763.0925786242242,0.0,1.1814874510706885,3192167.3086422496
2017-10-02,10,2017,0,0,2017-18,0.830837958740595,0.2506128138214181,0.0,1223.039370947758,0.0,0.0,0.2037,0.1,1064.0557695474165,786.6873401334617,0.0,1.1814874510706885,3669118.112843274
2017-10-03,10,2017,0,0,2017-18,0.7883397278625752,3.625749813377644,0.0,675.1302417466344,0.0,0.0,0.2037,0.1,1223.039370947758,861.285898650092,0.0,1.1814874510706885,2025390.7252399032
2017-10-04,10,2017,0,0,2017-18,0.984535992088647,0.5569814844703807,0.0,1195.1130600294373,0.0,0.0,0.2037,0.1,675.1302417466344,879.0448763942732,0.0,1.1814874510706885,3585339.180088312
2017-10-05,10,2017,0,0,2017-18,0.9290817382479282,2.1296827291008684,0.0,911.6630692511915,0.0,0.0,0.2037,0.1,1195.1130600294373,942.8198092072151,0.0,1.1814874510706885,2734989.2077535745
2017-10-06,10,2017,0,0,2017-18,0.7420339527299358,1.6443824104028262,0.0,890.9117256452897,0.0,0.0,0.2037,0.1,911.6630692511915,979.2177579482579,0.0,1.1814874510706885,2672735.1769358693
2017-10-07,10,2017,1,0,2017-18,0.9605403927693739,1.3893733050353707,0.0,1129.4397364940974,0.0,0.0,0.2037,0.1,890.9117256452897,957.373363298656,0.0,1.1814874510706885,3388319.209482292
2017-10-08,10,2017,1,0,2017-18,0.846229359474854,3.59933338274909,0.0,752.3482422238498,0.0,0.0,0.2037,0.1,1129.4397364940974,1012.764710523118,0.0,1.1814874510706885,2257044.726671549
2017-10-09,10,2017,0,0,2017-18,0.9683656680682274,0.087293587101958,0.0,1378.7574613952806,0.0,0.0,0.2037,0.1,752.3482422238498,968.2350637626084,0.0,1.1814874510706885,4136272.384185842
2017-10-10,10,2017,0,0,2017-18,0.9399565767841945,2.6551587447023564,0.0,875.3556050451302,0.0,0.0,0.2037,0.1,1378.7574613952806,990.4805052551116,0.0,1.1814874510706885,2626066.8151353905
2017-10-11,10,2017,0,0,2017-18,0.82756405134077,3.8535777368542017,0.0,776.6682057641102,0.0,0.0,0.2037,0.1,875.3556050451302,1019.0841285834682,0.0,1.1814874510706885,2330004.6172923306
2017-10-12,10,2017,0,0,2017-18,0.7067407924960352,2.2406727338473678,0.0,703.2528096658674,0.0,0.0,0.2037,0.1,776.6682057641102,959.30629225985,0.0,1.1814874510706885,2109758.4289976023
2017-10-13,10,2017,0,0,2017-18,0.7806032078154838,3.7472898481323673,0.0,802.6826974972705,0.0,0.0,0.2037,0.1,703.2528096658674,929.5333980333752,0.0,1.1814874510706885,2408048.0924918116
2017-10-14,10,2017,1,0,2017-18,0.86249026439826,0.20903151714409507,0.0,1177.054398952351,0.0,0.0,0.2037,0.1,802.6826974972705,916.9292511550866,0.0,1.1814874510706885,3531163.196857053
2017-10-15,10,2017,1,0,2017-18,0.8900434659478442,1.6751732762966456,0.0,935.4716136426479,0.0,0.0,0.2037,0.1,1177.054398952351,923.73134579198,0.0,1.1814874510706885,2806414.8409279436
2017-10-16,10,2017,0,0,2017-18,0.7773663056299607,1.0406311638482046,0.0,801.2171817059294,0.0,0.0,0.2037,0.1,935.4716136426479,949.8918274232368,0.0,1.1814874510706885,2403651.5451177885
2017-10-17,10,2017,0,0,2017-18,0.7418068222218472,2.923283859922919,0.0,761.1046826413797,0.0,0.0,0.2037,0.1,801.2171817059294,867.386073181901,0.0,1.1814874510706885,2283314.047924139
2017-10-18,10,2017,0,0,2017-18,0.9504790710397897,3.9251883619889867,0.0,752.0684468839585,0.0,0.0,0.2037,0.1,761.1046826413797,851.064512838508,0.0,1.1814874510706885,2256205.3406518754
2017-10-19,10,2017,0,0,2017-18,0.9953206542110656,1.0261202497769912,0.0,1191.878056776949,0.0,0.0,0.2037,0.1,752.0684468839585,847.5502615699149,0.0,1.1814874510706885,3575634.170330847
2017-10-20,10,2017,0,0,2017-18,0.8577070546908057,2.616698405896298,0.0,904.0353618293018,0.0,0.0,0.2037,0.1,1191.878056776949,917.3538683000694,0.0,1.1814874510706885,2712106.0854879054
2017-10-21,10,2017,1,0,2017-18,0.7515037857544911,0.7923905310389605,0.0,999.469607163038,0.0,0.0,0.2037,0.1,904.0353618293018,931.8328203475024,0.0,1.1814874510706885,2998408.821489114
2017-10-22,10,2017,1,0,2017-18,0.7816921979558107,2.2613210182864396,0.0,896.6736817412187,0.0,0.0,0.2037,0.1,999.469607163038,906.4635643776006,0.0,1.1814874510706885,2690021.045223656
2017-10-23,10,2017,0,0,2017-18,0.70551720296424,1.8557299467533448,0.0,694.4016698601396,0.0,0.0,0.2037,0.1,896.6736817412187,900.9210026773964,0.0,1.1814874510706885,2083205.0095804187
2017-10-24,10,2017,0,0,2017-18,0.9742896419681497,3.8880213185261483,0.0,897.5708431428349,0.0,0.0,0.2037,0.1,694.4016698601396,885.6616438422836,0.0,1.1814874510706885,2692712.5294285044
2017-10-25,10,2017,0,0,2017-18,0.7353253248670423,2.4341090907858662,0.0,709.9315125266897,0.0,0.0,0.2037,0.1,897.5708431428349,905.1568096282057,0.0,1.1814874510706885,2129794.537580069
2017-10-26,10,2017,0,0,2017-18,0.8729549426542761,1.3980254883472751,0.0,858.9673619317149,0.0,0.0,0.2037,0.1,709.9315125266897,899.1372475771674,0.0,1.1814874510706885,2576902.0857951446
2017-10-27,10,2017,0,0,2017-18,0.7822165662061618,0.4563831395517335,0.0,925.5932600622502,0.0,0.0,0.2037,0.1,858.9673619317149,851.5785768849911,0.0,1.1814874510706885,2776779.780186751
2017-10-28,10,2017,1,0,2017-18,0.866253400754738,0.6049873149397382,0.0,1110.217638680289,0.0,0.0,0.2037,0.1,925.5932600622502,854.6582766325552,0.0,1.1814874510706885,3330652.9160408666
2017-10-29,10,2017,1,0,2017-18,0.8954261165055593,0.9012677198049404,0.0,1030.8445567341373,0.0,0.0,0.2037,0.1,1110.217638680289,870.4794239921624,0.0,1.1814874510706885,3092533.6702024117
2017-10-30,10,2017,0,0,2017-18,0.9489225411121605,1.003866645361192,0.0,1143.2163114102605,0.0,0.0,0.2037,0.1,1030.8445567341373,889.6466918482937,0.0,1.1814874510706885,3429648.934230781
2017-10-31,10,2017,0,0,2017-18,0.7619263815281809,3.4024642313645512,0.0,699.4443856655955,0.0,0.0,0.2037,0.1,1143.2163114102605,953.7630692125966,0.0,1.1814874510706885,2098333.1569967866
2017-11-01,11,2017,0,0,2017-18,0.7032987485975442,2.2448911531300997,0.0,721.9924542827811,0.0,0.0,0.2037,0.1,699.4443856655955,925.459289572991,0.0,1.1814874510706885,2165977.3628483433
2017-11-02,11,2017,0,0,2017-18,0.7410656890206422,2.0935636454974658,0.0,755.4499739301323,0.0,0.0,0.2037,0.1,721.9924542827811,927.1822812524326,0.0,1.1814874510706885,2266349.921790397
2017-11-03,11,2017,0,0,2017-18,0.9700055925544315,0.4590754874768699,0.0,1161.6301129701371,0.0,0.0,0.2037,0.1,755.4499739301323,912.3940829664923,0.0,1.1814874510706885,3484890.3389104116
2017-11-04,11,2017,1,0,2017-18,0.9621670232687546,3.44055877339774,0.0,851.0573302367377,0.0,0.0,0.2037,0.1,1161.6301129701371,946.1136333819047,0.0,1.1814874510706885,2553171.9907102133
2017-11-05,11,2017,1,0,2017-18,0.8792239306510925,2.891257212833935,0.0,702.3702382839062,0.0,0.0,0.2037,0.1,851.0573302367377,909.090732175683,0.0,1.1814874510706885,2107110.714851719
2017-11-06,11,2017,0,0,2017-18,0.880155058130096,0.27067344760000633,0.0,1106.561914707425,0.0,0.0,0.2037,0.1,702.3702382839062,862.1658295399358,0.0,1.1814874510706885,3319685.744122275
2017-11-07,11,2017,0,0,2017-18,0.8995110023638766,2.8313403889190747,0.0,805.5777999497552,0.0,0.0,0.2037,0.1,1106.561914707425,856.9294871538165,0.0,1.1814874510706885,2416733.399849266
2017-11-08,11,2017,0,0,2017-18,0.7526113835870348,2.1741528693705843,0.0,776.7352144553231,0.0,0.0,0.2037,0.1,805.5777999497552,872.091403480125,0.0,1.1814874510706885,2330205.6433659694
2017-11-09,11,2017,0,0,2017-18,0.974323583777488,0.326901382987113,0.0,1254.3328831348313,0.0,0.0,0.2037,0.1,776.7352144553231,879.9117977904881,0.0,1.1814874510706885,3762998.6494044936
2017-11-10,11,2017,0,0,2017-18,0.825631157467622,1.8332025661146258,0.0,972.275142435901,0.0,0.0,0.2037,0.1,1254.3328831348313,951.1807848197308,0.0,1.1814874510706885,2916825.427307703
2017-11-11,11,2017,1,0,2017-18,0.8149415584748492,1.938785148520188,0.0,990.9078601085135,0.0,0.0,0.2037,0.1,972.275142435901,924.1300747434115,0.0,1.1814874510706885,2972723.5803255406
2017-11-12,11,2017,1,0,2017-18,0.8556753115848512,0.663098160653103,0.0,1000.2378012459333,0.0,0.0,0.2037,0.1,990.9078601085135,944.1087218679507,0.0,1.1814874510706885,3000713.4037377997
2017-11-13,11,2017,0,0,2017-18,0.7140897900325165,3.7827925880011293,0.0,731.7646887656832,0.0,0.0,0.2037,0.1,1000.2378012459333,986.661230862526,0.0,1.1814874510706885,2195294.0662970496
2017-11-14,11,2017,0,0,2017-18,0.7498850106268238,3.3999014859226477,0.0,613.7906886929161,0.0,0.0,0.2037,0.1,731.7646887656832,933.1187700137059,0.0,1.1814874510706885,1841372.0660787483
2017-11-15,11,2017,0,0,2017-18,0.9214100849279111,2.6760893493164333,0.0,920.0247880676019,0.0,0.0,0.2037,0.1,613.7906886929161,905.7206112627288,0.0,1.1814874510706885,2760074.364202806
2017-11-16,11,2017,0,0,2017-18,0.7248396003775379,1.8491822440024288,0.0,829.6830716269534,0.0,0.0,0.2037,0.1,920.0247880676019,926.1905503501972,0.0,1.1814874510706885,2489049.21488086
2017-11-17,11,2017,0,0,2017-18,0.8809456328399164,1.647062166338034,0.0,1155.0843352662337,0.0,0.0,0.2037,0.1,829.6830716269534,865.5262915633575,0.0,1.1814874510706885,3465253.005798701
2017-11-18,11,2017,1,0,2017-18,0.7736047329043962,2.6038938686038167,0.0,733.711313418951,0.0,0.0,0.2037,0.1,1155.0843352662337,891.6418905391192,0.0,1.1814874510706885,2201133.940256853
2017-11-19,11,2017,1,0,2017-18,0.8167886842125929,2.181727477627622,0.0,738.6901089514656,0.0,0.0,0.2037,0.1,733.711313418951,854.8995267263247,0.0,1.1814874510706885,2216070.326854397
2017-11-20,11,2017,0,0,2017-18,0.7866081210312099,0.24909242352754246,0.0,1132.8135946529942,0.0,0.0,0.2037,0.1,738.6901089514656,817.5355706842578,0.0,1.1814874510706885,3398440.7839589827
2017-11-21,11,2017,0,0,2017-18,0.8067018149394847,2.0500105950813268,0.0,807.2184589854417,0.0,0.0,0.2037,0.1,1132.8135946529942,874.8282715253023,0.0,1.1814874510706885,2421655.376956325
2017-11-22,11,2017,0,0,2017-18,0.9157137715552737,3.225614468931358,0.0,810.7210544030262,0.0,0.0,0.2037,0.1,807.2184589854417,902.4608101385202,0.0,1.1814874510706885,2432163.1632090784
2017-11-23,11,2017,0,0,2017-18,0.7891365146869525,1.8369595103878322,0.0,791.9122005997054,0.0,0.0,0.2037,0.1,810.7210544030262,886.845991043581,0.0,1.1814874510706885,2375736.6017991165
2017-11-24,11,2017,0,0,2017-18,0.8699213920890692,0.20782631021707365,0.0,1122.5475539417798,0.0,0.0,0.2037,0.1,791.9122005997054,881.4501523254027,0.0,1.1814874510706885,3367642.6618253393
2017-11-25,11,2017,1,0,2017-18,0.8428151206597299,3.1451127975361324,0.0,721.1499342206881,0.0,0.0,0.2037,0.1,1122.5475539417798,876.8020407076235,0.0,1.1814874510706885,2163449.8026620643
2017-11-26,11,2017,1,0,2017-18,0.8991013496087944,0.8054551285438976,0.0,1158.3518151231267,0.0,0.0,0.2037,0.1,721.1499342206881,875.0075579650145,0.0,1.1814874510706885,3475055.44536938
2017-11-27,11,2017,0,0,2017-18,0.9810489217974274,1.034483339552155,0.0,1189.4417290778836,0.0,0.0,0.2037,0.1,1158.3518151231267,934.9592302752518,0.0,1.1814874510706885,3568325.1872336506
2017-11-28,11,2017,0,0,2017-18,0.9197716291630751,0.6588254137291836,0.0,1110.7218389253055,0.0,0.0,0.2037,0.1,1189.4417290778836,943.0489637645217,0.0,1.1814874510706885,3332165.5167759163
2017-11-29,11,2017,0,0,2017-18,0.764482113577227,1.3208602594859902,0.0,960.1925884036036,0.0,0.0,0.2037,0.1,1110.7218389253055,986.4065894702164,0.0,1.1814874510706885,2880577.765210811
2017-11-30,11,2017,0,0,2017-18,0.7093549405183853,3.02700602275454,0.0,683.0031928837933,0.0,0.0,0.2037,0.1,960.1925884036036,1007.7596657560132,0.0,1.1814874510706885,2049009.57865138
2017-12-01,12,2017,0,0,2017-18,0.7786792132899475,2.0775434380157494,0.0,706.1838307930556,0.0,0.0,0.2037,0.1,683.0031928837933,992.2012360823115,0.0,1.1814874510706885,2118551.4923791667
2017-12-02,12,2017,1,0,2017-18,0.8785233792100764,0.8195250966028502,0.0,1147.5915051355255,0.0,0.0,0.2037,0.1,706.1838307930556,932.7207042039224,0.0,1.1814874510706885,3442774.5154065765
2017-12-03,12,2017,1,0,2017-18,0.7154277440452751,3.5113203126081634,0.0,637.3410081430891,0.0,0.0,0.2037,0.1,1147.5915051355255,993.6409286203277,0.0,1.1814874510706885,1912023.0244292673
2017-12-04,12,2017,0,0,2017-18,0.8489098741603709,3.5183274198061167,0.0,834.2942575270075,0.0,0.0,0.2037,0.1,637.3410081430891,919.2108133374651,0.0,1.1814874510706885,2502882.7725810227
2017-12-05,12,2017,0,0,2017-18,0.8790528546750668,3.4823137001840276,0.0,779.5911985094702,0.0,0.0,0.2037,0.1,834.2942575270075,868.4754602587685,0.0,1.1814874510706885,2338773.5955284107
2017-12-06,12,2017,0,0,2017-18,0.8002731672450882,0.9551848455261571,0.0,921.0854943795375,0.0,0.0,0.2037,0.1,779.5911985094702,821.1710830565064,0.0,1.1814874510706885,2763256.4831386125
2017-12-07,12,2017,0,0,2017-18,0.9312736611237465,1.8049573767239524,0.0,1013.5931264214049,0.0,0.0,0.2037,0.1,921.0854943795375,815.5843553387825,0.0,1.1814874510706885,3040779.3792642145
2017-12-08,12,2017,0,0,2017-18,0.7319794759401315,3.9399586245635003,0.0,651.2290581810508,0.0,0.0,0.2037,0.1,1013.5931264214049,862.8114887012987,0.0,1.1814874510706885,1953687.1745431526
2017-12-09,12,2017,1,0,2017-18,0.7225413345207425,3.0880499052399615,0.0,620.4047622722292,0.0,0.0,0.2037,0.1,651.2290581810508,854.9608068995838,0.0,1.1814874510706885,1861214.2868166876
2017-12-10,12,2017,1,0,2017-18,0.918456626861081,0.10866968490223927,0.0,1193.292094992052,0.0,0.0,0.2037,0.1,620.4047622722292,779.6484150619699,0.0,1.1814874510706885,3579876.284976156
2017-12-11,12,2017,0,0,2017-18,0.8486473948618596,0.2608183650419682,0.0,1097.6733985282349,0.0,0.0,0.2037,0.1,1193.292094992052,859.0699988975359,0.0,1.1814874510706885,3293020.1955847046
2017-12-12,12,2017,0,0,2017-18,0.9065207189283209,1.855725507249331,0.0,916.4816699678829,0.0,0.0,0.2037,0.1,1097.6733985282349,896.6955904691398,0.0,1.1814874510706885,2749445.009903649
2017-12-13,12,2017,0,0,2017-18,0.8304482015811239,3.6368808234462406,0.0,660.4222662613672,0.0,0.0,0.2037,0.1,916.4816699678829,916.251372106056,0.0,1.1814874510706885,1981266.7987841016
2017-12-14,12,2017,0,0,2017-18,0.773920609971732,2.154807191810857,0.0,828.9244624619452,0.0,0.0,0.2037,0.1,660.4222662613672,879.0137680891746,0.0,1.1814874510706885,2486773.3873858354
2017-12-15,12,2017,0,0,2017-18,0.94573069530226,1.991250032137161,0.0,1100.5100611556727,0.0,0.0,0.2037,0.1,828.9244624619452,852.6325303806804,0.0,1.1814874510706885,3301530.183467018
2017-12-16,12,2017,1,0,2017-18,0.9398247636906938,0.42189479982652234,0.0,1233.0977742256493,0.0,0.0,0.2037,0.1,1100.5100611556727,916.8155308056263,0.0,1.1814874510706885,3699293.322676948
2017-12-17,12,2017,1,0,2017-18,0.908408941256328,2.627120418897176,0.0,898.4962012953883,0.0,0.0,0.2037,0.1,1233.0977742256493,1004.3431039418291,0.0,1.1814874510706885,2695488.603886165
2017-12-18,12,2017,0,0,2017-18,0.7816435411689888,3.288412642400902,0.0,650.2393758526124,0.0,0.0,0.2037,0.1,898.4962012953883,962.2294048423057,0.0,1.1814874510706885,1950718.1275578372
2017-12-19,12,2017,0,0,2017-18,0.8770692000607261,1.5216800300302493,0.0,1074.7039283313222,0.0,0.0,0.2037,0.1,650.2393758526124,898.3102587457882,0.0,1.1814874510706885,3224111.7849939666
2017-12-20,12,2017,0,0,2017-18,0.808292169082008,3.10244740370131,0.0,779.6774906542435,0.0,0.0,0.2037,0.1,1074.7039283313222,920.913438511994,0.0,1.1814874510706885,2339032.4719627304
2017-12-21,12,2017,0,0,2017-18,0.7274746219979902,3.8579066156032464,0.0,553.9127910326126,0.0,0.0,0.2037,0.1,779.6774906542435,937.9498991395476,0.0,1.1814874510706885,1661738.373097838
2017-12-22,12,2017,0,0,2017-18,0.9751940726386729,0.8150658365107564,0.0,1266.2265343922527,0.0,0.0,0.2037,0.1,553.9127910326126,898.6625175067859,0.0,1.1814874510706885,3798679.603176758
2017-12-23,12,2017,1,0,2017-18,0.7410455892756884,2.093318524778965,0.0,826.3894920726667,0.0,0.0,0.2037,0.1,1266.2265343922527,922.336299397726,0.0,1.1814874510706885,2479168.476218
2017-12-24,12,2017,1,0,2017-18,0.9850712061462408,1.1485518323383022,0.0,1118.9765480044593,0.0,0.0,0.2037,0.1,826.3894920726667,864.2351162330141,0.0,1.1814874510706885,3356929.644013378
2017-12-25,12,2017,0,0,2017-18,0.8338017318873867,3.1714176761353574,0.0,759.6207039753215,0.0,0.0,0.2037,0.1,1118.9765480044593,895.7323086200241,0.0,1.1814874510706885,2278862.1119259642
2017-12-26,12,2017,0,0,2017-18,0.7555398786515859,2.31037346352463,0.0,748.9106875174965,0.0,0.0,0.2037,0.1,759.6207039753215,911.3582126375541,0.0,1.1814874510706885,2246732.0625524893
2017-12-27,12,2017,0,0,2017-18,0.8625702842135075,2.538329670201215,0.0,1043.6528104027013,0.0,0.0,0.2037,0.1,748.9106875174965,864.8163210927218,0.0,1.1814874510706885,3130958.431208104
2017-12-28,12,2017,0,0,2017-18,0.9618837507629225,3.1916566384635763,0.0,917.3485143778722,0.0,0.0,0.2037,0.1,1043.6528104027013,902.5270810567872,0.0,1.1814874510706885,2752045.5431336164
2017-12-29,12,2017,0,0,2017-18,0.9196674659228683,1.5838818906498195,0.0,1054.4793305681385,0.0,0.0,0.2037,0.1,917.3485143778722,954.4464701061099,0.0,1.1814874510706885,3163437.9917044155
2017-12-30,12,2017,1,0,2017-18,0.9419683443584349,3.660360273628173,0.0,835.6874173182154,0.0,0.0,0.2037,0.1,1054.4793305681385,924.1968695598081,0.0,1.1814874510706885,2507062.251954646
2017-12-31,12,2017,1,0,2017-18,0.8976350100132152,2.13211546898456,0.0,1043.5297521062303,0.0,0.0,0.2037,0.1,835.6874173182154,925.5251445948863,0.0,1.1814874510706885,3130589.2563186907
2018-01-01,1,2018,0,0,2017-18,0.9076829693553558,0.631819291341392,0.0,1139.0482233368416,0.0,0.0,0.2037,0.1,1043.5297521062303,914.7470308951395,0.0,1.1814874510706885,3417144.670010525
2018-01-02,1,2018,0,0,2017-18,0.9547586954695958,2.78359647267521,0.0,887.7689231266712,0.0,0.0,0.2037,0.1,1139.0482233368416,968.9509622324995,0.0,1.1814874510706885,2663306.7693800135
2018-01-03,1,2018,0,0,2017-18,0.7749004026577557,3.1730454017530176,0.0,768.9570397309828,0.0,0.0,0.2037,0.1,887.7689231266712,988.7878530338102,0.0,1.1814874510706885,2306871.1191929486
2018-01-04,1,2018,0,0,2017-18,0.8468274890929421,1.2670467082701067,0.0,983.7296183567624,0.0,0.0,0.2037,0.1,768.9570397309828,949.5456000807073,0.0,1.1814874510706885,2951188.8550702874
2018-01-05,1,2018,0,0,2017-18,0.7663628325458807,3.428717027995012,0.0,605.8986249435529,0.0,0.0,0.2037,0.1,983.7296183567624,959.0286149348346,0.0,1.1814874510706885,1817695.8748306588
2018-01-06,1,2018,1,0,2017-18,0.9963004023989941,3.6245730190630656,0.0,769.9189535433452,0.0,0.0,0.2037,0.1,605.8986249435529,894.9456569884652,0.0,1.1814874510706885,2309756.8606300354
2018-01-07,1,2018,1,0,2017-18,0.983217801905984,1.1076179495112357,0.0,1279.873473961074,0.0,0.0,0.2037,0.1,769.9189535433452,885.5501621634838,0.0,1.1814874510706885,3839620.421883222
2018-01-08,1,2018,0,0,2017-18,0.7118280434105517,3.9340858908608882,0.0,590.1045687147989,0.0,0.0,0.2037,0.1,1279.873473961074,919.31355099989,0.0,1.1814874510706885,1770313.7061443967
2018-01-09,1,2018,0,0,2017-18,0.9116725517547065,0.5628461121950337,0.0,1118.4742967940942,0.0,0.0,0.2037,0.1,590.1045687147989,840.8930289110268,0.0,1.1814874510706885,3355422.890382283
2018-01-10,1,2018,0,0,2017-18,0.9775744952246997,0.8080626736099599,0.0,1193.8341216476563,0.0,0.0,0.2037,0.1,1118.4742967940942,873.8509394349443,0.0,1.1814874510706885,3581502.364942969
2018-01-11,1,2018,0,0,2017-18,0.7541726035382,0.7368993569521045,0.0,994.7499123273711,0.0,0.0,0.2037,0.1,1193.8341216476563,934.5476654230406,0.0,1.1814874510706885,2984249.736982113
2018-01-12,1,2018,0,0,2017-18,0.8703835691657889,3.5759588400314817,0.0,732.924577685625,0.0,0.0,0.2037,0.1,994.7499123273711,936.1219931331276,0.0,1.1814874510706885,2198773.733056875
2018-01-13,1,2018,1,0,2017-18,0.9746464892764126,2.6171702092998474,0.0,871.0728538271893,0.0,0.0,0.2037,0.1,732.924577685625,954.2685578105664,0.0,1.1814874510706885,2613218.561481568
2018-01-14,1,2018,1,0,2017-18,0.7101837935757396,0.6084171328890915,0.0,919.7665798097472,0.0,0.0,0.2037,0.1,871.0728538271893,968.7191149939728,0.0,1.1814874510706885,2759299.7394292415
2018-01-15,1,2018,0,0,2017-18,0.9092260801740519,1.761293673473396,0.0,1089.695386020906,0.0,0.0,0.2037,0.1,919.7665798097472,917.2752729723545,0.0,1.1814874510706885,3269086.158062718
2018-01-16,1,2018,0,0,2017-18,0.7892047022117652,2.461192100279208,0.0,877.7302135136883,0.0,0.0,0.2037,0.1,1089.695386020906,988.6453897303699,0.0,1.1814874510706885,2633190.640541065
2018-01-17,1,2018,0,0,2017-18,0.9773188586129591,0.33385633995753317,0.0,1234.0300464740906,0.0,0.0,0.2037,0.1,877.7302135136883,954.253377833169,0.0,1.1814874510706885,3702090.139422272
2018-01-18,1,2018,0,0,2017-18,0.9913174735496103,3.529665473629355,0.0,948.8526402919161,0.0,0.0,0.2037,0.1,1234.0300464740906,959.995652808374,0.0,1.1814874510706885,2846557.9208757486
2018-01-19,1,2018,0,0,2017-18,0.9832799467340302,3.2144141417661407,0.0,912.4887407247326,0.0,0.0,0.2037,0.1,948.8526402919161,953.4388996604519,0.0,1.1814874510706885,2737466.222174198
2018-01-20,1,2018,1,0,2017-18,0.8422642649972392,2.020827094306553,0.0,988.2140163498741,0.0,0.0,0.2037,0.1,912.4887407247326,979.0909229517529,0.0,1.1814874510706885,2964642.0490496224
2018-01-21,1,2018,1,0,2017-18,0.958612795296794,3.8685064610366817,0.0,829.8317781419092,0.0,0.0,0.2037,0.1,988.2140163498741,995.8253747407078,0.0,1.1814874510706885,2489495.334425728
2018-01-22,1,2018,0,0,2017-18,0.9533648195605211,1.6710439171003988,0.0,966.4860459365694,0.0,0.0,0.2037,0.1,829.8317781419092,982.9775459310167,0.0,1.1814874510706885,2899458.1378097082
2018-01-23,1,2018,0,0,2017-18,0.7957301419729766,3.9364412761459913,0.0,767.0690152552943,0.0,0.0,0.2037,0.1,966.4860459365694,965.3762116332543,0.0,1.1814874510706885,2301207.045765883
2018-01-24,1,2018,0,0,2017-18,0.9486746422452033,2.6716799952145083,0.0,939.3410547420244,0.0,0.0,0.2037,0.1,767.0690152552943,949.5674690249123,0.0,1.1814874510706885,2818023.1642260733
2018-01-25,1,2018,0,0,2017-18,0.7111022904146478,2.538685093015766,0.0,753.0462555137301,0.0,0.0,0.2037,0.1,939.3410547420244,907.4690416346172,0.0,1.1814874510706885,2259138.7665411904
2018-01-26,1,2018,0,0,2017-18,0.8788809635446159,0.66381958118314,0.0,1014.0897473215567,0.0,0.0,0.2037,0.1,753.0462555137301,879.4967009520191,0.0,1.1814874510706885,3042269.2419646704
2018-01-27,1,2018,1,0,2017-18,0.7690026511863108,3.527711033218576,0.0,704.0088214180148,0.0,0.0,0.2037,0.1,1014.0897473215567,894.0111304658512,0.0,1.1814874510706885,2112026.4642540445
2018-01-28,1,2018,1,0,2017-18,0.7361700657331836,1.7099587516824606,0.0,895.7615335364209,0.0,0.0,0.2037,0.1,704.0088214180148,853.4103883327283,0.0,1.1814874510706885,2687284.6006092625
2018-01-29,1,2018,0,0,2017-18,0.7230859604887627,0.6489336231299174,0.0,1040.46260420817,0.0,0.0,0.2037,0.1,895.7615335364209,862.8289248176586,0.0,1.1814874510706885,3121387.81262451
2018-01-30,1,2018,0,0,2017-18,0.908886632763442,0.05043007990303616,0.0,1311.566014717363,0.0,0.0,0.2037,0.1,1040.46260420817,873.3970045707445,0.0,1.1814874510706885,3934698.044152089
2018-01-31,1,2018,0,0,2017-18,0.8019624891304198,2.2390227345535303,0.0,875.1362463886098,0.0,0.0,0.2037,0.1,1311.566014717363,951.182290208183,0.0,1.1814874510706885,2625408.7391658295
2018-02-01,2,2018,0,0,2017-18,0.9174300314586284,2.1095984884907053,0.0,870.5025465925311,0.0,0.0,0.2037,0.1,875.1362463886098,942.0101747291236,0.0,1.1814874510706885,2611507.6397775933
2018-02-02,2,2018,0,0,2017-18,0.7196069022396827,2.8774144894766343,0.0,698.8568389473977,0.0,0.0,0.2037,0.1,870.5025465925311,958.7896448832381,0.0,1.1814874510706885,2096570.5168421932
2018-02-03,2,2018,1,0,2017-18,0.7945871013491831,3.5610322120712086,0.0,648.84376776277,0.0,0.0,0.2037,0.1,698.8568389473977,913.7563722583582,0.0,1.1814874510706885,1946531.3032883098
2018-02-04,2,2018,1,0,2017-18,0.8618473877126012,0.3176263385721181,0.0,1139.1248684378093,0.0,0.0,0.2037,0.1,648.84376776277,905.875650307609,0.0,1.1814874510706885,3417374.6053134277
2018-02-05,2,2018,0,0,2017-18,0.9372169494516891,2.9259859613614494,0.0,810.6024747035517,0.0,0.0,0.2037,0.1,1139.1248684378093,940.6418410078074,0.0,1.1814874510706885,2431807.424110655
2018-02-06,2,2018,0,0,2017-18,0.795625750879621,0.7496477763903289,0.0,976.5819824970589,0.0,0.0,0.2037,0.1,810.6024747035517,907.8046796500047,0.0,1.1814874510706885,2929745.947491177
2018-02-07,2,2018,0,0,2017-18,0.8877674129311027,3.432708212628656,0.0,750.0149132302697,0.0,0.0,0.2037,0.1,976.5819824970589,859.949817904247,0.0,1.1814874510706885,2250044.739690809
2018-02-08,2,2018,0,0,2017-18,0.9657933244708561,3.2762540554466244,0.0,837.248162150489,0.0,0.0,0.2037,0.1,750.0149132302697,842.0753417387697,0.0,1.1814874510706885,2511744.486451467
2018-02-09,2,2018,0,0,2017-18,0.8847589564546914,2.1631750199421775,0.0,897.1398259198282,0.0,0.0,0.2037,0.1,837.248162150489,837.3247153899066,0.0,1.1814874510706885,2691419.4777594847
2018-02-10,2,2018,1,0,2017-18,0.7698878424260901,2.840971194493246,0.0,732.7959909122891,0.0,0.0,0.2037,0.1,897.1398259198282,865.650856385968,0.0,1.1814874510706885,2198387.972736867
2018-02-11,2,2018,1,0,2017-18,0.7073202344669614,1.2574004527349936,0.0,851.6852997968109,0.0,0.0,0.2037,0.1,732.7959909122891,877.6440311216137,0.0,1.1814874510706885,2555055.8993904325
2018-02-12,2,2018,0,0,2017-18,0.961029662170279,1.8846715957312585,0.0,881.6918375735349,0.0,0.0,0.2037,0.1,851.6852997968109,836.5812356014711,0.0,1.1814874510706885,2645075.512720605
2018-02-13,2,2018,0,0,2017-18,0.7063808232551161,3.2865475908418866,0.0,478.4198328558394,0.0,0.0,0.2037,0.1,881.6918375735349,846.7368588686115,0.0,1.1814874510706885,1435259.498567518
2018-02-14,2,2018,0,0,2017-18,0.9624105018052598,1.8370607886928556,0.0,1034.7372113359218,0.0,0.0,0.2037,0.1,478.4198328558394,775.5708374912945,0.0,1.1814874510706885,3104211.6340077654
2018-02-15,2,2018,0,0,2017-18,0.8586811402081636,1.4311930613017672,0.0,977.1545469887462,0.0,0.0,0.2037,0.1,1034.7372113359218,816.2454515063876,0.0,1.1814874510706885,2931463.640966239
2018-02-16,2,2018,0,0,2017-18,0.9817203095538689,1.9768497890011996,0.0,1073.0066728178517,0.0,0.0,0.2037,0.1,977.1545469887462,836.2320779118529,0.0,1.1814874510706885,3219020.018453555
2018-02-17,2,2018,1,0,2017-18,0.9396349707320997,3.3129970097488735,0.0,796.842697899574,0.0,0.0,0.2037,0.1,1073.0066728178517,861.3559131829991,0.0,1.1814874510706885,2390528.093698722
2018-02-18,2,2018,1,0,2017-18,0.9993802331600012,1.340832189483491,0.0,1165.55161162151,0.0,0.0,0.2037,0.1,796.842697899574,870.5054427526112,0.0,1.1814874510706885,3496654.83486453
2018-02-19,2,2018,0,0,2017-18,0.805213544635513,0.6950463725429752,0.0,1017.1006868142194,0.0,0.0,0.2037,0.1,1165.55161162151,915.3434872989968,0.0,1.1814874510706885,3051302.060442658
2018-02-20,2,2018,0,0,2017-18,0.930156486679338,2.848056081323123,0.0,846.0629218687327,0.0,0.0,0.2037,0.1,1017.1006868142194,934.6876086190947,0.0,1.1814874510706885,2538188.765606198
2018-02-21,2,2018,0,0,2017-18,0.8205792740827726,3.303912850832327,0.0,807.8665051254014,0.0,0.0,0.2037,0.1,846.0629218687327,987.2080499066508,0.0,1.1814874510706885,2423599.515376204
2018-02-22,2,2018,0,0,2017-18,0.8439626860911726,0.4025499140941333,0.0,1102.263175386887,0.0,0.0,0.2037,0.1,807.8665051254014,954.7979490194336,0.0,1.1814874510706885,3306789.526160661
2018-02-23,2,2018,0,0,2017-18,0.8882516389655111,0.9594964510237789,0.0,1117.7894082224198,0.0,0.0,0.2037,0.1,1102.263175386887,972.6706102191681,0.0,1.1814874510706885,3353368.224667259
2018-02-24,2,2018,1,0,2017-18,0.9621031342559017,0.5678879590439756,0.0,1226.2020154867423,0.0,0.0,0.2037,0.1,1117.7894082224198,979.0681438483919,0.0,1.1814874510706885,3678606.046460227
2018-02-25,2,2018,1,0,2017-18,0.9952250407597885,1.3917656463286665,0.0,1294.8384506048933,0.0,0.0,0.2037,0.1,1226.2020154867423,1040.4051892179873,0.0,1.1814874510706885,3884515.35181468
2018-02-26,2,2018,0,0,2017-18,0.9304820241593554,1.8014039156216506,0.0,1067.0567353930182,0.0,0.0,0.2037,0.1,1294.8384506048933,1058.874737644185,0.0,1.1814874510706885,3201170.206179055
2018-02-27,2,2018,0,0,2017-18,0.8253300346502002,2.995305347853226,0.0,745.3777796351367,0.0,0.0,0.2037,0.1,1067.0567353930182,1066.011316012585,0.0,1.1814874510706885,2236133.33890541
2018-02-28,2,2018,0,0,2017-18,0.8264071006831211,2.6045903395266965,0.0,877.9600916144619,0.0,0.0,0.2037,0.1,745.3777796351367,1051.6277242649282,0.0,1.1814874510706885,2633880.274843386
2018-03-01,3,2018,0,0,2017-18,0.9212746904766674,2.4837142699137247,0.0,821.915141093105,0.0,0.0,0.2037,0.1,877.9600916144619,1061.6410937633657,0.0,1.1814874510706885,2465745.4232793152
2018-03-02,3,2018,0,0,2017-18,0.7716331437304906,1.4094997864386176,0.0,900.3613610096621,0.0,0.0,0.2037,0.1,821.915141093105,1021.5913745785396,0.0,1.1814874510706885,2701084.0830289866
2018-03-03,3,2018,1,0,2017-18,0.7331422339394184,3.3657902123390397,0.0,676.2151180818743,0.0,0.0,0.2037,0.1,900.3613610096621,990.5302249767171,0.0,1.1814874510706885,2028645.3542456229
2018-03-04,3,2018,1,0,2017-18,0.806386647292233,1.8851486695926583,0.0,889.6869934545949,0.0,0.0,0.2037,0.1,676.2151180818743,911.9606682045932,0.0,1.1814874510706885,2669060.980363785
2018-03-05,3,2018,0,0,2017-18,0.7861716974962245,3.916419752060618,0.0,621.3535229981093,0.0,0.0,0.2037,0.1,889.6869934545949,854.0818886116933,0.0,1.1814874510706885,1864060.568994328
2018-03-06,3,2018,0,0,2017-18,0.788892436136797,2.5365685531829474,0.0,724.4481047858327,0.0,0.0,0.2037,0.1,621.3535229981093,790.4100011267063,0.0,1.1814874510706885,2173344.314357498
2018-03-07,3,2018,0,0,2017-18,0.7700823253149729,0.5050589662580109,0.0,931.1470885003437,0.0,0.0,0.2037,0.1,724.4481047858327,787.4200475768058,0.0,1.1814874510706885,2793441.265501031
2018-03-08,3,2018,0,0,2017-18,0.7126279568909085,2.704710248301736,0.0,706.7003102310401,0.0,0.0,0.2037,0.1,931.1470885003437,795.0181899890747,0.0,1.1814874510706885,2120100.93069312
2018-03-09,3,2018,0,0,2017-18,0.7053621804200241,1.300416061726796,0.0,751.0866728452696,0.0,0.0,0.2037,0.1,706.7003102310401,778.558928437351,0.0,1.1814874510706885,2253260.0185358087
2018-03-10,3,2018,1,0,2017-18,0.9963167169208095,2.7453087867443897,0.0,1092.1229131681098,0.0,0.0,0.2037,0.1,751.0866728452696,757.2339729852949,0.0,1.1814874510706885,3276368.7395043294
2018-03-11,3,2018,1,0,2017-18,0.8283319401207587,0.27856459264962297,0.0,906.2320775915737,0.0,0.0,0.2037,0.1,1092.1229131681098,816.6493722833285,0.0,1.1814874510706885,2718696.232774721
2018-03-12,3,2018,0,0,2017-18,0.8152979941479045,0.6995257487038375,0.0,998.955221247518,0.0,0.0,0.2037,0.1,906.2320775915737,819.0129557314684,0.0,1.1814874510706885,2996865.663742554
2018-03-13,3,2018,0,0,2017-18,0.9038941848079209,3.4229490356231453,0.0,807.6988710278687,0.0,0.0,0.2037,0.1,998.955221247518,872.956055481384,0.0,1.1814874510706885,2423096.613083606
2018-03-14,3,2018,0,0,2017-18,0.7654761663595192,0.9087182280940596,0.0,970.9464075513663,0.0,0.0,0.2037,0.1,807.6988710278687,884.849022087389,0.0,1.1814874510706885,2912839.2226540986
2018-03-15,3,2018,0,0,2017-18,0.9849883551850676,3.34816450097176,0.0,820.3343521778478,0.0,0.0,0.2037,0.1,970.9464075513663,890.5346390946779,0.0,1.1814874510706885,2461003.0565335434
2018-03-16,3,2018,0,0,2017-18,0.9359035043246656,1.1171043538176417,0.0,1195.4554717654096,0.0,0.0,0.2037,0.1,820.3343521778478,906.7680736585077,0.0,1.1814874510706885,3586366.4152962286
2018-03-17,3,2018,1,0,2017-18,0.7268233006936778,2.5715276402348306,0.0,632.9870656003621,0.0,0.0,0.2037,0.1,1195.4554717654096,970.2493306470991,0.0,1.1814874510706885,1898961.1968010864
2018-03-18,3,2018,1,0,2017-18,0.8252742327354785,2.776602294039324,0.0,764.3624573656,0.0,0.0,0.2037,0.1,632.9870656003621,904.6584952802781,0.0,1.1814874510706885,2293087.3720968
2018-03-19,3,2018,0,0,2017-18,0.9637354922686494,2.0506190125802117,0.0,1073.0644567796226,0.0,0.0,0.2037,0.1,764.3624573656,884.3914066765675,0.0,1.1814874510706885,3219193.370338868
2018-03-20,3,2018,0,0,2017-18,0.983419606687423,1.2212427067869251,0.0,1232.1531107680719,0.0,0.0,0.2037,0.1,1073.0644567796226,894.978440324011,0.0,1.1814874510706885,3696459.3323042155
2018-03-21,3,2018,0,0,2017-18,0.8402204533749609,0.8505775054843845,0.0,940.3436505468544,0.0,0.0,0.2037,0.1,1232.1531107680719,955.6147602868972,0.0,1.1814874510706885,2821030.951640563
2018-03-22,3,2018,0,0,2017-18,0.8840234167632123,0.13275741824970488,0.0,1352.2408137947978,0.0,0.0,0.2037,0.1,940.3436505468544,951.2429378576813,0.0,1.1814874510706885,4056722.4413843933
2018-03-23,3,2018,0,0,2017-18,0.7501101838276225,1.2157856049628952,0.0,826.5756523976032,0.0,0.0,0.2037,0.1,1352.2408137947978,1027.2295752315313,0.0,1.1814874510706885,2479726.95719281
2018-03-24,3,2018,1,0,2017-18,0.997350587841093,2.612651162125132,0.0,903.4804328039223,0.0,0.0,0.2037,0.1,826.5756523976032,974.5324581789874,0.0,1.1814874510706885,2710441.298411767
2018-03-25,3,2018,1,0,2017-18,0.769501510415033,3.7532192737939307,0.0,680.9084182266436,0.0,0.0,0.2037,0.1,903.4804328039223,1013.1743677794959,0.0,1.1814874510706885,2042725.2546799306
2018-03-26,3,2018,0,0,2017-18,0.9828195322405378,3.484817929052208,0.0,838.5183302025501,0.0,0.0,0.2037,0.1,680.9084182266436,1001.2523621882166,0.0,1.1814874510706885,2515554.9906076505
2018-03-27,3,2018,0,0,2017-18,0.8948939946977106,3.0642591061412103,0.0,802.1223611816915,0.0,0.0,0.2037,0.1,838.5183302025501,967.7457726772062,0.0,1.1814874510706885,2406367.083545075
2018-03-28,3,2018,0,0,2017-18,0.8823210384636577,3.1537893730131947,0.0,853.2283365246631,0.0,0.0,0.2037,0.1,802.1223611816915,906.3128084505804,0.0,1.1814874510706885,2559685.009573989
2018-03-29,3,2018,0,0,2017-18,0.8538065533049526,2.659939613903981,0.0,740.8218807724503,0.0,0.0,0.2037,0.1,853.2283365246631,893.8677635902674,0.0,1.1814874510706885,2222465.642317351
2018-03-30,3,2018,0,0,2017-18,0.7692009435153275,1.041147430264012,0.0,813.0750078742689,0.0,0.0,0.2037,0.1,740.8218807724503,806.522201729932,0.0,1.1814874510706885,2439225.0236228066
2018-03-31,3,2018,1,0,2017-18,0.7529584096016524,3.6287801228233194,0.0,605.5637798378361,0.0,0.0,0.2037,0.1,813.0750078742689,804.5935382265985,0.0,1.1814874510706885,1816691.3395135084
