date,month,year,is_weekend,is_monsoon,fy,equipment_uptime_pct,blasting_delay_hrs,rainfall_mm,true_production_t,rom_gross_reported_te,stripping_ratio_miss,production_shortfall_pct,ob_overrun_pct,lag_1d_production_t,lag_7d_mean_production_t,ndvi_seasonal_delta,soil_moisture_seasonal_delta,daily_value_inr,rolling_90d_mean,target_production_t,shortfall_gap,shortfall_pct,risk_category,shap_month,shap_is_weekend,shap_is_monsoon,shap_rainfall_mm,shap_equipment_uptime_pct,shap_blasting_delay_hrs,shap_lag_1d_production_t,shap_lag_7d_mean_production_t,shap_ndvi_seasonal_delta,shap_soil_moisture_seasonal_delta,shap_stripping_ratio_miss,shap_production_shortfall_pct,shap_ob_overrun_pct
2015-04-08,4,2015,0,0,2015-16,0.9598528437324804,3.711009132780852,0.0,656.3319756339957,0.0,0.0,0.0,0.0,428.3764851467882,753.9329893143974,0.0,1.1814874510706883,1968995.9269019875,,693.5188844289788,37.18690879498308,5.362061456423295,Medium,6.4948754,-0.037250094,35.772854,4.9537206,92.488235,-159.2494,2.3604667,2.8048723,0.0,0.0,6.3312864,0.0,0.0
2015-04-09,4,2015,0,0,2015-16,0.8803345035229626,3.979631290585741,0.0,602.0109148378803,0.0,0.0,0.0,0.0,656.3319756339957,723.9975378254339,0.0,1.1814874510706883,1806032.7445136409,,693.5188844289788,91.50796959109856,13.194733646862884,Medium,11.579852,0.15065278,40.15703,2.9940493,18.71304,-179.37915,0.40772897,-0.7258115,0.0,0.0,6.854942,0.0,0.0
2015-04-10,4,2015,0,0,2015-16,0.9124217733388136,0.6955809968779492,0.0,1031.8917404473837,0.0,0.0,0.0,0.0,602.0109148378803,656.4081290143301,0.0,1.1814874510706883,3095675.221342151,,693.5188844289788,-338.37285601840483,-48.79071985141547,Low,13.261137,-0.19200422,58.812496,4.747284,70.432304,122.51664,2.220607,-6.9999914,0.0,0.0,6.989265,0.0,0.0
2015-04-11,4,2015,1,0,2015-16,0.7061753482887407,1.584968075610635,0.0,697.9320908858515,0.0,0.0,0.0,0.0,1031.8917404473837,695.729693319771,0.0,1.1814874510706883,2093796.2726575544,,693.5188844289788,-4.413206456872672,-0.6363498609711781,Low,9.249157,0.24135962,26.279694,3.7656994,-120.449844,33.062683,14.675859,5.9373684,0.0,0.0,5.6319833,0.0,0.0
2015-04-12,4,2015,1,0,2015-16,0.9909729556485982,3.032953902816365,0.0,716.4209643306972,0.0,0.0,0.0,0.0,697.9320908858515,688.269329237876,0.0,1.1814874510706883,2149262.892992092,,693.5188844289788,-22.902079901718366,-3.302300833606745,Low,12.436667,0.47719747,41.96344,5.1794753,94.608246,-89.59287,-3.9582932,-2.008549,0.0,0.0,7.5177283,0.0,0.0
2015-04-13,4,2015,0,0,2015-16,0.9497327922401264,2.784082472215169,0.0,852.4701858671134,0.0,0.0,0.0,0.0,716.4209643306972,667.9258402983406,0.0,1.1814874510706883,2557410.55760134,,693.5188844289788,-158.95130143813458,-22.91953471014852,Low,18.581144,-0.17566156,44.536354,4.9822664,93.00682,-67.64614,8.355686,-8.340555,0.0,0.0,9.223828,0.0,0.0
2015-04-14,4,2015,0,0,2015-16,0.7637017332034828,0.6155836253594202,0.0,795.7816086461321,0.0,0.0,0.0,0.0,852.4701858671134,712.2049081642443,0.0,1.1814874510706883,2387344.825938396,,693.5188844289788,-102.26272421715328,-14.74548516459694,Low,13.671591,-0.047014974,34.380905,4.189074,-89.877884,112.82052,1.675729,-3.5361207,0.0,0.0,8.958547,0.0,0.0
2015-04-15,4,2015,0,0,2015-16,0.7545474901621302,3.263332499962471,0.0,548.5306612979685,0.0,0.0,0.0,0.0,795.7816086461321,764.6913543784361,0.0,1.1814874510706883,1645591.9838939055,,693.5188844289788,144.98822313101027,20.90616800584874,High,8.765597,-0.025994737,29.087713,5.073937,-80.012054,-104.72074,2.5542943,7.279314,0.0,0.0,5.142029,0.0,0.0
2015-04-16,4,2015,0,0,2015-16,0.7550213529560301,0.8977622873466427,0.0,742.6511420172993,0.0,0.0,0.0,0.0,548.5306612979685,749.2911666161466,0.0,1.1814874510706883,2227953.426051898,,693.5188844289788,-49.1322575883205,-7.084487342947327,Low,10.862271,-0.076201335,31.61382,5.192933,-103.22876,83.73475,-0.17940599,0.27555874,0.0,0.0,5.680624,0.0,0.0
2015-04-17,4,2015,0,0,2015-16,0.7912726728878613,0.8952704592904923,0.0,707.6398356214941,0.0,0.0,0.0,0.0,742.6511420172993,769.382627641778,0.0,1.1814874510706883,2122919.506864482,,693.5188844289788,-14.120951192515236,-2.036130739848847,Low,9.420423,-0.06980747,32.52361,4.549694,-70.65595,78.08938,0.29043254,5.0266542,0.0,0.0,5.9588213,0.0,0.0
2015-04-18,4,2015,1,0,2015-16,0.8574269294896714,2.1478976915736543,0.0,739.2078346711621,0.0,0.0,0.0,0.0,707.6398356214941,723.0609269523653,0.0,1.1814874510706883,2217623.504013486,,693.5188844289788,-45.688950242183296,-6.58798934938911,Low,10.970411,0.17382178,37.28478,4.8386855,14.725227,-6.1639457,0.0381996,0.6301077,0.0,0.0,6.372173,0.0,0.0
2015-04-19,4,2015,1,0,2015-16,0.8295835055926347,2.3717597393668126,0.0,728.0589987624132,0.0,0.0,0.0,0.0,739.2078346711621,728.9574617788381,0.0,1.1814874510706883,2184176.99628724,,693.5188844289788,-34.54011433343442,-4.980414392302185,Low,12.397869,0.025609069,37.43947,4.410392,-12.038637,-30.482439,0.1277294,4.8433204,0.0,0.0,6.475174,0.0,0.0
2015-04-20,4,2015,0,0,2015-16,0.7873687420594125,2.3203448313512447,0.0,648.0272358323381,0.0,0.0,0.0,0.0,728.0589987624132,730.6200381262261,0.0,1.1814874510706883,1944081.7074970144,,693.5188844289788,45.49164859664074,6.559539994948676,Medium,9.024502,-0.013191551,37.871803,4.1088233,-56.60725,-24.480846,-1.0328918,3.2596185,0.0,0.0,5.4300528,0.0,0.0
2015-04-21,4,2015,0,0,2015-16,0.8835558684167139,0.3659473495910195,0.0,965.5547291869108,0.0,0.0,0.0,0.0,648.0272358323381,701.4139024069725,0.0,1.1814874510706883,2896664.1875607325,,693.5188844289788,-272.03584475793195,-39.2254415655772,Low,11.001352,-0.14625064,48.868416,4.8627806,34.738216,142.70773,0.9680036,-2.8833046,0.0,0.0,7.0623813,0.0,0.0
2015-04-22,4,2015,0,0,2015-16,0.7418481581956126,3.509843450521521,0.0,485.1341341873389,0.0,0.0,0.0,0.0,965.5547291869108,725.6672053413695,0.0,1.1814874510706883,1455402.4025620169,,693.5188844289788,208.38475024163995,30.04745147108968,High,5.389927,0.22268476,24.242367,4.7855062,-98.15018,-151.89865,-0.88655293,2.4442453,0.0,0.0,2.8852246,0.0,0.0
2015-04-23,4,2015,0,0,2015-16,0.7876433945605654,1.0624001703548245,0.0,771.4715830283968,0.0,0.0,0.0,0.0,485.1341341873389,716.6105586112795,0.0,1.1814874510706883,2314414.7490851902,,693.5188844289788,-77.952698599418,-11.240169568504504,Low,7.1028376,-0.08500087,38.252617,4.161692,-66.46863,80.66774,4.0230885,0.97129375,0.0,0.0,5.8378296,0.0,0.0
2015-04-24,4,2015,0,0,2015-16,0.8099085529881075,0.5180596851312167,0.0,867.6232543692156,0.0,0.0,0.0,0.0,771.4715830283968,720.7277644700077,0.0,1.1814874510706883,2602869.7631076467,,693.5188844289788,-174.10436994023678,-25.104488695154814,Low,9.58817,-0.42980883,45.204376,4.419565,-40.10252,135.58675,4.086165,-1.4197829,0.0,0.0,5.87098,0.0,0.0
2015-04-25,4,2015,1,0,2015-16,0.8368209952651108,3.5549923194759088,0.0,607.5251143007641,0.0,0.0,0.0,0.0,867.6232543692156,743.582538576825,0.0,1.1814874510706883,1822575.3429022925,,693.5188844289788,85.99377012821469,12.399629203899645,Medium,10.715345,-0.85105443,32.135277,4.6749697,-2.869193,-153.04059,-0.8484165,4.117873,0.0,0.0,8.536665,0.0,0.0
2015-04-26,4,2015,1,0,2015-16,0.935552788417904,3.8226059929190135,0.0,550.8919150270013,0.0,0.0,0.0,0.0,607.5251143007641,724.7707213810539,0.0,1.1814874510706883,1652675.745081004,,693.5188844289788,142.62696940197748,20.565693682503245,High,7.135868,-0.50032157,35.804012,4.489932,57.215866,-187.06749,-4.1858163,-4.3223534,0.0,0.0,5.548664,0.0,0.0
2015-04-27,4,2015,0,0,2015-16,0.7599021346475079,3.4485104690618025,0.0,526.8087842257346,0.0,0.0,0.0,0.0,550.8919150270013,699.4611379902808,0.0,1.1814874510706883,1580426.3526772037,,693.5188844289788,166.71010020324422,24.038292820318507,High,6.254669,0.11761318,34.17482,6.91482,-72.188484,-135.2919,0.07704856,2.9069288,0.0,0.0,3.7657795,0.0,0.0
2015-04-28,4,2015,0,0,2015-16,0.8542703315240835,3.2380642988995123,0.0,732.2929174483967,0.0,0.0,0.0,0.0,526.8087842257346,682.1442163321946,0.0,1.1814874510706883,2196878.75234519,,693.5188844289788,-38.77403301941786,-5.59091235869419,Low,12.989301,-0.12196894,47.492886,5.108689,8.474618,-98.306816,7.406707,-0.16272914,0.0,0.0,8.609315,0.0,0.0
2015-04-29,4,2015,0,0,2015-16,0.8777243706586128,2.620967922556087,0.0,689.705397884579,0.0,0.0,0.0,0.0,732.2929174483967,648.8211003695498,0.0,1.1814874510706883,2069116.1936537367,,693.5188844289788,3.81348654439978,0.5498749392440383,Low,18.023325,-0.11851837,45.344044,6.0472245,19.530798,-53.307552,-1.3762778,-34.46517,0.0,0.0,7.2390127,0.0,0.0
2015-04-30,4,2015,0,0,2015-16,0.7139351238159993,2.203429482436557,0.0,617.0452373700742,0.0,0.0,0.0,0.0,689.705397884579,678.0455666120126,0.0,1.1814874510706883,1851135.7121102228,,693.5188844289788,76.47364705890459,11.0269019021552,Medium,7.434164,-0.160734,43.353607,3.7761729,-114.24157,-5.677078,-0.3333442,-3.4314427,0.0,0.0,4.903537,0.0,0.0
2015-05-01,5,2015,0,0,2015-16,0.8822634555704315,0.3479470396456405,0.0,937.861024864653,0.0,0.0,0.0,0.0,617.0452373700742,655.9846600893951,0.0,1.1814874510706883,2813583.074593959,,693.5188844289788,-244.3421404356742,-35.23222595976715,Low,14.009288,-0.14625064,56.141075,4.921319,32.786846,142.3049,-0.29263842,-8.184832,0.0,0.0,6.88234,0.0,0.0
2015-05-02,5,2015,1,0,2015-16,0.7511572371061874,1.6338128522827948,0.0,782.4599179332937,0.0,0.0,0.0,0.0,937.861024864653,666.0186273030291,0.0,1.1814874510706883,2347379.753799881,,693.5188844289788,-88.94103350431487,-12.824601535911464,Low,16.096617,0.20741296,40.84716,3.9072218,-80.24903,42.6376,8.67219,-2.6430779,0.0,0.0,7.6818857,0.0,0.0
2015-05-03,5,2015,1,0,2015-16,0.7195154778955838,1.490754068049256,0.0,749.1705119289935,0.0,0.0,0.0,0.0,782.4599179332937,691.0093135362475,0.0,1.1814874510706883,2247511.5357869803,,693.5188844289788,-55.65162750001468,-8.02452950446136,Low,13.481784,0.36325142,26.730019,3.6653304,-110.873245,39.70885,6.5296984,7.7717714,0.0,0.0,6.496518,0.0,0.0
2015-05-04,5,2015,0,0,2015-16,0.984665661176,1.0390151350413048,0.0,1021.4448212820002,0.0,0.0,0.0,0.0,749.1705119289935,719.3348273793893,0.0,1.1814874510706883,3064334.463846001,,693.5188844289788,-327.9259368530214,-47.28435579991814,Low,12.44339,-0.16524988,36.61422,5.082211,124.14665,115.701,0.4695183,-1.8230469,0.0,0.0,7.8107533,0.0,0.0
2015-05-05,5,2015,0,0,2015-16,0.9896896099223678,2.89368045475434,0.0,724.6743667568625,0.0,0.0,0.0,0.0,1021.4448212820002,789.9971183874271,0.0,1.1814874510706883,2174023.1002705875,,693.5188844289788,-31.155482327883647,-4.492376924030853,Low,16.276636,-0.32349926,29.623198,3.8293478,83.44319,-88.413895,-4.121751,8.608158,0.0,0.0,9.300067,0.0,0.0
2015-05-06,5,2015,0,0,2015-16,0.9425192044349384,1.9835029403150832,0.0,856.2788740789109,0.0,0.0,0.0,0.0,724.6743667568625,788.9087540029223,0.0,1.1814874510706883,2568836.622236733,,693.5188844289788,-162.7599896499321,-23.468717767353,Low,13.167736,-0.14341176,34.45294,5.330405,81.65031,10.496758,-0.2693781,8.800597,0.0,0.0,8.24534,0.0,0.0
2015-05-07,5,2015,0,0,2015-16,0.7913841307520112,0.3241848636305917,0.0,879.0785461475083,0.0,0.0,0.0,0.0,856.2788740789109,812.7049648878268,0.0,1.1814874510706883,2637235.6384425247,,693.5188844289788,-185.55966171852947,-26.756252192225933,Low,22.426636,-0.030681264,36.35602,4.844444,-64.06551,138.97128,-0.21748234,31.0737,0.0,0.0,12.227629,0.0,0.0
2015-05-08,5,2015,0,0,2015-16,0.7293016342019151,0.8807328077992453,0.0,697.5495219261284,0.0,0.0,0.0,0.0,879.0785461475083,850.1382947131746,0.0,1.1814874510706883,2092648.5657783847,,693.5188844289788,-4.030637497149542,-0.5811864085674089,Low,17.575247,-0.08596203,31.300909,3.469465,-143.51138,88.77818,-14.78321,44.859657,0.0,0.0,11.420454,0.0,0.0
2015-05-09,5,2015,1,0,2015-16,0.905269907953647,2.733035054638384,0.0,680.0495611330089,0.0,0.0,0.0,0.0,697.5495219261284,815.8080800076712,0.0,1.1814874510706883,2040148.6833990265,,693.5188844289788,13.469323295969955,1.9421710927252065,Low,23.1196,0.1754915,34.90741,4.167005,52.985638,-77.12365,-0.23175761,34.18121,0.0,0.0,17.203098,0.0,0.0
2015-05-10,5,2015,1,0,2015-16,0.8320457481218804,0.3045234379612007,0.0,987.3773463271316,0.0,0.0,0.0,0.0,680.0495611330089,801.1780290362019,0.0,1.1814874510706883,2962132.038981395,,693.5188844289788,-293.8584618981528,-42.372092310089926,Low,19.412971,0.13986847,46.53115,5.1874943,9.653344,155.95618,1.4876641,18.440918,0.0,0.0,11.0763,0.0,0.0
2015-05-11,5,2015,0,0,2015-16,0.7366114704534336,3.4048276561950748,0.0,521.1288919048585,0.0,0.0,0.0,0.0,987.3773463271316,835.2075768073644,0.0,1.1814874510706883,1563386.6757145757,,693.5188844289788,172.38999252412032,24.8572888777298,High,21.03447,0.255261,21.3879,4.865534,-96.56937,-156.26755,-2.619459,31.152287,0.0,0.0,11.179403,0.0,0.0
2015-05-12,5,2015,0,0,2015-16,0.848553073033381,1.9805861080558973,0.0,842.6733307951788,0.0,0.0,0.0,0.0,521.1288919048585,763.7338726106298,0.0,1.1814874510706883,2528019.9923855364,,693.5188844289788,-149.15444636619998,-21.50690481759685,Low,10.930418,-0.014149018,33.401672,4.7870455,0.34179622,11.3545685,6.784817,12.356825,0.0,0.0,6.860792,0.0,0.0
2015-05-13,5,2015,0,0,2015-16,0.7103165563345655,1.922346309306592,0.0,690.3369037991414,0.0,0.0,0.0,0.0,842.6733307951788,780.5908674732465,0.0,1.1814874510706883,2071010.711397424,,693.5188844289788,3.181980629837426,0.4588167245737463,Low,17.07304,-0.054401148,24.851475,3.4862916,-109.75384,11.087575,-1.0676615,11.741045,0.0,0.0,7.010064,0.0,0.0
2015-05-14,5,2015,0,0,2015-16,0.9727961206236346,2.3696311386380704,0.0,844.2612783164523,0.0,0.0,0.0,0.0,690.3369037991414,756.8848717189937,0.0,1.1814874510706883,2532783.834949357,,693.5188844289788,-150.74239388747344,-21.73587443283392,Low,15.1235485,-0.14557043,33.650654,5.390603,106.68898,-16.890577,-3.2203982,5.7503376,0.0,0.0,6.734331,0.0,0.0
2015-05-15,5,2015,0,0,2015-16,0.777633994480005,3.2987238637005967,0.0,601.9080573114901,0.0,0.0,0.0,0.0,844.2612783164523,751.910976314557,0.0,1.1814874510706883,1805724.1719344703,,693.5188844289788,91.61082711748872,13.20956489784963,Medium,8.955696,0.0022621527,26.976303,5.017223,-49.181606,-113.41573,1.1287296,5.9535394,0.0,0.0,5.1301446,0.0,0.0
2015-05-16,5,2015,1,0,2015-16,0.8987566853061946,1.3912368316087722,0.0,778.9764584664726,0.0,0.0,0.0,0.0,601.9080573114901,738.2479099410373,0.0,1.1814874510706883,2336929.375399418,,693.5188844289788,-85.45757403749383,-12.322313920529629,Low,10.203217,0.2127817,38.68515,4.2222443,52.47809,46.04821,-3.4670637,-1.9033961,0.0,0.0,6.407639,0.0,0.0
2015-05-17,5,2015,1,0,2015-16,0.7935133228268233,2.7120646102362542,0.0,651.6174320736149,0.0,0.0,0.0,0.0,778.9764584664726,752.3803238458178,0.0,1.1814874510706883,1954852.2962208448,,693.5188844289788,41.90145235536397,6.041861771343729,Medium,9.808303,0.10283604,32.027016,3.9418316,-44.79868,-56.345165,2.4784043,3.1761773,0.0,0.0,6.7357974,0.0,0.0
2015-05-18,5,2015,0,0,2015-16,0.8560204063533432,2.2629278559831643,0.0,811.591105769322,0.0,0.0,0.0,0.0,651.6174320736149,704.4146218096013,0.0,1.1814874510706883,2434773.317307966,,693.5188844289788,-118.07222134034316,-17.0250910236655,Low,16.104052,-0.11851837,41.545578,4.325015,13.630861,-21.772608,-0.6560834,1.4216542,0.0,0.0,7.3533893,0.0,0.0
2015-05-19,5,2015,0,0,2015-16,0.8640130838029838,1.0681130806776853,0.0,891.9946917042726,0.0,0.0,0.0,0.0,811.591105769322,745.9092237902388,0.0,1.1814874510706883,2675984.075112818,,693.5188844289788,-198.47580727529373,-28.61865938066161,Low,14.729364,-0.09115687,41.92957,3.9544582,32.67261,114.16522,1.7360121,1.5815036,0.0,0.0,7.2280736,0.0,0.0
2015-05-20,5,2015,0,0,2015-16,0.7554563366576581,3.514519945420632,0.0,550.9051659133464,0.0,0.0,0.0,0.0,891.9946917042726,752.955132491538,0.0,1.1814874510706883,1652715.4977400394,,693.5188844289788,142.6137185156324,20.56378300831072,High,6.2329636,0.24335395,23.360643,5.1602707,-68.50066,-141.15746,-5.95463,8.463706,0.0,0.0,6.9765873,0.0,0.0
2015-05-21,5,2015,0,0,2015-16,0.9908753883293676,3.1897040864277124,0.0,841.7585801454514,0.0,0.0,0.0,0.0,550.9051659133464,733.0363127935673,0.0,1.1814874510706883,2525275.740436354,,693.5188844289788,-148.23969571647262,-21.37500492701485,Low,13.117519,-0.14917444,41.355324,5.567038,106.873695,-104.250694,4.4436517,4.671426,0.0,0.0,7.304197,0.0,0.0
2015-05-22,5,2015,0,0,2015-16,0.9325398470083344,2.633807338633702,0.0,750.1700676392586,0.0,0.0,0.0,0.0,841.7585801454514,732.6787844834244,0.0,1.1814874510706883,2250510.202917776,,693.5188844289788,-56.65118321027978,-8.168657621619712,Low,14.924885,-0.15102345,30.632153,3.7984376,68.54783,-59.59829,-0.16557425,8.151378,0.0,0.0,8.962032,0.0,0.0
2015-05-23,5,2015,1,0,2015-16,0.9818496824692567,3.402326916376968,0.0,682.7992078173784,0.0,0.0,0.0,0.0,750.1700676392586,753.8590716731054,0.0,1.1814874510706883,2048397.6234521351,,693.5188844289788,10.719676611600448,1.5456935423505715,Low,6.9912753,0.19335546,36.951694,5.105491,84.84537,-152.75269,-3.6641393,1.2082871,0.0,0.0,6.598786,0.0,0.0
2015-05-24,5,2015,1,0,2015-16,0.9684482051282948,3.469176803839209,0.0,708.650936876123,0.0,0.0,0.0,0.0,682.7992078173784,740.1194644375206,0.0,1.1814874510706883,2125952.810628369,,693.5188844289788,-15.132052447144131,-2.181923634221349,Low,5.708802,0.0014124066,38.67988,5.313038,91.293915,-160.19891,0.8554107,0.5910119,0.0,0.0,6.4269137,0.0,0.0
2015-05-25,5,2015,0,0,2015-16,0.8793699936433255,2.833451906860139,0.0,740.0449098012919,0.0,0.0,0.0,0.0,708.650936876123,748.267107980736,0.0,1.1814874510706883,2220134.729403876,,693.5188844289788,-46.52602537231303,-6.708689037447202,Low,14.251519,-0.07994248,32.808838,3.8263469,17.401844,-72.52766,2.0147336,3.5451858,0.0,0.0,9.813488,0.0,0.0
2015-05-26,5,2015,0,0,2015-16,0.976562270506935,3.348053313454688,0.0,624.0185032786587,0.0,0.0,0.0,0.0,740.0449098012919,738.046222842446,0.0,1.1814874510706883,1872055.509835976,,693.5188844289788,69.5003811503201,10.0214114872365,Medium,4.859623,-0.10314615,37.990105,5.080471,82.248856,-148.76988,-4.0672927,-2.3617063,0.0,0.0,7.210139,0.0,0.0
2015-05-27,5,2015,0,0,2015-16,0.7265477506155759,2.7898858466771346,0.0,595.6559307115135,0.0,0.0,0.0,0.0,624.0185032786587,699.7639102102155,0.0,1.1814874510706883,1786967.7921345406,,693.5188844289788,97.8629537174653,14.11107266358616,Medium,8.597795,-0.18213233,40.663673,4.4120913,-97.71841,-46.709427,1.2790357,-0.9779636,0.0,0.0,6.1702657,0.0,0.0
2015-05-28,5,2015,0,0,2015-16,0.7587948587257435,2.7205630870412016,0.0,656.3011154763208,0.0,0.0,0.0,0.0,595.6559307115135,706.1568766099535,0.0,1.1814874510706883,1968903.3464289624,,693.5188844289788,37.21776895265805,5.366511249841735,Medium,10.537509,-0.13631076,42.590343,4.9121604,-72.45879,-53.324093,-0.2116699,-1.9934629,0.0,0.0,5.7258167,0.0,0.0
2015-05-29,5,2015,0,0,2015-16,0.7135681866731614,2.474445512860737,0.0,579.5216278991763,0.0,0.0,0.0,0.0,656.3011154763208,679.662953085792,0.0,1.1814874510706883,1738564.883697529,,693.5188844289788,113.99725652980248,16.437512963134978,High,8.647335,-0.16152762,45.95307,4.1261473,-105.75759,-38.152386,0.73598313,-4.887966,0.0,0.0,4.8140974,0.0,0.0
2015-05-30,5,2015,1,0,2015-16,0.7975990992289793,3.010866558230565,0.0,678.3561955174414,0.0,0.0,0.0,0.0,579.5216278991763,655.2846045514946,0.0,1.1814874510706883,2035068.586552324,,693.5188844289788,15.16268891153743,2.186341172817796,Low,13.32741,0.329389,49.85876,4.756856,-37.46289,-62.69178,-1.5979642,-4.861434,0.0,0.0,6.737773,0.0,0.0
2015-05-31,5,2015,1,0,2015-16,0.8166031869068446,0.6344204211722948,0.0,882.1003750594634,0.0,0.0,0.0,0.0,678.3561955174414,654.6498885086465,0.0,1.1814874510706883,2646301.12517839,,693.5188844289788,-188.5814906304846,-27.191976291425224,Low,12.374945,0.27230936,52.323135,5.9449944,-26.749533,134.25237,1.9752978,-18.008642,0.0,0.0,5.1083555,0.0,0.0
2015-06-01,6,2015,0,1,2015-16,0.7814047095321688,3.5234830367957137,0.0,565.2236301649316,0.0,0.0,0.0,0.0,882.1003750594634,679.4283796776953,0.0,1.1814874510706883,1695670.8904947948,,693.5188844289788,128.29525426404723,18.499172429843984,High,0.35395908,0.0012678858,-65.628845,14.06222,-35.648735,-109.549225,6.2953634,9.420143,0.0,0.0,5.7472577,0.0,0.0
2015-06-02,6,2015,0,1,2015-16,0.9486212527455788,3.487374110980928,6.837649064933652,465.9250932267457,0.0,0.0,0.0,0.0,565.2236301649316,654.4539111582151,0.0,1.1814874510706883,1397775.2796802372,,693.5188844289788,227.59379120223315,32.81724496797612,High,-5.6241875,-0.015652671,-90.27627,-24.180067,72.493996,-144.30725,-7.8213286,-29.039494,0.0,0.0,4.6202736,0.0,0.0
2015-06-03,6,2015,0,1,2015-16,0.8070259980080767,0.1169891321382365,3.3556728831355502,731.4106378197727,0.0,0.0,0.0,0.0,465.9250932267457,631.8691382936561,0.0,1.1814874510706883,2194231.9134593178,,693.5188844289788,-37.89175339079384,-5.463694535440472,Low,-5.225049,-0.06886956,-97.12281,13.418605,-45.714165,165.66731,10.07751,-17.084944,0.0,0.0,2.658104,0.0,0.0
2015-06-04,6,2015,0,1,2015-16,0.7842803529062142,3.3032670022590507,1.3671389281094155,399.714566041116,0.0,0.0,0.0,0.0,731.4106378197727,651.2626678805502,0.0,1.1814874510706883,1199143.6981233482,,693.5188844289788,293.80431838786285,42.36428523929408,High,-5.338878,-0.03419989,-81.14292,4.859073,-40.807137,-114.20725,-2.0809333,-26.696455,0.0,0.0,4.0266047,0.0,0.0
2015-06-05,6,2015,0,1,2015-16,0.8628088249474746,0.5154794698937808,3.537968333840955,613.3279817705987,0.0,0.0,0.0,0.0,399.714566041116,614.6074465326639,0.0,1.1814874510706883,1839983.945311796,,693.5188844289788,80.19090265838008,11.56290109164175,Medium,-7.9462457,-0.08976631,-115.200035,6.7392592,-7.181457,107.285774,-13.103645,-29.935694,0.0,0.0,3.0221019,0.0,0.0
2015-06-06,6,2015,1,1,2015-16,0.7422772674924287,1.3404754170365676,0.0,454.6963974236824,0.0,0.0,0.0,0.0,613.3279817705987,619.4369256571528,0.0,1.1814874510706883,1364089.192271047,,693.5188844289788,238.8224870052964,34.43633509733988,High,-5.3185806,0.14601976,-83.34728,8.9211645,-108.63481,41.684155,-0.7729992,-30.992807,0.0,0.0,2.7564492,0.0,0.0
2015-06-07,6,2015,1,1,2015-16,0.940659094226212,2.974033025166431,12.227545410899513,545.4785271070119,0.0,0.0,0.0,0.0,454.6963974236824,587.4855259294729,0.0,1.1814874510706883,1636435.5813210355,,693.5188844289788,148.0403573219669,21.34626188930076,High,-7.414653,0.08610681,-105.56541,-38.596684,83.860596,-80.9027,8.773935,-30.2566,0.0,0.0,4.010938,0.0,0.0
2015-06-08,6,2015,0,1,2015-16,0.7223651931039312,0.6430395841932328,5.856113590347798,574.3950990718313,0.0,0.0,0.0,0.0,545.4785271070119,539.3966905076942,0.0,1.1814874510706883,1723185.297215494,,693.5188844289788,119.12378535714754,17.176718331935582,High,-6.008133,-0.103136614,-90.369736,-1.3590015,-104.03665,117.0144,-8.604108,-28.061789,0.0,0.0,1.495386,0.0,0.0
2015-06-09,6,2015,0,1,2015-16,0.9960660809801553,3.2718680964762488,0.0,565.0217153255892,0.0,0.0,0.0,0.0,574.3950990718313,540.706900351537,0.0,1.1814874510706883,1695065.1459767676,,693.5188844289788,128.49716910338964,18.5282869707564,High,-5.788939,-0.043544445,-85.07839,13.391057,95.59919,-130.30946,-2.0595617,-26.603235,0.0,0.0,2.5139768,0.0,0.0
2015-06-10,6,2015,0,1,2015-16,0.9316734307889972,3.328536711830968,10.77536964378914,390.833584423435,0.0,0.0,0.0,0.0,565.0217153255892,554.8635606513718,0.0,1.1814874510706883,1172500.753270305,,693.5188844289788,302.6853000055438,43.64485334163109,High,-6.877485,0.035920877,-100.073906,-58.66167,51.598286,-132.51894,-15.60696,-35.344078,0.0,0.0,3.647335,0.0,0.0
2015-06-11,6,2015,0,1,2015-16,0.7596147044602517,2.029870935043345,2.148204939156709,484.28709611086526,0.0,0.0,0.0,0.0,390.833584423435,506.2096958804664,0.0,1.1814874510706883,1452861.2883325955,,693.5188844289788,209.2317883181136,30.169587738102948,High,-5.2343287,-0.040349334,-95.249245,7.65031,-91.45213,-6.1141653,-4.7977014,-39.996582,0.0,0.0,2.4423327,0.0,0.0
2015-06-12,6,2015,0,1,2015-16,0.7016566351370807,0.0255434868673343,16.856852156807427,524.6760124671464,0.0,0.0,0.0,0.0,484.28709611086526,518.2914858904305,0.0,1.1814874510706883,1574028.0374014392,,693.5188844289788,168.84287196183243,24.345821830194605,High,-10.730134,-0.41887558,-98.38304,-58.549297,-124.82656,136.1138,-2.9314127,-28.824074,0.0,0.0,4.3109183,0.0,0.0
2015-06-13,6,2015,1,1,2015-16,0.9446384285364502,1.1481525326996511,0.0,781.9726433210343,0.0,0.0,0.0,0.0,524.6760124671464,505.62691884708016,0.0,1.1814874510706883,2345917.929963103,,693.5188844289788,-88.45375889205548,-12.754340347182538,Low,-6.5000844,0.16946508,-108.36705,11.325252,98.60504,91.44956,3.5920415,-28.31211,0.0,0.0,4.094705,0.0,0.0
2015-06-14,6,2015,1,1,2015-16,0.9120572031542852,2.467707673502969,0.0,605.4694695480717,0.0,0.0,0.0,0.0,781.9726433210343,552.3806682609876,0.0,1.1814874510706883,1816408.4086442152,,693.5188844289788,88.04941488090708,12.6960371026384,Medium,-6.246412,0.1433678,-88.6085,9.700407,56.99541,-39.57248,2.4925392,-37.99518,0.0,0.0,3.1826303,0.0,0.0
2015-06-15,6,2015,0,1,2015-16,0.9187021504122962,3.924744712109694,1.9824457740947088,495.62838011508046,0.0,0.0,0.0,0.0,605.4694695480717,560.9508028954248,0.0,1.1814874510706883,1486885.1403452414,,693.5188844289788,197.8905043138984,28.534263270543104,High,-6.5760612,-0.0058232956,-86.24818,7.3319874,50.944546,-160.83945,-3.7980561,-28.35056,0.0,0.0,3.1834085,0.0,0.0
2015-06-16,6,2015,0,1,2015-16,0.9313811040057838,2.527254108066673,0.0,593.5184550422842,0.0,0.0,0.0,0.0,495.62838011508046,549.6984144730318,0.0,1.1814874510706883,1780555.3651268526,,693.5188844289788,100.00042938669458,14.419279940593356,Medium,-7.7996655,-0.084182024,-89.84529,8.891072,65.42249,-46.04177,3.408665,-34.59937,0.0,0.0,2.9692934,0.0,0.0
2015-06-17,6,2015,0,1,2015-16,0.7222133955202271,1.0392143242566392,7.851015090018789,624.5925527137027,0.0,0.0,0.0,0.0,593.5184550422842,553.7693772897024,0.0,1.1814874510706883,1873777.658141108,,693.5188844289788,68.92633171527609,9.938638047618245,Medium,-4.7155643,-0.07800768,-90.87298,-3.7767093,-100.37385,93.63288,1.2884561,-21.907724,0.0,0.0,2.691955,0.0,0.0
2015-06-18,6,2015,0,1,2015-16,0.8075397185632818,2.5360228123984454,0.0,475.6674850332687,0.0,0.0,0.0,0.0,624.5925527137027,587.1635156168835,0.0,1.1814874510706883,1427002.455099806,,693.5188844289788,217.85139939571013,31.41246825240844,High,-5.597044,-0.045913294,-94.60872,11.207437,-44.755116,-50.23986,0.78053147,-30.587908,0.0,0.0,2.8203418,0.0,0.0
2015-06-19,6,2015,0,1,2015-16,0.7347607178575388,2.159941518863422,0.0,469.7666874711439,0.0,0.0,0.0,0.0,475.6674850332687,585.9321426057984,0.0,1.1814874510706883,1409300.0624134317,,693.5188844289788,223.7521969578349,32.2633171181871,High,-4.041251,-0.068734266,-88.557686,12.955353,-97.78638,-16.896645,3.8881664,-27.224121,0.0,0.0,2.5847454,0.0,0.0
2015-06-20,6,2015,1,1,2015-16,0.958931027762678,3.1193815806045744,0.0,555.13846369191,0.0,0.0,0.0,0.0,469.7666874711439,578.0879533206551,0.0,1.1814874510706883,1665415.39107573,,693.5188844289788,138.3804207370688,19.95337457191332,High,-5.877817,0.12005574,-96.55149,10.53348,87.2808,-101.57021,3.8906784,-28.721088,0.0,0.0,3.094943,0.0,0.0
2015-06-21,6,2015,1,1,2015-16,0.8869894380482674,0.4279225553078336,8.001816658239948,735.1661169294932,0.0,0.0,0.0,0.0,555.13846369191,545.6830705164946,0.0,1.1814874510706883,2205498.35078848,,693.5188844289788,-41.647232500514406,-6.005205256206599,Low,-4.3456182,0.19424039,-110.65157,-8.348147,37.891567,133.52345,1.4184344,-30.622873,0.0,0.0,2.860024,0.0,0.0
2015-06-22,6,2015,0,1,2015-16,0.7992694074557947,3.044111610008112,0.0,433.23279400753904,0.0,0.0,0.0,0.0,735.1661169294932,564.2111629995546,0.0,1.1814874510706883,1299698.3820226172,,693.5188844289788,260.2860904214398,37.53121887023321,High,-5.9128113,-0.08198904,-95.77536,13.780929,-39.30876,-89.19376,-0.39597946,-34.93222,0.0,0.0,4.5519857,0.0,0.0
2015-06-23,6,2015,0,1,2015-16,0.7190675050858071,2.165066314704441,0.0,504.7952870609139,0.0,0.0,0.0,0.0,433.23279400753904,555.2975078413345,0.0,1.1814874510706883,1514385.8611827416,,693.5188844289788,188.72359736806493,27.21246697174712,High,-3.6846125,-0.0914129,-88.246765,12.861731,-97.46496,-14.2351,1.5506678,-29.512714,0.0,0.0,2.4324796,0.0,0.0
2015-06-24,6,2015,0,1,2015-16,0.7932946965146986,3.8519680154359786,4.546045117075097,414.4622942164626,0.0,0.0,0.0,0.0,504.7952870609139,542.6227695582817,0.0,1.1814874510706883,1243386.882649388,,693.5188844289788,279.0565902125162,40.23777815975155,High,-5.045401,0.03206857,-81.88209,-2.8912334,-37.676853,-143.38382,0.5856579,-37.038837,0.0,0.0,2.9580693,0.0,0.0
2015-06-25,6,2015,0,1,2015-16,0.7975549966080241,1.3674886641547443,0.0,569.2786728753333,0.0,0.0,0.0,0.0,414.4622942164626,512.6041612015331,0.0,1.1814874510706883,1707836.018626,,693.5188844289788,124.24021155364552,17.91446698036794,High,-4.2730527,-0.053189266,-83.37104,10.151596,-55.07893,43.973515,-2.936588,-38.51522,0.0,0.0,2.6204772,0.0,0.0
2015-06-26,6,2015,0,1,2015-16,0.9188818535014192,2.5304875725357925,9.674641199023238,570.5461782399498,0.0,0.0,0.0,0.0,569.2786728753333,525.9771880361137,0.0,1.1814874510706883,1711638.5347198492,,693.5188844289788,122.97270618902904,17.731702618347708,High,-7.5072865,-0.06711784,-94.49114,-19.35311,66.742424,-41.69516,-6.4248943,-42.13133,0.0,0.0,3.495716,0.0,0.0
2015-06-27,6,2015,1,1,2015-16,0.8912672414065639,3.72811242204007,0.0,437.6255664001026,0.0,0.0,0.0,0.0,570.5461782399498,540.3742581459431,0.0,1.1814874510706883,1312876.699200308,,693.5188844289788,255.8933180288762,36.89781544154641,High,-5.9770756,-0.07539021,-88.23046,9.666647,21.28952,-159.19139,-3.0678318,-32.280453,0.0,0.0,3.51096,0.0,0.0
2015-06-28,6,2015,1,1,2015-16,0.966163822772898,0.410038911962717,9.870216597678356,701.3774959023896,0.0,0.0,0.0,0.0,437.6255664001026,523.5867013899707,0.0,1.1814874510706883,2104132.487707169,,693.5188844289788,-7.858611473410747,-1.1331503221979708,Low,-5.632193,0.1505572,-119.98203,-30.37959,81.610886,113.11967,-5.774934,-35.382046,0.0,0.0,2.7861946,0.0,0.0
2015-06-29,6,2015,0,1,2015-16,0.8416644775485848,3.748913948945805,0.0,469.9144067981951,0.0,0.0,0.0,0.0,701.3774959023896,518.7597555289558,0.0,1.1814874510706883,1409743.2203945853,,693.5188844289788,223.6044776307837,32.24201714635247,High,-4.454505,0.031148251,-79.359055,12.238589,-11.8184185,-136.8878,0.91201246,-21.386463,0.0,0.0,3.9290507,0.0,0.0
2015-06-30,6,2015,0,1,2015-16,0.7358782737814905,2.7515428892032534,9.125224132714484,328.4427120418174,0.0,0.0,0.0,0.0,469.9144067981951,523.999985927621,0.0,1.1814874510706883,985328.1361254522,,693.5188844289788,365.0761723871614,52.641129258903085,High,-4.827815,0.0037883706,-104.08143,-21.772818,-107.22726,-64.14723,-2.7678087,-37.924362,0.0,0.0,2.6001585,0.0,0.0
2015-07-01,7,2015,0,1,2015-16,0.9139734361668984,0.2713482364206876,4.476515116593228,641.358105774987,0.0,0.0,0.0,0.0,328.4427120418174,498.8067609248929,0.0,1.1814874510706883,1924074.317324961,,693.5188844289788,52.16077865399177,7.521176398381607,Medium,-8.041248,-0.067742184,-114.286316,1.0367681,41.34541,105.925064,-17.84918,-37.198566,0.0,0.0,2.8117373,0.0,0.0
2015-07-02,7,2015,0,1,2015-16,0.9282355145850693,1.203854267787265,3.775173450816366,729.2883714657374,0.0,0.0,0.0,0.0,641.358105774987,531.2204482903963,0.0,1.1814874510706883,2187865.1143972124,,693.5188844289788,-35.76948703675862,-5.157680322751423,Low,-5.615898,-0.05146344,-92.57069,6.1732087,62.64764,85.18485,1.654351,-25.514915,0.0,0.0,3.6715143,0.0,0.0
2015-07-03,7,2015,0,1,2015-16,0.8683831592708489,2.8326883545811263,4.886361647379632,580.3860111878091,0.0,0.0,0.0,0.0,729.2883714657374,554.0789766604541,0.0,1.1814874510706883,1741158.0335634274,,693.5188844289788,113.1328732411697,16.312875652163342,High,-7.9264755,0.48344126,-87.20332,0.13964945,22.577162,-57.69087,0.20144622,-31.246342,0.0,0.0,4.904122,0.0,0.0
2015-07-04,7,2015,1,1,2015-16,0.9312901539863684,0.2694024058750868,3.3381406262361555,755.5643476344502,0.0,0.0,0.0,0.0,580.3860111878091,555.484667081577,0.0,1.1814874510706883,2266693.0429033507,,693.5188844289788,-62.04546320547138,-8.946470615080312,Low,-4.6302533,-0.057688244,-107.463264,8.690882,58.17983,127.95833,-0.33435625,-29.686312,0.0,0.0,2.8841136,0.0,0.0
2015-07-05,7,2015,1,1,2015-16,0.8481386789093173,2.328681840705093,14.645821146686906,456.2562616415275,0.0,0.0,0.0,0.0,755.5643476344502,600.9044929721979,0.0,1.1814874510706883,1368768.7849245826,,693.5188844289788,237.2626227874513,34.211414874853155,High,-8.257329,-0.52608913,-100.839134,-45.356834,-13.893712,-28.366997,0.9988559,-39.60477,0.0,0.0,3.5726495,0.0,0.0
2015-07-06,7,2015,0,1,2015-16,0.8568198488145982,1.383532227811827,5.238968029583206,678.3131935973947,0.0,0.0,0.0,0.0,456.2562616415275,565.8871737920748,0.0,1.1814874510706883,2034939.580792184,660.4941756466465,693.5188844289788,15.205690831584093,2.192541713424858,Low,-5.592899,0.18884341,-85.39938,3.022046,6.892767,60.69042,4.511917,-32.872986,0.0,0.0,3.5092444,0.0,0.0
2015-07-07,7,2015,0,1,2015-16,0.8282623055075649,2.4836620710699084,7.685800934411567,443.5627469210359,0.0,0.0,0.0,0.0,678.3131935973947,595.6584290491033,0.0,1.1814874510706883,1330688.2407631075,658.1300731053914,691.036576760661,247.47382983962507,35.81197264545623,High,-6.9313846,-0.029462058,-96.22019,-13.362999,-17.36541,-44.999645,-1.5330248,-32.94005,0.0,0.0,3.4924536,0.0,0.0
2015-07-08,7,2015,0,1,2015-16,0.7076257380232285,0.1829681352500514,12.193436650541551,470.2223922278708,0.0,0.0,0.0,0.0,443.5627469210359,612.1041483175632,0.0,1.1814874510706883,1410667.1766836124,656.6657561875023,689.4990439968775,219.27665176900672,31.802314111692915,High,-8.450131,-0.45452753,-105.27041,-66.87283,-112.77611,120.71225,-7.1562357,-30.092043,0.0,0.0,2.8382497,0.0,0.0
2015-07-09,7,2015,0,1,2015-16,0.7323674280979913,3.486147224609505,0.0,460.2481430018658,0.0,0.0,0.0,0.0,470.2223922278708,587.6561892394037,0.0,1.1814874510706883,1380744.4290055975,650.31416066033,682.8298686933465,222.5817256914807,32.59695216868734,High,-1.3103145,-0.007955715,-68.00913,18.101498,-89.13856,-115.364006,6.5528064,-19.455326,0.0,0.0,3.1293733,0.0,0.0
2015-07-10,7,2015,0,1,2015-16,0.7094287557060203,3.893955876709588,3.1935059241779635,365.1804055920511,0.0,0.0,0.0,0.0,460.2481430018658,549.221870887422,0.0,1.1814874510706883,1095541.2167761533,646.6169197126211,678.9477656982522,313.76736010620107,46.21377018355932,High,-3.6379528,-0.024665134,-69.21713,3.1457517,-91.85598,-136.39255,-0.47660935,-27.201742,0.0,0.0,3.714844,0.0,0.0
2015-07-11,7,2015,1,1,2015-16,0.8909231233791342,3.875511421142766,0.0,540.5647119932248,0.0,0.0,0.0,0.0,365.1804055920511,518.4782129451709,0.0,1.1814874510706883,1621694.1359796743,644.6629613533158,676.8961094209817,136.33139742775688,20.140667900185605,High,-5.8611712,-0.06870311,-84.22392,9.187817,24.000643,-134.61937,-0.99166536,-17.851637,0.0,0.0,3.4149508,0.0,0.0
2015-07-12,7,2015,1,1,2015-16,0.794306794322898,2.998607326971699,0.0,372.4146924918308,0.0,0.0,0.0,0.0,540.5647119932248,487.7639792821387,0.0,1.1814874510706883,1117244.0774754924,639.3290114269238,671.29546199827,298.88076950643915,44.52298375692124,High,-4.305068,-3.3562288,-96.43283,14.631829,-44.45329,-85.6297,-2.386257,-58.85679,0.0,0.0,1.9866548,0.0,0.0
2015-07-13,7,2015,0,1,2015-16,0.8525712073494108,0.5203449605225279,0.0,635.8564084316838,0.0,0.0,0.0,0.0,372.4146924918308,475.7866122607534,0.0,1.1814874510706883,1907569.225295052,637.5520647578743,669.429667995768,33.5732595640842,5.015203414064469,Medium,-8.149303,1.0823761,-114.18047,13.013363,-17.655806,110.3161,-11.905984,-44.092903,0.0,0.0,2.9439013,0.0,0.0
2015-07-14,7,2015,0,1,2015-16,0.972269942177828,3.0330527837160903,1.897746259947148,588.1892121426706,0.0,0.0,0.0,0.0,635.8564084316838,469.7213572370805,0.0,1.1814874510706883,1764567.6364280118,637.9927153228155,669.8923510889563,81.70313894628566,12.196457955292605,Medium,-7.4375434,1.1658434,-98.499825,9.54747,97.301186,-92.466225,0.57197136,-37.84732,0.0,0.0,4.0073657,0.0,0.0
2015-07-15,7,2015,0,1,2015-16,0.7747876687446624,0.098347665835206,0.0,700.2747403272845,0.0,0.0,0.0,0.0,588.1892121426706,490.3822808401711,0.0,1.1814874510706883,2100824.220981853,637.5218664151487,669.3979597359062,-30.87678059137829,-4.612619465341654,Low,-5.8221254,0.060366694,-86.21733,16.167479,-61.724194,155.55457,2.8370175,-28.177092,0.0,0.0,2.3034234,0.0,0.0
2015-07-16,7,2015,0,1,2015-16,0.8231148769106889,0.088494206115989,3.348531875499402,748.4569646132061,0.0,0.0,0.0,0.0,700.2747403272845,523.2469019972302,0.0,1.1814874510706883,2245370.893839618,637.9753900706121,669.8741595741427,-78.58280503906337,-11.730980202165226,Low,-6.3858013,0.077230975,-93.436485,13.7704735,-30.145353,161.54153,5.1235547,-28.7461,0.0,0.0,2.703531,0.0,0.0
2015-07-17,7,2015,0,1,2015-16,0.9266653415629146,1.294440876598165,8.316921579256249,675.7060417307997,0.0,0.0,0.0,0.0,748.4569646132061,564.4195907988502,0.0,1.1814874510706883,2027118.1251923991,637.269814593497,669.1333053231718,-6.572736407627872,-0.9822760809153612,Low,-6.570031,-0.06168949,-93.58946,-12.514969,63.7224,78.29571,-1.7794113,-26.480656,0.0,0.0,3.784623,0.0,0.0
2015-07-18,7,2015,1,1,2015-16,0.7686394496474867,1.954572761618663,7.907701318883458,511.1920798343805,0.0,0.0,0.0,0.0,675.7060417307997,608.7803959615286,0.0,1.1814874510706883,1533576.2395031415,634.8601821609633,666.6031912690115,155.41111143463104,23.31388650251961,High,-5.8176265,0.082555145,-98.093895,-7.590876,-82.67018,3.107647,-0.39881325,-30.630854,0.0,0.0,3.0672033,0.0,0.0
2015-07-19,7,2015,1,1,2015-16,0.7230939729486379,3.081629671231173,0.0,420.0150285340562,0.0,0.0,0.0,0.0,511.1920798343805,604.5843056531223,0.0,1.1814874510706883,1260045.0856021687,632.3267131909823,663.9430488505315,243.92802031647523,36.73929876045572,High,-3.36529,0.3028085,-83.61771,17.450062,-91.185974,-94.05748,1.7143487,-25.421522,0.0,0.0,3.032707,0.0,0.0
2015-07-20,7,2015,0,1,2015-16,0.7869254358741303,2.7331815064260208,9.112707434106738,542.3676058540105,0.0,0.0,0.0,0.0,420.0150285340562,611.3843536591545,0.0,1.1814874510706883,1627102.8175620316,627.624634042839,659.0058657449811,116.63825989097052,17.6991231723128,High,-4.514068,0.43796825,-91.461555,-6.418675,-40.291344,-44.802937,7.58627,-22.895887,0.0,0.0,2.8902826,0.0,0.0
2015-07-21,7,2015,0,1,2015-16,0.7483663861762013,1.7836108255069931,6.299500470376903,446.8249975152368,0.0,0.0,0.0,0.0,542.3676058540105,598.0288104337726,0.0,1.1814874510706883,1340474.9925457102,627.1989769687045,658.5589258171398,211.73392830190292,32.1510984061424,High,-5.2150073,-0.06119375,-97.87119,-13.484917,-98.52718,14.921802,-11.918259,-31.420164,0.0,0.0,1.8376027,0.0,0.0
2015-07-22,7,2015,0,1,2015-16,0.978909295702772,1.0945066651266635,0.0,789.3550516993432,0.0,0.0,0.0,0.0,446.8249975152368,577.8339226298534,0.0,1.1814874510706883,2368065.15509803,627.3976821761595,658.7675662849675,-130.5874854143757,-19.822998595818326,Low,-3.809906,-0.075909406,-92.239456,11.015822,119.5264,98.81944,-5.379951,-25.890823,0.0,0.0,3.579144,0.0,0.0
2015-07-23,7,2015,0,1,2015-16,0.9424361138693252,3.9884980006308446,0.0,445.3995195521752,0.0,0.0,0.0,0.0,789.3550516993432,590.5596813972904,0.0,1.1814874510706883,1336198.5586565256,622.706307344859,653.841622712102,208.4421031599268,31.879601407955565,High,-6.9850535,-0.03234402,-82.78584,8.8763485,54.72546,-176.66643,-1.4560598,-29.629868,0.0,0.0,2.8527641,0.0,0.0
2015-07-24,7,2015,0,1,2015-16,0.8900211269531271,1.7047252089438918,0.3468669281030762,679.3530351168273,0.0,0.0,0.0,0.0,445.3995195521752,547.2657606742861,0.0,1.1814874510706883,2038059.1053504816,623.5043953539264,654.6796151216228,-24.67341999520454,-3.768777799904592,Low,-5.306181,-0.057641257,-87.1428,10.278682,34.665783,48.891872,2.1292782,-34.524754,0.0,0.0,3.6233478,0.0,0.0
2015-07-25,7,2015,1,1,2015-16,0.9614381770563152,1.805548097318702,6.14508321370354,603.9989175266765,0.0,0.0,0.0,0.0,679.3530351168273,547.7867597294328,0.0,1.1814874510706883,1811996.7525800287,624.0944731594784,655.2991968174524,51.30027929077596,7.82852772289705,Medium,-6.7307305,0.08459153,-103.40328,-20.465605,73.90129,14.6375475,-1.4627967,-38.637592,0.0,0.0,3.458042,0.0,0.0
2015-07-26,7,2015,1,1,2015-16,0.9411016230697344,0.6544952847666767,0.0,817.4848602184514,0.0,0.0,0.0,0.0,603.9989175266765,561.0448793997608,0.0,1.1814874510706883,2452454.5806553545,627.3242073371753,658.6904177040341,-158.79444251441737,-24.10759869073542,Low,-2.9244416,0.21735528,-103.14226,11.467278,79.656364,122.78335,1.2278931,-24.90065,0.0,0.0,3.8227918,0.0,0.0
2015-07-27,7,2015,0,1,2015-16,0.7559710176658108,3.179238194999717,13.318784830787871,387.6186016041618,0.0,0.0,0.0,0.0,817.4848602184514,617.826283926103,0.0,1.1814874510706883,1162855.8048124856,623.4944927166838,654.669217352518,267.05061574835617,40.79168665181918,High,-7.0634766,0.18481924,-96.86974,-39.34884,-70.42181,-95.54741,14.990337,-37.47333,0.0,0.0,4.3425117,0.0,0.0
2015-07-28,7,2015,0,1,2015-16,0.9677676995469932,2.7747289031259545,15.681992914102544,626.9633893220564,0.0,0.0,0.0,0.0,387.6186016041618,595.7192833189818,0.0,1.1814874510706883,1880890.1679661693,622.7973592882113,653.9372272526218,26.973837930565423,4.124835963826416,Low,-6.8263645,0.58068335,-96.47141,-31.339315,91.08582,-46.53449,9.507648,-24.292356,0.0,0.0,3.7201893,0.0,0.0
2015-07-29,7,2015,0,1,2015-16,0.8618026725746952,0.8830784511550416,7.311218925653006,637.4928591237973,0.0,0.0,0.0,0.0,626.9633893220564,621.4533392913846,0.0,1.1814874510706883,1912478.577371392,623.0245550854748,654.1757828397486,16.682923715951347,2.550220315941917,Low,-7.852038,-0.039738897,-116.05121,-11.80531,-0.034957368,96.10053,3.9934132,-27.004019,0.0,0.0,3.1605566,0.0,0.0
2015-07-30,7,2015,0,1,2015-16,0.9422320465492188,0.3295241824633708,0.0,827.7966319520132,0.0,0.0,0.0,0.0,637.4928591237973,599.7587403520209,0.0,1.1814874510706883,2483389.89585604,621.8016173864455,652.8916982557678,-174.9049336962454,-26.78927212024789,Low,-2.8196425,-0.10491568,-104.48831,11.086811,73.91583,132.52829,2.8557746,-23.071047,0.0,0.0,4.05223,0.0,0.0
2015-07-31,7,2015,0,1,2015-16,0.968827389977048,2.7219972082988524,0.0,579.2297942844007,0.0,0.0,0.0,0.0,827.7966319520132,654.3868992662834,0.0,1.1814874510706883,1737689.382853202,619.5435049014578,650.5206801465307,71.29088586213004,10.95904988694159,Medium,-9.0518055,-0.067940615,-88.02619,11.089645,78.16392,-64.87716,1.7092364,-27.37432,0.0,0.0,5.8003216,0.0,0.0
2015-08-01,8,2015,1,1,2015-16,0.7954010424915592,2.618044857124541,0.0,502.3360338225639,0.0,0.0,0.0,0.0,579.2297942844007,640.0835791473653,0.0,1.1814874510706883,1507008.1014676916,616.8008995891641,647.6409445686223,145.30491074605845,22.43602909368901,High,-4.3469443,0.090490036,-93.4649,11.575652,-41.80846,-51.299973,-3.4112768,-27.792099,0.0,0.0,2.7668693,0.0,0.0
2015-08-02,8,2015,1,1,2015-16,0.733015577358303,1.0930381079928373,0.0,582.1440490727817,0.0,0.0,0.0,0.0,502.3360338225639,625.5603100467779,0.0,1.1814874510706883,1746432.1472183452,611.9197798979507,642.5157688928482,60.37171982006646,9.396146015855154,Medium,-6.523306,0.1566712,-87.0094,10.799292,-106.20276,79.5666,1.728704,-20.988207,0.0,0.0,2.8073208,0.0,0.0
2015-08-03,8,2015,0,1,2015-16,0.7683805487625824,3.8034542490016414,7.929456355980734,291.8482962462489,0.0,0.0,0.0,0.0,582.1440490727817,591.940194168825,0.0,1.1814874510706883,875544.8887387466,607.1106013367216,637.4661314035577,345.61783515730883,54.21744279909204,High,-5.2142572,0.021232177,-87.00249,-26.0164,-73.40136,-146.1853,-6.985917,-30.478872,0.0,0.0,2.8628082,0.0,0.0
2015-08-04,8,2015,0,1,2015-16,0.8281323365878769,0.6042315671236009,10.635110720314048,549.4732846122289,0.0,0.0,0.0,0.0,291.8482962462489,578.2587219748375,0.0,1.1814874510706883,1648419.8538366866,603.7016503426473,633.8867328597797,84.41344824755083,13.316803124545547,Medium,-8.638031,0.007387396,-128.45906,-49.24217,-29.304842,94.33681,-9.101508,-30.051245,0.0,0.0,3.467272,0.0,0.0
2015-08-05,8,2015,0,1,2015-16,0.945404429776748,1.7293392041704077,15.386931343556729,638.2078546897076,0.0,0.0,0.0,0.0,549.4732846122289,567.1887070162907,0.0,1.1814874510706883,1914623.5640691228,601.0253093264496,631.0765747927721,-7.131279896935439,-1.1300181597260446,Low,-6.657387,0.09984654,-103.57946,-54.646896,85.46018,33.71554,0.45567808,-34.18621,0.0,0.0,3.6803641,0.0,0.0
2015-08-06,8,2015,0,1,2015-16,0.958219174976903,3.774463680670396,6.834062396695927,480.639751367242,0.0,0.0,0.0,0.0,638.2078546897076,567.2908492399921,0.0,1.1814874510706883,1441919.2541017258,598.6152007646841,628.5459608029183,147.90620943567632,23.531486742312,High,-8.044905,-0.017392822,-90.19307,-20.54427,77.09286,-157.73457,-1.259071,-32.32571,0.0,0.0,3.8291988,0.0,0.0
2015-08-07,8,2015,0,1,2015-16,0.7020856391593572,1.6789092677044892,10.53192486979539,424.5562466130977,0.0,0.0,0.0,0.0,480.639751367242,517.6970091564534,0.0,1.1814874510706883,1273668.739839293,595.7763861589074,625.5652054668527,201.00895885375505,32.13237518601185,High,-4.4070344,-0.006838817,-86.05947,-47.712505,-118.344574,23.489763,-6.1160507,-35.88962,0.0,0.0,3.0467215,0.0,0.0
2015-08-08,8,2015,1,1,2015-16,0.8532241907732697,2.554103790656342,0.0,519.9713979766726,0.0,0.0,0.0,0.0,424.5562466130977,495.6007880605529,0.0,1.1814874510706883,1559914.1939300178,590.5829867327911,620.1121360694307,100.14073809275806,16.14881120171237,High,-7.4649963,0.11665142,-87.751144,8.338632,-5.965515,-48.60055,0.82831883,-42.990116,0.0,0.0,3.0423067,0.0,0.0
2015-08-09,8,2015,1,1,2015-16,0.8252233009446337,1.590377591851177,0.0,573.8971212002809,0.0,0.0,0.0,0.0,519.9713979766726,498.12012579685415,0.0,1.1814874510706883,1721691.363600843,591.1693003916292,620.7277654112107,46.83064421092979,7.544473893463764,Medium,-6.344861,0.105179645,-86.037544,12.531122,-20.419733,45.84037,3.2387586,-41.589554,0.0,0.0,3.0445747,0.0,0.0
2015-08-10,8,2015,0,1,2015-16,0.7666323431412191,1.09686080939468,0.0,608.69104359604,0.0,0.0,0.0,0.0,573.8971212002809,496.9419932436398,0.0,1.1814874510706883,1826073.13078812,588.5694972005276,617.997972060554,9.306928464514044,1.505980421502437,Low,-7.1992426,-0.040748063,-91.003006,9.947001,-86.341995,84.45613,-0.7834634,-27.046553,0.0,0.0,2.5199707,0.0,0.0
2015-08-11,8,2015,0,1,2015-16,0.7359596102001048,3.935910591839313,4.31259270739996,394.6920774441458,0.0,0.0,0.0,0.0,608.69104359604,542.2052428650385,0.0,1.1814874510706883,1184076.2323324375,585.2845546854721,614.5487824197457,219.85670497559997,35.77530560062759,High,-6.161721,0.017610807,-74.10793,-2.8723712,-80.5637,-134.53668,0.536471,-27.350178,0.0,0.0,3.2373774,0.0,0.0
2015-08-12,8,2015,0,1,2015-16,0.8012845514210883,1.637336025260172,0.0,475.67117293190535,0.0,0.0,0.0,0.0,394.6920774441458,520.0936418410266,0.0,1.1814874510706883,1427013.518795716,581.1891090700883,610.2485645235928,134.57739159168744,22.052881303661724,High,-4.5637307,-0.053720403,-83.74515,10.245324,-57.48835,33.997604,-11.3550625,-40.142387,0.0,0.0,2.8283484,0.0,0.0
2015-08-13,8,2015,0,1,2015-16,0.9828729111737556,3.5763968147165377,0.0,635.4807678918764,0.0,0.0,0.0,0.0,475.67117293190535,496.8741158756264,0.0,1.1814874510706883,1906442.3036756287,581.5621391876482,610.6402461470307,-24.840521744845773,-4.067947027989479,Low,-5.503731,-0.030327704,-77.25796,11.25899,102.438225,-130.3771,16.137907,-24.792654,0.0,0.0,2.9585304,0.0,0.0
2015-08-14,8,2015,0,1,2015-16,0.7969608796062265,0.9198184235643448,2.1939064617158675,700.8679841456501,0.0,0.0,0.0,0.0,635.4807678918764,518.9942610934312,0.0,1.1814874510706883,2102603.9524369505,580.6942672507502,609.7289806132877,-91.13900353236238,-14.947461319731175,Low,-5.085314,-0.024611,-87.95743,10.965766,-50.28445,97.80452,2.839095,-23.485006,0.0,0.0,2.7362058,0.0,0.0
2015-08-15,8,2015,1,1,2015-16,0.8556371865230098,0.8524188161003332,0.0,561.8687407557126,0.0,0.0,0.0,0.0,700.8679841456501,558.4673664552245,0.0,1.1814874510706883,1685606.2222671376,579.6970595694401,608.6819125479121,46.81317179219957,7.690908966925264,Medium,-7.0651755,0.12197068,-111.85696,11.72007,-13.895559,94.69454,-0.9537885,-27.90994,0.0,0.0,3.0790079,0.0,0.0
2015-08-16,8,2015,1,1,2015-16,0.9109056876685532,0.1245363315380454,4.702640634169086,828.0933903656348,0.0,0.0,0.0,0.0,561.8687407557126,564.4527011379445,0.0,1.1814874510706883,2484280.1710969047,579.880418287177,608.8744392015359,-219.2189511640989,-36.00396683618016,Low,-4.2086267,0.1644246,-103.277534,5.006818,55.813778,166.81438,5.584331,-25.801474,0.0,0.0,2.401451,0.0,0.0
2015-08-17,8,2015,0,1,2015-16,0.8090888807137881,2.60666730150354,17.759617432110673,488.1096159596452,0.0,0.0,0.0,0.0,828.0933903656348,600.7664538758521,0.0,1.1814874510706883,1464328.8478789355,575.3928063344588,604.1624466511818,116.05283069153654,19.208878561520493,High,-7.5628877,0.19571428,-99.342735,-30.16741,-36.314774,-41.470566,12.662112,-33.453438,0.0,0.0,3.9652898,0.0,0.0
2015-08-18,8,2015,0,1,2015-16,0.9915346248162882,1.4741053748950446,10.680922336185278,687.0925638613076,0.0,0.0,0.0,0.0,488.1096159596452,583.5405356420815,0.0,1.1814874510706883,2061277.6915839224,576.9059996449918,605.7512996272413,-81.34126423406622,-13.4281617363629,Low,-7.026372,-0.030126108,-92.23108,-53.93592,109.53937,55.13535,8.244759,-32.919456,0.0,0.0,3.0762246,0.0,0.0
2015-08-19,8,2015,0,1,2015-16,0.9887341884826334,3.457432999358548,2.403430543958629,485.8881958579356,0.0,0.0,0.0,0.0,687.0925638613076,625.312033701676,0.0,1.1814874510706883,1457664.5875738068,572.9518842640193,601.5994784772204,115.71128261928476,19.23393998149321,High,-6.282872,-0.020548735,-83.88482,4.52082,89.43369,-147.1697,-3.5187883,-25.952917,0.0,0.0,3.1619682,0.0,0.0
2015-08-20,8,2015,0,1,2015-16,0.7755346887476092,1.8928396267662289,11.028735458455104,550.1182607813261,0.0,0.0,0.0,0.0,485.8881958579356,626.7716084053945,0.0,1.1814874510706883,1650354.782343978,570.7290864100423,599.2655407305444,49.14727994921839,8.201252468030216,Medium,-5.8338866,0.01611707,-97.27517,-31.673746,-54.240192,26.641327,6.921243,-24.512089,0.0,0.0,4.334766,0.0,0.0
2015-08-21,8,2015,0,1,2015-16,0.8491745517677156,3.872773711658887,0.0,445.9094788375982,0.0,0.0,0.0,0.0,550.1182607813261,614.5769645324589,0.0,1.1814874510706883,1337728.4365127946,568.096978310267,596.5018272257804,150.5923483881822,25.24591568957288,High,-6.809907,0.010940183,-80.910736,13.731369,-12.397157,-150.36836,0.5976992,-28.256006,0.0,0.0,3.1379511,0.0,0.0
2015-08-22,8,2015,1,1,2015-16,0.7902634929450308,0.7421020628124846,0.0,676.1578830467201,0.0,0.0,0.0,0.0,445.9094788375982,578.1543209170228,0.0,1.1814874510706883,2028473.6491401603,567.7359443788291,596.1227415977706,-80.0351414489495,-13.425950037476111,Low,-5.276898,0.16144039,-89.080505,14.37555,-52.11512,98.97284,5.2669387,-23.183622,0.0,0.0,2.2874975,0.0,0.0
2015-08-23,8,2015,1,1,2015-16,0.7854521483132403,3.474492671822443,0.0,575.2410294431726,0.0,0.0,0.0,0.0,676.1578830467201,594.4813412443098,0.0,1.1814874510706883,1725723.0883295175,565.9047901526278,594.2000296602592,18.95900021708667,3.1906764171531083,Low,-3.1219106,-0.09486451,-73.16539,15.121499,-34.943905,-112.8772,-0.38595837,-25.320662,0.0,0.0,3.4517412,0.0,0.0
2015-08-24,8,2015,0,1,2015-16,0.7110660842063597,3.106387411166967,0.0,446.6079194475982,0.0,0.0,0.0,0.0,575.2410294431726,558.3595753982437,0.0,1.1814874510706883,1339823.7583427946,563.9335614433938,592.1302395155635,145.52232006796532,24.57606626998492,High,-3.0542195,-0.08284008,-83.55131,16.78437,-84.37995,-93.45761,-1.2928369,-27.88008,0.0,0.0,4.0463724,0.0,0.0
2015-08-25,8,2015,0,1,2015-16,0.882869300193969,3.083687378576208,2.5844161296330688,473.9238105987269,0.0,0.0,0.0,0.0,446.6079194475982,552.4307616108083,0.0,1.1814874510706883,1421771.4317961808,562.5809823310295,590.7100314475811,116.78622084885416,19.770482069292168,High,-7.952808,-0.040539026,-96.51518,4.05014,10.321346,-114.79016,2.5634055,-33.990345,0.0,0.0,4.787847,0.0,0.0
2015-08-26,8,2015,0,1,2015-16,0.8508037069686585,3.3791329124675507,0.0,478.6315554908634,0.0,0.0,0.0,0.0,473.9238105987269,521.9780825732968,0.0,1.1814874510706883,1435894.6664725903,560.6068761089689,588.6372199144174,110.00566442355404,18.688193797794145,High,-6.4291196,-0.038012378,-85.58675,13.265979,-13.632502,-114.391365,4.6938376,-35.81306,0.0,0.0,3.8913915,0.0,0.0
2015-08-27,8,2015,0,1,2015-16,0.7154436253749967,3.0440959637719955,9.02287854661666,345.6309621719073,0.0,0.0,0.0,0.0,478.6315554908634,520.9414196637151,0.0,1.1814874510706883,1036892.886515722,558.0080909342215,585.9084954809326,240.27753330902533,41.00939569271782,High,-4.489096,-0.12164146,-106.596565,-24.807655,-98.870384,-88.774185,-2.777141,-42.349766,0.0,0.0,3.2083004,0.0,0.0
2015-08-28,8,2015,0,1,2015-16,0.7835939392709834,2.5048812865256616,3.083489683553759,525.3306726056259,0.0,0.0,0.0,0.0,345.6309621719073,491.72894843379805,0.0,1.1814874510706883,1575992.0178168777,556.3078073463124,584.1231977136281,58.79252510800222,10.065089922490255,Medium,-3.6434343,-0.040432855,-84.52933,5.1073728,-53.07036,-48.502487,1.0131552,-35.959465,0.0,0.0,2.3898635,0.0,0.0
2015-08-29,8,2015,1,1,2015-16,0.9724797657899962,0.5249795107295503,2.2725002853406004,756.1238509301725,0.0,0.0,0.0,0.0,525.3306726056259,503.074833257802,0.0,1.1814874510706883,2268371.552790517,554.9080681893203,582.6534715987863,-173.4703793313862,-29.772478460548413,Low,-10.085294,0.1381471,-110.034966,7.4883833,86.06116,119.346855,4.8396087,-36.248993,0.0,0.0,2.6993675,0.0,0.0
2015-08-30,8,2015,1,1,2015-16,0.7718685672000917,0.1301047179650076,19.731315635125338,537.0598111416439,0.0,0.0,0.0,0.0,756.1238509301725,514.4985429554381,0.0,1.1814874510706883,1611179.4334249315,554.5951368668393,582.3248937101813,45.26508256853742,7.773166329905434,Medium,-9.81192,-0.4829795,-105.82036,-67.7119,-86.00835,133.12334,5.6664405,-32.228127,0.0,0.0,3.0433466,0.0,0.0
2015-08-31,8,2015,0,1,2015-16,0.7434684616273669,3.6833913912627474,5.235759948350237,314.4489916619588,0.0,0.0,0.0,0.0,537.0598111416439,509.0440831980768,0.0,1.1814874510706883,943346.9749858762,552.912069071675,580.5576725252588,266.1086808633,45.836734825293725,High,-2.605836,0.0053523667,-75.87435,-13.887952,-94.95127,-127.14664,-10.077951,-33.90816,0.0,0.0,1.6895071,0.0,0.0
2015-09-01,9,2015,0,1,2015-16,0.8468358280832688,2.466601258082952,10.545918216915162,497.4234468682285,0.0,0.0,0.0,0.0,314.4489916619588,490.16423637155697,0.0,1.1814874510706883,1492270.3406046852,550.3122113944356,577.8278219641575,80.40437509592897,13.914936602155588,Medium,-6.1289954,0.107854724,-98.11606,-25.13674,-11.824541,-38.604824,3.0382168,-41.38208,0.0,0.0,2.8859818,0.0,0.0
2015-09-02,9,2015,0,1,2015-16,0.9956951362331804,3.1861491639047053,7.050086920155176,569.6116944568054,0.0,0.0,0.0,0.0,497.4234468682285,493.5213272672,0.0,1.1814874510706883,1708835.0833704162,552.1999572657211,579.8099551290071,10.19826067220174,1.7588971320667717,Low,-11.381694,-0.052439187,-96.2533,-13.498159,106.08686,-109.39886,11.827601,-32.363636,0.0,0.0,2.281134,0.0,0.0
2015-09-03,9,2015,0,1,2015-16,0.7726165814534501,1.9260894060502003,0.0,402.0137593964675,0.0,0.0,0.0,0.0,569.6116944568054,506.5184899766203,0.0,1.1814874510706883,1206041.2781894023,549.852021461564,577.3446225346423,175.33086313817483,30.368493321794904,High,-6.4009953,-0.041709766,-94.58,12.048144,-93.717285,-11.240657,-4.187534,-38.89937,0.0,0.0,2.5523896,0.0,0.0
2015-09-04,9,2015,0,1,2015-16,0.9016406642217636,0.4692327558495779,2.782091464546695,757.4768595123958,0.0,0.0,0.0,0.0,402.0137593964675,514.5731752944146,0.0,1.1814874510706883,2272430.5785371875,553.2162488181053,580.8770612590106,-176.5997982533852,-30.402267541881827,Low,-5.229709,-0.08765882,-108.328224,8.161788,35.81183,118.99592,-10.191224,-28.519907,0.0,0.0,2.8520935,0.0,0.0
2015-09-05,9,2015,1,1,2015-16,0.9284858845986153,0.5007431688102018,5.691629826861237,744.4775655657157,0.0,0.0,0.0,0.0,757.4768595123958,547.7369162810961,0.0,1.1814874510706883,2233432.696697147,555.4273492454242,583.1987167076954,-161.2788488580203,-27.654184455082525,Low,-6.5476623,0.23459566,-109.115425,-3.857297,58.694805,123.346466,3.6305754,-31.0682,0.0,0.0,2.8922498,0.0,0.0
2015-09-06,9,2015,1,1,2015-16,0.7712912631977199,2.742261148915885,2.8049414172868703,436.2379969559406,0.0,0.0,0.0,0.0,744.4775655657157,546.0731612290308,0.0,1.1814874510706883,1308713.990867822,553.8922703330255,581.5868838496768,145.34888689373622,24.99177524975007,High,-5.516599,0.036966354,-94.458084,2.8417573,-75.6041,-62.314945,1.7276981,-29.037504,0.0,0.0,3.6936018,0.0,0.0
2015-09-07,9,2015,0,1,2015-16,0.918464904583558,1.7212235795978508,0.0,783.4447760919096,0.0,0.0,0.0,0.0,436.2379969559406,531.6700449167874,0.0,1.1814874510706883,2350334.328275729,556.319193230429,584.1351528919505,-199.3096231999591,-34.12046376822422,Low,-5.696306,-0.07732368,-85.23204,12.650687,68.11035,47.47141,1.6493303,-33.45007,0.0,0.0,3.524474,0.0,0.0
2015-09-08,9,2015,0,1,2015-16,0.810334939815776,0.8020989068013469,29.20145029193201,549.312450308733,0.0,0.0,0.0,0.0,783.4447760919096,598.6694426924947,0.0,1.1814874510706883,1647937.350926199,558.0800695180435,585.9840729939457,36.6716226852127,6.25812618043487,Medium,-3.404632,-0.276452,-114.38875,-55.902534,-45.424236,89.30754,8.185995,-29.238075,0.0,0.0,2.840515,0.0,0.0
2015-09-09,9,2015,0,1,2015-16,0.8896917491780738,1.9663781869657475,11.88085132914543,504.44091241747407,0.0,0.0,0.0,0.0,549.312450308733,606.0821574697096,0.0,1.1814874510706883,1513322.737252422,558.3040008103391,586.219200850856,81.77828843338199,13.9501211005519,Medium,-5.1680603,0.013600279,-99.43315,-58.092594,28.984243,4.505158,-6.8517723,-40.095093,0.0,0.0,2.500742,0.0,0.0
2015-09-10,9,2015,0,1,2015-16,0.8900589132282684,0.2568357483005363,6.950837007980422,773.3750237693716,0.0,0.0,0.0,0.0,504.44091241747407,596.7720457498052,0.0,1.1814874510706883,2320125.071308115,561.0673231581416,589.1206893160487,-184.2543344533229,-31.27616086055926,Low,-5.775535,-0.06878902,-106.13914,-5.899415,40.65135,152.1668,8.435619,-23.139498,0.0,0.0,2.7231243,0.0,0.0
2015-09-11,9,2015,0,1,2015-16,0.8607324052224276,2.327885607657595,10.154568334200915,595.5612747549528,0.0,0.0,0.0,0.0,773.3750237693716,649.8236549459343,0.0,1.1814874510706883,1786683.8242648584,558.9960857296296,586.9458900161111,-8.615384738841726,-1.4678328761455748,Low,-6.9970527,-0.054399922,-96.64651,-12.916394,16.578121,-22.395662,8.362706,-28.276474,0.0,0.0,5.220474,0.0,0.0
2015-09-12,9,2015,1,1,2015-16,0.7270869310163225,1.075973617740391,11.358951235370307,517.1617901187175,0.0,0.0,0.0,0.0,595.5612747549528,626.6928571234424,0.0,1.1814874510706883,1551485.3703561523,558.0148892915256,585.9156337561019,68.75384363738442,11.734427224040324,Medium,-8.095895,-0.44627228,-96.32563,-41.55063,-95.77497,82.79863,3.9446573,-28.529001,0.0,0.0,2.4039962,0.0,0.0
2015-09-13,9,2015,1,1,2015-16,0.9505907486767714,3.1902364025487526,11.379791754160536,528.3990256157772,0.0,0.0,0.0,0.0,517.1617901187175,594.2191749167284,0.0,1.1814874510706883,1585197.0768473316,558.3790075748667,586.2979579536101,57.89893233783289,9.875342656815812,Medium,-10.484799,-0.093837805,-104.785965,-41.25386,88.26839,-93.98584,8.419077,-28.521069,0.0,0.0,3.3096561,0.0,0.0
2015-09-14,9,2015,0,1,2015-16,0.7962340194915207,1.241447835694295,11.046080576801822,573.1506740513198,0.0,0.0,0.0,0.0,528.3990256157772,607.385036153848,0.0,1.1814874510706883,1719452.0221539594,558.1526988971892,586.0603338420487,12.909659790728938,2.202786819933162,Low,-7.9167147,0.03356247,-99.45594,-34.76169,-48.550304,71.08122,5.4848275,-27.79724,0.0,0.0,2.985352,0.0,0.0
2015-09-15,9,2015,0,1,2015-16,0.7559555531199562,1.8208805963272048,10.465735373437338,372.3860526407342,0.0,0.0,0.0,0.0,573.1506740513198,577.3430215766209,0.0,1.1814874510706883,1117158.1579222025,555.3504044519341,583.1179246745309,210.73187203379663,36.13880882694823,High,-4.684479,0.028108817,-106.48669,-57.069645,-90.840935,9.649302,-11.906653,-36.26635,0.0,0.0,2.0651774,0.0,0.0
2015-09-16,9,2015,0,1,2015-16,0.7122325424664291,0.0464821596324025,7.384537385736694,574.5294654371063,0.0,0.0,0.0,0.0,372.3860526407342,552.0678219097639,0.0,1.1814874510706883,1723588.396311319,556.4488709008657,584.271314445909,9.74184900880266,1.6673502134947868,Low,-6.8140817,-0.5004578,-97.16981,-13.630414,-110.50285,134.97618,-6.959011,-26.87678,0.0,0.0,2.3395047,0.0,0.0
2015-09-17,9,2015,0,1,2015-16,0.8772678829564725,0.2897875511782355,0.0,738.6762306576443,0.0,0.0,0.0,0.0,574.5294654371063,562.08047234114,0.0,1.1814874510706883,2216028.691972933,559.436754714049,587.4085924497515,-151.2676382078928,-25.7516897355962,Low,-6.636359,-0.08340371,-108.95139,11.850899,18.291042,133.33597,-0.62136686,-26.223522,0.0,0.0,3.7034352,0.0,0.0
2015-09-18,9,2015,0,1,2015-16,0.9032693085526848,1.5699742256267393,18.743204190473328,647.5334181899151,0.0,0.0,0.0,0.0,738.6762306576443,557.1235018966074,0.0,1.1814874510706883,1942600.2545697447,560.4633653195823,588.4865335855615,-59.04688460435364,-10.033684924715216,Low,-5.1899233,0.5490857,-97.51465,-37.512737,46.27974,48.73633,1.1488011,-33.40568,0.0,0.0,3.3628879,0.0,0.0
2015-09-19,9,2015,1,1,2015-16,0.7049763486783568,1.919755338868494,7.74071108460327,478.43073987160255,0.0,0.0,0.0,0.0,647.5334181899151,564.5480938158878,0.0,1.1814874510706883,1435292.2196148075,557.6107500189391,585.4912875198861,107.06054764828356,18.285591934559275,High,-5.2361555,0.17855093,-90.70478,-7.956662,-95.87992,4.151768,1.5635394,-29.333176,0.0,0.0,3.3436022,0.0,0.0
2015-09-20,9,2015,1,1,2015-16,0.8536279174897843,2.400082192477215,7.10409296158383,516.8404296239048,0.0,0.0,0.0,0.0,478.43073987160255,559.0150866377285,0.0,1.1814874510706883,1550521.2888717144,558.5397237480099,586.4667099354104,69.62628031150564,11.87216241467036,Medium,-5.3367043,0.10069639,-91.07449,-7.5252533,-2.7222512,-24.616278,3.706077,-37.0635,0.0,0.0,3.1968024,0.0,0.0
2015-09-21,9,2015,0,1,2015-16,0.7679487325593813,1.166650314837213,0.0,593.7770299682157,0.0,0.0,0.0,0.0,516.8404296239048,557.3638586388896,0.0,1.1814874510706883,1781331.089904647,559.5284097803132,587.5048302693289,-6.27219969888688,-1.067599681863301,Low,-7.9450564,-0.054306023,-91.22039,10.148916,-87.77574,80.39353,1.392877,-26.415112,0.0,0.0,2.761543,0.0,0.0
2015-09-22,9,2015,0,1,2015-16,0.8935518371228349,2.77992754450617,7.790166616591171,582.9817008779204,0.0,0.0,0.0,0.0,593.7770299682157,560.3104809127319,0.0,1.1814874510706883,1748945.1026337612,561.4008476321072,589.4708900137126,6.4891891357922304,1.1008498037352237,Low,-7.14752,0.4300699,-93.462425,-7.615895,38.26586,-56.875988,-3.9722798,-29.48955,0.0,0.0,4.4267845,0.0,0.0
2015-09-23,9,2015,0,1,2015-16,0.7523099287014974,3.4404895887568183,8.2051585146271,379.9481468090149,0.0,0.0,0.0,0.0,582.9817008779204,590.3955735180442,0.0,1.1814874510706883,1139844.4404270449,559.2971751202592,587.2620338762722,207.31388706725733,35.301769075529144,High,-1.2255199,0.02186441,-83.88647,-23.40555,-76.83376,-123.89608,-4.895838,-29.641245,0.0,0.0,3.0449805,0.0,0.0
2015-09-24,9,2015,0,1,2015-16,0.9072813214307398,3.1194039555733992,0.0,512.3752688724124,0.0,0.0,0.0,0.0,379.9481468090149,562.5982422854597,0.0,1.1814874510706883,1537125.8066172374,558.6508316828422,586.5833732669843,74.20810439457182,12.650904846018522,Medium,-7.677264,-0.072728015,-100.52581,9.200538,42.56122,-98.537994,0.019435752,-30.022903,0.0,0.0,3.4966109,0.0,0.0
2015-09-25,9,2015,0,1,2015-16,0.8160206038901612,0.1584753013934285,1.3792244586604352,685.9696824043012,0.0,0.0,0.0,0.0,512.3752688724124,530.269533458998,0.0,1.1814874510706883,2057909.047212904,561.4102107495554,589.4807212870332,-96.488961117268,-16.36846764158807,Low,-8.202527,-0.042652138,-95.51249,15.116815,-28.784151,152.45293,5.221707,-32.81874,0.0,0.0,2.4469078,0.0,0.0
2015-09-26,9,2015,1,1,2015-16,0.9810189966210204,1.922027789031316,3.318230399275219,733.1859907590787,0.0,0.0,0.0,0.0,685.9696824043012,535.7604283467674,0.0,1.1814874510706883,2199557.972277236,561.7636384701854,589.8518203936947,-143.334170365384,-24.300030178717783,Low,-8.415464,0.08172849,-91.049644,7.9699326,115.381226,16.683079,-0.06045665,-34.324635,0.0,0.0,3.36632,0.0,0.0
2015-09-27,9,2015,1,1,2015-16,0.7412562832437979,0.4197207136726995,6.299335000637927,619.4199709637006,0.0,0.0,0.0,0.0,733.1859907590787,572.1540356164069,0.0,1.1814874510706883,1858259.9128911016,563.4248114053576,591.5960519756254,-27.823918988075206,-4.703195515784407,Low,-8.617201,0.23196766,-100.25806,0.100085184,-91.83986,125.48715,-1.367671,-25.365067,0.0,0.0,2.8104477,0.0,0.0
2015-09-28,9,2015,0,1,2015-16,0.8023199053150776,0.96818006345011,0.0,642.069880128987,0.0,0.0,0.0,0.0,619.4199709637006,586.8082558078062,0.0,1.1814874510706883,1926209.6403869607,566.9095577174373,595.2550356033092,-46.81484452567781,-7.864670053270449,Low,-6.3127317,-0.053856228,-97.49718,12.982638,-46.859592,96.93358,-0.8440642,-21.08116,0.0,0.0,2.7744627,0.0,0.0
2015-09-29,9,2015,0,1,2015-16,0.7340420563721767,3.946650373068586,1.3036439587703967,395.59327928271057,0.0,0.0,0.0,0.0,642.069880128987,593.7072344022023,0.0,1.1814874510706883,1186779.8378481318,564.1788374230787,592.3877792942326,196.794500011522,33.22055364578619,High,-4.23198,-0.0030445047,-71.49139,5.4893737,-83.31656,-133.65135,0.3767332,-23.548698,0.0,0.0,3.2206104,0.0,0.0
2015-09-30,9,2015,0,1,2015-16,0.9774080854835688,0.5699821716060529,0.0,782.57487823003,0.0,0.0,0.0,0.0,395.59327928271057,566.9374598886009,0.0,1.1814874510706883,2347724.63469009,564.7709097204596,593.0094552064826,-189.5654230235474,-31.96667799462688,Low,-11.450951,-0.08946049,-94.31431,11.52964,120.20933,121.51832,-11.129596,-26.999025,0.0,0.0,2.9055514,0.0,0.0
2015-10-01,10,2015,0,0,2015-16,0.9632018060142944,1.9955526138054245,0.0,842.7327496321896,0.0,0.0,0.0,0.0,782.57487823003,624.4555643773173,0.0,1.1814874510706883,2528198.2488965685,567.6858734809529,596.0701671550005,-246.66258247718903,-41.38146749643445,Low,-7.6929607,-0.13864091,51.7276,9.971574,101.31312,13.102132,-5.052784,-27.539005,0.0,0.0,3.6790123,0.0,0.0
2015-10-02,10,2015,0,0,2015-16,0.7773824883145466,2.4726229372724764,0.0,611.0509197781863,0.0,0.0,0.0,0.0,842.7327496321896,671.6494902001425,0.0,1.1814874510706883,1833152.7593345589,566.0801687269943,594.384177163344,-16.666742614842292,-2.804035379000688,Low,-5.6648536,-0.1011754,39.833748,4.7315173,-65.13615,-51.062428,-1.3917418,-4.722299,0.0,0.0,4.1900163,0.0,0.0
2015-10-03,10,2015,1,0,2015-16,0.8979952138102537,2.809859882176416,0.0,698.4271021419661,0.0,0.0,0.0,0.0,611.0509197781863,660.9468098249832,0.0,1.1814874510706883,2095281.3064258983,568.7709558436659,597.2095036358492,-101.21759850611691,-16.948423943339446,Low,-7.746772,0.26867443,46.13471,4.3780665,33.719807,-74.50171,-0.54414797,-6.582365,0.0,0.0,5.9409604,0.0,0.0
2015-10-04,10,2015,1,0,2015-16,0.9451666600603648,2.2385947339476564,0.0,886.5675967159681,0.0,0.0,0.0,0.0,698.4271021419661,655.9812543082529,0.0,1.1814874510706883,2659702.7901479043,571.0848936560944,599.6391383388992,-286.92845837706886,-47.850188560391295,Low,-4.8701453,0.29151258,51.046154,6.8408046,106.98397,-5.3312693,0.84234303,-5.5098414,0.0,0.0,3.536761,0.0,0.0
2015-10-05,10,2015,0,0,2015-16,0.8665602434798387,0.0390833896767346,0.0,895.8537783779906,0.0,0.0,0.0,0.0,886.5675967159681,694.1452008442911,0.0,1.1814874510706883,2687561.335133972,576.1103495611717,604.9158670392303,-290.9379113387603,-48.09559927114496,Low,-6.9236336,-0.11031508,45.010803,4.526301,19.772058,159.15816,-15.016749,2.7724786,0.0,0.0,5.018035,0.0,0.0
2015-10-06,10,2015,0,0,2015-16,0.8588951735068019,1.3058452329759676,0.0,788.5003380217389,0.0,0.0,0.0,0.0,895.8537783779906,730.4000434512916,0.0,1.1814874510706883,2365501.0140652168,579.6467711811036,608.6291097401588,-179.8712282815801,-29.55350399825146,Low,-7.4325733,-0.0726937,38.50154,4.110126,11.229059,59.620464,-6.447171,7.7501993,0.0,0.0,6.180223,0.0,0.0
2015-10-07,10,2015,0,0,2015-16,0.7725556872701355,2.0708465735388457,0.0,608.678026260517,0.0,0.0,0.0,0.0,788.5003380217389,786.5296232711528,0.0,1.1814874510706883,1826034.078781551,581.2959921061997,610.3607917115097,1.682765450992747,0.275700122590462,Low,-8.9484625,-0.008071836,26.969036,3.8456461,-84.67817,-13.776161,1.1001675,8.212481,0.0,0.0,4.6670685,0.0,0.0
2015-10-08,10,2015,0,0,2015-16,0.7279308303417698,0.3514659965793334,0.0,696.0680488252907,0.0,0.0,0.0,0.0,608.678026260517,761.6872158469367,0.0,1.1814874510706883,2088204.146475872,584.9725214754579,614.2211475492309,-81.84690127605984,-13.325314766942256,Low,-9.062302,-0.5348637,32.825394,4.3826923,-113.98008,124.53465,-1.4968599,4.912731,0.0,0.0,2.3859744,0.0,0.0
2015-10-09,10,2015,0,0,2015-16,0.969164727385998,1.402507724836723,0.0,912.0379834098524,0.0,0.0,0.0,0.0,696.0680488252907,740.7351157316654,0.0,1.1814874510706883,2736113.950229557,589.100002268976,618.5550023824248,-293.4829810274275,-47.44654556135659,Low,-8.038189,-0.112301245,37.831627,5.6309476,103.16278,48.365814,-1.7466117,3.6946905,0.0,0.0,4.257469,0.0,0.0
2015-10-10,10,2015,1,0,2015-16,0.9701254171489992,0.1328124351654662,0.0,1025.4593020278276,0.0,0.0,0.0,0.0,912.0379834098524,783.7332676790462,0.0,1.1814874510706883,3076377.906083483,596.3560534860426,626.1738561603447,-399.2854458674829,-63.7659081322676,Low,-7.710024,0.20900927,38.44386,5.3329926,117.28785,174.58453,-7.7884254,4.8242064,0.0,0.0,1.7794707,0.0,0.0
2015-10-11,10,2015,1,0,2015-16,0.8899304371819804,0.314313988620083,0.0,1051.6754272425912,0.0,0.0,0.0,0.0,1025.4593020278276,830.4521533770265,0.0,1.1814874510706883,3155026.2817277736,600.976264806164,631.0250780464722,-420.650349196119,-66.66143134887263,Low,-5.889563,0.065004334,49.267197,4.2892756,46.097595,162.4231,1.6097953,55.146282,0.0,0.0,7.900674,0.0,0.0
2015-10-12,10,2015,0,0,2015-16,0.8017089373146101,1.5876931048063845,0.0,730.9142700722667,0.0,0.0,0.0,0.0,1051.6754272425912,854.0389863094013,0.0,1.1814874510706883,2192742.8102168003,602.5620987831594,632.6902037223174,-98.22406634994934,-15.524828070999988,Low,-7.8077517,0.011719737,30.60886,3.9454,-63.397167,31.250168,9.315674,37.2422,0.0,0.0,6.1856575,0.0,0.0
2015-10-13,10,2015,0,0,2015-16,0.8047628723837983,0.5308630161722414,0.0,914.9280787841774,0.0,0.0,0.0,0.0,730.9142700722667,830.4761994085836,0.0,1.1814874510706883,2744784.236352532,604.9471358771249,635.1944926709812,-279.7335861131962,-44.03904462976712,Low,-8.53424,-0.03887585,51.47619,4.7209907,-39.14268,137.2945,-0.74163413,49.83686,0.0,0.0,8.290967,0.0,0.0
2015-10-14,10,2015,0,0,2015-16,0.9177867036610718,2.2701633930462326,0.0,838.9049375907066,0.0,0.0,0.0,0.0,914.9280787841774,848.537305231789,0.0,1.1814874510706883,2516714.81277212,605.9521133546526,636.2497190223853,-202.6552185683213,-31.851521896104952,Low,-11.40489,-0.06659586,36.373196,4.902997,71.90292,-19.787506,2.9998903,40.77298,0.0,0.0,8.61386,0.0,0.0
2015-10-15,10,2015,0,0,2015-16,0.9691330779857732,2.757859876549063,0.0,765.3768979526882,0.0,0.0,0.0,0.0,838.9049375907066,881.4268639932445,0.0,1.1814874510706883,2296130.6938580647,606.9484562015625,637.2958790116406,-128.08101894104755,-20.09757526436289,Low,-13.74289,-0.031105505,39.32829,4.9653935,82.97766,-76.71199,-4.802143,63.7135,0.0,0.0,9.775377,0.0,0.0
2015-10-16,10,2015,0,0,2015-16,0.9661259272795352,3.2023467964363315,0.0,843.788065473563,0.0,0.0,0.0,0.0,765.3768979526882,891.3281281543015,0.0,1.1814874510706883,2531364.196420689,610.643967153109,641.1761655107645,-202.6118999627986,-31.60003613069379,Low,-13.075884,-0.048627444,50.478214,5.83276,89.86164,-98.64049,-1.3989258,77.66118,0.0,0.0,9.964411,0.0,0.0
2015-10-17,10,2015,1,0,2015-16,0.9339626637572872,0.8006009769792404,0.0,965.965662692385,0.0,0.0,0.0,0.0,843.788065473563,881.5781398776887,0.0,1.1814874510706883,2897896.988077155,616.7100853104238,647.545589575945,-318.42007311644,-49.1733830393258,Low,-12.705718,0.07668528,48.473286,4.728053,74.71941,113.469864,-3.4358447,67.73613,0.0,0.0,7.6566567,0.0,0.0
2015-10-18,10,2015,1,0,2015-16,0.8926094938462863,0.669930329036279,0.0,1005.6453675600776,0.0,0.0,0.0,0.0,965.965662692385,873.079048544054,0.0,1.1814874510706883,3016936.102680233,621.8576159960467,652.9504967958491,-352.69487076422854,-54.01556052027966,Low,-6.913624,0.067860425,51.500996,4.218234,54.05518,130.38188,-2.94643,65.231346,0.0,0.0,8.4743395,0.0,0.0
2015-10-19,10,2015,0,0,2015-16,0.7252419894985146,0.418271361337601,0.0,846.5459414716229,0.0,0.0,0.0,0.0,1005.6453675600776,866.5033257322664,0.0,1.1814874510706883,2539637.824414869,626.2989598177843,657.6139078086735,-188.93203366294935,-28.72993277963296,Low,-7.486422,-0.4794337,41.768448,4.498853,-113.69622,136.2839,3.3824544,61.133614,0.0,0.0,6.286676,0.0,0.0
2015-10-20,10,2015,0,0,2015-16,0.7484886142283841,2.545720998174547,0.0,640.5815110877768,0.0,0.0,0.0,0.0,846.5459414716229,883.0221359321743,0.0,1.1814874510706883,1921744.5332633303,624.6459204776557,655.8782165015385,15.296705413761742,2.3322478211510878,Low,-12.01596,0.06184677,41.126278,4.685412,-98.02827,-39.15691,-5.977566,58.304974,0.0,0.0,8.435389,0.0,0.0
2015-10-21,10,2015,0,0,2015-16,0.9695662565581238,2.8259029059476046,0.0,811.5607790817566,0.0,0.0,0.0,0.0,640.5815110877768,843.8297691184029,0.0,1.1814874510706883,2434682.3372452697,628.7143789168733,660.1500978627171,-151.41068121903947,-22.93579622410757,Low,-10.666925,-0.0557137,35.696053,5.5855775,81.00975,-83.03401,3.6535563,39.561115,0.0,0.0,9.84344,0.0,0.0
2015-10-22,10,2015,0,0,2015-16,0.881928717897877,0.1263445793025681,0.0,998.4813005112426,0.0,0.0,0.0,0.0,811.5607790817566,839.9234607599816,0.0,1.1814874510706883,2995443.9015337275,632.260248532367,663.8732609589854,-334.6080395522572,-50.402397449914695,Low,-8.201341,-0.07595533,47.64726,4.631817,35.64829,170.7094,-6.7277265,55.79003,0.0,0.0,7.115526,0.0,0.0
2015-10-23,10,2015,0,0,2015-16,0.7027591154849888,3.7448489849747593,0.0,423.2783379760659,0.0,0.0,0.0,0.0,998.4813005112426,873.2240896969178,0.0,1.1814874510706883,1269835.0139281978,630.2522420929156,661.7648541975614,238.48651622149544,36.0379543743945,High,-4.6581645,-0.36995983,22.528841,4.1242228,-147.82698,-168.81702,-6.788998,35.061913,0.0,0.0,6.23323,0.0,0.0
2015-10-24,10,2015,1,0,2015-16,0.7304414628598096,0.2078851346058896,0.0,794.9432900430028,0.0,0.0,0.0,0.0,423.2783379760659,813.1512714829896,0.0,1.1814874510706883,2384829.8701290083,630.0017802020774,661.5018692121813,-133.44142083082147,-20.172493388377596,Low,-9.2383375,0.16040862,33.61049,5.2471275,-119.40237,143.11992,0.708732,26.168554,0.0,0.0,5.915677,0.0,0.0
2015-10-25,10,2015,1,0,2015-16,0.8990505307324167,2.165185341204282,0.0,839.2008763984531,0.0,0.0,0.0,0.0,794.9432900430028,788.7195039616493,0.0,1.1814874510706883,2517602.6291953595,635.0193610331249,666.7703290847812,-172.43054731367192,-25.86056094462881,Low,-7.581057,0.17275342,36.770653,4.382002,61.811783,9.376196,1.9528089,8.69232,0.0,0.0,5.466326,0.0,0.0
2015-10-26,10,2015,0,0,2015-16,0.7015184751538656,2.8362420778036657,0.0,640.7846124891353,0.0,0.0,0.0,0.0,839.2008763984531,764.9417195099886,0.0,1.1814874510706883,1922353.8374674057,635.1729301794259,666.9315766883972,26.1469641992619,3.9204867655379054,Low,-1.3174098,-0.08024317,29.887682,5.014828,-97.58143,-35.203896,1.3730307,10.741537,0.0,0.0,6.3195176,0.0,0.0
2015-10-27,10,2015,0,0,2015-16,0.7482424154252496,3.4838764949843424,0.0,499.8353366181752,0.0,0.0,0.0,0.0,640.7846124891353,735.547243941062,0.0,1.1814874510706883,1499506.0098545258,633.6434021515856,665.3255722591649,165.49023564098974,24.87357205872228,High,-1.1347978,0.21231502,27.648052,5.1863446,-98.18117,-142.7005,-0.24295843,9.011606,0.0,0.0,4.176917,0.0,0.0
2015-10-28,10,2015,0,0,2015-16,0.8646201368099758,2.856347728529711,0.0,712.9992839578154,0.0,0.0,0.0,0.0,499.8353366181752,715.4406475882616,0.0,1.1814874510706883,2138997.8518734463,632.3678760627612,663.9862698658993,-49.013014091916034,-7.381630662606149,Low,-5.814764,-0.11270253,36.607285,4.5086646,9.972298,-74.19766,6.7613907,8.779164,0.0,0.0,5.292373,0.0,0.0
2015-10-29,10,2015,0,0,2015-16,0.907568559307808,3.206912332279168,0.0,690.8228514230075,0.0,0.0,0.0,0.0,712.9992839578154,701.3604339991273,0.0,1.1814874510706883,2072468.5542690223,633.6077989198568,665.2881888658496,-25.534662557157844,-3.838135560573843,Low,-5.44079,-0.11827335,46.889606,4.78817,54.462776,-93.40116,1.3745037,4.906095,0.0,0.0,6.500507,0.0,0.0
2015-10-30,10,2015,0,0,2015-16,0.8955883778507802,1.3578007701712242,0.0,850.2593794801039,0.0,0.0,0.0,0.0,690.8228514230075,657.4092269865222,0.0,1.1814874510706883,2550778.138440312,637.4736138716073,669.3472945651877,-180.91208491491625,-27.02813418143983,Low,-6.3974094,-0.1095259,44.89384,4.514712,51.083458,51.13669,-1.6946367,-4.393301,0.0,0.0,4.5519114,0.0,0.0
2015-10-31,10,2015,1,0,2015-16,0.7672807928381679,3.259300454986049,0.0,592.2336092343049,0.0,0.0,0.0,0.0,850.2593794801039,718.4065186299562,0.0,1.1814874510706883,1776700.8277029148,637.5857200956242,669.4650061004054,77.23139686610045,11.53628586443507,Medium,-3.4148836,-0.11311337,34.372593,5.5599475,-68.54791,-94.40694,-1.8832743,9.475102,0.0,0.0,6.0813565,0.0,0.0
2015-11-01,11,2015,1,0,2015-16,0.9136537664042608,0.3204593855387005,0.0,991.0481160641966,0.0,0.0,0.0,0.0,592.2336092343049,689.4479928001422,0.0,1.1814874510706883,2973144.34819259,645.3546069824903,677.6223373316149,-313.42577873258176,-46.25375544242093,Low,-4.9853134,0.30650964,53.23203,4.903527,69.544945,145.65218,1.7172678,9.332699,0.0,0.0,2.7682395,0.0,0.0
2015-11-02,11,2015,0,0,2015-16,0.77117472624904,3.5792666242421105,0.0,578.0865027377714,0.0,0.0,0.0,0.0,991.0481160641966,711.1404556095341,0.0,1.1814874510706883,1734259.5082133142,645.6725316283296,677.956158209746,99.86965547197462,14.730990236256098,Medium,0.28282094,0.16972254,28.02326,5.663742,-63.961853,-130.77171,-0.01851675,9.29331,0.0,0.0,3.9925296,0.0,0.0
2015-11-03,11,2015,0,0,2015-16,0.7976199094477803,2.190369504614945,0.0,769.3459265552644,0.0,0.0,0.0,0.0,578.0865027377714,702.1835827879106,0.0,1.1814874510706883,2308037.7796657933,647.1296213157246,679.4861023815109,-89.85982417375351,-13.224674332382437,Low,-1.6402748,-0.1005211,42.71293,4.9427156,-41.119343,0.52678543,-0.7359318,10.169185,0.0,0.0,3.8276634,0.0,0.0
2015-11-04,11,2015,0,0,2015-16,0.9239474215354072,3.269191079849975,0.0,731.8196654805288,0.0,0.0,0.0,0.0,769.3459265552644,740.6850956360662,0.0,1.1814874510706883,2195458.9964415864,649.9205092503167,682.4165347128326,-49.40313076769621,-7.239439294724229,Low,-3.0997028,-0.11287603,40.670906,4.9567823,65.82892,-117.42402,1.6813143,10.766456,0.0,0.0,6.0984273,0.0,0.0
2015-11-05,11,2015,0,0,2015-16,0.8948898697141644,1.8092731380732008,0.0,828.582340299963,0.0,0.0,0.0,0.0,731.8196654805288,743.3737215678824,0.0,1.1814874510706883,2485747.020899889,654.4096880690598,687.1301724725129,-141.45216782745013,-20.585934586231343,Low,-7.069316,-0.07326241,37.819485,4.766692,53.500137,32.78112,-1.5724652,8.6705475,0.0,0.0,4.615499,0.0,0.0
2015-11-06,11,2015,0,0,2015-16,0.9547670231482532,2.5743107807861,0.0,888.0293696709582,0.0,0.0,0.0,0.0,828.582340299963,763.0536485503047,0.0,1.1814874510706883,2664088.109012875,658.4992210878852,691.4241821422795,-196.6051875286787,-28.43481506815765,Low,-6.2950435,-0.08967975,33.595577,5.473666,95.95409,-35.995117,6.884519,14.220033,0.0,0.0,4.2295017,0.0,0.0
2015-11-07,11,2015,1,0,2015-16,0.8972838676901029,2.105610643744453,0.0,845.5610230706855,0.0,0.0,0.0,0.0,888.0293696709582,768.4493614347124,0.0,1.1814874510706883,2536683.069212056,661.5177088864452,694.5935943307675,-150.96742873991798,-21.734641662708288,Low,-4.231544,0.11591512,35.70941,4.191489,57.075153,9.671444,-4.7098117,13.888957,0.0,0.0,5.564997,0.0,0.0
2015-11-08,11,2015,1,0,2015-16,0.8704925810006414,2.9263580870213275,0.0,676.5124891490503,0.0,0.0,0.0,0.0,845.5610230706855,804.6389919827669,0.0,1.1814874510706883,2029537.467447151,662.271280503701,695.384844528886,18.872355379835653,2.713944016513823,Low,-12.543155,-0.036971673,33.224735,4.2067294,12.85098,-74.25931,-2.304583,10.9003725,0.0,0.0,9.608106,0.0,0.0
2015-11-09,11,2015,0,0,2015-16,0.7281024303484277,0.3265199281223583,0.0,712.3088509604047,0.0,0.0,0.0,0.0,676.5124891490503,759.7053309948889,0.0,1.1814874510706883,2136926.5528812143,665.8003557649927,699.0903735532423,-13.218477407162368,-1.8908109605310788,Low,-7.599947,-0.5307037,32.758926,4.6527443,-116.17645,128.98035,-0.123650946,4.8035836,0.0,0.0,2.4871154,0.0,0.0
2015-11-10,11,2015,0,0,2015-16,0.8103147409178301,0.2414083359622552,0.0,820.6698063115639,0.0,0.0,0.0,0.0,712.3088509604047,778.8799521695507,0.0,1.1814874510706883,2462009.418934692,669.6336739136556,703.1153576093384,-117.5544487022255,-16.71908420574431,Low,-8.783489,-0.07833227,40.004414,4.8851213,-43.678955,141.45001,1.1588066,8.245438,0.0,0.0,2.9318414,0.0,0.0
2015-11-11,11,2015,0,0,2015-16,0.7795607103045176,0.9884129360405858,0.0,829.3130901386885,0.0,0.0,0.0,0.0,820.6698063115639,786.2119349918792,0.0,1.1814874510706883,2487939.2704160656,671.7873663830645,705.3767347022177,-123.93635543647076,-17.570235781704906,Low,-5.4171104,-0.054274518,32.152843,4.7704463,-68.802986,93.76615,10.127979,9.397541,0.0,0.0,3.8886642,0.0,0.0
2015-11-12,11,2015,0,0,2015-16,0.7731968930137251,0.6381787204527534,0.0,766.4013399848582,0.0,0.0,0.0,0.0,829.3130901386885,800.139567085902,0.0,1.1814874510706883,2299204.0199545743,672.515514781278,706.1412905203418,-60.26004946451633,-8.533709935034652,Low,-12.899273,-0.028388266,31.933224,4.2668366,-84.8492,115.23775,0.079643115,14.736822,0.0,0.0,5.06769,0.0,0.0
2015-11-13,11,2015,0,0,2015-16,0.9919031664257336,3.4871342663688067,0.0,659.3267693732979,0.0,0.0,0.0,0.0,766.4013399848582,791.256567040887,0.0,1.1814874510706883,1977980.3081198933,673.5983817659178,707.2783008542137,47.95153148091583,6.779726088443895,Medium,-12.296958,0.041144293,33.031124,5.571914,87.94232,-159.30603,-3.9153092,6.122738,0.0,0.0,8.623038,0.0,0.0
2015-11-14,11,2015,1,0,2015-16,0.817929317400028,0.8768559494321773,0.0,784.076371535616,0.0,0.0,0.0,0.0,659.3267693732979,758.5847669983642,0.0,1.1814874510706883,2352229.114606848,673.1093037789176,706.7647689678635,-77.31160256775252,-10.938802549631314,Low,-6.7525287,0.10946284,41.939453,5.076795,-20.903484,98.46966,0.1545218,3.166986,0.0,0.0,2.6726165,0.0,0.0
2015-11-15,11,2015,1,0,2015-16,0.967613966553134,3.903461023276525,0.0,614.9701872689236,0.0,0.0,0.0,0.0,784.076371535616,749.801245350497,0.0,1.1814874510706883,1844910.5618067707,674.5188656823541,708.2448089664719,93.27462169754824,13.16982779353683,Medium,-5.802425,-0.028488897,36.334255,5.14264,84.814896,-175.66565,-2.9058626,9.7845955,0.0,0.0,5.0225234,0.0,0.0
2015-11-16,11,2015,0,0,2015-16,0.8893415877991788,1.3475831670844274,0.0,898.8956990227874,0.0,0.0,0.0,0.0,614.9701872689236,741.0094879390502,0.0,1.1814874510706883,2696687.0970683624,676.872233850815,710.7158455433557,-188.1798534794317,-26.47750921263964,Low,-5.9207215,-0.09080213,38.490498,4.381511,45.31176,60.28453,-2.0782936,4.5695915,0.0,0.0,4.542111,0.0,0.0
2015-11-17,11,2015,0,0,2015-16,0.9384433910624944,0.7284716627547971,0.0,954.4831331832464,0.0,0.0,0.0,0.0,898.8956990227874,767.6647519479623,0.0,1.1814874510706883,2863449.3995497394,682.0788442655405,716.1827864788175,-238.30034670442888,-33.27367694440909,Low,-8.777687,-0.09745592,39.13565,4.7084,83.71419,113.3689,-5.0489874,9.227589,0.0,0.0,4.227431,0.0,0.0
2015-11-18,11,2015,0,0,2015-16,0.8507911279315576,3.1587940285699165,0.0,568.3494218474893,0.0,0.0,0.0,0.0,954.4831331832464,786.7809415010597,0.0,1.1814874510706883,1705048.265542468,682.2814127218313,716.3954833579229,148.04606151043356,20.66540967239283,High,-8.63858,0.021632943,34.530087,4.2888575,-13.043678,-111.523056,-1.7465934,5.0010633,0.0,0.0,5.905479,0.0,0.0
2015-11-19,11,2015,0,0,2015-16,0.8730711653879077,2.6348311020035045,0.0,713.5392434947843,0.0,0.0,0.0,0.0,568.3494218474893,749.5004174594598,0.0,1.1814874510706883,2140617.730484353,685.2550767735778,719.5178306122567,5.978587117472443,0.8309157692986019,Low,-5.8624277,0.010670889,33.69581,4.6839995,14.779528,-71.90383,-2.9491067,6.968726,0.0,0.0,5.637858,0.0,0.0
2015-11-20,11,2015,0,0,2015-16,0.8477553081456591,1.992782865812556,0.0,763.7356307856057,0.0,0.0,0.0,0.0,713.5392434947843,741.9486893894492,0.0,1.1814874510706883,2291206.892356817,686.2281628595655,720.5395710025438,-43.19605978306197,-5.994960099548713,Low,-4.8888707,0.00026153773,36.455498,4.783837,0.58178926,13.242981,0.95415425,10.318822,0.0,0.0,4.5382223,0.0,0.0
2015-11-21,11,2015,1,0,2015-16,0.7585728963394133,2.221454203750525,0.0,626.6511670356873,0.0,0.0,0.0,0.0,763.7356307856057,756.864241019779,0.0,1.1814874510706883,1879953.501107062,686.7993866105934,721.1393559411231,94.48818890543578,13.102625467185042,Medium,-3.8491483,0.024311125,31.979591,4.1289687,-88.25745,-14.173636,-0.4797683,11.908537,0.0,0.0,3.2008643,0.0,0.0
2015-11-22,11,2015,1,0,2015-16,0.9167356345784516,2.876807113089056,0.0,786.8419277539261,0.0,0.0,0.0,0.0,626.6511670356873,734.3749260912178,0.0,1.1814874510706883,2360525.7832617783,690.5797644806637,725.1087527046969,-61.7331750492292,-8.513643618141547,Low,-5.5100183,0.29970056,33.2942,5.0901804,66.01442,-69.02665,-1.0156157,13.299261,0.0,0.0,6.379932,0.0,0.0
2015-11-23,11,2015,0,0,2015-16,0.7842317087322567,0.9138189653251948,0.0,765.4966024515904,0.0,0.0,0.0,0.0,786.8419277539261,758.9280318747896,0.0,1.1814874510706883,2296489.8073547715,693.8194621679177,728.5104352763136,-36.98616717527682,-5.076957773603956,Low,-5.4432607,-0.07264018,30.510725,4.555449,-68.75037,87.76163,2.583174,6.8129067,0.0,0.0,3.2774832,0.0,0.0
2015-11-24,11,2015,0,0,2015-16,0.7072947899294361,3.985335664226968,0.0,532.2685791350061,0.0,0.0,0.0,0.0,765.4966024515904,739.8710180789042,0.0,1.1814874510706883,1596805.7374050184,694.4154290972971,729.136200552162,196.86762141715587,27.000116201619328,High,-2.5237606,0.17121458,25.697874,4.203637,-96.26202,-156.86497,1.6636248,13.010307,0.0,0.0,4.7739196,0.0,0.0
2015-11-25,11,2015,0,0,2015-16,0.8936416887721503,3.899172648587133,0.0,636.5496916726064,0.0,0.0,0.0,0.0,532.2685791350061,679.5546532148699,0.0,1.1814874510706883,1909649.0750178192,697.6478594250826,732.5302523963368,95.98056072373038,13.102607081379611,Medium,-4.637625,0.12398289,42.080788,5.3821173,39.308826,-166.8339,5.272633,6.931117,0.0,0.0,4.813173,0.0,0.0
2015-11-26,11,2015,0,0,2015-16,0.7531332038221147,2.6013027453877475,0.0,668.1164857317157,0.0,0.0,0.0,0.0,636.5496916726064,689.2975489041725,0.0,1.1814874510706883,2004349.457195147,699.2343684598169,734.1960868828078,66.0796011510921,9.000266050401835,Medium,-3.4255357,-0.10304659,42.135063,5.2211127,-80.055824,-39.19861,1.0268955,4.1273255,0.0,0.0,4.171938,0.0,0.0
2015-11-27,11,2015,0,0,2015-16,0.9821375753058744,0.7981698037165805,0.0,939.6224518802568,0.0,0.0,0.0,0.0,668.1164857317157,682.8085835094482,0.0,1.1814874510706883,2818867.35564077,701.2732418037068,736.3369038938922,-203.28554798636455,-27.60768160761076,Low,-9.549596,-0.14132789,39.483627,5.5703025,114.414185,113.8664,-1.6214466,6.2052965,0.0,0.0,3.4675496,0.0,0.0
2015-11-28,11,2015,1,0,2015-16,0.9861785731007762,2.7209129697251653,0.0,800.0821930699408,0.0,0.0,0.0,0.0,939.6224518802568,707.9352722372556,0.0,1.1814874510706883,2400246.579209822,704.1957127140212,739.4054983497223,-60.67669472021851,-8.206145999136158,Low,-5.500057,1.7099051,29.848927,5.373504,90.99486,-72.829636,-1.4576185,9.278186,0.0,0.0,7.5000606,0.0,0.0
2015-11-29,11,2015,1,0,2015-16,0.9744593170661344,0.2887936359167034,0.0,1044.627337357735,0.0,0.0,0.0,0.0,800.0821930699408,732.7111330992917,0.0,1.1814874510706883,3133882.012073206,712.3088054439743,747.924245716173,-296.7030916415621,-39.67020635324568,Low,-10.587974,0.29126635,36.987976,5.3384094,116.734566,157.20839,5.3950543,13.65749,0.0,0.0,3.3935332,0.0,0.0
2015-11-30,11,2015,0,0,2015-16,0.8110476100766333,0.1226100088232242,0.0,808.0962078362672,0.0,0.0,0.0,0.0,1044.627337357735,769.53762018555,0.0,1.1814874510706883,2424288.6235088017,715.7607250102858,751.5487612608001,-56.54744657546712,-7.524122118251247,Low,-6.735869,-0.036737528,36.27053,5.0266213,-45.83749,138.72607,0.86763346,5.093911,0.0,0.0,1.5056821,0.0,0.0
2015-12-01,12,2015,0,0,2015-16,0.7046369849586602,1.0307315540448547,0.0,760.7816357000278,0.0,0.0,0.0,0.0,808.0962078362672,775.6232780976469,0.0,1.1814874510706883,2282344.907100084,717.8848354685438,753.779077241971,-7.0025584580567966,-0.928993476932088,Low,-1.3002267,-0.11498192,28.415129,4.1459727,-117.81766,91.514114,4.558034,8.77124,0.0,0.0,4.730971,0.0,0.0
2015-12-02,12,2015,0,0,2015-16,0.9784955687763176,1.8504918269572648,0.0,837.4894123800175,0.0,0.0,0.0,0.0,760.7816357000278,808.2680004640786,0.0,1.1814874510706883,2512468.2371400525,722.7234538350277,758.8596265267792,-78.62978585323833,-10.36157190403166,Low,-25.36618,-0.061293434,28.689651,5.7715,110.45814,29.151472,-4.19923,25.162676,0.0,0.0,6.7758713,0.0,0.0
2015-12-03,12,2015,0,0,2015-16,0.8284552444951943,3.473090021633522,0.0,564.8313223868056,0.0,0.0,0.0,0.0,837.4894123800175,836.9736748508516,0.0,1.1814874510706883,1694493.9671604168,720.5829478669656,756.6120952603139,191.78077287350837,25.347304659136565,High,-7.0547915,0.27339745,30.283636,4.7594347,-5.0919065,-158.71481,-1.7039325,24.608702,0.0,0.0,6.261795,0.0,0.0
2015-12-04,12,2015,0,0,2015-16,0.9899964457131007,2.908676279065232,0.0,721.054321011808,0.0,0.0,0.0,0.0,564.8313223868056,822.2186515158645,0.0,1.1814874510706883,2163162.963035424,720.3226895941444,756.3388240738517,35.284503062043655,4.66517147328118,Low,-12.857336,-0.0960467,33.978325,5.645755,87.148224,-91.37539,-4.3192167,22.946058,0.0,0.0,6.402278,0.0,0.0
2015-12-05,12,2015,1,0,2015-16,0.989085993126776,2.970826084799924,0.0,808.4305526162309,0.0,0.0,0.0,0.0,721.054321011808,790.9946328203716,0.0,1.1814874510706883,2425291.6578486925,724.4581624348143,760.681070556555,-47.74948205967587,-6.277201301294351,Low,-9.762012,0.09408565,40.08622,6.159126,93.61256,-81.43827,10.799386,14.192449,0.0,0.0,8.428238,0.0,0.0
2015-12-06,12,2015,1,0,2015-16,0.955902836640208,1.7019733377923014,0.0,793.6072226952452,0.0,0.0,0.0,0.0,808.4305526162309,792.187255612699,0.0,1.1814874510706883,2380821.668085736,724.5710785081847,760.799632433594,-32.807590261651285,-4.312251066250992,Low,-15.891162,0.0006695241,31.861734,4.7867584,79.266815,23.008297,-4.503465,5.131394,0.0,0.0,5.213657,0.0,0.0
2015-12-07,12,2015,0,0,2015-16,0.7883346676208757,1.3837399701878517,0.0,786.1120531356211,0.0,0.0,0.0,0.0,793.6072226952452,756.3272392323432,0.0,1.1814874510706883,2358336.159406863,727.2021852062612,763.5622944665743,-22.54975866904681,-2.9532310372659385,Low,-0.011227166,-0.07090832,27.80227,3.6454527,-45.184856,47.123333,3.895037,13.361539,0.0,0.0,4.26789,0.0,0.0
2015-12-08,12,2015,0,0,2015-16,0.8155293185805775,1.4841550519384108,0.0,826.5990919124556,0.0,0.0,0.0,0.0,786.1120531356211,753.1866457036795,0.0,1.1814874510706883,2479797.275737366,730.7817205339832,767.3208065606824,-59.27828535177321,-7.725358786694815,Low,-0.38072842,-0.07090832,30.2699,4.026782,-20.108984,48.833836,2.7831733,11.976369,0.0,0.0,4.5567317,0.0,0.0
2015-12-09,12,2015,0,0,2015-16,0.9553410014550572,3.9505982549442313,0.0,669.4806586793968,0.0,0.0,0.0,0.0,826.5990919124556,762.589139448312,0.0,1.1814874510706883,2008441.9760381903,729.6273386996502,766.1087056346328,96.62804695523596,12.612837609669342,Medium,-4.7573295,-0.014795445,35.200264,5.2693906,81.557434,-173.10098,1.7676574,9.876413,0.0,0.0,5.4297523,0.0,0.0
2015-12-10,12,2015,0,0,2015-16,0.7950766015468833,0.1604367656499299,0.0,905.4537357020524,0.0,0.0,0.0,0.0,669.4806586793968,738.5878889196518,0.0,1.1814874510706883,2716361.2071061577,733.070588265729,769.7241176790155,-135.7296180230369,-17.633541018866428,Low,5.6842375,-0.0909726,39.1999,5.7326345,-48.990658,149.853,6.015534,4.8925056,0.0,0.0,2.8088892,0.0,0.0
2015-12-11,12,2015,0,0,2015-16,0.7508478240058277,3.4681259844897943,0.0,584.9503701938863,0.0,0.0,0.0,0.0,905.4537357020524,787.2482336789728,0.0,1.1814874510706883,1754851.110581659,733.8237947110089,770.5149844465593,185.56461425267295,24.08319344833497,High,-1.2226983,0.25457245,21.874514,5.3770733,-74.73411,-138.26196,-5.374722,10.412782,0.0,0.0,6.9044156,0.0,0.0
2015-12-12,12,2015,1,0,2015-16,0.8670403787375051,2.3147016342895737,0.0,685.0802942862555,0.0,0.0,0.0,0.0,584.9503701938863,767.8048121335556,0.0,1.1814874510706883,2055240.8828587665,735.5646976962362,772.342932581048,87.26263829479251,11.298431643981589,Medium,-11.547773,0.11753921,34.25802,4.4260445,13.428835,-35.846294,-6.120815,9.482633,0.0,0.0,3.512135,0.0,0.0
2015-12-13,12,2015,1,0,2015-16,0.9808464322482344,1.7544616767583618,0.0,974.6899799909568,0.0,0.0,0.0,0.0,685.0802942862555,750.1833466578447,0.0,1.1814874510706883,2924069.93997287,740.0262455400099,777.0275578170105,-197.6624221739463,-25.438276954972,Low,-8.008425,0.1990525,25.675838,5.9279885,109.22597,46.358376,-0.17851032,12.599942,0.0,0.0,3.5625682,0.0,0.0
2015-12-14,12,2015,0,0,2015-16,0.9088089390024918,2.901030641660546,0.0,688.7130415284837,0.0,0.0,0.0,0.0,974.6899799909568,776.0523119858035,0.0,1.1814874510706883,2066139.124585451,743.5409898609851,780.7180393540343,92.00499782555062,11.784664012845854,Medium,-6.8339815,-0.2585991,29.369913,4.3419147,47.590237,-76.87203,-6.3766723,5.3966293,0.0,0.0,6.0025578,0.0,0.0
2015-12-15,12,2015,0,0,2015-16,0.8710183510268095,1.946675765698812,0.0,772.8245157922556,0.0,0.0,0.0,0.0,688.7130415284837,762.1381674704982,0.0,1.1814874510706883,2318473.547376767,745.7442681982644,783.0314816081777,10.206965815922104,1.3035192141903666,Low,-4.9209967,-0.030439865,31.21312,4.754255,17.306892,8.188847,-0.77529,12.565772,0.0,0.0,4.1219463,0.0,0.0
2015-12-16,12,2015,0,0,2015-16,0.7291529481312305,3.4936929523266422,0.0,506.7488645003583,0.0,0.0,0.0,0.0,772.8245157922556,754.4560851676124,0.0,1.1814874510706883,1520246.593501075,743.1672974631836,780.3256623363428,273.5767978359845,35.0593106238335,High,0.87327665,0.17414793,21.37629,5.1652746,-105.39826,-142.76138,1.3820937,13.219729,0.0,0.0,4.373644,0.0,0.0
2015-12-17,12,2015,0,0,2015-16,0.8845021680097509,3.602807456045034,0.0,653.5701958919319,0.0,0.0,0.0,0.0,506.7488645003583,731.2086859991784,0.0,1.1814874510706883,1960710.587675796,743.2343727709836,780.3960914095328,126.82589551760088,16.251477539890157,High,-2.420219,0.15568797,39.150383,5.221048,22.976763,-149.10631,5.6884794,11.40772,0.0,0.0,5.3521876,0.0,0.0
2015-12-18,12,2015,0,0,2015-16,0.997016155031279,1.6868837074938217,0.0,887.7168593137447,0.0,0.0,0.0,0.0,653.5701958919319,695.2253231691611,0.0,1.1814874510706883,2663150.577941234,747.7819963203407,785.1710961363577,-102.54576317738702,-13.060307961155292,Low,-9.1711445,-0.12765856,28.232704,5.2074437,112.24324,39.735355,0.99408877,9.772751,0.0,0.0,2.8006105,0.0,0.0
2015-12-19,12,2015,1,0,2015-16,0.7420252045709572,1.1073111889402063,0.0,734.1531447720893,0.0,0.0,0.0,0.0,887.7168593137447,738.4776787577123,0.0,1.1814874510706883,2202459.434316268,750.1965820442094,787.7064111464199,53.55326637433063,6.79863279218329,Medium,0.12655225,0.14318977,30.681524,3.8809948,-106.865364,87.15932,-4.4215727,8.699356,0.0,0.0,6.414748,0.0,0.0
2015-12-20,12,2015,1,0,2015-16,0.855498895709121,2.369401314373449,0.0,654.2559795585411,0.0,0.0,0.0,0.0,734.1531447720893,745.4880859699742,0.0,1.1814874510706883,1962767.9386756232,750.8685703729908,788.4119988916403,134.15601933309927,17.015978894499007,High,-10.42465,0.1374838,36.18955,4.392281,1.711921,-32.25556,-2.494872,8.593108,0.0,0.0,4.0282373,0.0,0.0
2015-12-21,12,2015,0,0,2015-16,0.9632119215783866,3.649453382466764,0.0,741.5917743884235,0.0,0.0,0.0,0.0,654.2559795585411,699.711800193915,0.0,1.1814874510706883,2224775.3231652705,752.6309045231075,790.2624497492628,48.67067536083937,6.158798937780957,Medium,-0.8633159,-0.051535554,40.64836,6.0312304,90.260666,-148.0947,2.055081,9.672498,0.0,0.0,5.485804,0.0,0.0
2015-12-22,12,2015,0,0,2015-16,0.9222305853262612,0.8426487560226663,0.0,971.9873560096728,0.0,0.0,0.0,0.0,741.5917743884235,707.2659048881922,0.0,1.1814874510706883,2915962.0680290186,759.2091179586704,797.169573856604,-174.81778215306883,-21.929811157659078,Low,0.7178019,-0.12759602,47.83832,4.9991775,71.63986,113.39228,-0.72014993,4.9941874,0.0,0.0,3.8480775,0.0,0.0
2015-12-23,12,2015,0,0,2015-16,0.9091047222985804,2.491866334253931,0.0,739.4104855167143,0.0,0.0,0.0,0.0,971.9873560096728,735.717739204966,0.0,1.1814874510706883,2218231.4565501427,761.7317314769405,799.8183180507875,60.40783253407324,7.552694302037405,Medium,-4.684767,-0.045883346,30.361893,4.3152795,51.075466,-42.21255,-0.03594783,12.847514,0.0,0.0,4.412448,0.0,0.0
2015-12-24,12,2015,0,0,2015-16,0.9107452251961328,2.526240880370082,0.0,727.5177970461414,0.0,0.0,0.0,0.0,739.4104855167143,768.955113635874,0.0,1.1814874510706883,2182553.391138424,762.1933771951832,800.3030460549423,72.78524900880097,9.094710980745676,Medium,-7.4269047,-0.08340441,29.984665,4.5990477,51.425797,-45.18988,0.3698167,13.313863,0.0,0.0,4.6042857,0.0,0.0
2015-12-25,12,2015,0,0,2015-16,0.8078473453659265,2.932452089661124,0.0,667.7076371595222,0.0,0.0,0.0,0.0,727.5177970461414,779.5190566579039,0.0,1.1814874510706883,2003122.9114785665,761.4658399329658,799.5391319296141,131.83149477009192,16.48843558812797,High,-3.810469,-0.030194659,37.15474,4.6080375,-35.992043,-67.63475,3.3612094,10.114868,0.0,0.0,6.6540184,0.0,0.0
2015-12-26,12,2015,1,0,2015-16,0.788077553279348,0.5262707405090392,0.0,787.3245021468475,0.0,0.0,0.0,0.0,667.7076371595222,748.0891677787292,0.0,1.1814874510706883,2361973.506440542,763.3314458350007,801.4980181267508,14.1735159799033,1.7683781692972154,Low,-0.7855249,0.15201284,39.3655,5.048591,-56.45744,123.65091,2.3131635,3.5504262,0.0,0.0,2.3894281,0.0,0.0
2015-12-27,12,2015,1,0,2015-16,0.942808346643554,2.8632998587283542,0.0,751.7724496223126,0.0,0.0,0.0,0.0,787.3245021468475,755.6850759751233,0.0,1.1814874510706883,2255317.3488669377,764.5503632738156,802.7778814375064,51.00543181519379,6.3536169835496885,Medium,-4.850627,0.334857,31.365211,5.1473136,76.153145,-68.5806,3.5554993,12.777373,0.0,0.0,5.7297473,0.0,0.0
2015-12-28,12,2015,0,0,2015-16,0.9430340184037542,3.636130082662564,0.0,728.6169469050442,0.0,0.0,0.0,0.0,751.7724496223126,769.6160002699478,0.0,1.1814874510706883,2185850.8407151327,768.250626247397,806.6631575597669,78.0462106547227,9.675192169532068,Medium,-5.534226,-0.02057518,36.697044,6.1785526,98.29158,-144.61748,-0.9007634,12.679607,0.0,0.0,5.1381125,0.0,0.0
2015-12-29,12,2015,0,0,2015-16,0.960121695574031,0.7187324354809679,0.0,941.540843796176,0.0,0.0,0.0,0.0,728.6169469050442,767.7624534866079,0.0,1.1814874510706883,2824622.531388528,770.0169147536875,808.5177604913719,-133.02308330480412,-16.452710107933825,Low,-9.349895,-0.115112886,43.848938,5.3814735,97.99622,116.24515,-5.594266,6.411169,0.0,0.0,2.9315522,0.0,0.0
2015-12-30,12,2015,0,0,2015-16,0.9739721657669412,0.9501732996955106,0.0,996.1216419168684,0.0,0.0,0.0,0.0,941.540843796176,763.4129517418226,0.0,1.1814874510706883,2988364.9257506053,771.721235779073,810.3072975680267,-185.8143443488417,-22.931342825928613,Low,-10.201141,-0.08389199,40.98942,5.20657,110.687454,117.539444,2.2409534,9.326558,0.0,0.0,2.9334395,0.0,0.0
2015-12-31,12,2015,0,0,2015-16,0.8534027196582813,3.8855803761665584,0.0,595.1022684437778,0.0,0.0,0.0,0.0,996.1216419168684,800.0859740847017,0.0,1.1814874510706883,1785306.8053313333,771.544028542024,810.1212299691252,215.01896152534744,26.541578417040384,High,-8.901466,0.21167755,29.673122,3.6806924,-1.0009391,-167.20631,-1.2799242,6.6029634,0.0,0.0,7.4981246,0.0,0.0
2016-01-01,1,2016,0,0,2015-16,0.8504548884061598,0.7239078108379591,0.0,867.8949966253645,0.0,0.0,0.0,0.0,595.1022684437778,781.1694699986499,0.0,1.1814874510706883,2603684.9898760933,773.4270051473951,812.0983554047649,-55.796641220599554,-6.870675312818417,Low,3.1554046,-0.13777068,48.1882,4.48301,10.851253,125.52224,-2.3073277,6.883094,0.0,0.0,4.089645,0.0,0.0
2016-01-02,1,2016,1,0,2015-16,0.9394885536900326,3.4175403734783165,0.0,656.686218265043,0.0,0.0,0.0,0.0,867.8949966253645,809.7676642080559,0.0,1.1814874510706883,1970058.6547951289,770.8727676090514,809.416405989504,152.73018772446108,18.869173715073124,High,-1.025418,1.1459296,32.518246,4.280722,69.06713,-171.96056,-3.2339373,21.22621,0.0,0.0,5.7400084,0.0,0.0
2016-01-03,1,2016,1,0,2015-16,0.8949891792333295,1.9691114257921392,0.0,862.8834221173917,0.0,0.0,0.0,0.0,656.686218265043,791.1050522249409,0.0,1.1814874510706883,2588650.266352175,770.506430317267,809.0317518331304,-53.85167028426122,-6.656311098080186,Low,3.4624867,-0.061139617,37.796097,4.7267947,51.2383,17.728115,1.8022984,20.97571,0.0,0.0,7.073198,0.0,0.0
2016-01-04,1,2016,0,0,2015-16,0.910590063177311,0.9889242976127082,0.0,875.2433432888859,0.0,0.0,0.0,0.0,862.8834221173917,806.9780482956666,0.0,1.1814874510706883,2625730.0298666577,771.4702414869018,810.043753561247,-65.19958972763891,-8.048897289930055,Low,-0.5675021,-0.34871837,41.493694,3.7224581,53.807774,106.368095,-1.6112194,10.44618,0.0,0.0,2.7551742,0.0,0.0
2016-01-05,1,2016,0,0,2015-16,0.9387378008308302,3.4829996050900456,0.0,576.9268430371998,0.0,0.0,0.0,0.0,875.2433432888859,827.9246763505009,0.0,1.1814874510706883,1730780.529111599,771.1174505621984,809.6733230903084,232.7464800531086,28.7457266301892,High,-7.2719493,-0.7535652,32.803455,4.1347895,65.67049,-176.64511,-5.2685,17.608742,0.0,0.0,2.7250876,0.0,0.0
2016-01-06,1,2016,0,0,2015-16,0.96700160254527,1.781221020010662,0.0,915.230386389466,0.0,0.0,0.0,0.0,576.9268430371998,775.8369619563615,0.0,1.1814874510706883,2745691.159168398,773.5525876462448,812.230217028557,-103.000169360909,-12.681154579267227,Low,7.816886,-0.11006015,37.140274,5.73846,109.59872,34.24674,-4.6493645,6.9791565,0.0,0.0,5.068513,0.0,0.0
2016-01-07,1,2016,0,0,2015-16,0.8013985470554608,2.0592694157187608,0.0,637.954802517594,0.0,0.0,0.0,0.0,915.230386389466,764.2810683095898,0.0,1.1814874510706883,1913864.407552782,770.5072189696641,809.0325799181473,171.07777740055337,21.14596885799851,High,-1.4496427,-0.037423346,27.203287,4.1884136,-51.412754,-5.0852137,1.4265927,13.091358,0.0,0.0,2.3871763,0.0,0.0
2016-01-08,1,2016,0,0,2015-16,0.8126748857919832,1.4369334775990628,0.0,808.6385595625638,0.0,0.0,0.0,0.0,637.954802517594,770.4028588915635,0.0,1.1814874510706883,2425915.678687692,768.098099608939,806.503004589386,-2.1355549731778183,-0.2647919426245772,Low,2.1082036,-0.121363506,33.240814,4.358546,-30.044493,47.066204,3.084668,13.777964,0.0,0.0,3.9413023,0.0,0.0
2016-01-09,1,2016,1,0,2015-16,0.7281945819522606,2.3718034057397097,0.0,688.789906704515,0.0,0.0,0.0,0.0,808.6385595625638,761.9376535968778,0.0,1.1814874510706883,2066369.7201135447,764.066038269627,802.2693401831084,113.47943347859336,14.144804966956986,Medium,2.8580127,1.0229994,30.596443,3.5047562,-104.64244,-19.522434,5.071973,10.989165,0.0,0.0,2.0362425,0.0,0.0
2016-01-10,1,2016,1,0,2015-16,0.8734840422988521,0.6540954903400911,0.0,938.5360222099148,0.0,0.0,0.0,0.0,688.789906704515,766.5238948025166,0.0,1.1814874510706883,2815608.0666297446,766.372946626712,804.6915939580476,-133.84442825186716,-16.633009373631545,Low,4.931319,0.3183762,45.607014,4.7735853,37.038605,134.17174,-0.72423196,9.151466,0.0,0.0,4.2480893,0.0,0.0
2016-01-11,1,2016,0,0,2015-16,0.7107826821390226,1.5643261466070428,0.0,723.036824820652,0.0,0.0,0.0,0.0,938.5360222099148,777.3314091014485,0.0,1.1814874510706883,2169110.474461956,764.2408215826728,802.4528626618064,79.41603784115443,9.89666079297474,Medium,7.267695,-0.54297405,21.741896,3.5337286,-109.627754,39.059723,3.4708543,14.328053,0.0,0.0,4.954136,0.0,0.0
2016-01-12,1,2016,0,0,2015-16,0.8396794054397381,3.87764928934115,0.0,680.88313922451,0.0,0.0,0.0,0.0,723.036824820652,755.5876207488436,0.0,1.1814874510706883,2042649.41767353,762.4850238230486,800.609275014201,119.72613578969094,14.954377812768566,Medium,7.8802915,0.15575868,32.45767,4.5470395,1.2742099,-159.62256,-0.7247317,10.286892,0.0,0.0,2.7610047,0.0,0.0
2016-01-13,1,2016,0,0,2015-16,0.862793390412273,1.0325337308045102,0.0,909.9846036505432,0.0,0.0,0.0,0.0,680.88313922451,770.4385202041738,0.0,1.1814874510706883,2729953.8109516297,764.0917761085801,802.2963649140091,-107.68823873653412,-13.422501141218088,Low,3.3933334,-0.1438384,48.330677,4.3727226,30.855982,113.867775,1.636546,6.976196,0.0,0.0,4.3366494,0.0,0.0
2016-01-14,1,2016,0,0,2015-16,0.7859623756384853,2.626946658165169,0.0,659.7833763114514,0.0,0.0,0.0,0.0,909.9846036505432,769.6891226700418,0.0,1.1814874510706883,1979350.1289343543,762.0472795623344,800.1496435404512,140.36626722899973,17.54250200099022,High,2.8693407,-0.168838,28.364697,4.0229754,-48.428425,-55.768913,1.1965773,9.096833,0.0,0.0,2.7032201,0.0,0.0
2016-01-15,1,2016,0,0,2015-16,0.8772499781707033,1.3007602568987795,0.0,935.2160421496128,0.0,0.0,0.0,0.0,659.7833763114514,772.8074903548786,0.0,1.1814874510706883,2805648.1264488385,761.7056171118592,799.7908979674521,-135.4251441821607,-16.93256881596468,Low,2.7234542,-0.11353299,36.597492,4.037749,45.083088,75.0747,1.2715936,14.161715,0.0,0.0,4.2590346,0.0,0.0
2016-01-16,1,2016,1,0,2015-16,0.7091500749817148,3.0938925027464026,0.0,639.262821909066,0.0,0.0,0.0,0.0,935.2160421496128,790.8899878673143,0.0,1.1814874510706883,1917788.4657271984,757.6346999379591,795.5164349348571,156.25361302579108,19.64178314412653,High,8.996916,0.9640484,27.786062,4.779979,-102.24582,-89.56094,5.7724257,21.09184,0.0,0.0,7.5263143,0.0,0.0
2016-01-17,1,2016,1,0,2015-16,0.7112044566247643,0.5234946428733993,0.0,843.9720382383028,0.0,0.0,0.0,0.0,639.262821909066,783.8146900393929,0.0,1.1814874510706883,2531916.1147149084,757.6061010131444,795.4864060638017,-48.48563217450112,-6.095092487427415,Low,6.545109,2.1146982,36.204025,4.0870113,-106.47631,139.06413,4.044081,17.08398,0.0,0.0,5.586961,0.0,0.0
2016-01-18,1,2016,0,0,2015-16,0.9467801681978976,3.879284180314179,0.0,614.2502640066078,0.0,0.0,0.0,0.0,843.9720382383028,770.3055494720196,0.0,1.1814874510706883,1842750.792019824,757.3135316011313,795.179208181188,180.92894417458007,22.75322874555769,High,5.252813,-0.109089255,34.83437,4.539357,75.69573,-174.56703,-4.1578608,7.3930135,0.0,0.0,2.9153972,0.0,0.0
2016-01-19,1,2016,0,0,2015-16,0.8080571924233788,1.815158165534557,0.0,657.191049562874,0.0,0.0,0.0,0.0,614.2502640066078,754.7646122128707,0.0,1.1814874510706883,1971573.148688622,755.5983123842549,793.3782280034677,136.1871784405937,17.16547967081326,High,-1.6285112,-0.061020613,31.521334,4.412757,-44.39975,15.936631,-3.6581833,11.060825,0.0,0.0,2.440921,0.0,0.0
2016-01-20,1,2016,0,0,2015-16,0.7381181537955654,0.9442018533858558,0.0,709.3121291920883,0.0,0.0,0.0,0.0,657.191049562874,751.380027975494,0.0,1.1814874510706883,2127936.387576265,752.3853215918199,790.004587671411,80.69245847932268,10.21417593499917,Medium,2.0828211,-0.5392312,28.509743,3.7003918,-119.43806,82.78724,-0.21591656,4.431473,0.0,0.0,3.7454636,0.0,0.0
2016-01-21,1,2016,0,0,2015-16,0.8566729780164413,0.2939869893200506,0.0,959.3833222665206,0.0,0.0,0.0,0.0,709.3121291920883,722.7125316242862,0.0,1.1814874510706883,2878149.966799562,758.3420436394916,796.2591458214663,-163.12417644505433,-20.48631746348937,Low,1.7198632,-0.14579576,49.92228,5.417462,24.114595,151.74365,1.4290293,4.022636,0.0,0.0,4.7496758,0.0,0.0
2016-01-22,1,2016,0,0,2015-16,0.9309980659295832,0.679031620350163,0.0,969.421731593211,0.0,0.0,0.0,0.0,959.3833222665206,765.5125239035817,0.0,1.1814874510706883,2908265.194779633,760.2806929900495,798.294727639552,-171.12700395365903,-21.436569481005854,Low,-0.110533886,-0.2667062,40.220448,4.094632,75.99689,134.23215,-1.2461314,11.332944,0.0,0.0,2.2700982,0.0,0.0
2016-01-23,1,2016,1,0,2015-16,0.7647463082490529,2.07909579422407,0.0,659.120578573797,0.0,0.0,0.0,0.0,969.421731593211,770.3990509669529,0.0,1.1814874510706883,1977361.7357213912,758.2798007919977,796.1937908315975,137.0732122578005,17.216061445873894,High,1.3201684,-0.0067725405,26.60952,4.122499,-81.64353,-9.826763,2.422699,14.29526,0.0,0.0,0.604164,0.0,0.0
2016-01-24,1,2016,1,0,2015-16,0.8868671427457,1.3480127057251452,0.0,880.4231382257091,0.0,0.0,0.0,0.0,659.120578573797,773.2358733476289,0.0,1.1814874510706883,2641269.414677128,760.9424510779596,798.9895736318576,-81.43356459385143,-10.192068492670062,Low,2.7071714,0.27972722,33.452892,4.094138,43.222103,60.65288,1.5521958,13.760221,0.0,0.0,3.9552405,0.0,0.0
2016-01-25,1,2016,0,0,2015-16,0.7256042394981304,3.315533463530438,0.0,455.5069671157842,0.0,0.0,0.0,0.0,880.4231382257091,778.4431733458297,0.0,1.1814874510706883,1366520.901347353,760.4499136390442,798.4724093209965,342.96544220521224,42.952697951938326,High,0.6588582,-0.48996055,26.262106,4.4553947,-106.44417,-114.52749,-16.94739,5.6186695,0.0,0.0,4.742784,0.0,0.0
2016-01-26,1,2016,0,0,2015-16,0.7155045163505823,1.7235500946472238,0.0,663.347034742963,0.0,0.0,0.0,0.0,455.5069671157842,755.7655595042835,0.0,1.1814874510706883,1990041.104228889,759.8982219811013,797.8931330801564,134.54609833719337,16.862671548230615,High,2.3389184,-0.57934535,25.842733,4.16354,-117.734314,34.29324,2.1261666,13.244148,0.0,0.0,3.4171345,0.0,0.0
2016-01-27,1,2016,0,0,2015-16,0.8594063894704443,0.9948570903505196,0.0,918.6030047221144,0.0,0.0,0.0,0.0,663.347034742963,756.6449859585819,0.0,1.1814874510706883,2755809.014166343,762.4291125733137,800.5505682019793,-118.05243652013507,-14.746405937263711,Low,3.5626512,-0.14458409,48.365967,4.384761,30.270714,115.209595,0.604913,4.2212515,0.0,0.0,3.9998803,0.0,0.0
2016-01-28,1,2016,0,0,2015-16,0.8621905364830319,2.46857994641612,0.0,749.2212894289704,0.0,0.0,0.0,0.0,918.6030047221144,786.5436824628714,0.0,1.1814874510706883,2247663.8682869114,761.3064671283012,799.3717904847163,50.15050105574585,6.273739160264339,Medium,7.9065046,-0.12500748,31.532974,3.7948182,9.284555,-45.45879,1.4668314,11.873696,0.0,0.0,3.982264,0.0,0.0
2016-01-29,1,2016,0,0,2015-16,0.8912289704494619,2.827108867541784,0.0,745.9464512092936,0.0,0.0,0.0,0.0,749.2212894289704,756.5205349146499,0.0,1.1814874510706883,2237839.353627881,763.0143875946899,801.1651069744244,55.218655765130734,6.892294145667714,Medium,2.7791455,-0.14564346,33.44835,3.8076012,36.855724,-69.805466,1.4598548,7.6232243,0.0,0.0,4.3772554,0.0,0.0
2016-01-30,1,2016,1,0,2015-16,0.9178274001167984,0.6681676316037994,0.0,1036.5393592266298,0.0,0.0,0.0,0.0,745.9464512092936,724.5954948598046,0.0,1.1814874510706883,3109618.0776798893,763.5198458520504,801.695838144653,-234.8435210819769,-29.293344172207515,Low,2.0185971,0.5765623,46.416313,4.7979865,78.15316,136.61261,4.517148,4.0249863,0.0,0.0,3.9140234,0.0,0.0
2016-01-31,1,2016,1,0,2015-16,0.9927556238387604,0.6704768651532707,0.0,1021.6136718041716,0.0,0.0,0.0,0.0,1036.5393592266298,778.5124635244948,0.0,1.1814874510706883,3064841.015412515,768.4479255083436,806.8703217837608,-214.74335002041084,-26.61435725454301,Low,0.38718003,-0.336334,35.103558,4.6441813,128.11028,140.45938,9.0057955,9.941303,0.0,0.0,2.6744444,0.0,0.0
2016-02-01,2,2016,0,0,2015-16,0.8548901044903585,0.1466857077341719,0.0,896.3139083075099,0.0,0.0,0.0,0.0,1021.6136718041716,798.6825397499896,0.0,1.1814874510706883,2688941.72492253,769.8586808611465,808.3516149042039,-87.96229340330603,-10.881687100202091,Low,-1.9127836,-0.3255504,41.7735,4.268262,7.6020947,149.78616,-10.150158,9.319206,0.0,0.0,0.9649147,0.0,0.0
2016-02-02,2,2016,0,0,2015-16,0.7968869418823737,2.945608060262562,0.0,688.1309553668841,0.0,0.0,0.0,0.0,896.3139083075099,861.6549599202361,0.0,1.1814874510706883,2064392.8661006524,769.3732507487725,807.8419132862113,119.71095791932714,14.818611902959608,Medium,-6.754311,-0.5788183,40.596493,4.2684526,-38.557533,-62.617935,-10.460429,50.145256,0.0,0.0,5.9138284,0.0,0.0
2016-02-03,2,2016,0,0,2015-16,0.9385558584306112,2.6552181104872203,0.0,827.9130914177063,0.0,0.0,0.0,0.0,688.1309553668841,865.1955200093678,0.0,1.1814874510706883,2483739.274253119,769.3658146500809,807.834105382585,-20.07898603512126,-2.485533341726391,Low,-5.175712,-0.24515477,37.68473,4.280379,70.50213,-72.474144,-0.46223733,61.11683,0.0,0.0,7.6998773,0.0,0.0
2016-02-04,2,2016,0,0,2015-16,0.7812496753786222,1.8985235029992555,0.0,731.5367642040742,0.0,0.0,0.0,0.0,827.9130914177063,852.239818108738,0.0,1.1814874510706883,2194610.2926122225,767.627007922671,806.0083583188047,74.47159411473046,9.239556059947748,Medium,-2.7565625,-0.17385769,30.864992,5.064879,-66.026955,18.931938,7.879892,44.391438,0.0,0.0,4.5787764,0.0,0.0
2016-02-05,2,2016,0,0,2015-16,0.8316914262116908,3.3766817958767885,0.0,600.9079721082554,0.0,0.0,0.0,0.0,731.5367642040742,849.7134573623242,0.0,1.1814874510706883,1802723.9163247664,764.908640689755,803.1540727242427,202.2461006159873,25.18148229392433,High,-4.9599395,-0.37014848,38.53976,4.8280134,-4.1966963,-141.73312,0.2106625,34.862938,0.0,0.0,5.5407968,0.0,0.0
2016-02-06,2,2016,1,0,2015-16,0.7235369144026798,3.2226806118002127,0.0,542.8978774801087,0.0,0.0,0.0,0.0,600.9079721082554,828.9936746336044,0.0,1.1814874510706883,1628693.6324403265,763.4240338934335,801.5952355881052,258.6973581079965,32.27281633207293,High,-6.2118196,1.0843065,32.05242,4.328386,-111.96957,-107.2692,-0.17105791,22.115911,0.0,0.0,7.3767176,0.0,0.0
2016-02-07,2,2016,1,0,2015-16,0.7076052230246372,2.3414174575870086,0.0,529.2306969250735,0.0,0.0,0.0,0.0,542.8978774801087,758.4734629555302,0.0,1.1814874510706883,1587692.090775221,761.3898321819298,799.4593237910263,270.22862686595283,33.80142288972652,High,-7.8515434,0.14560692,31.652397,4.6592965,-121.083145,-26.292376,-8.416939,8.75263,0.0,0.0,0.4310096,0.0,0.0
2016-02-08,2,2016,0,0,2015-16,0.9887945244033776,3.4730851220530345,0.0,776.0183170102691,0.0,0.0,0.0,0.0,529.2306969250735,688.1330379728016,0.0,1.1814874510706883,2328054.951030808,760.8937045230265,798.9383897491779,22.920072738908743,2.868816048018968,Low,8.739068,-0.0067270547,37.241425,5.913852,107.9148,-152.67508,18.472683,6.429962,0.0,0.0,4.1932034,0.0,0.0
2016-02-09,2,2016,0,0,2015-16,0.9507940361536618,0.823364840147073,0.0,1025.4937041113326,0.0,0.0,0.0,0.0,776.0183170102691,670.9479535017673,0.0,1.1814874510706883,3076481.1123339976,763.0734891227225,801.2271635788587,-224.26654053247387,-27.9903815954938,Low,5.770796,-0.42042086,55.286076,5.2295794,108.62569,127.849846,1.2129521,-5.6815567,0.0,0.0,5.1417494,0.0,0.0
2016-02-10,2,2016,0,0,2015-16,0.9087922618281092,0.4476784775909115,0.0,888.3746121515056,0.0,0.0,0.0,0.0,1025.4937041113326,719.1426318938313,0.0,1.1814874510706883,2665123.8364545167,764.428747702352,802.6501850874696,-85.72442706403604,-10.6801728395159,Low,-3.2596097,-0.11399505,45.171345,3.9162629,44.160915,129.11684,-6.338541,-0.8013303,0.0,0.0,1.6699983,0.0,0.0
2016-02-11,2,2016,0,0,2015-16,0.8226858833242809,1.0789984460679585,0.0,860.4526327019255,0.0,0.0,0.0,0.0,888.3746121515056,727.77999199866,0.0,1.1814874510706883,2581357.8981057764,766.6634795171145,804.9966534929703,-55.45597920895523,-6.8889701551336335,Low,-0.32180858,-0.06772387,40.638294,4.326077,-25.008968,97.127945,-7.699706,5.912658,0.0,0.0,6.4379516,0.0,0.0
2016-02-12,2,2016,0,0,2015-16,0.7519882960212537,0.2283474243572594,0.0,835.7915329755066,0.0,0.0,0.0,0.0,860.4526327019255,746.1965446412102,0.0,1.1814874510706883,2507374.59892652,767.2380924220022,805.5999970431023,-30.19153593240424,-3.7477080490591024,Low,5.369398,-0.051427558,29.301401,4.315907,-88.38742,142.98071,2.2943957,5.35039,0.0,0.0,8.20401,0.0,0.0
2016-02-13,2,2016,1,0,2015-16,0.7469311128013257,2.124678112004128,0.0,594.594267699638,0.0,0.0,0.0,0.0,835.7915329755066,779.7513390508174,0.0,1.1814874510706883,1783782.8030989135,767.0116933156769,805.3622779814608,210.76801028182285,26.17058385327984,High,1.2749504,0.030289024,27.15191,3.6051877,-100.5193,-12.204005,-1.5440534,13.030499,0.0,0.0,2.7432332,0.0,0.0
2016-02-14,2,2016,1,0,2015-16,0.7750728694493786,3.746422769179846,0.0,469.79839161051257,0.0,0.0,0.0,0.0,594.594267699638,787.1365376536072,0.0,1.1814874510706883,1409395.1748315378,762.2439454555405,800.3561427283175,330.55775111780497,41.30133242820796,High,0.3030499,-0.69105506,26.400557,4.7308316,-67.10958,-168.31401,-8.753252,7.4388227,0.0,0.0,0.021731481,0.0,0.0
2016-02-15,2,2016,0,0,2015-16,0.8647679994118361,0.1573741626740386,0.0,962.8851993621716,0.0,0.0,0.0,0.0,469.79839161051257,778.6462083229557,0.0,1.1814874510706883,2888655.598086515,762.3373017464172,800.4541668337381,-162.43103252843355,-20.29235892055416,Low,5.1807227,-0.133475,42.549316,4.8962326,25.708134,162.89996,13.356966,10.3157425,0.0,0.0,4.3062253,0.0,0.0
2016-02-16,2,2016,0,0,2015-16,0.9143787768100188,0.4884396560401072,0.0,940.7437171323992,0.0,0.0,0.0,0.0,962.8851993621716,805.3414772303704,0.0,1.1814874510706883,2822231.151397198,766.4750161384719,804.7987669453955,-135.94495018700366,-16.891794044737562,Low,-3.6214817,-0.3681417,38.8541,3.9441874,57.219555,134.65422,-5.3747044,12.3287525,0.0,0.0,1.1139822,0.0,0.0
2016-02-17,2,2016,0,0,2015-16,0.8980592130153193,1.808796113133741,0.0,915.0445583672374,0.0,0.0,0.0,0.0,940.7437171323992,793.2343362333798,0.0,1.1814874510706883,2745133.6751017123,768.7139640814992,807.1496622855742,-107.8948960816632,-13.36739654652663,Low,7.6441016,0.07180701,32.912106,4.432165,54.27502,37.693764,-0.5688072,23.92427,0.0,0.0,6.9624257,0.0,0.0
2016-02-18,2,2016,0,0,2015-16,0.7839801690837829,3.73550007011162,0.0,596.388347338231,0.0,0.0,0.0,0.0,915.0445583672374,797.044328549913,0.0,1.1814874510706883,1789165.0420146931,766.8545498209727,805.1972773120214,208.80892997379036,25.932642329697664,High,5.856716,0.37827116,24.116968,4.505115,-44.060722,-148.67906,1.8888721,19.710629,0.0,0.0,3.0655978,0.0,0.0
2016-02-19,2,2016,0,0,2015-16,0.9864595841989584,1.264624419907002,0.0,980.11053345027,0.0,0.0,0.0,0.0,596.388347338231,759.3208592122422,0.0,1.1814874510706883,2940331.60035081,770.7818761144682,809.3209699201917,-170.78956353007834,-21.10282198012491,Low,4.662218,-0.080960065,26.395214,4.9511185,119.57278,76.40585,-7.570602,6.6191278,0.0,0.0,5.172205,0.0,0.0
2016-02-20,2,2016,1,0,2015-16,0.9213690750087306,2.0289392347535697,0.0,841.9473395896825,0.0,0.0,0.0,0.0,980.11053345027,779.9378592800657,0.0,1.1814874510706883,2525842.018769048,771.3941584681988,809.9638663916088,-31.98347319807374,-3.948753089512523,Low,2.67161,0.22842723,32.689148,4.451077,67.400894,11.387047,-3.1096961,10.353335,0.0,0.0,1.9562774,0.0,0.0
2016-02-21,2,2016,1,0,2015-16,0.8663062157534202,0.1662914362015684,0.0,1016.6955440193173,0.0,0.0,0.0,0.0,841.9473395896825,815.274012407215,0.0,1.1814874510706883,3050086.632057952,774.1852578189512,812.8945207098988,-203.8010233094185,-25.071029280827183,Low,0.15501773,0.9475436,47.24505,4.4403024,27.41231,166.90321,-9.045625,51.78878,0.0,0.0,9.055467,0.0,0.0
2016-02-22,2,2016,0,0,2015-16,0.8835162238703056,0.5933728038483554,0.0,966.8517504368914,0.0,0.0,0.0,0.0,1016.6955440193173,893.4021770370442,0.0,1.1814874510706883,2900555.251310674,779.0139597223056,817.9646577084209,-148.88709272847052,-18.20214251622888,Low,-6.340928,-0.10490995,50.40572,4.377313,34.1841,126.74653,-3.7644806,68.54531,0.0,0.0,5.957492,0.0,0.0
2016-02-23,2,2016,0,0,2015-16,0.8258800187283369,3.946520491835388,0.0,581.0886120877336,0.0,0.0,0.0,0.0,966.8517504368914,893.9688271905756,0.0,1.1814874510706883,1743265.836263201,778.3977255046959,817.3176117799308,236.22899969219716,28.90296211502704,High,-6.436292,0.10567551,34.072098,4.169941,-8.045798,-177.73895,-8.358433,56.23463,0.0,0.0,2.7241929,0.0,0.0
2016-02-24,2,2016,0,0,2015-16,0.7743192968503472,3.860474785744182,0.0,471.9951101960981,0.0,0.0,0.0,0.0,581.0886120877336,842.5895264699091,0.0,1.1814874510706883,1415985.3305882942,776.2185991098556,815.0295290653485,343.0344188692504,42.08858779173707,High,-7.7423043,-0.14702582,26.930979,4.842912,-64.8684,-181.62073,-9.828651,22.177095,0.0,0.0,1.3187617,0.0,0.0
2016-02-25,2,2016,0,0,2015-16,0.8067918035953785,0.0197599237376384,0.0,1060.8099895751348,0.0,0.0,0.0,0.0,471.9951101960981,779.2967481597462,0.0,1.1814874510706883,3182429.968725404,777.5651273064655,816.4433836717888,-244.366605903346,-29.93062480393395,Low,17.787273,-0.1091996,40.29091,5.912894,-31.473152,199.94847,22.081467,23.052544,0.0,0.0,9.597097,0.0,0.0
2016-02-26,2,2016,0,0,2015-16,0.9273538331393107,3.807247141692956,0.0,574.6626946027995,0.0,0.0,0.0,0.0,1060.8099895751348,845.6426970507325,0.0,1.1814874510706883,1723988.0838083986,775.060466212386,813.8134895230054,239.15079492020584,29.38643780166111,High,-7.8797984,-0.15867154,34.604683,3.587036,40.380096,-207.88705,1.1383588,22.749542,0.0,0.0,0.20916283,0.0,0.0
2016-02-27,2,2016,1,0,2015-16,0.7043180465889267,2.556479751262001,0.0,563.0452584302602,0.0,0.0,0.0,0.0,574.6626946027995,787.7215772153796,0.0,1.1814874510706883,1689135.7752907807,769.709554224303,808.1950319355182,245.14977350525797,30.33299684089338,High,-4.200775,1.3750886,36.408485,3.7046602,-130.62424,-45.85254,-3.4097974,8.507662,0.0,0.0,3.0772555,0.0,0.0
2016-02-28,2,2016,1,0,2015-16,0.7348217921520749,3.4716731780800885,0.0,439.4467260244407,0.0,0.0,0.0,0.0,563.0452584302602,747.8784227640335,0.0,1.1814874510706883,1318340.1780733222,765.6134488708382,803.8941213143801,364.4473952899394,45.3352482157802,High,-7.650143,-0.6450715,23.5899,6.283796,-113.69414,-152.07266,-8.1453495,8.618206,0.0,0.0,0.7266262,0.0,0.0
2016-02-29,2,2016,0,0,2015-16,0.7138007926065257,1.8189594225354364,0.0,676.2555312651843,0.0,0.0,0.0,0.0,439.4467260244407,665.4143059076226,0.0,1.1814874510706883,2028766.593795553,764.6742699326734,802.9079834293071,126.6524521641228,15.774217566398631,High,-0.13178885,-0.17534806,41.542336,4.3976564,-118.2019,20.939053,2.6304204,-1.1198208,0.0,0.0,2.9691374,0.0,0.0
2016-03-01,3,2016,0,0,2015-16,0.712218640695691,2.062384114317001,0.0,634.1728103032829,0.0,0.0,0.0,0.0,676.2555312651843,623.9005603116645,0.0,1.1814874510706883,1902518.4309098483,762.4151965762652,800.5359564050785,166.36314610179568,20.781470809740167,High,0.057277948,-0.17701216,43.96467,5.666519,-102.43166,-7.3351274,1.6929442,-24.906364,0.0,0.0,1.8751415,0.0,0.0
2016-03-02,3,2016,0,0,2015-16,0.9566381752033022,1.9553863210276807,0.0,894.2624278859424,0.0,0.0,0.0,0.0,634.1728103032829,631.4840171996001,0.0,1.1814874510706883,2682787.2836578274,766.0755421929223,804.3793193025684,-89.883108583374,-11.174219230462876,Low,3.1754744,-0.11039688,50.474483,9.481515,100.96714,11.090139,1.5582707,-20.289793,0.0,0.0,3.8768811,0.0,0.0
2016-03-03,3,2016,0,0,2015-16,0.9110973578140072,2.6674570301844174,0.0,643.2781897418066,0.0,0.0,0.0,0.0,894.2624278859424,691.8079197267207,0.0,1.1814874510706883,1929834.56922542,765.2113629565889,803.4719311044184,160.19374136261183,19.93768981355905,High,-5.30193,-0.6377028,31.17276,3.4353004,49.854763,-69.88385,-12.300874,1.028075,0.0,0.0,7.520287,0.0,0.0
2016-03-04,3,2016,0,0,2015-16,0.8422521487261976,0.5586050190252516,0.0,941.8696436985488,0.0,0.0,0.0,0.0,643.2781897418066,632.1605197505311,0.0,1.1814874510706883,2825608.9310956467,766.6940195241702,805.0287205003788,-136.84092319817,-16.99826598895929,Low,2.4605026,-0.14533137,58.834126,5.6405487,13.969039,147.0699,2.7641397,-18.823732,0.0,0.0,4.7942176,0.0,0.0
2016-03-05,3,2016,1,0,2015-16,0.7293502481953004,0.1198943594907118,0.0,753.0030401894434,0.0,0.0,0.0,0.0,941.8696436985488,684.6186553356381,0.0,1.1814874510706883,2259009.12056833,766.2428619407725,804.5550050378112,51.55196484836779,6.407512789749538,Medium,-2.189735,1.2843087,31.99734,4.1986113,-117.82361,143.22775,-3.4449658,-2.8571625,0.0,0.0,3.7042174,0.0,0.0
2016-03-06,3,2016,1,0,2015-16,0.8474847625350497,1.2317197663647637,0.0,814.3452018737943,0.0,0.0,0.0,0.0,753.0030401894434,711.7554813012356,0.0,1.1814874510706883,2443035.605621383,766.5565635934188,804.8843917730898,-9.46081010070452,-1.175424719053526,Low,-2.0140505,0.21406323,38.797935,4.5379677,3.0129194,70.52107,1.7625239,2.691238,0.0,0.0,4.3323493,0.0,0.0
2016-03-07,3,2016,0,0,2015-16,0.8420415312341697,2.818723050946587,0.0,720.9427058329841,0.0,0.0,0.0,0.0,814.3452018737943,765.3124064225718,0.0,1.1814874510706883,2162828.1174989524,765.3826037480915,803.651733935496,82.70902810251198,10.291650550852976,Medium,0.3819625,-0.020958208,29.985554,3.8009677,-6.8971243,-68.48905,2.2906816,10.386482,0.0,0.0,5.8907356,0.0,0.0
2016-03-08,3,2016,0,0,2015-16,0.7519605609730046,0.8074138084917934,0.0,779.6541430438953,0.0,0.0,0.0,0.0,720.9427058329841,771.6962885036861,0.0,1.1814874510706883,2338962.4291316858,766.6067535743637,804.9370912530819,25.282948209186657,3.1409843680861504,Low,2.1341262,-0.10200083,33.598114,4.0951314,-89.12153,107.31336,1.695344,14.345059,0.0,0.0,3.9204254,0.0,0.0
2016-03-09,3,2016,0,0,2015-16,0.8301554947713918,2.693729733299669,0.0,689.7915690810497,0.0,0.0,0.0,0.0,779.6541430438953,792.4793360380593,0.0,1.1814874510706883,2069374.7072431487,764.2105072785746,802.4210326425034,112.62946356145368,14.036205306152866,Medium,6.353402,0.033318255,30.34759,3.8427634,-9.996634,-70.5191,3.3700445,17.81785,0.0,0.0,12.176579,0.0,0.0
2016-03-10,3,2016,0,0,2015-16,0.819551420319212,3.8796481844290818,0.0,599.486721652375,0.0,0.0,0.0,0.0,689.7915690810497,763.2692133516459,0.0,1.1814874510706883,1798460.164957125,764.3720222947801,802.5906234095191,203.10390175714417,25.306039696094366,High,0.4888428,0.2051816,31.199833,4.4592547,-14.039559,-154.84874,-0.9303105,11.327611,0.0,0.0,4.0574746,0.0,0.0
2016-03-11,3,2016,0,0,2015-16,0.884755029415665,0.3756028631576735,0.0,966.3494384036824,0.0,0.0,0.0,0.0,599.486721652375,757.0132893388701,0.0,1.1814874510706883,2899048.3152110474,767.4972350071961,805.8720967575559,-160.47734164612643,-19.913500205778377,Low,-0.09294784,-0.13738465,41.143852,4.509843,36.81212,146.75917,-2.3643105,5.804001,0.0,0.0,4.114302,0.0,0.0
2016-03-12,3,2016,1,0,2015-16,0.8905280952602931,2.690408472900505,0.0,701.6949962414617,0.0,0.0,0.0,0.0,966.3494384036824,760.5104028681748,0.0,1.1814874510706883,2105084.988724385,764.4639574099793,802.6871552804784,100.99215903901666,12.58175845653436,Medium,-1.4038365,1.6975129,28.587149,3.623837,21.08221,-74.29069,-2.1647198,8.421521,0.0,0.0,3.4322205,0.0,0.0
2016-03-13,3,2016,1,0,2015-16,0.7135912029316133,1.7750008772182846,0.0,640.5024177618546,0.0,0.0,0.0,0.0,701.6949962414617,753.1806823041776,0.0,1.1814874510706883,1921507.253285564,763.9282838125723,802.1246980032009,161.6222802413463,20.149271134985213,High,-0.68652564,0.17085388,26.28555,3.8904996,-114.04863,22.000946,1.2089609,11.068694,0.0,0.0,3.4310184,0.0,0.0
2016-03-14,3,2016,0,0,2015-16,0.8123837843879413,3.472569017510021,0.0,598.7324267435245,0.0,0.0,0.0,0.0,640.5024177618546,728.3459988596147,0.0,1.1814874510706883,1796197.2802305734,761.9939272675864,800.0936236309658,201.3611968874413,25.167204304619844,High,-3.8354304,0.20224825,34.20476,5.0093455,-27.75759,-140.53969,1.7021314,8.148838,0.0,0.0,3.9438906,0.0,0.0
2016-03-15,3,2016,0,0,2015-16,0.8877579747142709,0.7085991577895436,0.0,863.5232816829215,0.0,0.0,0.0,0.0,598.7324267435245,710.8873875611205,0.0,1.1814874510706883,2590569.8450487643,765.9580874585038,804.255991831429,-59.26728985149248,-7.369207124777607,Low,-4.353072,-0.14863367,47.105415,4.5809693,40.0148,125.55286,-2.0293944,-4.3773665,0.0,0.0,3.5813832,0.0,0.0
2016-03-16,3,2016,0,0,2015-16,0.8509408775740263,2.770503808904658,0.0,736.1258949943748,0.0,0.0,0.0,0.0,863.5232816829215,722.8686930809814,0.0,1.1814874510706883,2208377.6849831245,766.8753730040864,805.2191416542908,69.09324665991596,8.580676127242409,Medium,-2.1317692,-0.049399763,31.17634,3.5083714,-4.992786,-68.183075,-1.2460768,2.8922606,0.0,0.0,7.103794,0.0,0.0
2016-03-17,3,2016,0,0,2015-16,0.9569469523564966,3.352461158592441,0.0,720.1622793782687,0.0,0.0,0.0,0.0,736.1258949943748,729.4878824971707,0.0,1.1814874510706883,2160486.838134806,765.013655449248,803.2643382217104,83.10205884344168,10.345543165456018,Medium,1.3238418,-0.039414946,40.832233,5.214801,81.30182,-137.2739,-1.3523903,6.2536926,0.0,0.0,5.222344,0.0,0.0
2016-03-18,3,2016,0,0,2015-16,0.8976080894856835,3.778456877896093,0.0,622.3306361719771,0.0,0.0,0.0,0.0,720.1622793782687,746.727247886584,0.0,1.1814874510706883,1866991.908515931,763.7711831314688,801.9597422880422,179.62910611606517,22.39876849722804,High,0.57252496,0.119508654,37.41228,3.8728905,36.542263,-174.99608,2.0319355,5.4021044,0.0,0.0,4.1882663,0.0,0.0
2016-03-19,3,2016,1,0,2015-16,0.7488803281244288,2.732992113158584,0.0,668.433104128294,0.0,0.0,0.0,0.0,622.3306361719771,697.5817047106262,0.0,1.1814874510706883,2005299.3123848813,763.9287067377995,802.1251420746895,133.69203794639554,16.6672294550701,High,-1.2561045,0.36340576,41.711643,4.7839804,-71.77584,-49.353115,1.8532975,-0.30342215,0.0,0.0,3.1926038,0.0,0.0
2016-03-20,3,2016,1,0,2015-16,0.7211706242201289,1.9886990560337088,0.0,632.909181763316,0.0,0.0,0.0,0.0,668.433104128294,692.8300058373164,0.0,1.1814874510706883,1898727.545289948,762.7211223752984,800.8571784940633,167.94799673074726,20.97102969677536,High,-2.8226085,0.37828583,32.12469,3.8472056,-114.34832,6.589773,0.70362765,5.387334,0.0,0.0,1.989701,0.0,0.0
2016-03-21,3,2016,0,0,2015-16,0.8927257834618947,2.471388960804856,0.0,733.9004877260422,0.0,0.0,0.0,0.0,632.909181763316,691.7452578375253,0.0,1.1814874510706883,2201701.4631781266,760.0757127277025,798.0794983640876,64.17901063804538,8.041681407629222,Medium,-1.5643115,-0.13479653,40.24306,4.058625,42.044464,-47.87791,1.0924629,-0.13092482,0.0,0.0,3.275274,0.0,0.0
2016-03-22,3,2016,0,0,2015-16,0.7079533931624865,3.475619937914873,0.0,484.48405935756216,0.0,0.0,0.0,0.0,733.9004877260422,711.0549808350277,0.0,1.1814874510706883,1453452.1780726863,757.2431968814896,795.1053567255641,310.62129736800193,39.06668402376453,High,-4.1237087,0.05391214,28.866333,4.932858,-109.67896,-147.05728,1.7150006,2.4132776,0.0,0.0,3.1401258,0.0,0.0
2016-03-23,3,2016,0,0,2015-16,0.875732674382039,2.2824389865553187,0.0,767.1406855920303,0.0,0.0,0.0,0.0,484.48405935756216,656.9065205028336,0.0,1.1814874510706883,2301422.056776091,757.683451198666,795.5676237585993,28.426938166569016,3.573164281405531,Low,2.2373643,-0.12893997,49.118484,4.225015,25.854816,-30.923502,5.9585047,-5.6457987,0.0,0.0,3.9683588,0.0,0.0
2016-03-24,3,2016,0,0,2015-16,0.9820690724274872,0.1215482387873474,0.0,1090.9859079087514,0.0,0.0,0.0,0.0,767.1406855920303,661.3372048739272,0.0,1.1814874510706883,3272957.7237262544,762.3865430958797,800.5058702506738,-290.48003765807766,-36.28705902770151,Low,3.6567926,-0.15033665,41.899147,5.824543,131.67188,184.64557,5.838412,-2.7638383,0.0,0.0,5.220488,0.0,0.0
2016-03-25,3,2016,0,0,2015-16,0.8726422533627637,3.723794782027911,0.0,569.3999114566968,0.0,0.0,0.0,0.0,1090.9859079087514,714.3120089497105,0.0,1.1814874510706883,1708199.7343700903,759.9651587548781,797.963416692622,228.5635052359252,28.643356381332524,High,-5.088136,0.1778591,37.23582,3.663369,12.705849,-174.51953,2.5775433,1.7297192,0.0,0.0,1.672005,0.0,0.0
2016-03-26,3,2016,1,0,2015-16,0.8164509778619565,2.7581070041262445,0.0,644.6813842261504,0.0,0.0,0.0,0.0,569.3999114566968,706.7504768475276,0.0,1.1814874510706883,1934044.1526784515,758.775258028254,796.7140209296667,152.03263670351637,19.08246029436172,High,-3.343937,0.33881998,43.08004,4.9501343,-28.863884,-64.555435,-1.9343469,1.2008246,0.0,0.0,3.7769318,0.0,0.0
2016-03-27,3,2016,1,0,2015-16,0.892986465532706,2.706053543108986,0.0,684.509370009978,0.0,0.0,0.0,0.0,644.6813842261504,703.3573740043641,0.0,1.1814874510706883,2053528.1100299344,758.285173840531,796.1994325325576,111.69006252257952,14.027900292181178,Medium,-2.1480784,0.3399933,37.64425,4.0187187,34.80497,-72.26354,0.18022318,-0.5974756,0.0,0.0,5.08027,0.0,0.0
2016-03-28,3,2016,0,0,2015-16,0.8374758671474549,0.8627006095908687,0.0,808.074424727625,0.0,0.0,0.0,0.0,684.509370009978,710.728829468173,0.0,1.1814874510706883,2424223.274182875,756.8022136286584,794.6423243100913,-13.43210041753366,-1.6903328713576156,Low,-3.0824304,-0.13114804,51.36301,4.709291,12.063073,116.34917,-1.476004,-2.3916664,0.0,0.0,4.3745227,0.0,0.0
2016-03-29,3,2016,0,0,2015-16,0.8636850367947805,2.635541880930629,0.0,608.3525997729824,0.0,0.0,0.0,0.0,808.074424727625,721.3251061826849,0.0,1.1814874510706883,1825057.799318948,752.4936687159483,790.1183521517457,181.7657523787633,23.00487665977595,High,-2.8542025,-0.07163101,32.918747,3.539332,5.8363686,-71.76206,2.750276,-0.52847517,0.0,0.0,5.327023,0.0,0.0
2016-03-30,3,2016,0,0,2015-16,0.9824394426329576,1.575457622616634,0.0,903.4198713509304,0.0,0.0,0.0,0.0,608.3525997729824,739.0206119563164,0.0,1.1814874510706883,2710259.614052792,755.9194198593613,793.7153908523294,-109.704480498601,-13.821639565385665,Low,4.152719,-0.09707187,26.122711,5.243977,116.96645,46.60026,-3.8693717,2.380794,0.0,0.0,5.1200457,0.0,0.0
2016-03-31,3,2016,0,0,2015-16,0.8158307913402323,2.6049319081659683,0.0,573.6371802858138,0.0,0.0,0.0,0.0,903.4198713509304,758.4890670647308,0.0,1.1814874510706883,1720911.5408574413,752.6498885666995,790.2823829950345,216.6452027092207,27.413644460625907,High,-2.7515075,-0.008427914,32.060753,4.196802,-31.331015,-45.8973,-6.7311,8.019484,0.0,0.0,5.3105164,0.0,0.0
2016-04-01,4,2016,0,0,2016-17,0.9883571691471742,0.4263721212319629,0.0,1025.118124059596,281215.0,2.0,0.1965,0.2,573.6371802858138,684.5821059757396,0.0,1.1814874510706883,3075354.372178788,756.7435764088613,794.5807552293044,-230.5373688302917,-29.013711609937243,Low,6.1818995,-0.8527003,37.279037,5.716912,116.83765,144.46387,-3.2317882,6.7149787,0.0,0.0,-9.94944,0.0,0.0
2016-04-02,4,2016,1,0,2016-17,0.9716051925868192,2.631381218412144,0.0,761.0618839913452,281215.0,2.0,0.1965,0.2,1025.118124059596,749.6847077761538,0.0,1.1814874510706883,2283185.6519740354,755.6122259852384,793.3928372845004,32.330953293155176,4.075024599895866,Low,10.942256,0.5947784,29.752815,4.4393816,90.54121,-70.2805,2.5376048,10.093129,0.0,0.0,-8.61376,0.0,0.0
2016-04-03,4,2016,1,0,2016-17,0.7587373404367889,3.997654903082666,0.0,564.1742450212657,281215.0,2.0,0.1965,0.2,761.0618839913452,766.3104934568959,0.0,1.1814874510706883,1692522.735063797,752.155902671154,789.7636978047117,225.58945278344595,28.564170955250525,High,6.9956965,0.026602954,28.345657,4.2707863,-58.61932,-152.92654,0.67734456,14.765611,0.0,0.0,-5.2984247,0.0,0.0
2016-04-04,4,2016,0,0,2016-17,0.7208083902625496,0.1928481554422241,0.0,728.6971221076609,281215.0,2.0,0.1965,0.2,564.1742450212657,749.1197613156512,0.0,1.1814874510706883,2186091.3663229826,753.8422391052701,791.5343510605336,62.83722895287269,7.938661015618656,Medium,2.3932946,-0.91270447,32.44482,4.858973,-120.89913,136.32715,-4.1232977,6.0426435,0.0,0.0,-9.345681,0.0,0.0
2016-04-05,4,2016,0,0,2016-17,0.7302334004132279,3.908696736885269,0.0,451.71245018538286,281215.0,2.0,0.1965,0.2,728.6971221076609,737.7801466556564,0.0,1.1814874510706883,1355137.350556149,748.6920398141136,786.1266418048193,334.41419161943645,42.53948077013084,High,4.200031,-0.14325184,26.846113,4.196359,-103.98677,-156.53677,-1.0771279,5.4935827,0.0,0.0,-6.418826,0.0,0.0
2016-04-06,4,2016,0,0,2016-17,0.7054665476954649,1.6276318428914824,0.0,634.7508695197503,281215.0,2.0,0.1965,0.2,451.71245018538286,715.4029824288564,0.0,1.1814874510706883,1904252.6085592508,748.6564405585821,786.0892625865112,151.3383930667609,19.252062109181363,High,5.616934,-0.49797904,28.083508,4.3485503,-120.396095,30.010462,0.511587,6.8268824,0.0,0.0,-8.4081955,0.0,0.0
2016-04-07,4,2016,0,0,2016-17,0.7283328882267784,3.4830138013490366,0.0,494.9108833582258,281215.0,2.0,0.1965,0.2,634.7508695197503,677.0216964529735,0.0,1.1814874510706883,1484732.6500746775,745.1705774896449,782.4291063641272,287.51822300590135,36.74687210218583,High,3.1451008,-0.27212018,34.959393,4.3645043,-111.59511,-144.7098,1.0087134,0.80368733,0.0,0.0,-6.698641,0.0,0.0
2016-04-08,4,2016,0,0,2016-17,0.904902032024907,3.129541936233094,0.0,766.4677914280652,281215.0,2.0,0.1965,0.2,494.9108833582258,665.7750826061753,0.0,1.1814874510706883,2299403.374284196,746.0336650976843,783.3353483525685,16.867556924503333,2.153299600225812,Low,10.732145,-0.49891597,50.36273,4.195359,58.541397,-92.558205,7.526987,-3.5913246,0.0,0.0,-12.765873,0.0,0.0
2016-04-09,4,2016,1,0,2016-17,0.7213565945380687,2.268065043946671,0.0,556.1836092734715,281215.0,2.0,0.1965,0.2,766.4677914280652,628.8250350873851,0.0,1.1814874510706883,1668550.8278204144,741.7853049539461,778.8745702016435,222.690960928172,28.59137651271877,High,6.0584416,1.1369939,46.488922,4.610156,-107.924484,-25.230766,1.1778651,-23.869127,0.0,0.0,-5.6395273,0.0,0.0
2016-04-10,4,2016,1,0,2016-17,0.7956926890881284,2.953796837005306,0.0,601.5729123036484,281215.0,2.0,0.1965,0.2,556.1836092734715,599.5567101276889,0.0,1.1814874510706883,1804718.7369109453,740.4357059259795,777.4574912222785,175.88457891863004,22.623047678415624,High,8.200748,1.1318743,49.956646,8.615376,-41.45759,-71.23494,2.9538414,-30.29415,0.0,0.0,-6.733362,0.0,0.0
2016-04-11,4,2016,0,0,2016-17,0.9534625932908364,3.514062245205392,0.0,705.2114818686861,281215.0,2.0,0.1965,0.2,601.5729123036484,604.899376882315,0.0,1.1814874510706883,2115634.445606058,740.706020844248,777.7413218864604,72.52984001777429,9.325702258155529,Medium,9.609838,-0.47566098,44.24575,9.870728,93.556404,-149.004,0.7786406,-16.302166,0.0,0.0,-8.651366,0.0,0.0
2016-04-12,4,2016,0,0,2016-17,0.7069815807207477,1.616561286604132,0.0,707.1434734824785,281215.0,2.0,0.1965,0.2,705.2114818686861,601.5442854196043,0.0,1.1814874510706883,2121430.420447436,738.4522305090474,775.3748420344998,68.23136855202131,8.799791385156317,Medium,6.92875,-0.52784806,42.3536,5.6053877,-112.0019,31.254679,3.0188887,-18.916021,0.0,0.0,-6.4261956,0.0,0.0
2016-04-13,4,2016,0,0,2016-17,0.9443405447766808,1.3081326462529548,0.0,890.4317502988177,281215.0,2.0,0.1965,0.2,707.1434734824785,638.0344316049037,0.0,1.1814874510706883,2671295.2508964534,741.014990220018,778.065739731019,-112.36601056779875,-14.44171164850983,Low,6.457918,-0.8113263,46.459843,6.770701,94.76199,60.317337,1.0142909,-14.976174,0.0,0.0,-9.948794,0.0,0.0
2016-04-14,4,2016,0,0,2016-17,0.78455643243202,2.670373542254339,0.0,532.1133193826527,281215.0,2.0,0.1965,0.2,890.4317502988177,674.560271716199,0.0,1.1814874510706883,1596339.958147958,736.536071078163,773.3628746320712,241.24955524941856,31.19487153610696,High,5.028556,-0.74205035,37.74437,4.029592,-53.448692,-63.56984,-16.118341,-5.918665,0.0,0.0,-12.540334,0.0,0.0
2016-04-15,4,2016,0,0,2016-17,0.7354494482864968,3.2313837677650343,0.0,544.4922649376092,281215.0,2.0,0.1965,0.2,532.1133193826527,679.8749054339743,0.0,1.1814874510706883,1633476.7948128276,735.4830648895912,772.2572181340709,227.76495319646165,29.49340554521299,High,4.9497705,-0.50323194,42.1484,6.3775153,-103.56266,-95.03928,1.5069809,3.0025601,0.0,0.0,-8.199993,0.0,0.0
2016-04-16,4,2016,1,0,2016-17,0.9090211496092452,3.049140539106463,0.0,776.7707324960718,281215.0,2.0,0.1965,0.2,544.4922649376092,648.1641159353377,0.0,1.1814874510706883,2330312.197488216,734.7363837146776,771.4732029004115,-5.297529595660308,-0.6866770713154841,Low,13.477332,1.151101,51.453068,8.067087,64.939995,-89.941925,6.333599,-18.131351,0.0,0.0,-8.844661,0.0,0.0
2016-04-17,4,2016,1,0,2016-17,0.8886828540339652,3.191254595434538,0.0,687.6401245641362,281215.0,2.0,0.1965,0.2,776.7707324960718,679.6765621099948,0.0,1.1814874510706883,2062920.3736924084,735.5518266097612,772.3294179402493,84.68929337611314,10.965436691764738,Medium,7.5518136,1.0487367,44.74263,3.763957,20.298532,-110.71762,1.2037215,0.12623045,0.0,0.0,-13.809702,0.0,0.0
2016-04-18,4,2016,0,0,2016-17,0.963241604058116,1.742333259251732,0.0,896.4703581608512,281215.0,2.0,0.1965,0.2,687.6401245641362,691.9718781472075,0.0,1.1814874510706883,2689411.0744825536,738.2104855941832,775.1210098738924,-121.34934828695884,-15.65553594098832,Low,7.0948315,-0.80921096,43.44827,5.3503304,104.95986,46.796204,-1.5406182,6.9666233,0.0,0.0,-9.925007,0.0,0.0
2016-04-19,4,2016,0,0,2016-17,0.9205213131411656,3.2713368647000864,0.0,628.8322398851913,281215.0,2.0,0.1965,0.2,896.4703581608512,719.2945747603738,0.0,1.1814874510706883,1886496.7196555736,737.3162646018842,774.1820778319784,145.34983794678715,18.774632235587944,High,3.0292635,-0.23731884,36.228016,3.9521837,58.91961,-128.84998,-12.468628,1.764759,0.0,0.0,-14.789408,0.0,0.0
2016-04-20,4,2016,0,0,2016-17,0.9410442791154544,0.4808362214824337,0.0,930.0956695185508,281215.0,2.0,0.1965,0.2,628.8322398851913,708.1072556750471,0.0,1.1814874510706883,2790287.008555652,736.990846238018,773.8403885499189,-156.25528096863195,-20.19218475549396,Low,4.625601,-0.84665126,45.068474,5.0220017,77.72559,138.07222,0.72811604,0.24207419,0.0,0.0,-10.628906,0.0,0.0
2016-04-21,4,2016,0,0,2016-17,0.7846103717713919,2.177956391843398,0.0,682.572520562306,281215.0,2.0,0.1965,0.2,930.0956695185508,713.7735298492946,0.0,1.1814874510706883,2047717.561686918,733.8036327821189,770.4938144212249,87.92129385891894,11.411031758244958,Medium,2.2968247,-0.10569755,34.36251,4.6209574,-53.521652,1.726135,0.9587859,5.3919992,0.0,0.0,-8.289226,0.0,0.0
2016-04-22,4,2016,0,0,2016-17,0.7532318631339168,0.0230346419924862,0.0,755.368979263186,281215.0,2.0,0.1965,0.2,682.572520562306,735.2677014463881,0.0,1.1814874510706883,2266106.937789558,734.8730594564456,771.616712429268,16.247733166081957,2.10567408719408,Low,5.154242,-0.4703071,36.142754,5.169875,-102.735886,153.04906,0.4110087,-0.86147666,0.0,0.0,-13.820334,0.0,0.0
2016-04-23,4,2016,1,0,2016-17,0.9251844254922574,1.2983433196010812,0.0,937.447433112713,281215.0,2.0,0.1965,0.2,755.368979263186,765.3929463500418,0.0,1.1814874510706883,2812342.299338139,735.5066627329678,772.2819958696163,-165.1654372430968,-21.386674573076743,Low,9.074774,1.8524951,34.327003,4.2214193,73.19437,66.861465,2.0562842,13.083417,0.0,0.0,-9.888489,0.0,0.0
2016-04-24,4,2016,1,0,2016-17,0.9420504217801792,1.4658461394855915,0.0,845.8231230675408,281215.0,2.0,0.1965,0.2,937.447433112713,788.3467607238479,0.0,1.1814874510706883,2537469.369202622,739.8435089102096,776.8356843557201,-68.98743871182069,-8.880570254575318,Low,7.6540694,1.2669117,29.37303,4.3128805,73.66995,39.14948,-2.546072,11.927534,0.0,0.0,-11.869186,0.0,0.0
2016-04-25,4,2016,0,0,2016-17,0.997151542600202,1.5846907664370216,0.0,930.5277966911588,281215.0,2.0,0.1965,0.2,845.8231230675408,810.9443319386199,0.0,1.1814874510706883,2791583.3900734764,742.8121840429674,779.9527932451158,-150.57500344604296,-19.305656028174734,Low,13.977408,-0.4195045,26.748287,4.351897,121.368126,49.544075,-4.789105,35.584003,0.0,0.0,-22.919693,0.0,0.0
2016-04-26,4,2016,0,0,2016-17,0.8237853030734279,2.7818688267594487,0.0,555.6403671719559,281215.0,2.0,0.1965,0.2,930.5277966911588,815.8096803000924,0.0,1.1814874510706883,1666921.1015158675,738.7792658479656,775.7182291403639,220.077861968408,28.370850870978508,High,5.2433224,-0.47712323,33.02616,4.013215,-21.720194,-82.221886,-3.8860438,9.83902,0.0,0.0,-28.55433,0.0,0.0
2016-04-27,4,2016,0,0,2016-17,0.8116054257378349,1.554232405081383,0.0,739.3716858078748,281215.0,2.0,0.1965,0.2,555.6403671719559,805.3536984839159,0.0,1.1814874510706883,2218115.057423624,738.6698258077311,775.6033170981176,36.23163129024283,4.671412626985884,Low,8.182634,-0.12453149,32.08969,4.9778714,-32.750553,36.80283,1.6443241,12.390359,0.0,0.0,-17.956425,0.0,0.0
2016-04-28,4,2016,0,0,2016-17,0.932923888222599,1.7947744904901226,0.0,784.2589366051085,281215.0,2.0,0.1965,0.2,739.3716858078748,778.1074150966766,0.0,1.1814874510706883,2352776.8098153253,739.0955200899069,776.0502960944023,-8.208640510706232,-1.0577459414702286,Low,10.28399,-0.7683274,32.66387,4.8941255,66.436874,21.304716,-1.212711,6.850333,0.0,0.0,-11.877859,0.0,0.0
2016-04-29,4,2016,0,0,2016-17,0.8022410620759053,0.95017652349731,0.0,677.3401176627431,281215.0,2.0,0.1965,0.2,784.2589366051085,792.6340459599339,0.0,1.1814874510706883,2032020.352988229,735.1044174058636,771.8596382761568,94.51952061341376,12.245687677685831,Medium,2.397303,-0.0753245,32.16852,3.9295664,-68.32628,83.88507,2.950591,5.688307,0.0,0.0,-18.378933,0.0,0.0
2016-04-30,4,2016,1,0,2016-17,0.9792271976810694,1.4930071665173603,0.0,955.2030073683562,281215.0,2.0,0.1965,0.2,677.3401176627431,781.4870657312993,0.0,1.1814874510706883,2865609.022105069,734.3665211343546,771.0848471910723,-184.11816017728395,-23.87780810996277,Low,10.721052,1.8625436,26.919502,5.036281,113.95869,49.752907,1.1261361,11.17996,0.0,0.0,-9.502092,0.0,0.0
2016-05-01,5,2016,1,0,2016-17,0.9575238255529036,0.909078509052606,0.0,1057.8345705426825,281215.0,2.0,0.1965,0.2,955.2030073683562,784.0235763392483,0.0,1.1814874510706883,3173503.711628047,736.1611951591898,772.9692549171493,-284.8653156255332,-36.853382435769255,Low,14.899452,1.2773333,43.628105,4.7940297,114.14277,130.38992,6.7798166,13.768147,0.0,0.0,-7.3606334,0.0,0.0
2016-05-02,5,2016,0,0,2016-17,0.8286982082125055,0.2927836950737745,0.0,956.0792012083888,281215.0,2.0,0.1965,0.2,1057.8345705426825,814.3109259785542,0.0,1.1814874510706883,2868237.603625166,739.1383978907622,776.0953177853004,-179.9838834230884,-23.190950814739907,Low,14.114269,-0.030257724,47.680103,4.84613,-5.8398466,159.35051,12.974057,29.728254,0.0,0.0,-18.10577,0.0,0.0
2016-05-03,5,2016,0,0,2016-17,0.9252613203374492,2.413794373525512,0.0,817.3695802423085,281215.0,2.0,0.1965,0.2,956.0792012083888,817.9611266238728,0.0,1.1814874510706883,2452108.7407269254,739.021247766591,775.9723101549206,-41.39727008738794,-5.334890117293373,Low,13.962319,-0.37204605,35.04698,4.287028,78.13116,-12.678798,3.2379563,22.25121,0.0,0.0,-25.094301,0.0,0.0
2016-05-04,5,2016,0,0,2016-17,0.9263628622254048,2.672851194220065,0.0,730.7991667713217,281215.0,2.0,0.1965,0.2,817.3695802423085,855.3510142053517,0.0,1.1814874510706883,2192397.500313965,739.0130522395604,775.9637048515384,45.16453808021674,5.820444667429112,Medium,8.493054,-0.40609995,31.70241,3.9407392,59.876003,-74.05394,7.3891387,32.896168,0.0,0.0,-26.311146,0.0,0.0
2016-05-05,5,2016,0,0,2016-17,0.7309371606507797,2.477961384038458,0.0,655.3425148303847,281215.0,2.0,0.1965,0.2,730.7991667713217,854.1263686287014,0.0,1.1814874510706883,1966027.544491154,739.6178804920285,776.5987745166299,121.25625968624512,15.613758824396468,High,9.714492,-0.07537522,40.70865,4.0189695,-98.33749,-35.552235,0.05347167,40.93387,0.0,0.0,-19.914778,0.0,0.0
2016-05-06,5,2016,0,0,2016-17,0.97076587200387,1.8539761752022887,0.0,946.1641297507372,281215.0,2.0,0.1965,0.2,655.3425148303847,835.7097369465979,0.0,1.1814874510706883,2838492.389252211,744.0986166283689,781.3035474597873,-164.86058229094988,-21.10070827490196,Low,10.066559,-0.45908856,39.667263,6.058405,115.39986,43.175766,1.786251,43.2111,0.0,0.0,-22.380957,0.0,0.0
2016-05-07,5,2016,1,0,2016-17,0.8515757117343571,1.5191431207169193,0.0,809.6440285454759,281215.0,2.0,0.1965,0.2,946.1641297507372,874.1131672448828,0.0,1.1814874510706883,2428932.085636428,747.2143203130399,784.5750363286919,-25.068992216783958,-3.195231947997067,Low,10.536401,-0.17318086,37.048897,4.206862,3.2307317,38.608166,1.7353575,48.293232,0.0,0.0,-25.472313,0.0,0.0
2016-05-08,5,2016,1,0,2016-17,0.9479372398323224,3.453334598287301,0.0,623.4215492989244,281215.0,2.0,0.1965,0.2,809.6440285454759,853.3190274130427,0.0,1.1814874510706883,1870264.6478967727,745.5188006718029,782.794740705393,159.37319140646855,20.359512285794608,High,4.8126497,-0.11907041,34.686092,4.2647405,74.090294,-182.26295,-2.698644,22.898191,0.0,0.0,-21.542797,0.0,0.0
2016-05-09,5,2016,0,0,2016-17,0.7960148803091835,2.076327140544872,0.0,672.7321908845718,281215.0,2.0,0.1965,0.2,623.4215492989244,791.2600243782201,0.0,1.1814874510706883,2018196.5726537155,741.5992283026166,778.6791897177474,105.9469988331756,13.60598822110282,Medium,4.702448,-0.04910642,30.724375,4.6323266,-46.36708,-5.7083197,2.5917556,5.515873,0.0,0.0,-18.458315,0.0,0.0
2016-05-10,5,2016,0,0,2016-17,0.9686569685488602,1.916727510518924,0.0,964.094781513326,281215.0,2.0,0.1965,0.2,672.7321908845718,750.7818800462463,0.0,1.1814874510706883,2892284.344539978,742.4405635177479,779.5625916936353,-184.53218981969064,-23.671247413089183,Low,8.363137,-0.77445143,38.166103,5.9387655,109.4477,36.193974,1.1940613,10.663877,0.0,0.0,-9.6124325,0.0,0.0
2016-05-11,5,2016,0,0,2016-17,0.8167605036202489,0.1025682632257427,0.0,893.5965040966647,281215.0,2.0,0.1965,0.2,964.094781513326,771.7426230849632,0.0,1.1814874510706883,2680789.512289994,742.8088287554673,779.9492701932406,-113.64723390342408,-14.57110587144556,Low,14.165882,-0.1856274,34.76565,4.830559,-29.948019,150.86475,-0.68146175,10.833934,0.0,0.0,-6.6179023,0.0,0.0
2016-05-12,5,2016,0,0,2016-17,0.7032512954440895,1.3649913105046254,0.0,489.7734556237823,281215.0,2.0,0.1965,0.2,893.5965040966647,794.9993855600121,0.0,1.1814874510706883,1469320.366871347,738.9641834515593,775.9123926241373,286.138937000355,36.8777377085875,High,1.2463086,-0.68581504,18.617704,2.2290924,-186.48695,18.509872,-15.3370075,0.38248122,0.0,0.0,-17.956167,0.0,0.0
2016-05-13,5,2016,0,0,2016-17,0.9716145929257792,1.5207824751434282,0.0,833.3616429241831,281215.0,2.0,0.1965,0.2,489.7734556237823,771.3466628162117,0.0,1.1814874510706883,2500084.928772549,741.6171542873876,778.698012001757,-54.66363092242614,-7.019875494725521,Low,6.2583027,-0.7847792,32.59947,4.489562,98.59746,43.295532,-3.175136,11.714467,0.0,0.0,-9.595201,0.0,0.0
2016-05-14,5,2016,1,0,2016-17,0.72738600303584,1.595291123587602,0.0,655.3603482252827,281215.0,2.0,0.1965,0.2,833.3616429241831,755.2320218409898,0.0,1.1814874510706883,1966081.044675848,743.6789538053295,780.8629014955959,125.50255327031324,16.07229041486498,High,10.342227,1.0062878,23.115845,3.2375038,-112.40376,34.462646,0.14815047,14.158037,0.0,0.0,-8.918321,0.0,0.0
2016-05-15,5,2016,1,0,2016-17,0.7957940912771244,2.320689476909329,0.0,736.188048285388,281215.0,2.0,0.1965,0.2,655.3603482252827,733.1914960809621,0.0,1.1814874510706883,2208564.144856164,741.1600965711428,778.2181013997,42.030053114311954,5.400806411302547,Medium,5.9200153,0.8179555,42.00829,4.283194,-45.087456,-20.117094,0.9148818,7.736326,0.0,0.0,-6.963142,0.0,0.0
2016-05-16,5,2016,0,0,2016-17,0.9850185901152416,2.134410186907514,0.0,845.2579541502544,281215.0,2.0,0.1965,0.2,736.188048285388,749.3009959361714,0.0,1.1814874510706883,2535773.862450763,740.099143649119,777.104100831575,-68.15385331867935,-8.77023467586238,Low,9.442127,-0.77445143,33.137646,5.4493356,108.66322,1.1013584,-2.76935,10.651718,0.0,0.0,-9.151077,0.0,0.0
2016-05-17,5,2016,0,0,2016-17,0.9851821440812668,2.4316203711737785,0.0,886.5988469335803,281215.0,2.0,0.1965,0.2,845.2579541502544,773.9475335455544,0.0,1.1814874510706883,2659796.540800741,739.7830801887451,776.7722341981823,-109.82661273539792,-14.138843782021338,Low,11.928806,-0.7698359,33.483215,4.4654446,108.377205,-11.3185835,-1.9379262,13.074737,0.0,0.0,-11.073318,0.0,0.0
2016-05-18,5,2016,0,0,2016-17,0.8720313664369859,3.059533046168513,0.0,642.9200603535044,281215.0,2.0,0.1965,0.2,886.5988469335803,762.8766857484479,0.0,1.1814874510706883,1928760.181060513,740.300099222248,777.3151041833605,134.39504382985615,17.289647802617992,High,7.1410255,-0.71691704,39.131668,3.6401849,17.689848,-111.00173,-11.51862,9.208134,0.0,0.0,-16.29722,0.0,0.0
2016-05-19,5,2016,0,0,2016-17,0.8895511636509398,3.251942954864374,0.0,557.5603704579263,281215.0,2.0,0.1965,0.2,642.9200603535044,727.0657652137107,0.0,1.1814874510706883,1672681.111373779,735.6050974112221,772.3853522817833,214.824981823857,27.813186926606043,High,2.9259295,-0.45245653,42.22201,4.1331654,18.472433,-126.92067,-0.40535757,1.8132521,0.0,0.0,-13.037792,0.0,0.0
2016-05-20,5,2016,0,0,2016-17,0.8345336565934959,2.8724923049059776,0.0,633.2739418236805,281215.0,2.0,0.1965,0.2,557.5603704579263,736.749610190017,0.0,1.1814874510706883,1899821.8254710413,733.2865041027109,769.9508293078464,136.67688748416597,17.75137869609579,High,4.4430094,-0.4186084,37.742157,5.2921896,-8.632956,-80.652756,1.404938,7.167885,0.0,0.0,-13.344196,0.0,0.0
2016-05-21,5,2016,1,0,2016-17,0.7879632315094194,3.8220947838197374,0.0,559.763574599368,281215.0,2.0,0.1965,0.2,633.2739418236805,708.1656528899454,0.0,1.1814874510706883,1679290.723798104,728.2094822202672,764.6199563312806,204.85638173191265,26.791921926133483,High,4.637858,0.21382211,36.72198,4.435716,-38.268654,-155.69492,0.94758624,5.0330796,0.0,0.0,-6.841333,0.0,0.0
2016-05-22,5,2016,1,0,2016-17,0.7985993636109747,0.0729303307054465,0.0,894.9588610621466,281215.0,2.0,0.1965,0.2,559.763574599368,694.508970943386,0.0,1.1814874510706883,2684876.58318644,727.4106723383255,763.7812059552418,-131.1776551069048,-17.174768648941058,Low,7.0586743,1.083329,41.817024,5.9193645,-51.31926,155.24893,8.193861,4.4638915,0.0,0.0,-6.825126,0.0,0.0
2016-05-23,5,2016,0,0,2016-17,0.9017555368231116,0.7831119427341844,0.0,853.3244013467544,281215.0,2.0,0.1965,0.2,894.9588610621466,717.19051562578,0.0,1.1814874510706883,2559973.204040264,730.4355144412035,766.9572901632637,-86.36711118349069,-11.26100661551904,Low,4.1902122,-0.21469226,46.56097,3.6532683,46.515602,105.33122,-15.745712,-2.729195,0.0,0.0,-13.2241125,0.0,0.0
2016-05-24,5,2016,0,0,2016-17,0.925712358831304,0.0302514999125684,0.0,1005.4354016307738,281215.0,2.0,0.1965,0.2,853.3244013467544,718.3428652252802,0.0,1.1814874510706883,3016306.204892321,736.3626287904776,773.1807602300015,-232.25464140077224,-30.03885421717975,Low,5.4285665,-0.50936633,40.29312,4.1565285,78.22497,172.1976,-7.00663,1.1104182,0.0,0.0,-13.320193,0.0,0.0
2016-05-25,5,2016,0,0,2016-17,0.9374737131177544,2.589898856618412,0.0,920.5442313527228,281215.0,2.0,0.1965,0.2,1005.4354016307738,735.3195158963077,0.0,1.1814874510706883,2761632.694058168,734.8041203657842,771.5443263840734,-148.9999049686494,-19.31190469210676,Low,14.25351,-0.48673004,33.458286,4.4332767,86.02744,-27.36663,16.07533,13.943594,0.0,0.0,-6.940583,0.0,0.0
2016-05-26,5,2016,0,0,2016-17,0.9368854428383662,3.592122195799948,0.0,598.2304932923689,281215.0,2.0,0.1965,0.2,920.5442313527228,774.9801117533389,0.0,1.1814874510706883,1794691.4798771068,735.0659847956683,771.8192840354518,173.58879074308288,22.490859496989383,High,1.2231487,-0.007714443,30.84654,4.1405263,60.568237,-168.3632,-7.9831533,2.9129872,0.0,0.0,-12.568303,0.0,0.0
2016-05-27,5,2016,0,0,2016-17,0.727361830914607,0.9739291863051972,0.0,765.7861635445768,281215.0,2.0,0.1965,0.2,598.2304932923689,780.7901293011164,0.0,1.1814874510706883,2297358.4906337303,737.3186615191609,774.1845945951189,8.398431050542172,1.0848098901960666,Low,10.095336,-0.48278564,30.393454,3.7192395,-117.95971,92.7902,-0.12625723,13.677877,0.0,0.0,-8.694245,0.0,0.0
2016-05-28,5,2016,1,0,2016-17,0.8483260914107744,3.7081381791852266,0.0,476.336902252389,281215.0,2.0,0.1965,0.2,765.7861635445768,799.7204466898158,0.0,1.1814874510706883,1429010.706757167,737.728552366138,774.614979984445,298.278077732056,38.50662399248278,High,6.101316,-0.9993498,30.403517,4.0852113,-9.692722,-173.21472,0.55530995,-0.2744522,0.0,0.0,-23.368309,0.0,0.0
2016-05-29,5,2016,1,0,2016-17,0.7172676280049932,0.2410695611582434,0.0,825.3202940157099,281215.0,2.0,0.1965,0.2,476.336902252389,787.8023506402475,0.0,1.1814874510706883,2475960.88204713,739.3848275078103,776.3540688832009,-48.96622513250907,-6.307202743581657,Low,9.005559,1.9849207,33.336994,5.020422,-108.8974,148.33136,7.885904,17.30311,0.0,0.0,-8.609406,0.0,0.0
2016-05-30,5,2016,0,0,2016-17,0.8648586646971206,3.737744107222057,0.0,551.9196660795247,281215.0,2.0,0.1965,0.2,825.3202940157099,777.853983919328,0.0,1.1814874510706883,1655758.9982385742,738.4709036831019,775.3944488672571,223.47478278773235,28.82078703480503,High,7.580085,-0.18883282,33.351353,3.7514086,8.868561,-177.00941,3.1621706,3.4871664,0.0,0.0,-11.28024,0.0,0.0
2016-05-31,5,2016,0,0,2016-17,0.8324591504120131,1.4064907489585377,0.0,816.7833850770027,281215.0,2.0,0.1965,0.2,551.9196660795247,734.796164595438,0.0,1.1814874510706883,2450350.155231008,737.6100254296692,774.4905267011527,-42.29285837584996,-5.460732819546702,Low,5.1244473,-0.45019507,37.8278,4.973919,1.938899,46.384407,2.1444104,11.58289,0.0,0.0,-9.678671,0.0,0.0
2016-06-01,6,2016,0,1,2016-17,0.96631125482749,0.405683313796866,0.0,749.2570051135463,281215.0,2.0,0.1965,0.2,816.7833850770027,707.8458765163278,0.0,1.1814874510706883,2247771.015340639,738.7875678226887,775.7269462138232,26.46994110027697,3.4122755731861263,Low,-2.0974293,-0.20542008,-98.336716,8.983155,78.23518,118.24457,-4.7986054,20.216724,0.0,0.0,-8.060595,0.0,0.0
2016-06-02,6,2016,0,1,2016-17,0.8052745037656236,1.9434870367453023,6.942385813625232,552.0987671284743,281215.0,2.0,0.1965,0.2,749.2570051135463,683.3762727678741,0.0,1.1814874510706883,1656296.3013854227,734.4567803052433,771.1796193205056,219.08085219203133,28.40853760957347,High,-2.0077171,-0.10280177,-92.47533,-10.618758,-53.893867,7.668031,-1.2264969,15.232158,0.0,0.0,-7.8438897,0.0,0.0
2016-06-03,6,2016,0,1,2016-17,0.7351201049282817,1.0271062708820318,8.126176841527602,488.523759344181,281215.0,2.0,0.1965,0.2,552.0987671284743,676.7860261730319,0.0,1.1814874510706883,1465571.278032543,731.5181216291851,768.0940277106444,279.5702683664634,36.39792242620884,High,-5.053155,-0.14079034,-95.79792,-19.025875,-117.82784,77.08589,-9.305101,-5.830572,0.0,0.0,-6.415468,0.0,0.0
2016-06-04,6,2016,1,1,2016-17,0.7428975046158507,1.139491607847691,2.097452932463517,531.5362450586673,281215.0,2.0,0.1965,0.2,488.523759344181,637.1771112872611,0.0,1.1814874510706883,1594608.735176002,728.3757998867947,764.7945898811345,233.2583448224672,30.49947631804254,High,-5.5305605,0.30111122,-92.42236,6.8158193,-107.51246,81.585335,-0.39294773,-18.447706,0.0,0.0,-4.4399567,0.0,0.0
2016-06-05,6,2016,1,1,2016-17,0.9284531895152416,1.2291598597051463,4.06131325682145,723.0958023339267,281215.0,2.0,0.1965,0.2,531.5362450586673,645.062731688158,0.0,1.1814874510706883,2169287.4070017803,728.3997231812494,764.819709340312,41.72390700638528,5.455391185247283,Medium,-4.923096,0.38691264,-94.21689,6.4715934,62.163776,82.02025,4.463755,-16.029743,0.0,0.0,-5.2426143,0.0,0.0
2016-06-06,6,2016,0,1,2016-17,0.8854654189948783,3.2121035913306537,16.104832962718643,418.9117929415179,281215.0,2.0,0.1965,0.2,723.0958023339267,630.4592328764747,0.0,1.1814874510706883,1256735.3788245537,724.3914748467787,760.6110485891177,341.6992556475998,44.92430872276032,High,-8.6351185,0.023252685,-101.45372,-36.975513,14.339382,-118.044205,0.55644214,-30.78739,0.0,0.0,-6.8749456,0.0,0.0
2016-06-07,6,2016,0,1,2016-17,0.730336802836837,2.156645106701018,0.0,528.3718257684548,281215.0,2.0,0.1965,0.2,418.9117929415179,611.4581081424737,0.0,1.1814874510706883,1585115.4773053643,722.5979221433055,758.7278182504708,230.3559924820161,30.360820697623485,High,-2.991645,-0.14290659,-88.276115,12.671456,-95.179825,-15.128162,2.9921815,-22.96524,0.0,0.0,-3.7258174,0.0,0.0
2016-06-08,6,2016,0,1,2016-17,0.7252320418344992,1.2452307966240146,0.0,551.639439849014,281215.0,2.0,0.1965,0.2,528.3718257684548,570.2564568126811,0.0,1.1814874510706883,1654918.319547042,722.0662856788236,758.1695999627649,206.53016011375087,27.24062797082525,High,-4.7897267,-0.18009153,-78.43498,10.06445,-107.47922,69.487724,0.026709862,-22.434532,0.0,0.0,-4.0526633,0.0,0.0
2016-06-09,6,2016,0,1,2016-17,0.910290739437736,2.441335133243673,0.0,613.0354924758999,281215.0,2.0,0.1965,0.2,551.639439849014,542.025376060605,0.0,1.1814874510706883,1839106.4774277,718.1405751685149,754.0476039269407,141.01211145104082,18.70069087371617,High,-4.0472255,-0.13880765,-95.84829,11.846805,58.857155,-22.794346,-0.8858851,-30.42886,0.0,0.0,-4.696979,0.0,0.0
2016-06-10,6,2016,0,1,2016-17,0.721828901909258,2.8646026968927742,10.227605452244989,424.01237521882274,281215.0,2.0,0.1965,0.2,613.0354924758999,550.7306225388089,0.0,1.1814874510706883,1272037.1256564683,715.0552127127078,750.8079733483432,326.7955981295205,43.52585610833692,High,-2.7750278,-0.183608,-102.89973,-19.457544,-86.46155,-60.61024,3.9233394,-25.080084,0.0,0.0,-4.9777465,0.0,0.0
2016-06-11,6,2016,1,1,2016-17,0.9465580177871068,1.090496002934135,0.0,727.3535619952045,281215.0,2.0,0.1965,0.2,424.01237521882274,541.5147105209005,0.0,1.1814874510706883,2182060.6859856136,716.0202254264118,751.8212366977324,24.46767470252792,3.25445378611526,Low,-3.481948,0.40610015,-109.63643,11.075158,83.12859,91.214836,-5.630802,-24.507946,0.0,0.0,-4.803195,0.0,0.0
2016-06-12,6,2016,1,1,2016-17,0.9118726681469488,1.654196406101406,0.0,618.5984475500246,281215.0,2.0,0.1965,0.2,727.3535619952045,569.4886129404058,0.0,1.1814874510706883,1855795.3426500736,716.2409589909283,752.0530069404748,133.4545593904502,17.74536610569169,High,-3.8154736,0.27686292,-90.52654,11.952682,52.031803,39.323986,-2.1242616,-28.361462,0.0,0.0,-5.4420385,0.0,0.0
2016-06-13,6,2016,0,1,2016-17,0.7244046341925698,0.4875443733477902,0.0,580.6405742069708,281215.0,2.0,0.1965,0.2,618.5984475500246,554.5604193998482,0.0,1.1814874510706883,1741921.7226209124,713.0978177967511,748.7527086865887,168.1121344796179,22.45229066009108,High,-3.635803,-0.60430306,-92.744095,12.103802,-101.78783,116.15112,1.014148,-24.01226,0.0,0.0,-4.1077557,0.0,0.0
2016-06-14,6,2016,0,1,2016-17,0.7254513142255575,0.7245973981387213,9.821278078328008,607.6797724340837,281215.0,2.0,0.1965,0.2,580.6405742069708,577.6645310091988,0.0,1.1814874510706883,1823039.317302251,711.6706386571924,747.254170590052,139.5743981559683,18.67830299906612,High,-3.0622423,-0.17914307,-97.57489,-15.883758,-89.39684,110.356766,2.831308,-21.838427,0.0,0.0,-3.8468955,0.0,0.0
2016-06-15,6,2016,0,1,2016-17,0.9959918735503526,2.7244714158599312,0.0,648.1294116935956,281215.0,2.0,0.1965,0.2,607.6797724340837,588.9942376757172,0.0,1.1814874510706883,1944388.2350807867,710.870273460696,746.4137871337308,98.28437544013524,13.167545553727315,Medium,-5.707781,-0.17775922,-84.88238,12.006802,101.75075,-74.03412,-2.0132136,-20.29835,0.0,0.0,-4.91639,0.0,0.0
2016-06-16,6,2016,0,1,2016-17,0.8122812387268361,0.7257533907825078,14.814669816677004,537.9098993139313,281215.0,2.0,0.1965,0.2,648.1294116935956,602.7785193678003,0.0,1.1814874510706883,1613729.6979417938,709.9322652733844,745.4288785370536,207.5189792231223,27.838870373574743,High,-5.453269,0.10702643,-115.0381,-59.593037,-44.16412,93.68339,5.3742785,-29.987972,0.0,0.0,-4.650385,0.0,0.0
2016-06-17,6,2016,0,1,2016-17,0.8111926441200672,2.1006535346682407,3.3762419143765303,570.9803540783312,281215.0,2.0,0.1965,0.2,537.9098993139313,592.0462917732332,0.0,1.1814874510706883,1712941.0622349936,708.8494569394959,744.2919297864707,173.31157570813957,23.28542991966348,High,-2.8993561,-0.10807593,-89.98784,8.044304,-33.93532,-9.959165,2.856425,-27.202208,0.0,0.0,-2.6145651,0.0,0.0
2016-06-18,6,2016,1,1,2016-17,0.9438398701772508,2.8361850468897307,2.1036890577334315,613.0653423365545,281215.0,2.0,0.1965,0.2,570.9803540783312,613.0417173245917,0.0,1.1814874510706883,1839196.027009664,708.6289698347541,744.0604183264918,130.99507598993728,17.605435360285078,High,-5.315496,-0.1839147,-89.35834,7.9757733,91.004395,-67.4229,-4.5020986,-22.415821,0.0,0.0,-5.665885,0.0,0.0
2016-06-19,6,2016,1,1,2016-17,0.9841745732151576,0.4275076923789753,0.0,863.1206602729083,281215.0,2.0,0.1965,0.2,613.0653423365545,596.7148288019273,0.0,1.1814874510706883,2589361.9808187247,710.0647495297193,745.5679870062053,-117.55267326670298,-15.766861683363103,Low,-1.3937503,0.4990124,-93.34532,12.551754,125.033585,140.68076,0.7972497,-21.951094,0.0,0.0,-5.2356753,0.0,0.0
2016-06-20,6,2016,0,1,2016-17,0.9958003191468612,2.269248878515614,0.0,627.4000181404139,281215.0,2.0,0.1965,0.2,863.1206602729083,631.6465734766251,0.0,1.1814874510706883,1882200.0544212416,711.6527046273065,747.2353398586719,119.835321718258,16.03715928919034,High,-5.678707,-0.12043749,-95.1186,11.164744,100.81794,-39.60914,-7.154608,-26.752316,0.0,0.0,-5.047709,0.0,0.0
2016-06-21,6,2016,0,1,2016-17,0.9260134555776824,1.026251134805455,13.500768016733604,622.9910800362827,281215.0,2.0,0.1965,0.2,627.4000181404139,638.3264940385454,0.0,1.1814874510706883,1868973.240108848,710.0510423433537,745.5535944605215,122.56251442423876,16.43912863339145,High,-5.819146,-0.1605972,-124.449776,-58.022484,56.25135,89.969826,2.8860538,-23.342785,0.0,0.0,-5.257374,0.0,0.0
2016-06-22,6,2016,0,1,2016-17,0.8128778756592747,3.851707500950319,6.437204980366269,369.23841440846047,281215.0,2.0,0.1965,0.2,622.9910800362827,640.5138236960025,0.0,1.1814874510706883,1107715.2432253817,702.0316257489061,737.1332070363515,367.894792627891,49.90886167060825,High,-5.9574647,-0.037911836,-85.673225,-20.747255,-31.078554,-152.33171,-1.5348934,-27.107046,0.0,0.0,-4.7412987,0.0,0.0
2016-06-23,6,2016,0,1,2016-17,0.7250502150096005,1.934182586879699,3.29654748370779,479.53094301056507,281215.0,2.0,0.1965,0.2,369.23841440846047,600.6722526552688,0.0,1.1814874510706883,1438592.8290316951,701.0330816550602,736.0847357378133,256.5537927272482,34.85383954743905,High,-3.7368364,-0.16502309,-88.05431,7.9186454,-100.572815,1.1820693,-1.5646477,-24.941559,0.0,0.0,-3.709432,0.0,0.0
2016-06-24,6,2016,0,1,2016-17,0.933144074778231,3.2239701991006324,1.3669557870442832,582.2482861062123,281215.0,2.0,0.1965,0.2,479.53094301056507,592.3324017547881,0.0,1.1814874510706883,1746744.858318637,700.3393805648387,735.3563495930807,153.10806348686845,20.820934445128927,High,-4.2258534,-0.1899343,-93.366974,8.807015,75.50215,-102.80861,6.8659253,-22.327486,0.0,0.0,-6.175986,0.0,0.0
2016-06-25,6,2016,1,1,2016-17,0.8675212749207415,2.200906168625047,7.856189367054863,571.9536518696917,281215.0,2.0,0.1965,0.2,582.2482861062123,593.9421063301995,0.0,1.1814874510706883,1715860.9556090753,699.088761474391,734.0431995481106,162.08954767841885,22.081745022391587,High,-4.214481,0.22553506,-95.8956,-15.8875885,23.127434,-3.8079739,-3.313745,-31.624577,0.0,0.0,-4.9730315,0.0,0.0
2016-06-26,6,2016,1,1,2016-17,0.8272666027740929,0.1736501314192766,5.874216007435747,708.0551409103881,281215.0,2.0,0.1965,0.2,571.9536518696917,588.0690076920763,0.0,1.1814874510706883,2124165.4227311644,697.9774360986439,732.8763079035762,24.821166993188054,3.3868153091467867,Low,-3.9602375,0.2943213,-107.18052,-1.2735168,-19.534851,154.89421,-0.73320305,-22.429987,0.0,0.0,-3.935507,0.0,0.0
2016-06-27,6,2016,0,1,2016-17,0.9719063155284208,2.5326055023760894,0.0,717.8590443734195,281215.0,2.0,0.1965,0.2,708.0551409103881,565.9167906402878,0.0,1.1814874510706883,2153577.1331202583,699.1941743719822,734.1538830905813,16.294838717161838,2.21953994829601,Low,-3.9313993,-0.18146618,-90.999756,12.749288,108.968765,-32.837547,8.743096,-28.650703,0.0,0.0,-4.7428937,0.0,0.0
2016-06-28,6,2016,0,1,2016-17,0.7333592446918453,3.805613368826628,5.109046057476244,412.148161732497,281215.0,2.0,0.1965,0.2,717.8590443734195,578.8395086735743,0.0,1.1814874510706883,1236444.4851974912,693.7355998206663,728.4223798116996,316.27421807920257,43.4190693263654,High,-2.7883475,-0.06790052,-72.344574,-2.2629797,-80.8145,-139.36412,1.893591,-22.293278,0.0,0.0,-4.232705,0.0,0.0
2016-06-29,6,2016,0,1,2016-17,0.8477875312872577,2.4064472805853248,0.5389749777631856,559.2047743106448,281215.0,2.0,0.1965,0.2,412.148161732497,548.7190917730335,0.0,1.1814874510706883,1677614.3229319344,693.5752397542755,728.2540017419892,169.04922743134443,23.212948645249785,High,-4.364563,-0.11867146,-92.46726,9.437364,-13.898657,-30.495834,0.54363084,-32.42431,0.0,0.0,-5.049336,0.0,0.0
2016-06-30,6,2016,0,1,2016-17,0.7034060934302256,3.276755437707161,18.58202704341656,249.857502965402,281215.0,2.0,0.1965,0.2,559.2047743106448,575.8571431876313,0.0,1.1814874510706883,749572.508896206,684.9612328532288,719.2092944958903,469.3517915304883,65.25941685159496,High,-4.2927413,-0.7010804,-92.81113,-53.308678,-116.67947,-113.820496,-17.381218,-28.980665,0.0,0.0,-6.9445066,0.0,0.0
2016-07-01,7,2016,0,1,2016-17,0.8405981925982379,3.536825853393631,0.0,441.4188986950044,281215.0,2.0,0.1965,0.2,249.857502965402,543.0466517526079,0.0,1.1814874510706883,1324256.6960850132,681.4096441277139,715.4801263340996,274.06122763909525,38.30451993730431,High,-3.9064214,-0.053159013,-78.144165,11.621517,-15.057082,-116.477936,-3.996057,-29.570736,0.0,0.0,-5.685158,0.0,0.0
2016-07-02,7,2016,1,1,2016-17,0.7168909827045512,0.91231908779573,0.0,562.3720467742025,281215.0,2.0,0.1965,0.2,441.4188986950044,522.9281678367212,0.0,1.1814874510706883,1687116.1403226077,681.3896197027466,715.459100687884,153.08705391368142,21.397037757503487,High,-5.2897506,0.361781,-81.70535,13.796915,-102.410774,97.62039,-4.101171,-22.301418,0.0,0.0,-3.9027128,0.0,0.0
2016-07-03,7,2016,1,1,2016-17,0.7356453748804216,0.8481793596329066,0.0,642.2136369393544,281215.0,2.0,0.1965,0.2,562.3720467742025,521.559367108794,0.0,1.1814874510706883,1926640.9108180632,680.4286920897655,714.4501266942538,72.23648975489937,10.110781292619562,Medium,-3.9476821,0.29345942,-88.00516,14.11003,-96.48686,106.3836,1.9798896,-25.590073,0.0,0.0,-3.9482923,0.0,0.0
2016-07-04,7,2016,0,1,2016-17,0.7352578740331315,2.443923955403967,1.727208421219272,480.8555072184472,281215.0,2.0,0.1965,0.2,642.2136369393544,512.153437970075,0.0,1.1814874510706883,1442566.5216553414,680.7525038345773,714.7901290263062,233.934621807859,32.727735360101704,High,-3.4324758,-0.11813497,-90.33724,6.8911734,-93.29078,-30.074577,2.0717106,-29.035242,0.0,0.0,-3.7584815,0.0,0.0
2016-07-05,7,2016,0,1,2016-17,0.8947630906348191,1.6441138792268188,5.515199384787172,594.9994771342568,281215.0,2.0,0.1965,0.2,480.8555072184472,478.2957898050789,0.0,1.1814874510706883,1784998.4314027706,680.3108216969606,714.3263627818087,119.32688564755188,16.704813354900683,High,-4.5035405,0.82513183,-91.49105,-9.1431,31.926891,38.876343,3.5336907,-57.537605,0.0,0.0,-4.8418865,0.0,0.0
2016-07-06,7,2016,0,1,2016-17,0.9238134637796268,3.3594452114668814,4.802364446503829,475.8708627573857,281215.0,2.0,0.1965,0.2,594.9994771342568,504.41740629104464,0.0,1.1814874510706883,1427612.5882721571,680.0992659125069,714.1042292081323,238.23336645074664,33.361147673767846,High,-4.360106,-0.12433955,-93.51225,-0.65703845,54.294975,-126.91231,-4.365041,-32.392776,0.0,0.0,-5.0534215,0.0,0.0
2016-07-07,7,2016,0,1,2016-17,0.8750106295291479,3.6000924935920446,0.0,492.02526150713936,281215.0,2.0,0.1965,0.2,475.8708627573857,492.5125617834361,0.0,1.1814874510706883,1476075.7845214182,677.049904468941,710.9023996923881,218.8771381852488,30.78863403470832,High,-4.676948,-0.024271045,-81.35289,11.293284,9.834747,-128.01448,7.0927606,-26.43152,0.0,0.0,-5.6079516,0.0,0.0
2016-07-08,7,2016,0,1,2016-17,0.9886517645423626,1.4136855172108724,0.0,801.123494679088,281215.0,2.0,0.1965,0.2,492.02526150713936,527.1079558608272,0.0,1.1814874510706883,2403370.4840372643,679.7714587512256,713.760031688787,-87.36346299030106,-12.239892836755702,Low,-2.7917805,-0.17862146,-77.36773,12.253682,125.17788,64.82902,5.106616,-27.339678,0.0,0.0,-5.2274303,0.0,0.0
2016-07-09,7,2016,1,1,2016-17,0.8124611738571113,0.9474822358979282,0.0,739.6272619526208,281215.0,2.0,0.1965,0.2,801.123494679088,578.4943267156963,0.0,1.1814874510706883,2218881.7858578623,681.3053959695476,715.370665768025,-24.256596184595764,-3.390773111804044,Low,-3.8896668,0.27675858,-88.763626,15.674165,-32.28214,102.21859,12.633028,-18.012272,0.0,0.0,-5.3231473,0.0,0.0
2016-07-10,7,2016,1,1,2016-17,0.7857136258845582,3.122102060975448,0.0,467.1131189800717,281215.0,2.0,0.1965,0.2,739.6272619526208,603.8165003126131,0.0,1.1814874510706883,1401339.356940215,678.6598586041185,712.5928515343245,245.4797325542528,34.448806499489336,High,-5.5654864,0.24098898,-83.280945,14.068365,-39.603363,-101.15778,-2.1392164,-27.134436,0.0,0.0,-6.400282,0.0,0.0
2016-07-11,7,2016,0,1,2016-17,0.960579738456838,1.0992241421925444,0.0,754.6247218690771,281215.0,2.0,0.1965,0.2,467.1131189800717,578.8021406041443,0.0,1.1814874510706883,2263874.165607231,679.1874280306363,713.1467994321681,-41.47792243690901,-5.8161829331541774,Low,-3.3391478,-0.18071862,-109.04218,11.336927,85.84428,86.42358,0.9615459,-17.635616,0.0,0.0,-5.1271496,0.0,0.0
2016-07-12,7,2016,0,1,2016-17,0.7670787515558357,3.2904572740547136,10.442821173589902,330.3605007441983,281215.0,2.0,0.1965,0.2,754.6247218690771,617.912028411377,0.0,1.1814874510706883,991081.5022325948,672.9644141466961,706.612634854031,376.25213410983264,53.24729781934302,High,-7.3666873,0.12284376,-96.53182,-52.604065,-66.607666,-110.81368,4.2978034,-31.602827,0.0,0.0,-4.663351,0.0,0.0
2016-07-13,7,2016,0,1,2016-17,0.9889667618321832,1.694953014595051,0.0,834.9905992943975,281215.0,2.0,0.1965,0.2,330.3605007441983,580.1064603556543,0.0,1.1814874510706883,2504971.7978831925,676.3297172568266,710.1462031196679,-124.84439617472958,-17.580097679363618,Low,-3.2431226,-0.18454257,-78.31727,13.373633,128.75838,51.856606,3.6449742,-22.556217,0.0,0.0,-5.084445,0.0,0.0
2016-07-14,7,2016,0,1,2016-17,0.7036463424069449,2.670199597165882,1.3842926192286056,371.2329374662694,281215.0,2.0,0.1965,0.2,834.9905992943975,631.4092798609418,0.0,1.1814874510706883,1113698.812398808,674.4046136182561,708.124844299169,336.8919068328996,47.57521354392268,High,-3.1896572,-0.71577495,-93.51226,2.3272197,-122.920425,-69.99031,1.445647,-18.37646,0.0,0.0,-7.4227037,0.0,0.0
2016-07-15,7,2016,0,1,2016-17,0.9909636480122916,0.3821412553386727,9.580289883546776,855.8448048807213,281215.0,2.0,0.1965,0.2,371.2329374662694,614.1532335693889,0.0,1.1814874510706883,2567534.414642164,675.28321442253,709.0473751436566,-146.7974297370647,-20.70347269917229,Low,-3.2837446,-0.19162817,-96.71418,-12.322178,136.14687,136.66376,1.5619314,-21.212793,0.0,0.0,-3.6924756,0.0,0.0
2016-07-16,7,2016,1,1,2016-17,0.7129479735851728,2.495437298706292,7.885066415514044,409.7142996974932,281215.0,2.0,0.1965,0.2,855.8448048807213,621.9705635981937,0.0,1.1814874510706883,1229142.8990924796,672.1951497017895,705.8049071868791,296.0906074893859,41.95077201567099,High,-4.6103783,0.18242115,-97.59601,-13.049563,-101.89777,-51.020515,-2.2383542,-23.02608,0.0,0.0,-6.0268774,0.0,0.0
2016-07-17,7,2016,1,1,2016-17,0.9673429341094212,1.8070707149489165,3.893012937850681,646.9076524229571,281215.0,2.0,0.1965,0.2,409.7142996974932,574.8401404188897,0.0,1.1814874510706883,1940722.957268872,669.4222307491463,702.8933422866036,55.985689863646485,7.965033454651562,Medium,-4.087029,0.36863792,-102.92268,-2.683338,82.01192,16.022089,-0.56206983,-30.67035,0.0,0.0,-4.7814302,0.0,0.0
2016-07-18,7,2016,0,1,2016-17,0.85831033272589,2.3464338527018964,9.3417353527996,468.200843718286,281215.0,2.0,0.1965,0.2,646.9076524229571,600.5250737678734,0.0,1.1814874510706883,1404602.531154858,667.6374374584028,701.019309331323,232.818465613037,33.21141978743982,High,-6.858569,-0.11618984,-98.07075,-14.778096,2.971916,-27.989656,-1.5644579,-31.963324,0.0,0.0,-5.433078,0.0,0.0
2016-07-19,7,2016,0,1,2016-17,0.9978894388357902,0.6720568309794537,6.933090115658655,919.5884512998944,281215.0,2.0,0.1965,0.2,468.200843718286,559.607376889189,0.0,1.1814874510706883,2758765.353899684,667.5206905893067,700.8967251187721,-218.69172618112225,-31.201704665414624,Low,-0.22942105,-0.17773308,-95.33517,-1.8658295,140.89105,139.25858,13.556544,-22.715109,0.0,0.0,-3.356708,0.0,0.0
2016-07-20,7,2016,0,1,2016-17,0.7221389694206196,2.9474949797767285,21.51776729721528,343.80075092132347,281215.0,2.0,0.1965,0.2,919.5884512998944,643.7827983971456,0.0,1.1814874510706883,1031402.2527639704,663.7565598155179,696.9443878062938,353.1436368849703,50.670274854573016,High,-6.4705896,-0.5982805,-104.37068,-47.158443,-85.40871,-87.95306,9.749417,-28.453356,0.0,0.0,-5.3861275,0.0,0.0
2016-07-21,7,2016,0,1,2016-17,0.8661562853203962,3.451188310172914,5.870079174455887,470.87836627785526,281215.0,2.0,0.1965,0.2,343.80075092132347,573.612820058135,0.0,1.1814874510706883,1412635.0988335658,660.5955530045699,693.6253306547984,222.74696437694317,32.11344144059226,High,-4.101777,-0.05297688,-81.66818,-3.856387,1.768793,-126.68096,3.093747,-31.065355,0.0,0.0,-5.542669,0.0,0.0
2016-07-22,7,2016,0,1,2016-17,0.9907907606857296,0.8669592003631026,2.917234768217386,834.3382007367604,281215.0,2.0,0.1965,0.2,470.87836627785526,587.847881316933,0.0,1.1814874510706883,2503014.6022102814,659.4498948670594,692.4223896104123,-141.9158111263481,-20.49555491788708,Low,-1.5591244,-0.16889614,-92.725266,9.790658,121.774895,112.958565,8.989388,-19.518108,0.0,0.0,-5.1388416,0.0,0.0
2016-07-23,7,2016,1,1,2016-17,0.8569293532510447,0.3828582220806469,9.648296146218357,640.0604168593774,281215.0,2.0,0.1965,0.2,834.3382007367604,584.7755092963671,0.0,1.1814874510706883,1920181.250578132,657.1636425758575,690.0218247046504,49.961407845273015,7.240554726896931,Medium,-5.0055375,0.046990633,-120.51272,-26.88656,0.048572205,117.16296,4.576628,-26.064276,0.0,0.0,-5.1949077,0.0,0.0
2016-07-24,7,2016,1,1,2016-17,0.8888195914405788,0.0945543441853455,5.305021117525095,750.2685524087013,281215.0,2.0,0.1965,0.2,640.0604168593774,617.6820974623506,0.0,1.1814874510706883,2250805.657226104,655.1607620838302,687.9188001880217,-62.34975222067965,-9.063533690842329,Low,-2.9063263,0.2987697,-100.238945,-1.5730762,27.457762,164.79868,3.1301415,-25.077791,0.0,0.0,-4.081684,0.0,0.0
2016-07-25,7,2016,0,1,2016-17,0.9087246066953852,2.567886001773064,6.827519506897004,563.2728640191934,281215.0,2.0,0.1965,0.2,750.2685524087013,632.447940317457,0.0,1.1814874510706883,1689818.5920575804,655.245567604355,688.0078459845728,124.73498196537936,18.129877834006024,High,-7.440636,-0.12847157,-89.62923,-12.481445,53.173664,-44.62614,-2.2193394,-29.629763,0.0,0.0,-5.455093,0.0,0.0
2016-07-26,7,2016,0,1,2016-17,0.836362319430332,2.428376144355123,0.0,532.3266935825851,281215.0,2.0,0.1965,0.2,563.2728640191934,646.0296575033009,0.0,1.1814874510706883,1596980.0807477552,652.9450676907406,685.5923210752777,153.2656274926926,22.355213554946467,High,-4.705633,-0.12401907,-92.60152,10.520543,-13.458139,-36.359486,-2.749327,-24.9522,0.0,0.0,-5.163787,0.0,0.0
2016-07-27,7,2016,0,1,2016-17,0.8882674240252191,2.18678965085628,0.0,681.1814423624323,281215.0,2.0,0.1965,0.2,532.3266935825851,590.706549257971,0.0,1.1814874510706883,2043544.327087297,651.7997621991555,684.3897503091133,3.208307946680975,0.4687837515438976,Low,-3.8749862,-0.13422668,-90.605,11.85012,32.462692,-3.2626724,3.786382,-27.642288,0.0,0.0,-5.0528774,0.0,0.0
2016-07-28,7,2016,0,1,2016-17,0.8752942935769301,0.9277883844639015,0.0,691.0354549297493,281215.0,2.0,0.1965,0.2,681.1814423624323,638.903790892415,0.0,1.1814874510706883,2073106.364789248,651.9519326132332,684.5495292438949,-6.485925685854454,-0.9474735441010894,Low,-5.3355618,-0.094400674,-106.41045,11.437159,22.070711,104.90509,-1.1123888,-17.648235,0.0,0.0,-5.1280065,0.0,0.0
2016-07-29,7,2016,0,1,2016-17,0.9703474031472968,1.563623983622059,0.0,638.6626047385555,281215.0,2.0,0.1965,0.2,691.0354549297493,670.3548035569713,0.0,1.1814874510706883,1915987.8142156664,648.4348170284576,680.8565578798805,42.19395314132498,6.197186860138757,Medium,-7.708793,-0.1832477,-92.76327,10.235974,82.65934,48.717186,-1.2656231,-7.7778344,0.0,0.0,-7.3786907,0.0,0.0
2016-07-30,7,2016,1,1,2016-17,0.7136339141024374,2.377905340744692,2.1210383022753554,453.1482810827105,281215.0,2.0,0.1965,0.2,638.6626047385555,642.4011469857991,0.0,1.1814874510706883,1359444.8432481317,641.7160804789024,673.8018845028475,220.65360342013705,32.74754916765219,High,-3.0317898,0.33455086,-90.78568,6.0298843,-93.57755,-28.713028,1.3044202,-21.619164,0.0,0.0,-3.9709284,0.0,0.0
2016-07-31,7,2016,1,1,2016-17,0.7842889568776691,1.9870674354366773,0.0,570.3357742849329,281215.0,2.0,0.1965,0.2,453.1482810827105,615.6994133034183,0.0,1.1814874510706883,1711007.3228547988,637.4300424019752,669.301544522074,98.9657702371411,14.786424900275597,Medium,-3.7752821,0.25303894,-86.129875,11.45949,-53.77102,3.5718505,5.2217617,-20.836485,0.0,0.0,-3.7489848,0.0,0.0
2016-08-01,8,2016,0,1,2016-17,0.9851234452229676,3.951142080859549,10.55530661858473,419.4445652046184,281215.0,2.0,0.1965,0.2,570.3357742849329,589.9947307143085,0.0,1.1814874510706883,1258333.6956138553,633.0086533460009,664.6590860133009,245.2145208086825,36.89327746642365,High,-9.670003,-0.07636985,-89.764786,-53.993225,86.60471,-164.17316,-11.846434,-27.498611,0.0,0.0,-5.0437913,0.0,0.0
2016-08-02,8,2016,0,1,2016-17,0.967079135167275,0.5457590102269325,4.633698693890851,738.6667922558662,281215.0,2.0,0.1965,0.2,419.4445652046184,569.4478308836549,0.0,1.1814874510706883,2216000.3767675986,633.0960714069402,664.7508749772871,-73.91591727857906,-11.119341103703636,Low,-3.7781084,-0.17976955,-109.79837,-0.3754983,83.8023,112.404366,-6.218276,-25.565557,0.0,0.0,-4.316423,0.0,0.0
2016-08-03,8,2016,0,1,2016-17,0.8366970258357138,2.780578216190375,0.0,504.561883862378,281215.0,2.0,0.1965,0.2,738.6667922558662,598.9249878369808,0.0,1.1814874510706883,1513685.651587134,631.4207310628512,662.9917676159938,158.4298837536158,23.89620678448284,High,-6.1321726,-0.11641769,-87.66493,10.384878,-12.171555,-64.04197,-1.2006125,-23.806683,0.0,0.0,-7.5107946,0.0,0.0
2016-08-04,8,2016,0,1,2016-17,0.886039779340461,1.6172750724171685,8.336949316542071,679.2309458212743,281215.0,2.0,0.1965,0.2,504.561883862378,573.693622336973,0.0,1.1814874510706883,2037692.837463823,628.4548067969683,659.8775471368168,-19.35339868445749,-2.9328772843433057,Low,-4.8327208,-0.116381824,-90.228714,-6.756513,34.53121,52.1809,5.545485,-29.606464,0.0,0.0,-5.101805,0.0,0.0
2016-08-05,8,2016,0,1,2016-17,0.7832143548943398,1.712798459702459,0.0,547.7084120788505,281215.0,2.0,0.1965,0.2,679.2309458212743,572.0072638929051,0.0,1.1814874510706883,1643125.2362365515,625.5444110584502,656.8216316113728,109.1132195325223,16.612306032740747,High,-4.1366477,-0.13090669,-84.854774,10.260146,-54.942974,35.068733,1.7677057,-26.648422,0.0,0.0,-4.3030224,0.0,0.0
2016-08-06,8,2016,1,1,2016-17,0.7564363479171283,2.870391062632705,0.0,556.9231488247765,281215.0,2.0,0.1965,0.2,547.7084120788505,559.0138077986616,0.0,1.1814874510706883,1670769.4464743296,624.8055399420708,656.0458169391744,99.12266811439792,15.109107558502751,High,-3.9566493,0.35558608,-96.92701,18.11462,-69.385124,-60.331875,4.001766,-21.115149,0.0,0.0,-4.1049566,0.0,0.0
2016-08-07,8,2016,1,1,2016-17,0.8391095214819946,2.7697446052974786,0.0,503.0949130347327,281215.0,2.0,0.1965,0.2,556.9231488247765,573.838788904671,0.0,1.1814874510706883,1509284.739104198,622.9206812992949,654.0667153642596,150.9718023295269,23.08201881905096,High,-5.884637,0.3002333,-89.0807,11.526814,-11.797148,-61.56088,0.056423806,-25.524305,0.0,0.0,-6.5478587,0.0,0.0
2016-08-08,8,2016,0,1,2016-17,0.8060056684078158,3.965023974808753,0.0,448.78286985364167,281215.0,2.0,0.1965,0.2,503.0949130347327,564.2329515832138,0.0,1.1814874510706883,1346348.609560925,617.194993391965,648.0547430615633,199.2718732079216,30.74923458881179,High,-6.140673,-0.058566086,-78.99321,13.96507,-34.37971,-136.47621,3.9757454,-27.280613,0.0,0.0,-4.512964,0.0,0.0
2016-08-09,8,2016,0,1,2016-17,0.8750968335552616,0.5135771578165009,25.05403503669668,571.218932993786,281215.0,2.0,0.1965,0.2,448.78286985364167,568.4241379616457,0.0,1.1814874510706883,1713656.798981358,613.6130203797107,644.2936713986963,73.07473840491036,11.341837061083108,Medium,-8.763269,-0.09936848,-125.36193,-69.586754,12.771474,105.356316,-1.1801066,-33.46287,0.0,0.0,-5.9902496,0.0,0.0
2016-08-10,8,2016,0,1,2016-17,0.7233203910894954,0.4164385975366653,5.605735945211612,624.5846207756144,281215.0,2.0,0.1965,0.2,571.218932993786,544.50301520992,0.0,1.1814874510706883,1873753.862326844,615.1109222147311,645.8664683254676,21.281847549853182,3.2950847572301503,Low,-5.41162,-0.5925596,-95.65656,2.5066004,-99.4668,125.029396,-0.5553237,-22.91484,0.0,0.0,-3.9571142,0.0,0.0
2016-08-11,8,2016,0,1,2016-17,0.99231844229985,2.8973552685149646,11.574268484380951,497.75685276548296,281215.0,2.0,0.1965,0.2,624.5846207756144,561.6491204832395,0.0,1.1814874510706883,1493270.5582964488,611.3819801018567,641.9510791069496,144.19422634146662,22.46187147812921,High,-9.67036,-0.2056368,-96.83262,-45.91001,89.961655,-89.806854,-2.8980184,-35.80269,0.0,0.0,-7.2162194,0.0,0.0
2016-08-12,8,2016,0,1,2016-17,0.9958632233438808,2.3135476680256364,5.916495577264372,686.2295236483411,281215.0,2.0,0.1965,0.2,497.75685276548296,535.7242500466979,0.0,1.1814874510706883,2058688.570945024,611.7249709398907,642.3112194868852,-43.91830416145592,-6.837542740813459,Low,-4.499906,-0.16119058,-97.9083,-2.029359,119.37199,-32.191986,11.802256,-30.337118,0.0,0.0,-2.9930344,0.0,0.0
2016-08-13,8,2016,1,1,2016-17,0.9094485142059237,1.0966426662392237,0.0,723.3393676643095,281215.0,2.0,0.1965,0.2,686.2295236483411,555.5129802709108,0.0,1.1814874510706883,2170018.1029929286,611.5822078218787,642.1613182129727,-81.17804945133685,-12.641379533298853,Low,-3.9320915,0.2560712,-106.2906,9.881647,47.51487,90.50089,-0.7974806,-22.2763,0.0,0.0,-5.3448534,0.0,0.0
2016-08-14,8,2016,1,1,2016-17,0.8608289099032361,0.3176774759559464,0.0,702.5262916139221,281215.0,2.0,0.1965,0.2,723.3393676643095,579.2867258194154,0.0,1.1814874510706883,2107578.8748417664,609.996300460364,640.4961154833821,-62.03017613053999,-9.68470762445231,Low,-4.987082,0.32592216,-109.10679,13.928085,0.80983394,132.3349,-1.1100891,-23.9025,0.0,0.0,-4.8053565,0.0,0.0
2016-08-15,8,2016,0,1,2016-17,0.7928582848858983,0.3426329983857221,0.0,668.8042677749439,281215.0,2.0,0.1965,0.2,702.5262916139221,607.7769227592996,0.0,1.1814874510706883,2006412.803324832,607.5763606919346,637.9551787265314,-30.84908904841257,-4.835620130867606,Low,-5.4144697,-0.15257922,-92.998665,15.693593,-47.119675,131.83728,1.0529848,-20.934607,0.0,0.0,-4.025677,0.0,0.0
2016-08-16,8,2016,0,1,2016-17,0.9441385059120846,3.576763498656473,3.939055171308045,600.313868979971,281215.0,2.0,0.1965,0.2,668.8042677749439,639.2085510337714,0.0,1.1814874510706883,1800941.6069399128,607.1029585655621,637.4581064938402,37.14423751386926,5.826929979472805,Medium,-2.77914,-0.10655396,-85.96351,4.994984,100.55251,-124.6688,-1.2325091,-20.209103,0.0,0.0,-5.064482,0.0,0.0
2016-08-17,8,2016,0,1,2016-17,0.9054193517661636,0.7674692988749716,16.479437258475578,656.3800945969693,281215.0,2.0,0.1965,0.2,600.313868979971,643.3649704603694,0.0,1.1814874510706883,1969140.283790908,608.2009555004403,638.6110032754623,-17.769091321507062,-2.782459310968439,Low,-6.1672287,-0.001398351,-119.47386,-46.47075,40.17475,96.243675,1.38902,-20.383575,0.0,0.0,-3.8469079,0.0,0.0
2016-08-18,8,2016,0,1,2016-17,0.7487850818034674,1.293486248462083,0.9498284908228576,533.0014684970474,281215.0,2.0,0.1965,0.2,656.3800945969693,647.9071810062771,0.0,1.1814874510706883,1599004.4054911423,607.0868169079221,637.4411577533182,104.43968925627075,16.384208641997922,High,-5.864967,-0.1302387,-84.978645,6.60473,-90.49452,65.336815,0.23496032,-18.74586,0.0,0.0,-5.955143,0.0,0.0
2016-08-19,8,2016,0,1,2016-17,0.9732781553481528,0.906625608907952,13.66962549191115,640.9198869504105,281215.0,2.0,0.1965,0.2,533.0014684970474,652.9421261107864,0.0,1.1814874510706883,1922759.6608512315,607.9885537118225,638.3879813974137,-2.531905552996818,-0.3966092136406683,Low,-9.276178,-0.13275287,-125.13683,-68.07563,81.030014,89.92629,-2.22746,-21.333237,0.0,0.0,-5.368199,0.0,0.0
2016-08-20,8,2016,1,1,2016-17,0.9467611728769508,1.4199852233277492,0.0,747.3896550297909,281215.0,2.0,0.1965,0.2,640.9198869504105,646.4693208682248,0.0,1.1814874510706883,2242168.965089373,606.3488958670187,636.6663406603697,-110.72331436942125,-17.391105402961255,Low,-6.204138,0.41516918,-86.58536,12.87963,79.88354,56.74246,1.5782954,-19.166517,0.0,0.0,-5.099555,0.0,0.0
2016-08-21,8,2016,1,1,2016-17,0.9849399739875772,0.2776953709843734,0.8102113784321193,854.3375412770903,281215.0,2.0,0.1965,0.2,747.3896550297909,649.9050762061507,0.0,1.1814874510706883,2563012.6238312707,606.3601529773557,636.6781606262235,-217.65938065086675,-34.18672009053702,Low,-5.141305,0.44819564,-97.508766,10.518321,116.38715,151.09541,-2.0001175,-18.940838,0.0,0.0,-5.9198513,0.0,0.0
2016-08-22,8,2016,0,1,2016-17,0.917715852516508,2.076239163633081,12.726586591350452,611.8525961062586,281215.0,2.0,0.1965,0.2,854.3375412770903,671.5923975866034,0.0,1.1814874510706883,1835557.788318776,601.98701069375,632.0863612284376,20.23376512217897,3.2011076908629,Low,-6.5669255,0.027794499,-104.53644,-38.549004,59.95395,-5.9676867,3.8460727,1.5779265,0.0,0.0,-7.798044,0.0,0.0
2016-08-23,8,2016,0,1,2016-17,0.8840245587807369,0.2704502543688596,6.90707262921408,642.101470857617,281215.0,2.0,0.1965,0.2,611.8525961062586,663.4564444910768,0.0,1.1814874510706883,1926304.412572851,598.8932022438045,628.8378623559947,-13.26360850162223,-2.109225492868541,Low,-6.1629186,-0.14016,-115.13558,-14.151037,15.9514265,122.21551,-2.4719644,-4.8727326,0.0,0.0,-7.2062006,0.0,0.0
2016-08-24,8,2016,0,1,2016-17,0.8254729108871857,3.2014260312894463,0.0,431.8634664904913,281215.0,2.0,0.1965,0.2,642.101470857617,669.4261019021691,0.0,1.1814874510706883,1295590.399471474,597.0446797237835,626.8969137099726,195.03344721948133,31.110927961867677,High,-7.190726,-0.12012464,-92.09258,11.125009,-21.6441,-104.27236,-2.5318017,-3.495802,0.0,0.0,-9.93923,0.0,0.0
2016-08-25,8,2016,0,1,2016-17,0.979818545006204,0.934848327641732,0.0,850.2179532112127,281215.0,2.0,0.1965,0.2,431.8634664904913,637.352297886958,0.0,1.1814874510706883,2550653.859633638,597.9828107200794,627.8819512560834,-222.3360019551293,-35.41047827706213,Low,-3.9346504,-0.18402855,-91.805275,12.010314,121.2338,108.55616,2.0049903,-15.483234,0.0,0.0,-4.5483446,0.0,0.0
2016-08-26,8,2016,0,1,2016-17,0.9598191668501224,2.1600476584180424,2.924733823566674,668.5046758939628,281215.0,2.0,0.1965,0.2,850.2179532112127,682.6689385604102,0.0,1.1814874510706883,2005514.0276818883,600.1180082049858,630.1239086152351,-38.38076727872772,-6.090987304873667,Low,-4.6420465,-0.10361233,-95.04601,4.3599343,80.23749,-12.492789,-4.839889,14.095544,0.0,0.0,-7.574847,0.0,0.0
2016-08-27,8,2016,1,1,2016-17,0.7135656010318567,3.520316350245833,4.895873870629185,411.86782098251496,281215.0,2.0,0.1965,0.2,668.5046758939628,686.6096226952034,0.0,1.1814874510706883,1235603.4629475449,595.5240918379503,625.3002964298479,213.43247544733293,34.13279614065844,High,-1.3973196,0.13607329,-69.94831,-1.7278169,-97.068306,-132.01164,1.0402966,12.881238,0.0,0.0,-6.420251,0.0,0.0
2016-08-28,8,2016,1,1,2016-17,0.7079100923491756,2.6035094761887767,11.144471556518193,348.3238272896991,281215.0,2.0,0.1965,0.2,411.86782098251496,638.677932117021,0.0,1.1814874510706883,1044971.4818690972,593.2619158513968,622.9250116439666,274.6011843542675,44.08254271723096,High,-6.0957136,0.17930588,-104.980576,-46.048702,-107.512726,-52.257767,-2.371877,-23.463804,0.0,0.0,-5.3162665,0.0,0.0
2016-08-29,8,2016,0,1,2016-17,0.8129390100634148,2.131831146205341,23.534433501021656,381.2553680809991,281215.0,2.0,0.1965,0.2,348.3238272896991,566.3902586902509,0.0,1.1814874510706883,1143766.1042429972,588.4227156625523,617.8438514456799,236.5884833646808,38.29260140909266,High,-4.870497,-0.07307729,-104.46184,-58.243736,-47.375942,-20.524296,-9.745382,-37.063393,0.0,0.0,-6.042389,0.0,0.0
2016-08-30,8,2016,0,1,2016-17,0.9431659992345498,1.2973350124615024,0.0,781.8799431358503,281215.0,2.0,0.1965,0.2,381.2553680809991,533.4477975437852,0.0,1.1814874510706883,2345639.829407551,588.7851927516889,618.2244523892733,-163.65549074657702,-26.471856639460317,Low,-2.1635559,-0.1779409,-88.61796,11.320304,95.57132,69.024185,-4.349399,-23.702744,0.0,0.0,-4.899397,0.0,0.0
2016-08-31,8,2016,0,1,2016-17,0.9961828387944832,1.3320076522327915,0.0,822.2944351227236,281215.0,2.0,0.1965,0.2,781.8799431358503,553.41615072639,0.0,1.1814874510706883,2466883.3053681706,591.7873668405139,621.3767351825396,-200.917699940184,-32.33428105111806,Low,-6.6272163,-0.17799781,-80.54225,11.127119,121.343445,87.989334,-1.3044764,-22.58501,0.0,0.0,-4.5067782,0.0,0.0
2016-09-01,9,2016,0,1,2016-17,0.7451250673310584,2.6779478207927605,1.4470732558300163,414.65801734943017,281215.0,2.0,0.1965,0.2,822.2944351227236,609.1920033881377,0.0,1.1814874510706883,1243974.0520482906,590.9666363739057,620.5149681926009,205.85695084317075,33.17517890709045,High,-5.4424677,-0.06534959,-93.73941,2.9403803,-94.57615,-70.65351,6.2048397,-23.755606,0.0,0.0,-5.904008,0.0,0.0
2016-09-02,9,2016,0,1,2016-17,0.8782392146056406,3.97655744488467,3.0936747773328745,380.22257568301495,281215.0,2.0,0.1965,0.2,414.65801734943017,546.9691554078829,0.0,1.1814874510706883,1140667.7270490448,589.2853733808428,618.749642049885,238.52706636687003,38.54985120906776,High,-9.11711,-0.046684828,-84.63012,1.651167,-0.4583623,-170.19452,1.0410081,-33.21133,0.0,0.0,-6.117979,0.0,0.0
2016-09-03,9,2016,1,1,2016-17,0.8142672569893065,2.6473567593975145,0.0,524.131026924023,281215.0,2.0,0.1965,0.2,380.22257568301495,505.7859982348904,0.0,1.1814874510706883,1572393.080772069,587.0746536540661,616.4283863367694,92.29735941274646,14.972924910424586,Medium,-4.159981,0.17397398,-90.64686,9.527999,-32.95636,-60.943256,2.7169545,-30.550528,0.0,0.0,-4.605559,0.0,0.0
2016-09-04,9,2016,1,1,2016-17,0.990974319344381,2.2311336694801,1.933010931305175,626.6184915339754,281215.0,2.0,0.1965,0.2,524.131026924023,521.8235990836772,0.0,1.1814874510706883,1879855.4746019265,589.382505860649,618.8516311536814,-7.76686038029402,-1.2550440185177842,Low,-10.239754,0.35507196,-99.33093,5.571827,103.93384,-23.055124,3.6849077,-34.448616,0.0,0.0,-4.4698114,0.0,0.0
2016-09-05,9,2016,0,1,2016-17,0.9526356769407126,2.9226020409569844,0.0,551.4898939372179,281215.0,2.0,0.1965,0.2,626.6184915339754,561.5799796900025,0.0,1.1814874510706883,1654469.6818116535,589.6393732847463,619.1213419489836,67.63144801176577,10.923779141397889,Medium,-5.998113,-0.21429978,-92.26642,11.655454,82.103386,-83.92565,-0.56783277,-29.295822,0.0,0.0,-7.2008214,0.0,0.0
2016-09-06,9,2016,0,1,2016-17,0.9514986114133414,1.8608224491348728,5.878612756567351,583.6537066451422,281215.0,2.0,0.1965,0.2,551.4898939372179,585.8991976694623,0.0,1.1814874510706883,1750961.1199354264,589.9950873602589,619.4948417282719,35.84113508312976,5.785542133513147,Medium,-6.4249616,-0.1592514,-99.41275,-18.323647,71.687325,11.825296,-2.760565,-31.855412,0.0,0.0,-4.764525,0.0,0.0
2016-09-07,9,2016,0,1,2016-17,0.840607947938491,0.2405693704031408,12.96076664292134,628.4873267171572,281215.0,2.0,0.1965,0.2,583.6537066451422,557.5811638850754,0.0,1.1814874510706883,1885461.980151472,590.166774407384,619.6751131277532,-8.812213589403996,-1.4220699529024423,Low,-2.8354874,0.65237725,-124.3247,-52.59538,-15.707632,131.17162,3.3350396,-26.711126,0.0,0.0,-4.329005,0.0,0.0
2016-09-08,9,2016,0,1,2016-17,0.8244458507012995,2.2491872635116392,1.6702573812767032,492.4653100446869,281215.0,2.0,0.1965,0.2,628.4873267171572,529.8944341128515,0.0,1.1814874510706883,1477395.9301340606,590.9273625721158,620.4737307007216,128.00842065603473,20.630755876074005,High,-4.667858,-0.08716111,-99.22142,7.1996994,-27.648151,-39.483162,3.4707146,-33.06041,0.0,0.0,-5.0575886,0.0,0.0
2016-09-09,9,2016,0,1,2016-17,0.7820221215792118,3.830501138021521,6.767499395617747,328.83157294904095,281215.0,2.0,0.1965,0.2,492.4653100446869,541.0097616407453,0.0,1.1814874510706883,986494.7188471227,586.4993404716027,615.8243074951829,286.99273454614195,46.603021519800414,High,-3.4654827,-0.04588994,-83.79164,-23.221947,-48.389606,-148.2607,-2.5398636,-37.625153,0.0,0.0,-4.3515015,0.0,0.0
2016-09-10,9,2016,1,1,2016-17,0.7169126489952781,0.7012117694306386,0.0,606.8920703854949,281215.0,2.0,0.1965,0.2,328.83157294904095,533.6681898216062,0.0,1.1814874510706883,1820676.211156485,586.3692696142191,615.6877330949301,8.795662709435192,1.428591514276447,Low,-4.1862803,0.39964497,-87.834045,13.248899,-97.06387,105.89173,-6.9343767,-25.170452,0.0,0.0,-3.6553996,0.0,0.0
2016-09-11,9,2016,1,1,2016-17,0.959416712876516,2.760019563282663,12.680895758630882,541.6159702037891,281215.0,2.0,0.1965,0.2,606.8920703854949,545.4911960303879,0.0,1.1814874510706883,1624847.910611367,585.9356629030727,615.2324460482264,73.61647584443733,11.965636129448663,Medium,-6.694009,-0.79864866,-98.03272,-40.587547,76.715256,-56.191917,-5.15806,-29.489767,0.0,0.0,-5.709244,0.0,0.0
2016-09-12,9,2016,0,1,2016-17,0.9438703027390232,0.8037347546362259,4.837939520926058,768.6968007221054,281215.0,2.0,0.1965,0.2,541.6159702037891,533.3479786975041,0.0,1.1814874510706883,2306090.4021663163,587.7247409951618,617.11097804492,-151.58582267718543,-24.563786429051564,Low,-6.2145753,-0.17138235,-105.042656,3.6365416,87.18342,107.51919,3.8137517,-25.45494,0.0,0.0,-2.5484927,0.0,0.0
2016-09-13,9,2016,0,1,2016-17,0.9999153019858392,2.143310737892325,7.939000776850944,560.0152592649526,281215.0,2.0,0.1965,0.2,768.6968007221054,564.377536809631,0.0,1.1814874510706883,1680045.777794858,586.7456948570658,616.0829795999191,56.06772033496645,9.100676725621687,Medium,-10.662367,-0.17223345,-101.91874,-22.446815,92.0127,-28.152914,-5.2226686,-37.284676,0.0,0.0,-3.9710326,0.0,0.0
2016-09-14,9,2016,0,1,2016-17,0.9989910511221716,0.3867057985868785,15.678783783228996,763.9038678813571,281215.0,2.0,0.1965,0.2,560.0152592649526,561.0006157553182,0.0,1.1814874510706883,2291711.603644071,589.2567389522594,618.7195758998724,-145.18429198148465,-23.465281791080724,Low,-7.2898865,-0.05610522,-109.136604,-51.167442,122.605034,136.71419,-0.15778737,-25.44128,0.0,0.0,-2.6593738,0.0,0.0
2016-09-15,9,2016,0,1,2016-17,0.8666295116807883,1.8014837450327408,2.586640926441348,730.0586979848395,281215.0,2.0,0.1965,0.2,763.9038678813571,580.3458359216324,0.0,1.1814874510706883,2190176.0939545184,591.0242761067761,620.575489912115,-109.48320807272444,-17.64220628311139,Low,-3.9653122,-0.084744275,-76.17879,9.492216,32.83213,35.349743,2.243971,-27.853085,0.0,0.0,-5.5910134,0.0,0.0
2016-09-16,9,2016,0,1,2016-17,0.9306962245541532,3.0246533155809843,1.0802908747644424,548.201913302204,281215.0,2.0,0.1965,0.2,730.0586979848395,614.2877484845113,0.0,1.1814874510706883,1644605.739906612,590.3035713397278,619.8187499067142,71.61683660451013,11.554480501806184,Medium,-6.064384,-0.22579852,-98.94831,9.247902,63.770306,-94.29625,-1.2787912,-28.789864,0.0,0.0,-7.1529717,0.0,0.0
2016-09-17,9,2016,1,1,2016-17,0.9834297189647284,1.3902860969559283,0.0,795.5682031990656,281215.0,2.0,0.1965,0.2,548.201913302204,645.6263685349633,0.0,1.1814874510706883,2386704.609597197,589.5529884833518,619.0306379075193,-176.53756529154623,-28.518388990937183,Low,-8.758784,0.39055985,-78.472466,13.463304,119.39401,66.01434,3.9965343,-19.274323,0.0,0.0,-4.950647,0.0,0.0
2016-09-18,9,2016,1,1,2016-17,0.9548942172032234,2.659646897948872,8.666139511073062,617.8723464405109,281215.0,2.0,0.1965,0.2,795.5682031990656,672.5801017940448,0.0,1.1814874510706883,1853617.0393215327,589.447125464464,618.9194817376872,1.0471352971762826,0.1691876452549741,Low,-7.7413335,-0.19282252,-88.104645,-9.393003,80.93554,-60.861435,1.8581579,2.6269133,0.0,0.0,-9.18914,0.0,0.0
2016-09-19,9,2016,0,1,2016-17,0.7742044305229593,3.1817998431589167,8.841083842801915,466.3865004167968,281215.0,2.0,0.1965,0.2,617.8723464405109,683.4738698278621,0.0,1.1814874510706883,1399159.5012503904,587.707074579803,617.0924283087932,150.70592789199634,24.421937618813736,High,-4.4673257,-0.11218643,-88.58123,-13.980391,-54.329765,-98.41174,-2.8216615,12.980544,0.0,0.0,-7.3038225,0.0,0.0
2016-09-20,9,2016,0,1,2016-17,0.835163240593028,3.70871127791781,0.0,474.5276695605584,281215.0,2.0,0.1965,0.2,466.3865004167968,640.286684069961,0.0,1.1814874510706883,1423583.0086816752,588.8769551926041,618.3208029522343,143.7931333916759,23.25542545311774,High,-5.794937,-0.056223087,-80.19878,12.847436,-14.7310915,-146.50952,7.4418445,-21.242994,0.0,0.0,-5.336887,0.0,0.0
2016-09-21,9,2016,0,1,2016-17,0.7387478245454484,0.9385683274218142,4.5638457528325445,598.866953043053,281215.0,2.0,0.1965,0.2,474.5276695605584,628.0741712550474,0.0,1.1814874510706883,1796600.8591291588,590.2029108596319,619.7130564026135,20.84610335956052,3.363831557877857,Low,-5.6985517,-0.14394125,-83.9652,4.976239,-99.10995,101.50482,4.6885343,-17.346968,0.0,0.0,-4.134922,0.0,0.0
2016-09-22,9,2016,0,1,2016-17,0.9862153081776168,1.5972636632372326,0.0,772.6346231484348,281215.0,2.0,0.1965,0.2,598.866953043053,604.4974691352897,0.0,1.1814874510706883,2317903.8694453044,592.3183146045453,621.9342303347726,-150.70039281366223,-24.230921126908186,Low,-7.679416,-0.18090469,-78.44697,14.762638,115.95101,56.65272,-0.16888675,-24.286264,0.0,0.0,-5.1346135,0.0,0.0
2016-09-23,9,2016,0,1,2016-17,0.881852390335264,0.6096640533216697,3.843302254528016,747.2312449181225,281215.0,2.0,0.1965,0.2,772.6346231484348,610.5797441586604,0.0,1.1814874510706883,2241693.734754368,594.2658434161946,623.9791355870043,-123.25210933111816,-19.75260105695193,Low,-5.2908235,-0.43489856,-103.543846,6.554678,23.529007,120.96418,9.970005,-24.687769,0.0,0.0,-4.604569,0.0,0.0
2016-09-24,9,2016,1,1,2016-17,0.7685928416510388,3.969934008633501,0.0,348.3605968861277,281215.0,2.0,0.1965,0.2,747.2312449181225,639.0125058180774,0.0,1.1814874510706883,1045081.7906583832,590.2692373714806,619.7826992400546,271.4221023539269,43.79310727561944,High,-9.311523,0.04086183,-77.28147,13.671445,-61.969517,-142.46303,-0.87324333,-20.443708,0.0,0.0,-4.517894,0.0,0.0
2016-09-25,9,2016,1,1,2016-17,0.901510205321757,3.708003871697181,0.0,407.4856039595063,281215.0,2.0,0.1965,0.2,348.3605968861277,575.1257049162292,0.0,1.1814874510706883,1222456.811878519,586.8206435891037,616.1616757685589,208.6760718090526,33.86709690257253,High,-5.709521,0.084173545,-89.42457,8.92017,19.942944,-149.68748,-0.6240484,-32.880543,0.0,0.0,-5.714504,0.0,0.0
2016-09-26,9,2016,0,1,2016-17,0.8854384721373687,2.1598285211222383,0.0,528.4591146884078,281215.0,2.0,0.1965,0.2,407.4856039595063,545.0704559903713,0.0,1.1814874510706883,1585377.3440652234,588.1129875108361,617.518636886378,89.05952219797018,14.42215940996076,Medium,-3.8658526,-0.12670715,-93.443634,10.528116,20.920757,-14.880343,-10.985269,-35.53256,0.0,0.0,-5.0796323,0.0,0.0
2016-09-27,9,2016,0,1,2016-17,0.8074488154098521,3.368133177505685,0.0,459.1839798395308,281215.0,2.0,0.1965,0.2,528.4591146884078,553.9379723148871,0.0,1.1814874510706883,1377551.9395185926,587.0016453500459,616.3517276175482,157.16774777801743,25.499684796136638,High,-5.0566683,-0.10167862,-85.02458,14.544126,-34.195316,-107.07325,3.8399892,-28.17325,0.0,0.0,-5.2275796,0.0,0.0
2016-09-28,9,2016,0,1,2016-17,0.7340672776598887,2.0838319090881687,7.013583354285121,508.60892635117847,281215.0,2.0,0.1965,0.2,459.1839798395308,551.7460166404546,0.0,1.1814874510706883,1525826.7790535353,589.8766611654435,619.3704942237157,110.76156787253724,17.882926117002,High,-3.1829631,-0.12851569,-89.81003,-6.588818,-87.31718,-2.7429156,3.6808817,-26.506237,0.0,0.0,-3.9475665,0.0,0.0
2016-09-29,9,2016,0,1,2016-17,0.90147195867784,2.494342752011039,0.0,537.8286224837883,281215.0,2.0,0.1965,0.2,508.60892635117847,538.8520128273298,0.0,1.1814874510706883,1613485.8674513649,590.9478803186522,620.4952743345848,82.66665185079648,13.322688386216589,Medium,-7.3333755,-0.1397825,-97.43083,8.137093,32.936985,-52.897015,1.3037133,-34.12189,0.0,0.0,-5.3288846,0.0,0.0
2016-09-30,9,2016,0,1,2016-17,0.856092310271138,0.3564977284640664,2.54205524314264,768.2495607641996,281215.0,2.0,0.1965,0.2,537.8286224837883,505.308298446666,0.0,1.1814874510706883,2304748.6822925988,593.2354082518743,622.8971786644681,-145.35238209973147,-23.334891708993837,Low,-3.8519416,-0.106509775,-109.78758,13.665203,8.58471,133.70757,3.4682896,-27.570168,0.0,0.0,-2.970045,0.0,0.0
2016-10-01,10,2016,1,0,2016-17,0.9316955175206918,3.021081681987232,0.0,694.2123732403063,281215.0,2.0,0.1965,0.2,768.2495607641996,508.3109149961056,0.0,1.1814874510706883,2082637.1197209188,593.8131719885516,623.5038305879792,-70.70854265232708,-11.34051455395987,Low,-6.4014716,1.1808786,49.930283,7.7823105,64.352455,-87.50895,-0.34267712,-34.855232,0.0,0.0,-6.8647723,0.0,0.0
2016-10-02,10,2016,1,0,2016-17,0.856049050333598,0.5108539345409393,0.0,874.7547130330634,281215.0,2.0,0.1965,0.2,694.2123732403063,557.7183116181311,0.0,1.1814874510706883,2624264.13909919,598.1898298309362,628.0993213224831,-246.65539171058023,-39.27012549404439,Low,-4.646893,1.0328875,59.29487,6.1234827,12.829186,145.37335,0.38940287,-26.807995,0.0,0.0,-4.690115,0.0,0.0
2016-10-03,10,2016,0,0,2016-17,0.955654450095562,3.304270521010113,0.0,664.1899604856725,281215.0,2.0,0.1965,0.2,874.7547130330634,624.471041485782,0.0,1.1814874510706883,1992569.8814570173,598.9586129792854,628.9065436282497,-35.28341685742282,-5.610279812620149,Low,-5.257482,-0.19377364,43.55704,8.667728,80.4729,-135.03996,-11.298145,-22.351141,0.0,0.0,-7.353139,0.0,0.0
2016-10-04,10,2016,0,0,2016-17,0.8655720516323456,3.128112350681544,0.0,555.9084302569298,281215.0,2.0,0.1965,0.2,664.1899604856725,643.8611623139628,0.0,1.1814874510706883,1667725.2907707894,599.8479192848358,629.8403152490777,73.93188499214784,11.738195095198158,Medium,-6.4613996,-0.44879925,47.67125,7.313469,4.1231,-116.56149,-1.3259912,-28.140205,0.0,0.0,-8.204835,0.0,0.0
2016-10-05,10,2016,0,0,2016-17,0.8682813914606159,2.8349787909719057,0.0,703.6322843687752,281215.0,2.0,0.1965,0.2,555.9084302569298,657.6789409450197,0.0,1.1814874510706883,2110896.853106325,602.1991084277429,632.3090638491301,-71.32322051964513,-11.279803595645271,Low,-5.369566,-0.40754333,44.310413,4.6904335,14.001091,-75.82546,4.430547,-5.231327,0.0,0.0,-7.798893,0.0,0.0
2016-10-06,10,2016,0,0,2016-17,0.9629960807975037,0.1446415220990484,0.0,1149.0827967329378,281215.0,2.0,0.1965,0.2,703.6322843687752,685.5394206618193,0.0,1.1814874510706883,3447248.3901988133,606.0653228950079,636.3685890397583,-512.7142076931796,-80.56874844605927,Low,1.2517093,-0.5253485,49.02792,6.6138844,126.60762,190.25581,11.234648,9.501118,0.0,0.0,-4.179505,0.0,0.0
2016-10-07,10,2016,0,0,2016-17,0.8210448598637191,1.2125134237813144,0.0,797.7707094953656,281215.0,2.0,0.1965,0.2,1149.0827967329378,772.861445554555,0.0,1.1814874510706883,2393312.128486097,606.7113612010384,637.0469292610903,-160.7237802342753,-25.229503958318823,Low,-2.2725728,-0.10275036,33.777073,4.3359537,-30.802338,71.11752,7.705451,13.298752,0.0,0.0,-5.463225,0.0,0.0
2016-10-08,10,2016,1,0,2016-17,0.7402045685351922,1.0524502796433717,0.0,632.7560807277317,281215.0,2.0,0.1965,0.2,797.7707094953656,777.0787525161502,0.0,1.1814874510706883,1898268.2421831952,608.55183855379,638.9794304814795,6.223349753747812,0.973951500920528,Low,-8.743736,0.895315,27.52148,3.9684243,-116.01571,84.30053,2.3843532,10.0378685,0.0,0.0,-5.852023,0.0,0.0
2016-10-09,10,2016,1,0,2016-17,0.7086348028940016,1.4405456298860764,0.0,716.935186452043,281215.0,2.0,0.1965,0.2,632.7560807277317,768.2992821572109,0.0,1.1814874510706883,2150805.5593561293,608.1330659380453,638.5397192349476,-78.39546721709542,-12.277304740106572,Low,-5.031149,0.9409399,25.82268,3.9275484,-109.128494,40.003117,3.6020846,20.268883,0.0,0.0,-4.6730423,0.0,0.0
2016-10-10,10,2016,0,0,2016-17,0.9265411767020856,0.3505709870553541,0.0,902.6735616880608,281215.0,2.0,0.1965,0.2,716.935186452043,745.7536355027794,0.0,1.1814874510706883,2708020.6850641826,614.4920999485327,645.2167049459593,-257.4568567421014,-39.90238547274825,Low,-5.542592,-0.5025258,40.84319,4.319147,68.59973,136.36879,-2.2094488,7.3605127,0.0,0.0,-4.724282,0.0,0.0
2016-10-11,10,2016,0,0,2016-17,0.8860928654060394,3.747831292124251,0.0,548.108417156315,281215.0,2.0,0.1965,0.2,902.6735616880608,779.8227213888348,0.0,1.1814874510706883,1644325.251468945,611.3045201469985,641.8697461543484,93.76132899803338,14.607532067025774,Medium,-6.545628,0.09808365,31.07956,3.2790735,20.650482,-173.47629,-8.918757,4.316543,0.0,0.0,-9.908953,0.0,0.0
2016-10-12,10,2016,0,0,2016-17,0.9112239304297672,2.215208962849505,0.0,774.5525612335498,281215.0,2.0,0.1965,0.2,548.108417156315,778.7084338030328,0.0,1.1814874510706883,2323657.683700649,615.7858492999682,646.5751417649666,-127.9774194685832,-19.79312398544138,Low,-5.6291437,-0.41587758,33.89555,5.3608584,61.5081,-1.5303205,0.44033754,6.5078473,0.0,0.0,-6.8207054,0.0,0.0
2016-10-13,10,2016,0,0,2016-17,0.7638892484526731,1.2220972426320942,0.0,751.4807920463561,281215.0,2.0,0.1965,0.2,774.5525612335498,788.8399019265719,0.0,1.1814874510706883,2254442.3761390685,614.6262491573642,645.3575616152325,-106.1232304311236,-16.444098085023313,Low,-8.088544,-0.40917572,31.852873,3.80536,-76.3873,75.30181,1.3482702,18.543552,0.0,0.0,-6.7453017,0.0,0.0
2016-10-14,10,2016,0,0,2016-17,0.7409114426760309,1.5879260682971337,0.0,636.1508509616915,281215.0,2.0,0.1965,0.2,751.4807920463561,732.0396155427745,0.0,1.1814874510706883,1908452.5528850744,617.1422108380775,647.9993213799814,11.848470418289937,1.828469572013964,Low,-5.5125036,-0.4304698,26.522657,3.876603,-110.22442,26.266138,-0.2407921,10.818497,0.0,0.0,-5.805391,0.0,0.0
2016-10-15,10,2016,1,0,2016-17,0.7043633997003645,1.7888101620193426,0.0,626.9037466232392,281215.0,2.0,0.1965,0.2,636.1508509616915,708.9510643236782,0.0,1.1814874510706883,1880711.2398697173,616.9199452180807,647.7659424789847,20.86219585574554,3.220637963136255,Low,-1.5271413,2.2661881,32.534702,3.7555733,-135.48344,19.535091,2.8287678,8.839902,0.0,0.0,-5.720296,0.0,0.0
2016-10-16,10,2016,1,0,2016-17,0.805176267641979,2.402377333442469,0.0,719.07942865408,281215.0,2.0,0.1965,0.2,626.9037466232392,708.1150165944651,0.0,1.1814874510706883,2157238.28596224,619.7074850507005,650.6928593032355,-68.38656935084441,-10.509807872192267,Low,-1.9814625,0.92741895,45.52397,4.498308,-41.372658,-25.938814,1.6645125,7.4288692,0.0,0.0,-5.2053905,0.0,0.0
2016-10-17,10,2016,0,0,2016-17,0.8769753060563898,2.062717710785991,0.0,820.3482904688826,281215.0,2.0,0.1965,0.2,719.07942865408,708.4213369090418,0.0,1.1814874510706883,2461044.871406648,618.6048165970226,649.5350574268738,-170.81323304200885,-26.29776962596656,Low,-0.979405,-0.40811646,39.664314,4.760623,29.250957,-1.8142015,-0.82746416,9.91524,0.0,0.0,-6.3632627,0.0,0.0
2016-10-18,10,2016,0,0,2016-17,0.8176732135299196,3.677567892857669,0.0,643.6072535487341,281215.0,2.0,0.1965,0.2,820.3482904688826,696.6605838777306,0.0,1.1814874510706883,1930821.7606462024,621.9359999595495,653.032799957527,9.425546408792911,1.44334961573231,Low,-1.7752355,-0.20304991,36.97565,5.2631936,-16.488878,-136.69482,7.643013,11.843575,0.0,0.0,-8.459602,0.0,0.0
2016-10-19,10,2016,0,0,2016-17,0.8312424766071187,1.987853931623321,0.0,845.6526928183122,281215.0,2.0,0.1965,0.2,643.6072535487341,710.3032747909334,0.0,1.1814874510706883,2536958.0784549364,626.1001591433322,657.4051671004988,-188.24752571781332,-28.63493247978009,Low,-1.1860409,-0.44332874,41.18231,4.9105167,1.0408833,13.991905,1.8465933,11.169684,0.0,0.0,-6.5148964,0.0,0.0
2016-10-20,10,2016,0,0,2016-17,0.9712476083481244,3.96863205929325,0.0,695.523597573751,281215.0,2.0,0.1965,0.2,845.6526928183122,720.4604364458994,0.0,1.1814874510706883,2086570.792721253,624.5577746637432,655.7856633969304,-39.73793417682055,-6.059591783537997,Low,-5.5516315,-0.3698166,36.80724,4.246947,87.86407,-174.64583,-4.6838436,13.126056,0.0,0.0,-8.557059,0.0,0.0
2016-10-21,10,2016,0,0,2016-17,0.80447664010699,3.405699830980383,0.0,577.1055900905246,281215.0,2.0,0.1965,0.2,695.523597573751,712.4665515212415,0.0,1.1814874510706883,1731316.770271574,623.8582765885338,655.0511904179606,77.94560032743595,11.899161694172657,Medium,-2.2124267,-0.10693073,34.89853,4.629639,-32.18934,-137.05455,-1.7794294,12.258021,0.0,0.0,-7.80065,0.0,0.0
2016-10-22,10,2016,1,0,2016-17,0.8541968467479433,0.8340420574293432,0.0,917.2211566211264,281215.0,2.0,0.1965,0.2,577.1055900905246,704.031514253932,0.0,1.1814874510706883,2751663.469863379,625.7133055242274,656.9989708004388,-260.2221858206876,-39.60770067929517,Low,-3.761105,0.9817805,53.106792,4.83232,15.701667,125.731186,0.60507566,6.241628,0.0,0.0,-5.4659457,0.0,0.0
2016-10-23,10,2016,1,0,2016-17,0.935095903822343,3.722380858575665,0.0,677.8256788164927,281215.0,2.0,0.1965,0.2,917.2211566211264,745.5054299679158,0.0,1.1814874510706883,2033477.036449478,626.9861145775308,658.3354203064073,-19.49025851008537,-2.960536211315209,Low,-0.49725488,-0.39951092,32.11949,4.5241017,69.35954,-164.19902,2.0644627,10.122703,0.0,0.0,-7.675714,0.0,0.0
2016-10-24,10,2016,0,0,2016-17,0.818962834696381,0.4654655915419043,0.0,895.2793780698437,281215.0,2.0,0.1965,0.2,677.8256788164927,739.6120371339748,0.0,1.1814874510706883,2685838.134209531,631.0189221829447,662.569868292092,-232.7095097777517,-35.12225969128472,Low,-3.4750597,-0.45326394,45.757263,5.271437,-23.14501,134.61235,1.6145421,6.725758,0.0,0.0,-5.2390223,0.0,0.0
2016-10-25,10,2016,0,0,2016-17,0.8866260100683621,3.2697988339647663,0.0,672.5224582087272,281215.0,2.0,0.1965,0.2,895.2793780698437,750.3164782198264,0.0,1.1814874510706883,2017567.3746261816,630.9227112479035,662.4688468102987,-10.05361139842853,-1.517597611847766,Low,-2.8925378,-0.13671762,35.194294,3.9824667,21.933329,-124.363594,-8.654074,12.190679,0.0,0.0,-10.3515835,0.0,0.0
2016-10-26,10,2016,0,0,2016-17,0.9587091126240236,1.5224931739063203,0.0,851.9484381278982,281215.0,2.0,0.1965,0.2,672.5224582087272,754.4472217426825,0.0,1.1814874510706883,2555845.3143836944,632.7106332834386,664.3461649476105,-187.60227318028765,-28.23863267052677,Low,-6.3417377,-0.47768402,32.401047,5.3745193,86.344376,32.211113,1.9709052,9.601079,0.0,0.0,-6.0184283,0.0,0.0
2016-10-27,10,2016,0,0,2016-17,0.9848561870972926,3.511897281780278,0.0,652.5347472223456,281215.0,2.0,0.1965,0.2,851.9484381278982,755.3466139297662,0.0,1.1814874510706883,1957604.241667037,632.8647681999252,664.5080066099214,11.973259387575808,1.8018231937729436,Low,-4.94818,-0.06777579,32.95095,5.0151706,90.16484,-157.72952,-7.9412255,10.519469,0.0,0.0,-9.399211,0.0,0.0
2016-10-28,10,2016,0,0,2016-17,0.7441220442787113,3.4722267604298014,0.0,534.050676465258,281215.0,2.0,0.1965,0.2,652.5347472223456,749.2053495938511,0.0,1.1814874510706883,1602152.029395774,633.7636837041756,665.4518678893844,131.4011914241264,19.746160130392592,High,-2.9416678,-0.12346509,24.767815,4.851512,-96.053345,-141.73058,-0.56286895,13.793687,0.0,0.0,-5.935368,0.0,0.0
2016-10-29,10,2016,1,0,2016-17,0.9779762875484485,3.2237016004704846,0.0,744.2341369563392,281215.0,2.0,0.1965,0.2,534.050676465258,743.0546476473845,0.0,1.1814874510706883,2232702.4108690177,635.695887733858,667.4806821205509,-76.75345483578826,-11.498977707032148,Low,-6.311439,1.0192289,42.653946,6.126016,98.47272,-105.056435,5.6753325,6.5264044,0.0,0.0,-5.045092,0.0,0.0
2016-10-30,10,2016,1,0,2016-17,0.8476348879238614,3.160121745228245,0.0,606.1360227788873,281215.0,2.0,0.1965,0.2,744.2341369563392,718.3422162667006,0.0,1.1814874510706883,1818408.068336662,637.7702372624609,669.658749125584,63.522726346696686,9.485835349667624,Medium,-4.2918916,0.7258536,42.05898,4.596022,-12.362141,-113.776924,-0.92503184,11.658308,0.0,0.0,-8.957971,0.0,0.0
2016-10-31,10,2016,0,0,2016-17,0.7774733164896874,1.2187165563921631,0.0,781.7006738223843,281215.0,2.0,0.1965,0.2,606.1360227788873,708.100836832757,0.0,1.1814874510706883,2345102.021467153,638.2483915020889,670.1608110771933,-111.53986274519092,-16.64374593404016,Low,-2.9978564,-0.44674993,38.509716,4.488398,-54.76717,74.34823,0.51531875,8.492652,0.0,0.0,-5.251471,0.0,0.0
2016-11-01,11,2016,0,0,2016-17,0.8377407268714784,0.3236771322050087,0.0,1015.7758536425664,281215.0,2.0,0.1965,0.2,781.7006738223843,691.8753076545485,0.0,1.1814874510706883,3047327.5609277,643.9285467218688,676.1249740579623,-339.6508795846041,-50.23492588154077,Low,-5.531359,-0.47915882,48.159157,5.118975,13.9779005,157.80951,5.2617636,11.499538,0.0,0.0,-6.0812893,0.0,0.0
2016-11-02,11,2016,0,0,2016-17,0.9940097725856432,1.6119207150606458,0.0,829.0968867153854,281215.0,2.0,0.1965,0.2,1015.7758536425664,740.9115070022399,0.0,1.1814874510706883,2487290.6601461563,645.5937238429144,677.8734100350601,-151.22347668032523,-22.3085128346462,Low,-10.827728,-0.19458456,25.327072,4.439798,103.428535,39.69226,-4.346739,8.921567,0.0,0.0,-5.172991,0.0,0.0
2016-11-03,11,2016,0,0,2016-17,0.8477854281978608,0.6940980599460347,0.0,908.485714554772,281215.0,2.0,0.1965,0.2,829.0968867153854,737.6469996575952,0.0,1.1814874510706883,2725457.1436643163,649.6023605370914,682.082478563946,-226.40323599082603,-33.192941192023376,Low,-3.5924516,-0.42052197,49.437294,4.710893,13.083198,131.35812,-0.25000194,9.988626,0.0,0.0,-6.7730045,0.0,0.0
2016-11-04,11,2016,0,0,2016-17,0.7986254830862525,2.779804355609847,0.0,636.7033579297788,281215.0,2.0,0.1965,0.2,908.485714554772,774.2114235622275,0.0,1.1814874510706883,1910110.0737893365,650.4888073049248,683.013247670171,46.30988974039224,6.78023301866546,Medium,-4.7371087,-0.57353437,30.016102,3.512189,-38.8985,-60.169025,-10.38573,8.941771,0.0,0.0,-11.246883,0.0,0.0
2016-11-05,11,2016,1,0,2016-17,0.8900202562950177,1.384398906151142,0.0,876.5971535668607,281215.0,2.0,0.1965,0.2,636.7033579297788,788.8760923428734,0.0,1.1814874510706883,2629791.4607005822,654.638832199726,687.3707738097123,-189.2263797571484,-27.529011556364587,Low,-4.6803484,0.8872024,33.938225,4.147306,43.74458,57.117126,3.7721274,13.972496,0.0,0.0,-7.7229424,0.0,0.0
2016-11-06,11,2016,1,0,2016-17,0.7720436856334579,3.90244080343966,0.0,498.8823266824962,281215.0,2.0,0.1965,0.2,876.5971535668607,807.785094715805,0.0,1.1814874510706883,1496646.9800474886,655.1954928311578,687.9552674727157,189.0729407902195,27.48331900776065,High,-8.982286,-1.1616212,21.760035,4.500485,-64.63412,-156.38287,-7.4016085,11.7050295,0.0,0.0,-10.5422125,0.0,0.0
2016-11-07,11,2016,0,0,2016-17,0.7227589984325992,2.563888309381328,0.0,588.7546102762324,281215.0,2.0,0.1965,0.2,498.8823266824962,792.4631381306062,0.0,1.1814874510706883,1766263.8308286972,655.3903336898518,688.1598503743444,99.40524009811202,14.445079881373154,Medium,-6.133312,-0.06356773,35.192387,4.960447,-102.14618,-41.122658,3.0066292,-0.4328649,0.0,0.0,-10.669334,0.0,0.0
2016-11-08,11,2016,0,0,2016-17,0.7386639165731947,3.289922254537444,0.0,557.6322003345379,281215.0,2.0,0.1965,0.2,588.7546102762324,764.8994147668702,0.0,1.1814874510706883,1672896.6010036136,654.646417907173,687.3787388025318,129.7465384679939,18.875553045766683,High,-3.4077952,-0.3483196,30.648048,5.0912685,-83.79951,-107.81897,-1.2095898,14.8224745,0.0,0.0,-5.527981,0.0,0.0
2016-11-09,11,2016,0,0,2016-17,0.7384137516873317,0.5300986909673937,0.0,759.8233433573968,281215.0,2.0,0.1965,0.2,557.6322003345379,699.4503214371518,0.0,1.1814874510706883,2279470.0300721903,657.5582678026387,690.4361811927707,-69.38716216462603,-10.04975753801828,Low,-3.4476814,-0.4825635,38.50543,5.576099,-110.36751,121.904526,1.5869517,5.1962595,0.0,0.0,-5.239699,0.0,0.0
2016-11-10,11,2016,0,0,2016-17,0.7455708080536882,3.4480579290904902,0.0,458.06324023114246,281215.0,2.0,0.1965,0.2,759.8233433573968,689.5541009574392,0.0,1.1814874510706883,1374189.7206934274,655.023086875781,687.7742412195701,229.7110009884276,33.39918642214648,High,-4.03474,-0.23740347,29.995983,5.179937,-96.9569,-143.39253,-0.19354904,9.722562,0.0,0.0,-6.6204963,0.0,0.0
2016-11-11,11,2016,0,0,2016-17,0.741648151794823,3.691028762053577,0.0,506.6400049772162,281215.0,2.0,0.1965,0.2,458.06324023114246,625.2080331969207,0.0,1.1814874510706883,1519920.0149316487,652.6153161792578,685.2460819882207,178.60607701100446,26.0645163402882,High,-2.600606,-0.23130609,36.209892,10.868363,-93.50454,-140.92754,5.238047,-17.012663,0.0,0.0,-4.729968,0.0,0.0
2016-11-12,11,2016,1,0,2016-17,0.8922624234409644,1.948247675275744,0.0,719.1963209880191,281215.0,2.0,0.1965,0.2,506.6400049772162,606.6275542036975,0.0,1.1814874510706883,2157588.962964057,652.8005387278588,685.4405656642517,-33.7557553237674,-4.924680127598682,Low,-5.433681,0.94420743,50.006794,7.4383006,47.08665,11.847373,4.579691,-25.139606,0.0,0.0,-4.548833,0.0,0.0
2016-11-13,11,2016,1,0,2016-17,0.7545640253197434,2.4250117510039098,0.0,671.0375891315832,281215.0,2.0,0.1965,0.2,719.1963209880191,584.1417209781488,0.0,1.1814874510706883,2013112.7673947497,652.8253534095993,685.4666210800793,14.429031948496116,2.1049941025225287,Low,-4.216568,0.92972803,48.225056,6.1191454,-82.2139,-24.065262,-0.014300421,-23.430025,0.0,0.0,-3.4032533,0.0,0.0
2016-11-14,11,2016,0,0,2016-17,0.8037001849971589,3.0592392036119818,0.0,515.9062742388351,281215.0,2.0,0.1965,0.2,671.0375891315832,608.7353298994468,0.0,1.1814874510706883,1547718.8227165053,651.8874912458089,684.4818658080993,168.57559156926425,24.62820419212186,High,-5.228994,-0.4801981,45.197624,7.360607,-43.426636,-106.49639,-0.6262623,-28.13555,0.0,0.0,-7.5486097,0.0,0.0
2016-11-15,11,2016,0,0,2016-17,0.9690365229718036,0.6993545090416502,0.0,1058.0165517922846,281215.0,2.0,0.1965,0.2,515.9062742388351,598.3284247512473,0.0,1.1814874510706883,3174049.655376854,656.3501185479789,689.1676244753779,-368.8489273169067,-53.52093078918056,Low,-6.3014708,-0.5188632,57.821877,6.581457,113.413994,135.17952,6.2854958,-11.959676,0.0,0.0,-4.3452907,0.0,0.0
2016-11-16,11,2016,0,0,2016-17,0.8421884920788617,2.0102643058537697,0.0,771.1238781235484,281215.0,2.0,0.1965,0.2,1058.0165517922846,669.8119035309254,0.0,1.1814874510706883,2313371.634370645,658.9959230993846,691.9457192543539,-79.17815886919448,-11.442828052252056,Low,-5.5133224,-0.14885762,46.498806,4.73297,-6.9499383,12.180052,16.127546,0.47887024,0.0,0.0,-4.4934735,0.0,0.0
2016-11-17,11,2016,0,0,2016-17,0.9002673215563082,1.5946521110892524,0.0,864.4219094653715,281215.0,2.0,0.1965,0.2,771.1238781235484,671.4262656403755,0.0,1.1814874510706883,2593265.7283961144,661.4792789051064,694.5532428503618,-169.86866661500972,-24.45725628144639,Low,-6.569246,-0.4625559,43.502613,3.963365,53.55793,39.986744,-0.083422914,3.5761547,0.0,0.0,-6.902169,0.0,0.0
2016-11-18,11,2016,0,0,2016-17,0.7516959613604889,0.5854959686489964,0.0,665.7380118953458,281215.0,2.0,0.1965,0.2,864.4219094653715,729.4775041024084,0.0,1.1814874510706883,1997214.0356860373,660.5720384258348,693.6006403471265,27.862628451780665,4.017099585986,Low,-6.802562,-0.123146415,32.66052,4.533769,-101.464096,104.160164,-8.5243435,3.6698108,0.0,0.0,-8.885322,0.0,0.0
2016-11-19,11,2016,1,0,2016-17,0.7576867056426012,1.4701376891661255,0.0,699.4957112371702,281215.0,2.0,0.1965,0.2,665.7380118953458,752.2057908049982,0.0,1.1814874510706883,2098487.133711511,658.8515736476135,691.7941523299942,-7.701558907176036,-1.1132732014627231,Low,-4.582209,0.8436796,29.928022,4.061648,-83.14569,39.43077,1.2405326,13.544971,0.0,0.0,-4.8307524,0.0,0.0
2016-11-20,11,2016,1,0,2016-17,0.7122605848799436,0.2726892375419742,0.0,833.4829162835308,281215.0,2.0,0.1965,0.2,699.4957112371702,749.3914179834484,0.0,1.1814874510706883,2500448.7488505924,661.3141327606943,694.379839398729,-139.1030768848018,-20.03270673947744,Low,-3.2901058,1.8773366,34.936497,4.8921514,-110.02038,135.72713,1.9344153,9.058529,0.0,0.0,-3.7036881,0.0,0.0
2016-11-21,11,2016,0,0,2016-17,0.7506805189216493,0.1032476277979479,0.0,796.2611211317525,281215.0,2.0,0.1965,0.2,833.4829162835308,772.5978932908695,0.0,1.1814874510706883,2388783.3633952574,663.0270177637401,696.1783686519271,-100.08275247982532,-14.376021575278845,Low,-5.5409393,-0.4168102,30.329716,4.6367693,-92.17674,146.6906,-4.806286,12.423112,0.0,0.0,-4.595465,0.0,0.0
2016-11-22,11,2016,0,0,2016-17,0.7835771017095876,0.540665156619291,0.0,763.2881025535404,281215.0,2.0,0.1965,0.2,796.2611211317525,812.6485857041434,0.0,1.1814874510706883,2289864.307660621,666.7095137199963,700.0449894059961,-63.24311314754425,-9.034149819600517,Low,-9.55872,-0.3573275,35.42024,4.7906375,-67.872894,125.46226,3.3988483,16.364664,0.0,0.0,-10.20878,0.0,0.0
2016-11-23,11,2016,0,0,2016-17,0.753103145283024,3.852460446356696,0.0,478.8004968504911,281215.0,2.0,0.1965,0.2,763.2881025535404,770.54452152718,0.0,1.1814874510706883,1436401.490551473,662.5826530937661,695.7117857484544,216.91128889796332,31.178326045548843,High,-6.879749,-0.112471804,24.283197,4.7650514,-75.10656,-164.13005,-0.59583724,11.942402,0.0,0.0,-5.521732,0.0,0.0
2016-11-24,11,2016,0,0,2016-17,0.7266107601271167,2.198118143580068,0.0,625.7697604431262,281215.0,2.0,0.1965,0.2,478.8004968504911,728.7840384881717,0.0,1.1814874510706883,1877309.2813293785,662.1078206998678,695.2132117348613,69.44345129173507,9.988799136662443,Medium,-3.275943,-0.39422452,34.04046,4.4958615,-110.74768,-3.6220005,5.285361,11.702466,0.0,0.0,-5.226013,0.0,0.0
2016-11-25,11,2016,0,0,2016-17,0.7361907613301802,3.86328864461288,0.0,454.4471788758991,281215.0,2.0,0.1965,0.2,625.7697604431262,694.6908743421367,0.0,1.1814874510706883,1363341.536627697,662.580924676461,695.709970910284,241.2627920343849,34.67864514270376,High,-4.7819138,-0.22718109,29.892868,4.525694,-99.95209,-162.62325,0.06252083,9.182395,0.0,0.0,-5.86739,0.0,0.0
2016-11-26,11,2016,1,0,2016-17,0.8382336304098177,1.729991513320528,0.0,838.3633323349247,281215.0,2.0,0.1965,0.2,454.4471788758991,664.5064696250728,0.0,1.1814874510706883,2515089.9970047744,668.0258080658524,701.4270984691451,-136.93623386577963,-19.522518329366097,Low,-5.480677,0.94156635,46.826252,4.4318724,5.254858,41.51182,4.609246,4.3093114,0.0,0.0,-6.1032505,0.0,0.0
2016-11-27,11,2016,1,0,2016-17,0.7619001155217378,1.2472645323410383,0.0,737.0002840768541,281215.0,2.0,0.1965,0.2,838.3633323349247,684.3447012104664,0.0,1.1814874510706883,2211000.8522305624,671.9785293546953,705.5774558224301,-31.42282825442396,-4.453490966175657,Low,-4.882211,0.9055592,32.709534,3.986431,-82.62056,62.64193,1.7098502,9.502168,0.0,0.0,-6.6177173,0.0,0.0
2016-11-28,11,2016,0,0,2016-17,0.8092809583144226,2.0245674513609764,0.0,685.9378814818458,281215.0,2.0,0.1965,0.2,737.0002840768541,670.5614680380841,0.0,1.1814874510706883,2057813.644445537,670.9125064474285,704.4581317698,18.52025028795424,2.629006530370525,Low,-5.460908,-0.44332874,47.211205,4.579452,-40.515793,6.279486,-1.9588852,-2.0672524,0.0,0.0,-5.9128723,0.0,0.0
2016-11-29,11,2016,0,0,2016-17,0.8510251812564571,1.7580467545316405,0.0,706.6892118981642,281215.0,2.0,0.1965,0.2,685.9378814818458,654.8010052309545,0.0,1.1814874510706883,2120067.6356944926,669.6280039671557,703.1094041655135,-3.5798077326506927,-0.5091395039580494,Low,-4.871571,-0.44800565,45.218384,5.4728503,-4.3435187,21.05605,-1.097128,-18.090038,0.0,0.0,-5.796299,0.0,0.0
2016-11-30,11,2016,0,0,2016-17,0.9071184485888096,0.4226587370469756,0.0,991.7184842945602,281215.0,2.0,0.1965,0.2,706.6892118981642,646.7154494230435,0.0,1.1814874510706883,2975155.452883681,676.0397869332127,709.8417762798733,-281.87670801468687,-39.70979413073453,Low,-4.108933,-0.4945953,56.664776,5.3967104,50.63518,141.40784,2.0680118,-11.481324,0.0,0.0,-5.176418,0.0,0.0
2016-12-01,12,2016,0,0,2016-17,0.7117936419523296,2.563305258760825,0.0,613.4907490444663,281215.0,2.0,0.1965,0.2,991.7184842945602,719.9894476293392,0.0,1.1814874510706883,1840472.247133399,678.6316555261177,712.5632383024237,99.0724892579574,13.903676745096044,Medium,-2.1632538,-0.09642201,35.42183,4.7966304,-96.93705,-33.37913,2.684768,7.4785204,0.0,0.0,-5.5173173,0.0,0.0
2016-12-02,12,2016,0,0,2016-17,0.9398231196727128,0.8641527300383984,0.0,909.534706459225,281215.0,2.0,0.1965,0.2,613.4907490444663,718.2353031438163,0.0,1.1814874510706883,2728604.119377675,682.9139186320643,717.0596145636675,-192.4750918955575,-26.842271965445864,Low,-0.79549026,-0.48367733,44.800682,5.2497964,78.90961,111.701744,-3.8106244,2.681046,0.0,0.0,-5.161161,0.0,0.0
2016-12-03,12,2016,1,0,2016-17,0.8883701168472723,2.4783518195913183,0.0,617.8904864127816,281215.0,2.0,0.1965,0.2,909.534706459225,783.2478070842915,0.0,1.1814874510706883,1853671.4592383448,682.8169407973844,716.9577878372537,99.06730142447212,13.817731406937444,Medium,-8.907774,0.28351197,30.04869,3.6377504,17.215061,-58.46865,-10.409545,3.389207,0.0,0.0,-9.530133,0.0,0.0
2016-12-04,12,2016,1,0,2016-17,0.7245277095846615,2.600804369592613,0.0,618.1637250868156,281215.0,2.0,0.1965,0.2,617.8904864127816,751.751686238271,0.0,1.1814874510706883,1854491.1752604467,683.557761143491,717.7356492006655,99.57192411384996,13.87306374216498,Medium,-1.3549012,0.81955636,37.342003,4.6114364,-96.23807,-37.76584,-1.0435655,9.997053,0.0,0.0,-4.981981,0.0,0.0
2016-12-05,12,2016,0,0,2016-17,0.9620735872320332,0.6080994125145924,0.0,993.0835169559316,281215.0,2.0,0.1965,0.2,618.1637250868156,734.7750349539799,0.0,1.1814874510706883,2979250.550867795,688.1069812580554,722.5123303209582,-270.5711866349734,-37.44866008235165,Low,-3.3345544,-0.5021682,48.789997,5.8542504,105.31638,138.35754,-5.2034183,7.9371295,0.0,0.0,-5.3330054,0.0,0.0
2016-12-06,12,2016,0,0,2016-17,0.976261720159544,0.2453985084426726,0.0,1076.2392004814496,281215.0,2.0,0.1965,0.2,993.0835169559316,778.6529828788492,0.0,1.1814874510706883,3228717.601444349,693.0820020776587,727.7361021815416,-348.50309829990806,-47.888664208797245,Low,-5.92753,-0.20472234,33.61563,4.3685656,121.49491,175.00534,0.7261493,13.720301,0.0,0.0,-3.6103024,0.0,0.0
2016-12-07,12,2016,0,0,2016-17,0.7183233879564591,3.12304634427376,0.0,657.2727833527048,281215.0,2.0,0.1965,0.2,1076.2392004814496,831.4458383907471,0.0,1.1814874510706883,1971818.3500581144,694.9131962255254,729.6588560368017,72.38607268409692,9.920536437708364,Medium,1.7637525,0.044412952,30.332945,5.051086,-90.43409,-87.95217,37.508442,25.526442,0.0,0.0,-5.3100867,0.0,0.0
2016-12-08,12,2016,0,0,2016-17,0.7830632944441611,1.8392016950772807,0.0,708.1959669259904,281215.0,2.0,0.1965,0.2,657.2727833527048,783.6678811133391,0.0,1.1814874510706883,2124587.9007779714,699.1283561586027,734.0847739665329,25.888807040542478,3.526678111120004,Low,-2.5833805,-0.33786482,30.848398,4.765896,-53.914825,23.628965,5.568881,12.2028,0.0,0.0,-6.104522,0.0,0.0
2016-12-09,12,2016,0,0,2016-17,0.9418603839379184,0.2326551820219031,0.0,993.1121733128332,281215.0,2.0,0.1965,0.2,708.1959669259904,797.1971979535571,0.0,1.1814874510706883,2979336.5199385,703.4196906355731,738.5906751673518,-254.52149814548136,-34.46042668868128,Low,-1.1164007,-0.16877784,37.118584,4.6520314,80.32668,156.2957,1.2803049,7.565753,0.0,0.0,-6.2412615,0.0,0.0
2016-12-10,12,2016,1,0,2016-17,0.9244779071150976,3.9794652686790686,0.0,554.4058226173513,281215.0,2.0,0.1965,0.2,993.1121733128332,809.136836075501,0.0,1.1814874510706883,1663217.467852054,703.561800106835,738.7398901121768,184.3340674948255,24.952499514657937,High,-10.458384,-1.006078,31.864668,2.6571116,48.72459,-199.3086,-7.0265503,10.742393,0.0,0.0,-11.221872,0.0,0.0
2016-12-11,12,2016,1,0,2016-17,0.7553563058069132,0.2311222439854665,0.0,802.1222844400058,281215.0,2.0,0.1965,0.2,554.4058226173513,800.0675983904395,0.0,1.1814874510706883,2406366.853320017,703.9331943703671,739.1298540888855,-62.99243035112033,-8.52251197846286,Low,1.2477249,0.12513837,33.68934,5.685076,-84.3401,146.8684,3.1871986,10.4921875,0.0,0.0,-6.8480263,0.0,0.0
2016-12-12,12,2016,0,0,2016-17,0.762804797001013,2.7801409154342127,0.0,620.5323492462448,281215.0,2.0,0.1965,0.2,802.1222844400058,826.3473925837525,0.0,1.1814874510706883,1861597.0477387344,704.6056064812705,739.835886805334,119.30353755908914,16.125675935274057,High,-2.7149208,-0.00977559,34.86572,4.616377,-69.1893,-63.0897,0.8848926,11.015089,0.0,0.0,-11.254224,0.0,0.0
2016-12-13,12,2016,0,0,2016-17,0.8111416308374145,3.9347157010536544,0.0,549.3270663156777,281215.0,2.0,0.1965,0.2,620.5323492462448,773.1257971966543,0.0,1.1814874510706883,1647981.1989470331,702.2214197972073,737.3324907870677,188.00542447139003,25.49805234687313,High,-5.341683,-0.10051757,30.96677,4.481906,-25.397915,-160.3663,-0.2890963,10.377753,0.0,0.0,-7.286234,0.0,0.0
2016-12-14,12,2016,0,0,2016-17,0.8453568955573063,0.9567204168637023,0.0,944.6896467565672,281215.0,2.0,0.1965,0.2,549.3270663156777,697.8526351729727,0.0,1.1814874510706883,2834068.940269701,704.6062081168932,739.8365185227378,-204.85312823382932,-27.688972239822395,Low,4.156538,-0.4489125,53.161514,5.5676155,23.09553,124.814964,4.4653296,9.500601,0.0,0.0,-6.069729,0.0,0.0
2016-12-15,12,2016,0,0,2016-17,0.8854764314590888,0.5689974747487847,0.0,955.1223202074356,281215.0,2.0,0.1965,0.2,944.6896467565672,738.91218708781,0.0,1.1814874510706883,2865366.9606223064,709.1275459713959,744.5839232699657,-210.53839693746988,-28.275979423898256,Low,-1.5786948,-0.17566794,44.94758,4.050524,43.560932,139.5074,0.8146173,12.577383,0.0,0.0,-5.578518,0.0,0.0
2016-12-16,12,2016,0,0,2016-17,0.8106740918709316,0.4855397576897156,0.0,849.0932221288834,281215.0,2.0,0.1965,0.2,955.1223202074356,774.1873804137307,0.0,1.1814874510706883,2547279.6663866504,709.7222684039493,745.2083818241468,-103.8848403047366,-13.940374643994703,Low,-2.4983695,-0.16735813,40.17975,4.603269,-38.132076,139.53844,-0.5042873,11.727409,0.0,0.0,-4.3100877,0.0,0.0
2016-12-17,12,2016,1,0,2016-17,0.8387604148399443,1.2131005902703822,0.0,779.2506498368851,281215.0,2.0,0.1965,0.2,849.0932221288834,753.6132445303094,0.0,1.1814874510706883,2337751.949510656,711.515360663909,747.0911286971044,-32.159521139780736,-4.304631644584723,Low,-1.7087624,0.1675679,36.4043,4.034286,1.3951676,76.14715,-10.418375,12.801117,0.0,0.0,-8.538969,0.0,0.0
2016-12-18,12,2016,1,0,2016-17,0.924241281440127,0.4041832440425867,0.0,999.7344188297452,281215.0,2.0,0.1965,0.2,779.2506498368851,785.7339341330999,0.0,1.1814874510706883,2999203.256489236,717.441448646275,753.3135210785888,-246.4208977511564,-32.7115989366994,Low,-2.805587,1.1003873,42.2221,4.1744347,68.15049,151.21588,6.2882676,11.472481,0.0,0.0,-4.7648287,0.0,0.0
2016-12-19,12,2016,0,0,2016-17,0.7110049608671793,2.768645366776528,0.0,520.6268457315186,281215.0,2.0,0.1965,0.2,999.7344188297452,813.96423904592,0.0,1.1814874510706883,1561880.537194556,717.9536617148414,753.8513448005834,233.2244990690648,30.937730718084712,High,-8.2090225,-0.15924491,31.979935,4.789881,-94.21064,-58.613045,-3.9522765,-0.11004841,0.0,0.0,-11.737575,0.0,0.0
2016-12-20,12,2016,0,0,2016-17,0.7757310833032062,0.2491671925202507,0.0,850.0053865834324,281215.0,2.0,0.1965,0.2,520.6268457315186,799.6920242581018,0.0,1.1814874510706883,2550016.159750297,720.7440887541788,756.7812931918878,-93.22409339154456,-12.318498650825775,Low,2.6286192,-0.11214915,35.518772,5.0836096,-61.793964,150.3376,8.175584,9.116896,0.0,0.0,-6.8696446,0.0,0.0
2016-12-21,12,2016,0,0,2016-17,0.9140048757653656,2.037688512599159,0.0,835.274973428775,281215.0,2.0,0.1965,0.2,850.0053865834324,842.6460700106381,0.0,1.1814874510706883,2505824.920286325,721.4400926461826,757.5120972784918,-77.7628761502832,-10.265562283382843,Low,-15.072727,-0.019878797,34.547894,4.823592,67.023605,15.228998,-6.468704,36.15219,0.0,0.0,-11.924374,0.0,0.0
2016-12-22,12,2016,0,0,2016-17,0.9685620513061598,3.986787415411907,0.0,634.7819441857754,281215.0,2.0,0.1965,0.2,835.274973428775,827.0154023923822,0.0,1.1814874510706883,1904345.8325573264,720.1906559713788,756.2001887699478,121.41824458417238,16.056362638797278,High,-6.3590436,-0.005509373,33.932842,3.8572805,85.879814,-188.19327,-5.0912294,16.471207,0.0,0.0,-9.847271,0.0,0.0
2016-12-23,12,2016,0,0,2016-17,0.8535032326346998,3.2558810780240752,0.0,604.2464397628246,281215.0,2.0,0.1965,0.2,634.7819441857754,781.252491532145,0.0,1.1814874510706883,1812739.3192884736,723.0338320033421,759.1855236035093,154.9390838406847,20.40859302812561,High,-4.3639903,-0.41089946,37.657627,4.505798,-14.261908,-127.06294,4.0180073,7.5659704,0.0,0.0,-10.014196,0.0,0.0
2016-12-24,12,2016,1,0,2016-17,0.8596340455795947,2.4608777529240435,0.0,598.3887142154426,281215.0,2.0,0.1965,0.2,604.2464397628246,746.2743797655651,0.0,1.1814874510706883,1795166.1426463278,725.1549776728525,761.4127265564952,163.02401234105253,21.410728591093036,High,-5.9873543,0.86939144,35.955544,4.093618,-1.2877234,-54.28979,-4.02725,6.6572394,0.0,0.0,-6.435362,0.0,0.0
2016-12-25,12,2016,1,0,2016-17,0.7321516034019327,1.225014483146447,0.0,776.9979039686131,281215.0,2.0,0.1965,0.2,598.3887142154426,720.4369603910734,0.0,1.1814874510706883,2330993.7119058394,727.9165197759659,764.3123457647642,-12.685558203848814,-1.659734828848768,Low,5.1183095,0.8997529,32.65164,4.0514245,-104.7918,72.02639,0.62996656,7.1317234,0.0,0.0,-4.7691035,0.0,0.0
2016-12-26,12,2016,0,0,2016-17,0.8342237100470364,2.495583345166554,0.0,717.6363667339464,281215.0,2.0,0.1965,0.2,776.9979039686131,688.6174582680545,0.0,1.1814874510706883,2152909.100201839,730.7882129636816,767.3276236118658,49.691256877919386,6.47588531271937,Medium,-2.5029578,-0.45434475,38.670612,4.2467046,-9.599222,-55.220837,1.5703206,9.691877,0.0,0.0,-7.145292,0.0,0.0
2016-12-27,12,2016,0,0,2016-17,0.8597851799365069,2.1081658556466065,0.0,777.2813821590258,281215.0,2.0,0.1965,0.2,717.6363667339464,716.7616755541156,0.0,1.1814874510706883,2331844.1464770776,733.7734624726577,770.4621355962906,-6.819246562735202,-0.8850852297183329,Low,-6.430226,-0.41607004,36.537453,4.690751,15.835462,-8.622897,-0.0042112377,14.315201,0.0,0.0,-6.3262334,0.0,0.0
2016-12-28,12,2016,0,0,2016-17,0.7727411510904189,1.704333535561486,0.0,625.2071788315789,281215.0,2.0,0.1965,0.2,777.2813821590258,706.3725320649146,0.0,1.1814874510706883,1875621.5364947368,734.7443353209663,771.4815520870147,146.27437325543588,18.960190669463696,High,-4.6610503,-0.45748627,32.97227,3.5733812,-83.26979,25.68982,-0.2266877,7.1732497,0.0,0.0,-5.8543406,0.0,0.0
2016-12-29,12,2016,0,0,2016-17,0.7807729692848142,0.5228415069607979,0.0,898.368441438148,281215.0,2.0,0.1965,0.2,625.2071788315789,676.3628471224581,0.0,1.1814874510706883,2695105.324314444,736.190100661788,772.9996056948775,-125.36883574327057,-16.2184863769202,Low,4.1503067,-0.4890117,50.77772,5.1982245,-56.235207,138.80472,4.467655,-0.04138796,0.0,0.0,-4.5932975,0.0,0.0
2016-12-30,12,2016,0,0,2016-17,0.8131852489313868,3.546416860961867,0.0,556.9778270260103,281215.0,2.0,0.1965,0.2,898.368441438148,714.0180610156541,0.0,1.1814874510706883,1670933.481078031,734.6652723705181,771.398535989044,214.4207089630337,27.79635933429864,High,1.870746,0.16519442,29.4305,4.770703,-22.049868,-138.90298,-10.359109,12.498847,0.0,0.0,-10.471408,0.0,0.0
2016-12-31,12,2016,1,0,2016-17,0.7060213593333179,1.79913859528529,0.0,626.9683919338413,281215.0,2.0,0.1965,0.2,556.9778270260103,707.265402053252,0.0,1.1814874510706883,1880905.175801524,731.9120910249712,768.5076955762198,141.5393036423785,18.41742177171741,High,0.10207076,1.036268,32.72376,5.457156,-118.3307,17.6164,-1.6639043,9.858395,0.0,0.0,-5.546699,0.0,0.0
2017-01-01,1,2017,1,0,2016-17,0.7966237496749534,0.7784900472830603,0.0,756.4408412433884,281215.0,2.0,0.1965,0.2,626.9683919338413,711.3482131558804,0.0,1.1814874510706883,2269322.5237301653,732.9371008111682,769.5839558517266,13.143114608338236,1.7078207658048528,Low,-0.7500745,1.063731,41.349922,4.6033897,-58.96517,90.95815,2.439267,1.238137,0.0,0.0,-5.4768333,0.0,0.0
2017-01-02,1,2017,0,0,2016-17,0.7634344020989634,1.4710374035091585,0.0,623.8860630105737,281215.0,2.0,0.1965,0.2,756.4408412433884,708.4114899094199,0.0,1.1814874510706883,1871658.189031721,733.6924078417641,770.3770282338523,146.49096522327864,19.015489799730958,High,2.4833958,-0.51399666,32.225838,4.005804,-84.2298,37.733185,0.1298852,4.472788,0.0,0.0,-5.671747,0.0,0.0
2017-01-03,1,2017,0,0,2016-17,0.7982492056533743,1.656519010115708,0.0,803.9077885310812,281215.0,2.0,0.1965,0.2,623.8860630105737,695.0185893775094,0.0,1.1814874510706883,2411723.365593244,734.8065801102341,771.5469091157458,-32.360879415335376,-4.19428540675816,Low,4.782352,-0.51277876,36.80932,4.1976113,-43.981003,36.487247,2.4257133,11.891127,0.0,0.0,-4.7475224,0.0,0.0
2017-01-04,1,2017,0,0,2016-17,0.7359286395457754,3.310151582267497,0.0,618.1910858223986,281215.0,2.0,0.1965,0.2,803.9077885310812,698.8223617163746,0.0,1.1814874510706883,1854573.257467196,728.9077833223392,765.3531724884563,147.1620866660577,19.227997211741787,High,9.211254,-0.90044975,35.485126,4.885965,-84.7852,-103.67316,4.8213506,4.961123,0.0,0.0,-2.1994479,0.0,0.0
2017-01-05,1,2017,0,0,2016-17,0.9671581842219684,2.934457522245608,0.0,749.7001308887204,281215.0,2.0,0.1965,0.2,618.1910858223986,697.820062715063,0.0,1.1814874510706883,2249100.392666161,728.3736657822654,764.7923490713788,15.092218182658373,1.973374629202756,Low,6.280034,-0.87809896,37.06892,5.2049465,85.72536,-82.918365,-3.021474,5.3337893,0.0,0.0,-6.8386497,0.0,0.0
2017-01-06,1,2017,0,0,2016-17,0.8780777360662146,3.077219574565359,0.0,637.3477139939783,281215.0,2.0,0.1965,0.2,749.7001308887204,676.5817326365734,0.0,1.1814874510706883,1912043.1419819351,728.4246839296683,764.8459181261517,127.49820413217331,16.669789445244067,High,7.936094,-0.566134,47.732265,4.476456,15.17492,-108.8373,-0.28509092,-2.6460657,0.0,0.0,-7.8635254,0.0,0.0
2017-01-07,1,2017,1,0,2016-17,0.9037306957433467,0.0441250577145888,0.0,978.2699307273016,281215.0,2.0,0.1965,0.2,637.3477139939783,688.0631450605688,0.0,1.1814874510706883,2934809.792181905,731.3284033105044,767.8948234760297,-210.37510725127183,-27.396343980933064,Low,-0.16523758,1.1213658,45.924576,4.6782537,52.098007,161.75702,5.0678844,6.3178554,0.0,0.0,-4.6649246,0.0,0.0
2017-01-08,1,2017,1,0,2016-17,0.9367513715822016,1.664615992719046,0.0,847.7215782132758,281215.0,2.0,0.1965,0.2,978.2699307273016,738.2490791739203,0.0,1.1814874510706883,2543164.734639828,730.7178257163403,767.2537170021573,-80.46786121111859,-10.487777305990209,Low,4.743418,1.1566253,35.14922,4.352191,72.37047,35.556557,0.5824774,7.5205584,0.0,0.0,-3.7426322,0.0,0.0
2017-01-09,1,2017,0,0,2016-17,0.8495326596787172,1.9253766065412945,0.0,695.1715630731157,281215.0,2.0,0.1965,0.2,847.7215782132758,751.2891844553327,0.0,1.1814874510706883,2085514.6892193472,732.3518606709713,768.9694537045199,73.79789063140413,9.596985975955466,Medium,3.77975,-0.0813947,32.31818,4.3660436,-0.6362106,10.718169,-5.6956077,13.99176,0.0,0.0,-6.697547,0.0,0.0
2017-01-10,1,2017,0,0,2016-17,0.7260760864262271,0.0767691072922267,0.0,783.9227110743723,281215.0,2.0,0.1965,0.2,695.1715630731157,761.4728273214103,0.0,1.1814874510706883,2351768.133223117,732.4559734469804,769.0787721193294,-14.84393895504286,-1.9300934433722332,Low,1.0540988,-1.0080903,31.962109,4.2057986,-121.98568,145.18811,2.4274774,7.6482973,0.0,0.0,-7.2246156,0.0,0.0
2017-01-11,1,2017,0,0,2016-17,0.8611319625455643,1.0392528349801369,0.0,865.4416629941229,281215.0,2.0,0.1965,0.2,783.9227110743723,758.6178162561662,0.0,1.1814874510706883,2596324.9889823687,733.7222053464001,770.4083156137201,-95.0333473804028,-12.335451922620754,Low,4.8985605,-0.4767276,46.699543,3.9662437,28.637878,110.32876,2.7914588,7.236831,0.0,0.0,-6.9061737,0.0,0.0
2017-01-12,1,2017,0,0,2016-17,0.8760523354062637,3.04115929248854,0.0,733.5587988387097,281215.0,2.0,0.1965,0.2,865.4416629941229,793.9393272806982,0.0,1.1814874510706883,2200676.396516129,734.8045158783669,771.5447416722853,37.98594283357568,4.923362286319652,Low,21.9767,0.82960284,40.38281,3.876594,20.505371,-84.52242,-1.4369853,20.536034,0.0,0.0,-9.209043,0.0,0.0
2017-01-13,1,2017,0,0,2016-17,0.9236318422552988,0.5484388229159962,0.0,970.2714702612192,281215.0,2.0,0.1965,0.2,733.5587988387097,791.6334227021252,0.0,1.1814874510706883,2910814.410783658,738.6197128076777,775.5506984480617,-194.7207718131575,-25.10742008263408,Low,8.8889885,-0.392368,39.52127,4.3247795,72.318665,129.10428,-5.896003,12.431325,0.0,0.0,-9.801382,0.0,0.0
2017-01-14,1,2017,1,0,2016-17,0.8294978638689038,2.1412405258103666,0.0,636.414995494627,281215.0,2.0,0.1965,0.2,970.2714702612192,839.1939593117311,0.0,1.1814874510706883,1909244.9864838808,737.7012191059061,774.5862800612015,138.1712845665745,17.83807538595408,High,-0.4355588,-5.434211,31.372957,4.772201,-30.322592,-16.936064,-4.216782,24.345404,0.0,0.0,-14.201649,0.0,0.0
2017-01-15,1,2017,1,0,2016-17,0.7382740908386691,0.86080748806895,0.0,768.942545189578,281215.0,2.0,0.1965,0.2,636.414995494627,790.3575399927776,0.0,1.1814874510706883,2306827.6355687343,737.1300441583583,773.9865463662762,5.0440011766982025,0.6516910662567529,Low,6.744418,1.765264,33.500805,3.9221218,-101.94342,106.96707,3.7796295,20.045225,0.0,0.0,-8.079039,0.0,0.0
2017-01-16,1,2017,0,0,2016-17,0.7851327717396173,0.048483098575573,0.0,853.4877408987394,281215.0,2.0,0.1965,0.2,768.942545189578,779.1033924179636,0.0,1.1814874510706883,2560463.222696218,739.4620495733584,776.4351520520263,-77.05258884671309,-9.923892374407858,Low,0.9885681,-0.45893314,33.81856,5.28118,-60.45735,155.46094,7.269895,12.955239,0.0,0.0,-6.5490003,0.0,0.0
2017-01-17,1,2017,0,0,2016-17,0.8089246889195905,0.964805830398166,0.0,887.7702713758041,281215.0,2.0,0.1965,0.2,853.4877408987394,801.7199892501956,0.0,1.1814874510706883,2663310.814127412,739.9300226684416,776.9265238018637,-110.8437475739404,-14.266953718033754,Low,10.834751,0.8028483,37.38635,3.921832,-42.29534,99.349464,0.7898618,20.538153,0.0,0.0,-4.6111693,0.0,0.0
2017-01-18,1,2017,0,0,2016-17,0.8937751723994803,3.903495019640215,0.0,684.5000204997673,281215.0,2.0,0.1965,0.2,887.7702713758041,816.555355007543,0.0,1.1814874510706883,2053500.0614993016,739.8075384787306,776.7979154026672,92.29789490289988,11.88184121929004,Medium,18.846752,0.9819617,33.70167,3.7794375,43.51698,-168.45169,-5.7633524,23.898035,0.0,0.0,-4.845534,0.0,0.0
2017-01-19,1,2017,0,0,2016-17,0.8712334914006735,3.2061484475319584,0.0,738.6529729233664,281215.0,2.0,0.1965,0.2,684.5000204997673,790.7065489369206,0.0,1.1814874510706883,2215958.918770099,741.6025093990957,778.6826348690505,40.0296619456841,5.140690205890594,Medium,13.192068,-0.4641382,42.647755,4.1732583,19.496372,-102.95673,-0.66264176,17.31416,0.0,0.0,-9.629834,0.0,0.0
2017-01-20,1,2017,0,0,2016-17,0.8068290177693538,3.8383065772841336,0.0,520.9171586807546,281215.0,2.0,0.1965,0.2,738.6529729233664,791.4342880918715,0.0,1.1814874510706883,1562751.4760422637,737.1991316442026,774.0590882264128,253.14192954565817,32.703179046147184,High,16.713417,0.33481252,29.39359,4.153271,-30.293392,-157.53285,-3.982318,9.881709,0.0,0.0,-8.214803,0.0,0.0
2017-01-21,1,2017,1,0,2016-17,0.995954574637894,1.9514161757054496,0.0,1000.7078191535232,281215.0,2.0,0.1965,0.2,520.9171586807546,727.2408150089481,0.0,1.1814874510706883,3002123.457460569,740.7867109812807,777.8260465303448,-222.88177262317845,-28.65444961857333,Low,17.51686,1.7428346,33.384003,5.247201,138.80556,24.434946,14.788318,15.575935,0.0,0.0,-1.3301495,0.0,0.0
2017-01-22,1,2017,1,0,2016-17,0.8817324458070661,0.438944794710014,0.0,955.7098657144136,281215.0,2.0,0.1965,0.2,1000.7078191535232,779.2826469602189,0.0,1.1814874510706883,2867129.5971432403,741.4581608439981,778.5310688861981,-177.17879682821547,-22.75808942110628,Low,4.379861,0.2990033,41.15037,4.3698907,29.887953,140.17513,8.305734,15.3385725,0.0,0.0,-1.8351314,0.0,0.0
2017-01-23,1,2017,0,0,2016-17,0.7711680375207983,2.191837955894772,0.0,759.0133987856485,281215.0,2.0,0.1965,0.2,955.7098657144136,805.9636927494812,0.0,1.1814874510706883,2277040.1963569457,742.4191712948527,779.5401298595954,20.52673107394685,2.6331846543479376,Low,12.278001,0.83055913,27.648664,4.4191246,-78.98617,-6.1187243,10.684286,19.93619,0.0,0.0,-1.5906858,0.0,0.0
2017-01-24,1,2017,0,0,2016-17,0.7305347417861211,1.8175093382398435,0.0,635.9303035629162,281215.0,2.0,0.1965,0.2,759.0133987856485,792.4673581618969,0.0,1.1814874510706883,1907790.9106887484,740.0189697996864,777.0199182896707,141.08961472675458,18.157786101199637,High,10.4867115,-0.32071635,24.35858,3.6983962,-110.83891,19.410734,-2.1632981,16.341888,0.0,0.0,-9.829267,0.0,0.0
2017-01-25,1,2017,0,0,2016-17,0.7458577417552996,3.377428330958464,0.0,531.9736344751819,281215.0,2.0,0.1965,0.2,635.9303035629162,756.4902199029128,0.0,1.1814874510706883,1595920.903425546,738.6794018802734,775.6133719742871,243.6397374991052,31.41252411351957,High,7.4199767,-0.8104292,27.52075,4.6768866,-92.4483,-120.116844,1.1082692,9.68987,0.0,0.0,-2.5621624,0.0,0.0
2017-01-26,1,2017,0,0,2016-17,0.7737873185153524,0.3923303231369783,0.0,840.8286094315688,281215.0,2.0,0.1965,0.2,531.9736344751819,734.7007361851148,0.0,1.1814874510706883,2522485.8282947065,742.0880455798991,779.1924478588941,-61.63616157267472,-7.910261674383754,Low,7.040877,-0.5119755,42.528755,5.277652,-64.061386,137.9021,9.737207,8.978809,0.0,0.0,-5.824378,0.0,0.0
2017-01-27,1,2017,0,0,2016-17,0.7482044119778667,1.9529645480871127,0.0,677.07408015383,281215.0,2.0,0.1965,0.2,840.8286094315688,749.2972556862867,0.0,1.1814874510706883,2031222.24046149,741.3418227265379,778.4089138628648,101.3348337090348,13.018200576116133,Medium,4.3747725,-0.7954004,26.301361,3.5164511,-98.104034,8.673745,0.8255257,13.495387,0.0,0.0,-5.1371365,0.0,0.0
2017-01-28,1,2017,1,0,2016-17,0.7559701072153917,0.600194658775937,0.0,858.8273645213342,281215.0,2.0,0.1965,0.2,677.07408015383,771.6053873252974,0.0,1.1814874510706883,2576482.0935640023,744.1495043014538,781.3569795165265,-77.47038500480767,-9.914851602495872,Low,5.3367767,0.9770338,36.4314,4.568379,-85.36013,114.44971,2.018967,18.992912,0.0,0.0,-6.0549083,0.0,0.0
2017-01-29,1,2017,1,0,2016-17,0.7855285506081541,1.29870370756024,0.0,746.181792482877,281215.0,2.0,0.1965,0.2,858.8273645213342,751.3367509492704,0.0,1.1814874510706883,2238545.377448631,743.7548500643481,780.9425925675656,34.76080008468864,4.451133849724197,Low,4.7347965,0.12153046,28.32896,3.7871544,-52.089607,59.16567,-5.255905,13.412387,0.0,0.0,-7.2310133,0.0,0.0
2017-01-30,1,2017,0,0,2016-17,0.7520120785884264,2.9494283095511986,0.0,653.4923342257861,281215.0,2.0,0.1965,0.2,746.181792482877,721.4041690590509,0.0,1.1814874510706883,1960477.0026773585,739.7294776263839,776.715951507703,123.22361728191696,15.8646950719532,High,5.3175964,-0.46253905,42.230007,4.7243767,-68.03393,-55.74633,1.1297752,3.597209,0.0,0.0,-3.9398115,0.0,0.0
2017-01-31,1,2017,0,0,2016-17,0.9690296273879276,1.904072517475066,0.0,911.9040364563714,281215.0,2.0,0.1965,0.2,653.4923342257861,706.3297312647848,0.0,1.1814874510706883,2735712.109369114,740.6495570679507,777.6820349213483,-134.22200153502308,-17.259239060163935,Low,2.8169606,-0.8281554,44.286278,6.0783324,110.58679,34.24104,0.26709154,5.156599,0.0,0.0,-5.7819843,0.0,0.0
2017-02-01,2,2017,0,0,2016-17,0.7240701236984927,1.503553140583077,0.0,671.3615397990617,281215.0,2.0,0.1965,0.2,911.9040364563714,745.7545502495642,0.0,1.1814874510706883,2014084.619397185,738.0148440151094,774.9155862158649,103.5540464168032,13.363267981547168,Medium,1.3593662,-0.17836973,21.449226,3.235048,-115.84251,39.38148,1.6325935,12.026079,0.0,0.0,-6.969364,0.0,0.0
2017-02-02,2,2017,0,0,2016-17,0.8573534168710764,1.5779051142801412,0.0,838.2458679571821,281215.0,2.0,0.1965,0.2,671.3615397990617,765.6671081529756,0.0,1.1814874510706883,2514737.603871546,740.254205237636,777.2669154995178,-60.97895245766426,-7.845304005828625,Low,5.418635,-0.41632658,33.98266,4.4069,15.170702,38.69539,1.6062376,14.759451,0.0,0.0,-6.4655113,0.0,0.0
2017-02-03,2,2017,0,0,2016-17,0.8231190480968984,1.8377870736239463,0.0,719.8383480686774,281215.0,2.0,0.1965,0.2,838.2458679571821,765.298145085206,0.0,1.1814874510706883,2159515.044206032,738.5124407321006,775.4380627687057,55.59971470002824,7.170103889601339,Medium,2.5405633,-0.33718944,29.342958,4.7262917,-28.691721,17.928999,-0.51498675,17.034904,0.0,0.0,-4.6749396,0.0,0.0
2017-02-04,2,2017,1,0,2016-17,0.994713585072582,3.1400661753482275,0.0,888.3006447283454,281215.0,2.0,0.1965,0.2,719.8383480686774,771.4073262158985,0.0,1.1814874510706883,2664901.9341850365,742.8393109326103,779.9812764792408,-108.31936824910464,-13.887431854524465,Low,17.040642,1.6613424,41.43196,5.1361656,118.46648,-103.10609,8.587313,12.0805435,0.0,0.0,-1.3183554,0.0,0.0
2017-02-05,2,2017,1,0,2016-17,0.7336116706504157,3.5683387557609376,0.0,376.05045610309406,281215.0,2.0,0.1965,0.2,888.3006447283454,775.6177948169001,0.0,1.1814874510706883,1128151.3683092822,740.4759314417975,777.4997280138873,401.4492719107933,51.6333649320097,High,-4.0491233,-0.7466914,20.137487,4.109859,-122.12181,-156.28712,-23.033085,7.1143637,0.0,0.0,-7.810681,0.0,0.0
2017-02-06,2,2017,0,0,2016-17,0.8193566797137225,3.821338746015713,0.0,599.5837995284395,281215.0,2.0,0.1965,0.2,376.05045610309406,722.7418896197881,0.0,1.1814874510706883,1798751.3985853186,740.9420603217296,777.9891633378162,178.4053638093767,22.93160010660843,High,5.1759143,-0.12029903,35.279392,4.914279,-14.032944,-151.09782,3.5214608,8.626114,0.0,0.0,-4.372699,0.0,0.0
2017-02-07,2,2017,0,0,2016-17,0.9908411299826106,3.1476135450211804,0.0,656.0361310216565,281215.0,2.0,0.1965,0.2,599.5837995284395,715.0406703773103,0.0,1.1814874510706883,1968108.3930649688,739.788869073555,776.7783125272329,120.74218150557635,15.5439691812126,High,1.9840971,-0.7559246,41.456684,5.104146,95.477974,-111.44962,-7.563831,-3.989536,0.0,0.0,-7.7146435,0.0,0.0
2017-02-08,2,2017,0,0,2016-17,0.959652137768194,1.261627582992051,0.0,918.751506156534,281215.0,2.0,0.1965,0.2,656.0361310216565,678.4881124580653,0.0,1.1814874510706883,2756254.518469602,744.9076275838369,782.1530089630287,-136.5984971935053,-17.464421363616093,Low,2.3480294,-0.7864431,47.091255,5.3140726,103.40759,71.25093,-2.8466976,1.7018721,0.0,0.0,-7.3418837,0.0,0.0
2017-02-09,2,2017,0,0,2016-17,0.945121621284784,2.7525388243461686,0.0,755.9408514836898,281215.0,2.0,0.1965,0.2,918.751506156534,713.8295362234185,0.0,1.1814874510706883,2267822.5544510693,747.6776369894644,785.0615188389377,29.12066735524786,3.709348459508716,Low,-0.2430469,-0.98330814,30.541355,4.5631924,93.23425,-76.64464,-1.2799548,1.9186742,0.0,0.0,-7.9099383,0.0,0.0
2017-02-10,2,2017,0,0,2016-17,0.7773708481134819,1.7504124962215677,0.0,795.9069009669872,281215.0,2.0,0.1965,0.2,755.9408514836898,702.0716767272052,0.0,1.1814874510706883,2387720.702900961,748.5299767670086,785.9564756053591,-9.950425361628165,-1.266027530845668,Low,0.8955313,-0.4734218,35.809467,4.9644237,-55.416634,41.69741,0.295045,8.732669,0.0,0.0,-5.6574907,0.0,0.0
2017-02-11,2,2017,1,0,2016-17,0.7512662762170197,1.0186824881842047,0.0,710.8922812923262,281215.0,2.0,0.1965,0.2,795.9069009669872,712.9386128555352,0.0,1.1814874510706883,2132676.8438769784,748.9728066799058,786.4214470139011,75.52916572157494,9.60415894154014,Medium,1.3036329,0.76050323,33.044537,4.054734,-100.453865,82.15927,4.278684,1.1012528,0.0,0.0,-7.2998643,0.0,0.0
2017-02-12,2,2017,1,0,2016-17,0.9005929659773293,3.3634863177036904,0.0,736.3813877390211,281215.0,2.0,0.1965,0.2,710.8922812923262,687.594560936104,0.0,1.1814874510706883,2209144.163217063,751.4225301632412,788.9936566714033,52.61226893238222,6.668275275411238,Medium,5.960439,0.9028053,46.753277,4.529843,45.765514,-122.00128,1.8063148,4.2042575,0.0,0.0,-4.3195095,0.0,0.0
2017-02-13,2,2017,0,0,2016-17,0.9788127967382758,0.1537053958492999,0.0,1004.8523136394964,281215.0,2.0,0.1965,0.2,736.3813877390211,739.0704083126649,0.0,1.1814874510706883,3014556.940918489,750.831816405988,788.3734072262874,-216.47890641320896,-27.45893055612324,Low,0.3995323,-0.7958994,33.716476,5.5522437,120.55559,163.56004,-2.5729113,2.187868,0.0,0.0,-6.5364885,0.0,0.0
2017-02-14,2,2017,0,0,2016-17,0.8670288679041789,3.607047968541694,0.0,690.3387321584578,281215.0,2.0,0.1965,0.2,1004.8523136394964,796.9659103285302,0.0,1.1814874510706883,2071016.196475373,749.9342036730426,787.4309138566947,97.09218169823691,12.330247643275383,Medium,16.99649,1.1649581,32.064747,3.9841657,19.345318,-148.26083,15.418898,18.62295,0.0,0.0,-2.395368,0.0,0.0
2017-02-15,2,2017,0,0,2016-17,0.8714838068409699,1.8459098584989369,0.0,762.8325221924682,281215.0,2.0,0.1965,0.2,690.3387321584578,801.8662819195017,0.0,1.1814874510706883,2288497.5665774047,748.8054327033434,786.2457043385106,23.413182146042345,2.9778454771642258,Low,5.352362,0.034642603,27.522398,4.8020525,15.987646,18.005743,-3.8394856,12.019638,0.0,0.0,-7.156144,0.0,0.0
2017-02-16,2,2017,0,0,2016-17,0.7839937280980852,2.5488059072331217,0.0,652.8242438092793,281215.0,2.0,0.1965,0.2,762.8325221924682,779.5921413532067,0.0,1.1814874510706883,1958472.7314278376,748.6619463912762,786.09504371084,133.27079990156062,16.95352247387829,High,8.581746,-0.35385513,29.808159,4.144619,-66.70768,-52.2029,2.7238584,7.8541074,0.0,0.0,-4.0096307,0.0,0.0
2017-02-17,2,2017,0,0,2016-17,0.930847879957581,2.637415688823131,0.0,742.4286636895021,281215.0,2.0,0.1965,0.2,652.8242438092793,764.8611973997195,0.0,1.1814874510706883,2227285.991068506,749.1389791963021,786.5959281561172,44.167264466615165,5.614987681178183,Medium,6.797394,-0.7259755,31.34515,3.980495,62.38843,-64.810646,-2.525695,12.351219,0.0,0.0,-5.2842727,0.0,0.0
2017-02-18,2,2017,1,0,2016-17,0.756113124567257,3.580470962826145,0.0,610.2531418693522,281215.0,2.0,0.1965,0.2,742.4286636895021,757.2214492172216,0.0,1.1814874510706883,1830759.4256080568,746.6586483694778,783.9915807879516,173.7384389185994,22.160753147882453,High,5.4240446,-0.06043631,29.066305,5.354483,-61.88183,-130.74942,0.21928617,13.435418,0.0,0.0,-1.1225184,0.0,0.0
2017-02-19,2,2017,1,0,2016-17,0.797103770921273,2.5466787286688293,0.0,720.1826176217991,281215.0,2.0,0.1965,0.2,610.2531418693522,742.8444292996539,0.0,1.1814874510706883,2160547.852865397,745.8133316638116,783.1039982470022,62.92138062520314,8.034869029663264,Medium,3.5440993,0.7413863,42.26877,4.156906,-41.549435,-37.282207,-2.9670963,3.5307286,0.0,0.0,-2.5591416,0.0,0.0
2017-02-20,2,2017,0,0,2016-17,0.8276309315849251,2.455734339040247,0.0,718.0368273461803,281215.0,2.0,0.1965,0.2,720.1826176217991,740.530319282908,0.0,1.1814874510706883,2154110.4820385408,745.3105397170633,782.5760667029165,64.53923935673618,8.247024423919257,Medium,2.841881,-0.36949763,37.234573,4.478218,-17.28342,-29.202673,0.2169974,9.431518,0.0,0.0,-4.613355,0.0,0.0
2017-02-21,2,2017,0,0,2016-17,0.8522831136053365,0.2666081622427598,0.0,857.3051927424897,281215.0,2.0,0.1965,0.2,718.0368273461803,699.5566783838627,0.0,1.1814874510706883,2571915.578227469,749.5161474491964,786.9919548216562,-70.31323792083344,-8.934429061192557,Low,-0.0064646527,-0.49839666,49.667507,5.0123453,9.390015,145.79816,-0.10407165,4.273809,0.0,0.0,-7.6760936,0.0,0.0
2017-02-22,2,2017,0,0,2016-17,0.772722919724524,2.0736320877808163,0.0,640.4936853208783,281215.0,2.0,0.1965,0.2,857.3051927424897,723.4090298958672,0.0,1.1814874510706883,1921481.0559626347,749.6797466145048,787.1637339452301,146.6700486243518,18.63272433668253,High,3.6232638,-0.042747203,28.99286,3.772469,-84.59816,-11.911041,-2.9303498,4.777285,0.0,0.0,-6.2548103,0.0,0.0
2017-02-23,2,2017,0,0,2016-17,0.734451047421761,0.6006760032681666,0.0,709.5341093546418,281215.0,2.0,0.1965,0.2,640.4936853208783,705.9320531999258,0.0,1.1814874510706883,2128602.3280639253,752.5140458420464,790.1397481341487,80.60563877950688,10.20144081725424,Medium,-0.74814814,-0.5048269,36.510006,4.066937,-116.735596,113.12792,2.0892541,1.7272596,0.0,0.0,-7.906584,0.0,0.0
2017-02-24,2,2017,0,0,2016-17,0.8831860127324898,2.9497350748859423,0.0,566.6699800976509,281215.0,2.0,0.1965,0.2,709.5341093546418,714.033462563549,0.0,1.1814874510706883,1700009.9402929526,749.4952308171878,786.9699923580472,220.30001226039636,27.993445035978777,High,3.3059685,-0.47896457,46.85108,4.422667,8.808326,-87.13481,0.79723483,-1.2825897,0.0,0.0,-8.109437,0.0,0.0
2017-02-25,2,2017,1,0,2016-17,0.7865891659720767,2.048887683250698,0.0,764.6019621559367,281215.0,2.0,0.1965,0.2,566.6699800976509,688.9250791932845,0.0,1.1814874510706883,2293805.8864678103,749.8019161291776,787.2920119356365,22.690049779699848,2.882037342651817,Low,2.6061938,0.952297,41.582436,5.510137,-47.379265,-0.73569936,0.8191023,9.742082,0.0,0.0,-1.826245,0.0,0.0
2017-02-26,2,2017,1,0,2016-17,0.8743714664267837,2.720911116833413,0.0,688.6181666013434,281215.0,2.0,0.1965,0.2,764.6019621559367,710.9749106627967,0.0,1.1814874510706883,2065854.4998040304,749.8316970749498,787.3232819286974,98.70511532735397,12.536796204674284,Medium,3.0052574,0.8798503,36.12929,4.073396,14.005324,-76.29338,2.0067685,-2.4486291,0.0,0.0,-6.8607235,0.0,0.0
2017-02-27,2,2017,0,0,2016-17,0.7463088145822606,0.166691602409537,0.0,796.1992120207026,281215.0,2.0,0.1965,0.2,688.6181666013434,706.4657033741603,0.0,1.1814874510706883,2388597.636062108,750.8262526318669,788.3675652634603,-7.831646757242311,-0.993400426693746,Low,-0.008463509,-0.504735,37.038208,4.6154933,-101.97286,149.90436,1.9998976,-2.4294407,0.0,0.0,-7.2378035,0.0,0.0
2017-02-28,2,2017,0,0,2016-17,0.8443420305564452,0.3391680641832129,0.0,988.952260161176,281215.0,2.0,0.1965,0.2,796.1992120207026,717.6317583276633,0.0,1.1814874510706883,2966856.7804835285,750.7955168081627,788.3352926485709,-200.61696751260516,-25.44817787347717,Low,1.5484563,-0.44738308,46.593536,4.910473,14.206162,156.63152,6.0282416,5.8545704,0.0,0.0,-7.222253,0.0,0.0
2017-03-01,3,2017,0,0,2016-17,0.8597768297654758,2.865293552250729,0.0,654.8070457750038,281215.0,2.0,0.1965,0.2,988.952260161176,736.4384822446185,0.0,1.1814874510706883,1964421.1373250112,751.2545867718353,788.8173161104271,134.01027033542334,16.988758689554825,High,0.25038558,-0.3827292,34.040623,3.656971,2.2839663,-78.42064,-0.9804234,3.8472471,0.0,0.0,-6.30466,0.0,0.0
2017-03-02,3,2017,0,0,2016-17,0.715547061046728,0.2883373439946934,0.0,725.0663325074223,281215.0,2.0,0.1965,0.2,654.8070457750038,738.4832480237793,0.0,1.1814874510706883,2175198.997522267,749.2049381723708,786.6651850809894,61.59885257356712,7.830377362794483,Medium,-2.1781342,-0.92515296,36.905945,4.262737,-118.06423,132.71974,1.6357188,1.1867908,0.0,0.0,-7.8210664,0.0,0.0
2017-03-03,3,2017,0,0,2016-17,0.8009812834581761,0.2850269110610344,0.0,851.6933243181065,281215.0,2.0,0.1965,0.2,725.0663325074223,740.7021370456051,0.0,1.1814874510706883,2555079.97295432,751.80274748243,789.3928848565516,-62.3004394615549,-7.892196732033647,Low,1.7923021,-0.47626108,41.791348,4.804089,-52.998283,134.57965,-0.90233505,4.998601,0.0,0.0,-6.972317,0.0,0.0
2017-03-04,3,2017,1,0,2016-17,0.7403244030816922,0.0484339009395498,0.0,755.288349406548,281215.0,2.0,0.1965,0.2,851.6933243181065,781.4197576485274,0.0,1.1814874510706883,2265865.048219644,753.3263544193159,790.9926721402817,35.70432273373365,4.51386264263666,Low,1.7320555,0.3526212,30.041256,3.9972517,-102.4236,154.52882,-16.558527,14.591046,0.0,0.0,-10.263226,0.0,0.0
2017-03-05,3,2017,1,0,2016-17,0.7190124911418303,3.82600559319792,0.0,512.1125147854563,281215.0,2.0,0.1965,0.2,755.288349406548,780.0892415414718,0.0,1.1814874510706883,1536337.5443563687,747.9822321729773,785.3813437816262,273.26882899617,34.79441307841301,High,2.3711827,0.13292101,23.031944,4.4534206,-100.40765,-167.10411,0.7979742,10.418012,0.0,0.0,-3.925657,0.0,0.0
2017-03-06,3,2017,0,0,2016-17,0.9969880697169836,2.950033437836028,0.0,759.8247985400192,281215.0,2.0,0.1965,0.2,512.1125147854563,754.8741484249165,0.0,1.1814874510706883,2279474.3956200574,744.4665165958504,781.689842425643,21.865043885623777,2.7971508261863662,Low,3.9578328,-0.8051508,41.750237,3.9069974,99.82658,-85.92115,7.882228,7.8351026,0.0,0.0,-6.900479,0.0,0.0
2017-03-07,3,2017,0,0,2016-17,0.7967061534924169,1.4130056340082566,0.0,731.591829186867,281215.0,2.0,0.1965,0.2,759.8247985400192,749.6778036419618,0.0,1.1814874510706883,2194775.487560601,745.2922837717853,782.5568979603746,50.9650687735076,6.512634276988797,Medium,0.6287369,-0.4522642,30.773434,3.7877445,-44.884285,42.548008,1.4372663,14.208668,0.0,0.0,-5.836238,0.0,0.0
2017-03-08,3,2017,0,0,2016-17,0.9429623337563904,1.186142325150621,0.0,890.0122128569626,281215.0,2.0,0.1965,0.2,731.591829186867,712.9120277884891,0.0,1.1814874510706883,2670036.638570888,747.3124642821296,784.6780874962361,-105.33412536072647,-13.423864771963794,Low,-1.0011221,-0.79561013,37.76429,4.702583,75.33106,68.55372,-2.509807,1.3412688,0.0,0.0,-7.329841,0.0,0.0
2017-03-09,3,2017,0,0,2016-17,0.7763921964291292,1.3988129189833982,0.0,735.7128704533143,281215.0,2.0,0.1965,0.2,890.0122128569626,746.5127659430545,0.0,1.1814874510706883,2207138.6113599427,744.4524720281349,781.6750956295417,45.96222517622744,5.879965401636674,Medium,0.5178868,-0.1716485,27.331476,3.374751,-58.795574,45.213745,-12.545824,13.069601,0.0,0.0,-8.38129,0.0,0.0
2017-03-10,3,2017,0,0,2016-17,0.9044508166671787,3.0986141247247274,0.0,697.8344561096235,281215.0,2.0,0.1965,0.2,735.7128704533143,748.0336999353249,0.0,1.1814874510706883,2093503.3683288705,746.0461235113823,783.3484296869515,85.51397357732799,10.916467096449257,Medium,3.3610148,-0.4674198,44.690544,4.054547,56.070385,-94.22493,-0.88533735,6.568087,0.0,0.0,-8.533179,0.0,0.0
2017-03-11,3,2017,1,0,2016-17,0.928068357966906,2.6454824442816576,0.0,729.1299637660335,281215.0,2.0,0.1965,0.2,697.8344561096235,726.0538616198272,0.0,1.1814874510706883,2187389.8912981004,745.2350977261161,782.496852612422,53.36688884638852,6.8200771246835465,Medium,0.42268187,1.8014272,31.879301,3.9548771,61.623802,-68.59887,-3.8096802,3.5450466,0.0,0.0,-7.5606365,0.0,0.0
2017-03-12,3,2017,1,0,2016-17,0.8786916221823533,0.7407822714698717,0.0,883.6187827876585,281215.0,2.0,0.1965,0.2,729.1299637660335,722.3169493854681,0.0,1.1814874510706883,2650856.348362976,748.1582803210206,785.5661943370717,-98.05258845058675,-12.481772911999094,Low,-0.5154434,1.0636983,50.44548,4.423063,34.15671,118.858376,-2.1232097,0.061938427,0.0,0.0,-6.5382605,0.0,0.0
2017-03-13,3,2017,0,0,2016-17,0.8414728565650476,0.6964373413363374,0.0,864.8860838812856,281215.0,2.0,0.1965,0.2,883.6187827876585,775.3892733857826,0.0,1.1814874510706883,2594658.2516438565,751.6644916273052,789.2477162086705,-75.63836767261512,-9.583602982845624,Low,1.1785505,-0.18335432,45.880157,4.260282,11.228763,132.63516,-11.810105,9.587087,0.0,0.0,-9.418459,0.0,0.0
2017-03-14,3,2017,0,0,2016-17,0.8235522742441805,0.3935825988535892,0.0,868.4669066338913,281215.0,2.0,0.1965,0.2,864.8860838812856,790.398028434535,0.0,1.1814874510706883,2605400.719901674,750.8175722926087,788.3584509072392,-80.1084557266521,-10.161425381368549,Low,4.2181664,-0.16560365,39.798847,4.542616,-24.509298,138.03957,-6.7896204,16.581104,0.0,0.0,-11.505123,0.0,0.0
2017-03-15,3,2017,0,0,2016-17,0.8046604799628986,2.6412108788053525,0.0,659.316283272998,281215.0,2.0,0.1965,0.2,868.4669066338913,809.9516109269671,0.0,1.1814874510706883,1977948.849818994,747.5308385488928,784.9073804763375,125.59109720333949,16.00075376117904,High,3.4792442,-0.101239204,31.154387,3.3566113,-38.347916,-68.885796,-4.2004943,15.943141,0.0,0.0,-11.826175,0.0,0.0
2017-03-16,3,2017,0,0,2016-17,0.9788587432743476,3.057490648886944,0.0,717.1241915070295,281215.0,2.0,0.1965,0.2,659.316283272998,776.9950495578292,0.0,1.1814874510706883,2151372.5745210885,746.0645159864278,783.3677417857492,66.24355027871968,8.456251993184226,Medium,3.6536105,-0.8035039,41.328556,4.7963285,101.05227,-102.79568,-1.9714984,6.591589,0.0,0.0,-9.784492,0.0,0.0
2017-03-17,3,2017,0,0,2016-17,0.9491858223363188,1.060185713300016,0.0,998.1413483518874,281215.0,2.0,0.1965,0.2,717.1241915070295,774.3395239940744,0.0,1.1814874510706883,2994424.0450556623,748.4966348588167,785.9214666017576,-212.21988175012973,-27.00268293570684,Low,4.184672,-0.7757359,44.874825,5.2914615,110.95031,114.74844,5.009071,7.5125914,0.0,0.0,-7.674304,0.0,0.0
2017-03-18,3,2017,1,0,2016-17,0.9895080731999536,0.0837798441236512,0.0,1095.0645553949198,281215.0,2.0,0.1965,0.2,998.1413483518874,817.240508600112,0.0,1.1814874510706883,3285193.6661847592,749.5558585984297,787.0336515283512,-308.03090386656856,-39.13821261243394,Low,2.0464365,0.8623977,34.15193,4.868434,131.27162,184.0962,-7.0840135,35.61933,0.0,0.0,-13.528543,0.0,0.0
2017-03-19,3,2017,1,0,2016-17,0.7372891670456634,0.3286866699057094,0.0,763.9037968588882,281215.0,2.0,0.1965,0.2,1095.0645553949198,869.5168788328101,0.0,1.1814874510706883,2291711.390576665,752.2589358331783,789.8718826248372,25.968085765949013,3.287632632225622,Low,-9.247824,-0.059214845,38.86423,4.025189,-106.94242,136.21754,-1.635371,39.664524,0.0,0.0,-22.738962,0.0,0.0
2017-03-20,3,2017,0,0,2016-17,0.9192602425610932,3.871440139380122,0.0,644.7757640179537,281215.0,2.0,0.1965,0.2,763.9037968588882,852.4147379858429,0.0,1.1814874510706883,1934327.2920538613,749.9786066935619,787.47753702824,142.70177301028627,18.12137696635895,High,1.364582,-0.0036644936,35.62714,3.9740615,54.312332,-189.86502,4.050588,26.284119,0.0,0.0,-11.300064,0.0,0.0
2017-03-21,3,2017,0,0,2016-17,0.9815021370463112,1.181779109909681,0.0,957.0596798113978,281215.0,2.0,0.1965,0.2,644.7757640179537,820.9704065767954,0.0,1.1814874510706883,2871179.0394341936,751.3317700978132,788.8983586027039,-168.16132120869395,-21.31596794123658,Low,-0.44691685,-0.51153547,36.36078,5.101796,125.64443,114.84588,-2.6964698,30.989397,0.0,0.0,-17.779184,0.0,0.0
2017-03-22,3,2017,0,0,2016-17,0.754369919849698,3.0768925913525345,0.0,483.7173823059082,281215.0,2.0,0.1965,0.2,957.0596798113978,833.6265170307249,0.0,1.1814874510706883,1451152.1469177245,749.6532749658146,787.1359387141054,303.4185564081972,38.54716085049719,High,-4.499481,-0.5740477,28.572351,4.6398315,-81.627884,-107.89616,-5.522993,10.1871,0.0,0.0,-12.6269,0.0,0.0
2017-03-23,3,2017,0,0,2016-17,0.7199488802100332,2.498654275417055,0.0,618.6921720657618,281215.0,2.0,0.1965,0.2,483.7173823059082,808.5409597497121,0.0,1.1814874510706883,1856076.5161972856,749.8137831025141,787.3044722576399,168.61230019187803,21.41640320019684,High,3.9350271,-0.16743034,34.631863,4.7130017,-108.20423,-41.06393,5.58346,13.584503,0.0,0.0,-8.706047,0.0,0.0
2017-03-24,3,2017,0,0,2016-17,0.9223361947870176,1.5277585586115836,0.0,811.198702573797,281215.0,2.0,0.1965,0.2,618.6921720657618,794.4792426866737,0.0,1.1814874510706883,2433596.107721391,752.1783385287179,789.7872554551537,-21.41144711864331,-2.7110398364562,Low,4.5488086,-0.46059704,29.16019,4.329561,64.082886,37.06761,-3.2399936,4.9020615,0.0,0.0,-14.457689,0.0,0.0
2017-03-25,3,2017,1,0,2016-17,0.8723419339539735,0.8227490487822204,0.0,940.9563579735452,281215.0,2.0,0.1965,0.2,811.198702573797,767.7731504326609,0.0,1.1814874510706883,2822869.0739206355,754.0000991287728,791.7001040852115,-149.25625388833373,-18.85262527037247,Low,2.571547,1.9377617,44.141075,4.2689314,33.63,121.40485,2.3856962,9.864015,0.0,0.0,-6.4555154,0.0,0.0
2017-03-26,3,2017,1,0,2016-17,0.9525486330274816,0.4855456726376257,0.0,993.0621778751092,281215.0,2.0,0.1965,0.2,940.9563579735452,745.7576936581789,0.0,1.1814874510706883,2979186.533625328,757.0603859192302,794.9134052151917,-198.14877265991757,-24.92708908415961,Low,1.7641518,1.296848,43.846657,4.801835,103.960785,146.17209,-0.93422717,9.828355,0.0,0.0,-6.42716,0.0,0.0
2017-03-27,3,2017,0,0,2016-17,0.7419317129878868,2.4600518721554665,0.0,664.568834854763,281215.0,2.0,0.1965,0.2,993.0621778751092,778.4946052319248,0.0,1.1814874510706883,1993706.5045642888,755.8080242825162,793.598425496642,129.02959064187894,16.258801239572886,High,6.312565,-0.10599775,32.49014,4.0565176,-92.802216,-35.903965,5.243301,9.248386,0.0,0.0,-3.0711012,0.0,0.0
2017-03-28,3,2017,0,0,2016-17,0.9385801935579672,3.098535122551152,0.0,684.3706721847025,281215.0,2.0,0.1965,0.2,664.568834854763,781.3221867800403,0.0,1.1814874510706883,2053112.016554108,756.4653964308841,794.2886662524284,109.91799406772589,13.83854494441363,Medium,2.3012958,-0.7835862,40.278404,4.308342,75.878876,-100.30467,-2.3253233,8.086912,0.0,0.0,-9.265191,0.0,0.0
2017-03-29,3,2017,0,0,2016-17,0.7604881960143233,2.5756170141645227,0.0,630.91467264276,281215.0,2.0,0.1965,0.2,684.3706721847025,742.3666142619411,0.0,1.1814874510706883,1892744.01792828,753.4936878887131,791.1683722831488,160.25369964038873,20.255321781624005,High,2.6247482,-0.3864121,40.492073,4.5250497,-81.066826,-40.788597,-0.39390126,4.031829,0.0,0.0,-3.6348765,0.0,0.0
2017-03-30,3,2017,0,0,2016-17,0.7490967828597113,2.1212085329966333,0.0,722.6434412839214,281215.0,2.0,0.1965,0.2,630.91467264276,763.3947985957769,0.0,1.1814874510706883,2167930.323851764,755.3344169360231,793.1011377828243,70.4576964989028,8.883822395700095,Medium,1.1297227,-0.38268515,32.012165,4.0183024,-84.0684,-7.60971,3.071525,19.917828,0.0,0.0,-3.6125956,0.0,0.0
2017-03-31,3,2017,0,0,2016-17,0.7492797393792978,0.167804893726545,0.0,803.2088201828764,281215.0,2.0,0.1965,0.2,722.6434412839214,778.244979912657,0.0,1.1814874510706883,2409626.460548629,757.2926439165681,795.1572761123965,-8.05154407047985,-1.0125725202245088,Low,1.15475,-0.46533448,33.83607,4.5439014,-89.10998,146.9511,3.2628875,12.683012,0.0,0.0,-8.175225,0.0,0.0
2017-04-01,4,2017,1,0,2017-18,0.9443724160694148,3.873955110377535,0.0,739.0066843937087,0.0,0.0,0.0,0.0,803.2088201828764,777.1035681425254,0.0,1.1814874510706883,2217020.0531811262,757.0989310626827,794.9538776158169,55.947193222108126,7.037791096749155,Medium,15.171581,0.08713159,33.35272,5.126447,106.74546,-164.64156,1.439695,1.703266,0.0,0.0,6.97279,0.0,0.0
2017-04-02,4,2017,1,0,2017-18,0.89955916620886,3.1948567666182983,0.0,868.1396366050856,0.0,0.0,0.0,0.0,739.0066843937087,748.2536147739773,0.0,1.1814874510706883,2604418.9098152565,759.8128596581774,797.8035026410863,-70.33613396399926,-8.816222758004347,Low,16.089224,0.18103042,46.70258,4.296786,57.038647,-91.53384,0.8169925,3.456629,0.0,0.0,8.814474,0.0,0.0
2017-04-03,4,2017,0,0,2017-18,0.8569196274307358,1.171288146803859,0.0,1061.1987061728455,0.0,0.0,0.0,0.0,868.1396366050856,730.4075374496882,0.0,1.1814874510706883,3183596.1185185364,762.6716476319748,800.8052300135736,-260.3934761592719,-32.516455487542,Low,17.35504,-0.05221289,49.419796,4.804145,36.810173,113.370804,-0.57477164,3.658547,0.0,0.0,9.405059,0.0,0.0
2017-04-04,4,2017,0,0,2017-18,0.8076491452370507,3.9198813174354026,0.0,624.0967908789175,0.0,0.0,0.0,0.0,1061.1987061728455,787.0689476379856,0.0,1.1814874510706883,1872290.372636753,762.7372665770472,800.8741299058996,176.77733902698208,22.073048988079176,High,12.256595,0.2681775,29.290451,3.9041817,-28.25044,-147.77231,22.04019,6.4163094,0.0,0.0,2.3812861,0.0,0.0
2017-04-05,4,2017,0,0,2017-18,0.9631601622439324,2.4075263585452884,0.0,850.7595245422661,0.0,0.0,0.0,0.0,624.0967908789175,778.4583931657307,0.0,1.1814874510706883,2552278.5736267986,763.8601487287532,802.0531561651909,-48.70636837707525,-6.072710767694265,Low,17.053785,-0.14375389,36.235035,5.3396616,103.98722,-15.71729,-0.9057022,5.2251306,0.0,0.0,7.290208,0.0,0.0
2017-04-06,4,2017,0,0,2017-18,0.8177335322267906,2.329690632828986,0.0,803.2707403648685,0.0,0.0,0.0,0.0,850.7595245422661,809.864800579946,0.0,1.1814874510706883,2409812.221094605,765.703737910652,803.9889248061846,0.7181844413161116,0.0893276535481185,Low,25.38249,0.0535321,33.896317,4.446951,-27.23925,-22.951614,0.3213503,35.10941,0.0,0.0,14.461843,0.0,0.0
2017-04-07,4,2017,0,0,2017-18,0.9449798318414732,2.9922927177181284,0.0,937.017435080142,0.0,0.0,0.0,0.0,803.2707403648685,821.3829861629383,0.0,1.1814874510706883,2811052.305240426,765.2453768479057,803.507645690301,-133.509789389841,-16.615870440802272,Low,27.669155,-0.16016307,42.821606,4.896411,109.10003,-80.84486,3.5297413,35.50021,0.0,0.0,17.017317,0.0,0.0
2017-04-08,4,2017,1,0,2017-18,0.8317404725710655,3.2470791523605502,0.0,703.9132269857066,0.0,0.0,0.0,0.0,937.017435080142,840.4985025768334,0.0,1.1814874510706883,2111739.68095712,763.6475062787106,801.8298815926462,97.91665460693956,12.211649485106642,Medium,22.910507,-0.022413876,36.383743,4.6477294,-14.238933,-131.89253,-0.06835899,42.900772,0.0,0.0,17.169132,0.0,0.0
2017-04-09,4,2017,1,0,2017-18,0.8130833288274723,2.6259144293260106,0.0,806.3694574653531,0.0,0.0,0.0,0.0,703.9132269857066,835.4851515185475,0.0,1.1814874510706883,2419108.37239606,764.8830384386242,803.1271903605555,-3.2422671047976337,-0.4037053089115377,Low,22.43229,-0.034967594,40.918774,4.622698,-29.54177,-36.446312,3.3405874,54.98045,0.0,0.0,16.146154,0.0,0.0
2017-04-10,4,2017,0,0,2017-18,0.8388039357008819,0.5123829854648001,0.0,1027.0313238778826,0.0,0.0,0.0,0.0,806.3694574653531,826.6608402128713,0.0,1.1814874510706883,3081093.971633648,767.5842452475523,805.96345750993,-221.06786636795263,-27.429018562572853,Low,20.887045,-0.37869272,54.90911,4.556119,17.299145,159.85808,2.3553758,58.653564,0.0,0.0,16.02713,0.0,0.0
2017-04-11,4,2017,0,0,2017-18,0.7904133622492426,1.3530700239779936,0.0,789.9854732803134,0.0,0.0,0.0,0.0,1027.0313238778826,821.7797855993052,0.0,1.1814874510706883,2369956.4198409403,766.745843139621,805.0831352966021,15.097662016288725,1.8752922964566343,Low,16.643875,-0.016062638,29.603014,3.8925092,-58.81807,42.458874,4.091687,40.15077,0.0,0.0,12.190364,0.0,0.0
2017-04-12,4,2017,0,0,2017-18,0.9242828140528754,3.712334561304199,0.0,736.8503520453698,0.0,0.0,0.0,0.0,789.9854732803134,845.4781687995046,0.0,1.1814874510706883,2210551.0561361094,766.7824159530282,805.1215367506796,68.27118470530979,8.479612280754475,Medium,21.996483,0.13685039,36.134644,4.1330147,62.871975,-180.82944,4.019857,43.107243,0.0,0.0,14.715191,0.0,0.0
2017-04-13,4,2017,0,0,2017-18,0.8508161170277437,0.8984624473754077,0.0,1087.7139199388507,0.0,0.0,0.0,0.0,736.8503520453698,829.2054298713765,0.0,1.1814874510706883,3263141.759816552,768.0873320605576,806.4916986635856,-281.2222212752652,-34.86982218679628,Low,21.827728,-0.06256106,54.360687,4.9029617,31.54815,138.35153,0.7182456,69.48361,0.0,0.0,16.220278,0.0,0.0
2017-04-14,4,2017,0,0,2017-18,0.7696638085440451,1.4886680953500533,0.0,722.2983279441728,0.0,0.0,0.0,0.0,1087.7139199388507,869.840169810517,0.0,1.1814874510706883,2166894.9838325186,769.041591309997,807.4936708754968,85.19534293132403,10.55058955929078,Medium,14.744009,-0.0054057576,30.540524,3.7712045,-100.52274,28.104925,3.9244075,51.866272,0.0,0.0,11.266767,0.0,0.0
2017-04-15,4,2017,1,0,2017-18,0.9698723719823704,1.728307531776784,0.0,1096.9037938098395,0.0,0.0,0.0,0.0,722.2983279441728,839.1660116482354,0.0,1.1814874510706883,3290711.3814295186,772.6856051835554,811.3198854427332,-285.58390836710635,-35.19991479208779,Low,25.934645,0.28584892,39.66756,5.8073688,125.39605,54.59701,7.472198,71.400734,0.0,0.0,15.019874,0.0,0.0
2017-04-16,4,2017,1,0,2017-18,0.8151673664119634,1.7576199587778087,0.0,824.623995071751,0.0,0.0,0.0,0.0,1096.9037938098395,895.3075211945403,0.0,1.1814874510706883,2473871.9852152527,772.3648968965889,810.9831417414184,-13.64085333033256,-1.6820144129064942,Low,14.583716,-0.036781926,38.8734,5.185206,-40.410732,27.420527,0.3008581,72.459114,0.0,0.0,13.786152,0.0,0.0
2017-04-17,4,2017,0,0,2017-18,0.8630658583341966,2.451758329978102,0.0,917.9062727631858,0.0,0.0,0.0,0.0,824.623995071751,897.9153122811686,0.0,1.1814874510706883,2753718.818289557,772.6997413564486,811.3347284242711,-106.57154433891468,-13.135336206536108,Low,26.45402,-0.02857424,45.412834,4.395675,19.671293,-12.30148,8.1117735,100.60504,0.0,0.0,15.692526,0.0,0.0
2017-04-18,4,2017,0,0,2017-18,0.971941633289364,3.7723033509788304,0.0,862.8853987116221,0.0,0.0,0.0,0.0,917.9062727631858,882.3260192647833,0.0,1.1814874510706883,2588656.196134866,774.6818011143581,813.4158911700761,-49.46950754154602,-6.081699174869269,Low,24.346384,-0.0018647201,41.538452,4.6985598,109.35878,-171.16296,0.2606822,73.905594,0.0,0.0,13.685626,0.0,0.0
2017-04-19,4,2017,0,0,2017-18,0.8872713987741976,0.9627708473300198,0.0,1067.8181295997697,0.0,0.0,0.0,0.0,862.8853987116221,892.7402943263988,0.0,1.1814874510706883,3203454.3887993093,778.339191744096,817.2561513313008,-250.5619782684689,-30.65892839843498,Low,23.357533,-0.016849007,50.957703,4.1272516,54.963245,117.5112,-1.7838938,87.15604,0.0,0.0,14.994048,0.0,0.0
2017-04-20,4,2017,0,0,2017-18,0.7350694122125092,0.4860055052036722,0.0,929.9893486814284,0.0,0.0,0.0,0.0,1067.8181295997697,940.0214054055988,0.0,1.1814874510706883,2789968.0460442854,782.884438299659,822.028660214642,-107.96068846678644,-13.133445789906714,Low,17.850502,-0.00070011243,46.71704,3.8991754,-103.746124,135.70631,12.80723,83.159035,0.0,0.0,13.305274,0.0,0.0
2017-04-21,4,2017,0,0,2017-18,0.9819496370840426,0.7898819594397493,0.0,1163.1497078434809,0.0,0.0,0.0,0.0,929.9893486814284,917.4893237973956,0.0,1.1814874510706883,3489449.123530442,784.6893481739918,823.9238155826914,-339.22589226078946,-41.17199744018612,Low,28.875587,-0.05989586,42.52678,5.2184596,128.71959,131.66115,2.0904963,95.80804,0.0,0.0,14.246807,0.0,0.0
2017-04-22,4,2017,1,0,2017-18,0.8883124159214253,3.547699600837078,0.0,680.9894829904985,0.0,0.0,0.0,0.0,1163.1497078434809,980.4680923544396,0.0,1.1814874510706883,2042968.4489714955,781.6368994770596,820.7187444509126,139.72926146041414,17.025230921696267,High,16.944277,-1.3455629,39.76824,4.351327,27.152979,-175.10634,-4.850744,74.538185,0.0,0.0,11.130676,0.0,0.0
2017-04-23,4,2017,1,0,2017-18,0.8004716843971258,2.583243250620824,0.0,913.4774376185898,0.0,0.0,0.0,0.0,680.9894829904985,921.0517622373908,0.0,1.1814874510706883,2740432.3128557694,783.3531665752032,822.5208249039634,-90.95661271462632,-11.058274752526334,Low,20.960222,-0.14922583,52.274097,4.1014004,-33.3411,-7.7879963,2.3906596,117.10575,0.0,0.0,14.273473,0.0,0.0
2017-04-24,4,2017,0,0,2017-18,0.7417816217990162,1.1436271569566403,0.0,826.1147378791612,0.0,0.0,0.0,0.0,913.4774376185898,933.7451111726537,0.0,1.1814874510706883,2478344.213637484,785.4663269564949,824.7396433043197,-1.3750945748415688,-0.1667307478190634,Low,18.211481,0.0192157,37.7597,3.570886,-115.33298,77.20958,3.6879933,76.70297,0.0,0.0,13.755008,0.0,0.0
2017-04-25,4,2017,0,0,2017-18,0.9382075567810888,3.263787755874469,0.0,956.2726855350252,0.0,0.0,0.0,0.0,826.1147378791612,920.63203476065,0.0,1.1814874510706883,2868818.0566050755,790.1807608571597,829.6897989000178,-126.5828866350074,-15.256652161184563,Low,24.195517,-0.04130306,48.16407,5.082943,86.01241,-89.95683,11.291829,105.083206,0.0,0.0,17.162163,0.0,0.0
2017-04-26,4,2017,0,0,2017-18,0.886021826778554,3.445479985453744,0.0,723.9082848534787,0.0,0.0,0.0,0.0,956.2726855350252,933.9730757354218,0.0,1.1814874510706883,2171724.854560436,788.8816461396254,828.3257284466067,104.41744359312804,12.60584333037033,Medium,21.474262,0.78923875,38.668663,4.327394,34.71804,-166.51035,-6.2247643,77.64991,0.0,0.0,14.181089,0.0,0.0
2017-04-27,4,2017,0,0,2017-18,0.8600383275928964,3.386057354761112,0.0,801.0606207148202,0.0,0.0,0.0,0.0,723.9082848534787,884.8430979145231,0.0,1.1814874510706883,2403181.8621444604,790.2592743680809,829.772238086485,28.71161737166483,3.46018052349834,Low,21.756773,-0.035151836,50.977116,4.618139,27.11328,-118.97649,1.7546718,87.60201,0.0,0.0,14.84998,0.0,0.0
2017-04-28,4,2017,0,0,2017-18,0.9681677749152872,3.675706134558218,0.0,747.6508175792401,0.0,0.0,0.0,0.0,801.0606207148202,866.4247082050077,0.0,1.1814874510706883,2242952.45273772,789.0239794020576,828.4751783721606,80.82436079292052,9.75579750641766,Medium,20.32722,-0.0062086545,43.017525,4.634946,93.53991,-171.10661,-0.48333982,66.350334,0.0,0.0,13.763036,0.0,0.0
2017-04-29,4,2017,1,0,2017-18,0.9365791633673592,1.0089640806934463,0.0,1168.7797220257914,0.0,0.0,0.0,0.0,747.6508175792401,807.0677238815448,0.0,1.1814874510706883,3506339.1660773745,793.7195119525345,833.4054875501613,-335.37423447563015,-40.24142383097094,Low,24.304567,0.29666573,46.265076,5.274329,104.69491,136.46504,3.0269594,59.598503,0.0,0.0,13.813748,0.0,0.0
2017-04-30,4,2017,1,0,2017-18,0.7455024639198253,3.020167714985113,0.0,678.5424374629021,0.0,0.0,0.0,0.0,1168.7797220257914,876.7520437437295,0.0,1.1814874510706883,2035627.3123887065,793.997846432947,833.6977387545944,155.15530129169235,18.61049803535134,High,17.510632,0.48471785,43.52567,4.5584006,-89.38202,-57.532578,-0.85738975,67.00588,0.0,0.0,11.03287,0.0,0.0
2017-05-01,5,2017,0,0,2017-18,0.7935166203386644,1.84215798909656,0.0,850.3674650226767,0.0,0.0,0.0,0.0,678.5424374629021,843.1899008643455,0.0,1.1814874510706883,2551102.39506803,793.3141067503502,832.9798120878678,-17.387652934808898,-2.087403882121304,Low,18.80458,0.021002408,33.75456,4.9947257,-56.498135,22.462421,2.8349476,56.39612,0.0,0.0,14.344815,0.0,0.0
2017-05-02,5,2017,0,0,2017-18,0.7745467419443397,3.367994211560246,0.0,732.5386347460247,0.0,0.0,0.0,0.0,850.3674650226767,846.654576170562,0.0,1.1814874510706883,2197615.904238074,793.9938522497611,833.6935448622492,101.1549101162244,12.133344529246438,Medium,22.186771,0.05744209,31.135466,5.188624,-44.909157,-108.663734,-0.3574193,54.32769,0.0,0.0,12.977161,0.0,0.0
2017-05-03,5,2017,0,0,2017-18,0.923183887771803,2.913962708646453,0.0,849.0239772167935,0.0,0.0,0.0,0.0,732.5386347460247,814.6925689149905,0.0,1.1814874510706883,2547071.9316503806,794.1136090193122,833.8192894702779,-15.20468774651556,-1.823499160852352,Low,25.690088,-0.16003193,33.284435,4.3420224,74.890854,-74.511795,1.122183,36.526215,0.0,0.0,17.149065,0.0,0.0
2017-05-04,5,2017,0,0,2017-18,0.7100597304207338,3.1057897859988985,0.0,562.8476804809276,0.0,0.0,0.0,0.0,849.0239772167935,832.566239252607,0.0,1.1814874510706883,1688543.0414427829,792.3692682683372,831.9877316817541,269.1400512008265,32.34904085145525,High,19.525446,0.0059786774,28.403387,4.5125947,-116.35756,-102.24526,-2.7723355,29.882574,0.0,0.0,13.043818,0.0,0.0
2017-05-05,5,2017,0,0,2017-18,0.8709669054613949,2.624647350724286,0.0,915.9530569320845,0.0,0.0,0.0,0.0,562.8476804809276,798.5358192191936,0.0,1.1814874510706883,2747859.1707962533,792.6765172928232,832.3103431574643,-83.64271377462012,-10.049462254345167,Low,28.638039,-0.02533758,34.838665,4.957558,26.017761,-36.243237,8.331755,24.676619,0.0,0.0,15.369418,0.0,0.0
2017-05-06,5,2017,1,0,2017-18,0.9287376057222072,0.7097150778788275,0.0,1084.3466863188912,0.0,0.0,0.0,0.0,915.9530569320845,822.5789962696001,0.0,1.1814874510706883,3253040.058956674,800.5464754063321,840.5737991766488,-243.77288714224244,-29.00077154213237,Low,26.198545,0.31419435,46.748226,4.720854,79.37446,136.673,3.030326,61.76663,0.0,0.0,15.179315,0.0,0.0
2017-05-07,5,2017,1,0,2017-18,0.9630296910285248,2.1801076755877533,0.0,1048.5073693612385,0.0,0.0,0.0,0.0,1084.3466863188912,810.5171340257572,0.0,1.1814874510706883,3145522.108083716,805.534515071141,845.8112408246981,-202.6961285365404,-23.964700249065498,Low,32.846935,0.15926471,44.75259,6.1452904,131.2397,21.050077,37.34616,54.426826,0.0,0.0,11.267783,0.0,0.0
2017-05-08,5,2017,0,0,2017-18,0.8026245246147722,3.938678958098033,0.0,720.3767674797698,0.0,0.0,0.0,0.0,1048.5073693612385,863.3692671540911,0.0,1.1814874510706883,2161130.302439309,806.2494110317865,846.5618815833759,126.18511410360613,14.905598379600374,Medium,22.63594,0.28711745,34.27628,4.144142,-30.279305,-148.20557,22.250095,57.622555,0.0,0.0,9.196095,0.0,0.0
2017-05-09,5,2017,0,0,2017-18,0.9463771914016038,3.749552265988476,0.0,771.0008355947162,0.0,0.0,0.0,0.0,720.3767674797698,844.7991675051043,0.0,1.1814874510706883,2313002.506784149,804.6077369144332,844.8381237601549,73.83728816543862,8.739814893391417,Medium,20.54031,-0.022248495,38.234398,5.220018,106.09482,-175.34796,6.4360633,43.33804,0.0,0.0,14.509561,0.0,0.0
2017-05-10,5,2017,0,0,2017-18,0.7331895210865621,0.1726949431880466,0.0,1049.504364602983,0.0,0.0,0.0,0.0,771.0008355947162,850.293767626346,0.0,1.1814874510706883,3148513.093808949,807.8695537268696,848.2630314132132,-201.24133318976988,-23.72393063676253,Low,24.552748,-0.075389415,43.450596,5.321247,-91.77483,194.51942,12.643277,84.01696,0.0,0.0,12.776607,0.0,0.0
2017-05-11,5,2017,0,0,2017-18,0.9539356875203556,0.6592592629177485,0.0,1231.8921585321352,0.0,0.0,0.0,0.0,1049.504364602983,878.9338229672301,0.0,1.1814874510706883,3695676.4755964056,812.7138343664824,853.3495260848066,-378.54263244732863,-44.3596229770108,Low,29.98886,-0.10118227,55.877037,5.4797263,135.72115,146.85774,38.507057,78.219154,0.0,0.0,12.7932625,0.0,0.0
2017-05-12,5,2017,0,0,2017-18,0.7382465986995946,0.5269150938182476,0.0,894.5766592685073,0.0,0.0,0.0,0.0,1231.8921585321352,974.511605545974,0.0,1.1814874510706883,2683729.977805522,814.7547718995511,855.4925104945287,-39.084148773978654,-4.568613786155247,Low,25.015831,0.02737834,45.42664,3.970304,-102.13124,130.4668,4.8193545,80.72002,0.0,0.0,12.97094,0.0,0.0
2017-05-13,5,2017,1,0,2017-18,0.8191861871681101,2.903919639941182,0.0,876.832440415419,0.0,0.0,0.0,0.0,894.5766592685073,971.4578344511772,0.0,1.1814874510706883,2630497.321246257,816.315339151511,857.1311061090865,-19.701334306332456,-2.298520514063,Low,23.036173,1.3788095,48.574905,4.857085,-15.731895,-39.123734,-9.322827,112.892784,0.0,0.0,18.445541,0.0,0.0
2017-05-14,5,2017,1,0,2017-18,0.939188609733866,3.2711413194277803,0.0,773.8677287118024,0.0,0.0,0.0,0.0,876.832440415419,941.8129421792528,0.0,1.1814874510706883,2321603.1861354075,813.7488437634256,854.4362859515969,80.56855723979447,9.429440037189456,Medium,19.814056,-0.35488018,45.28269,4.192732,70.88767,-123.32874,-11.075772,89.937965,0.0,0.0,16.711601,0.0,0.0
2017-05-15,5,2017,0,0,2017-18,0.7449752282046321,0.8540454652426877,0.0,891.8328887247613,0.0,0.0,0.0,0.0,773.8677287118024,902.5787078007618,0.0,1.1814874510706883,2675498.666174284,815.9876677252734,856.787051111537,-35.04583761322431,-4.090378999981177,Low,20.621115,-0.049831487,42.60236,3.8911498,-98.79292,103.91734,5.02847,85.86369,0.0,0.0,12.156378,0.0,0.0
2017-05-16,5,2017,0,0,2017-18,0.7687754185697924,2.023410771807316,0.0,811.5885663709053,0.0,0.0,0.0,0.0,891.8328887247613,927.0724394071892,0.0,1.1814874510706883,2434765.699112716,816.5294015494783,857.3558716269522,45.76730525604694,5.338192315543031,Medium,20.03654,0.0980401,38.032673,3.6841156,-80.701,9.877295,-8.3803835,89.87608,0.0,0.0,13.584088,0.0,0.0
2017-05-17,5,2017,0,0,2017-18,0.9166757705179198,3.3628121120448,0.0,859.7413832667016,0.0,0.0,0.0,0.0,811.5885663709053,932.8706866609306,0.0,1.1814874510706883,2579224.149800105,818.828480876783,859.7699049206223,0.0285216539206203,0.0033173589535276,Low,20.376055,0.52496684,50.10272,4.5879993,66.887375,-120.715195,2.9243052,101.48898,0.0,0.0,15.118036,0.0,0.0
2017-05-18,5,2017,0,0,2017-18,0.9160109609638224,2.9312061790650024,0.0,946.707886354006,0.0,0.0,0.0,0.0,859.7413832667016,905.761689327176,0.0,1.1814874510706883,2840123.6590620177,821.0982500174998,862.1531625183749,-84.55472383563108,-9.807390091644995,Low,26.997736,-0.1115961,40.790333,4.3736067,58.170746,-55.268692,0.60598445,96.555435,0.0,0.0,18.312996,0.0,0.0
2017-05-19,5,2017,0,0,2017-18,0.8923442898655891,2.168948821967393,0.0,1011.534879551596,0.0,0.0,0.0,0.0,946.707886354006,865.0210790160147,0.0,1.1814874510706883,3034604.638654788,825.5569359917469,866.8347827913342,-144.70009676026177,-16.692926914435343,Low,24.952232,-0.038322542,43.562492,4.781698,66.06356,19.225405,2.789911,78.76327,0.0,0.0,14.688881,0.0,0.0
2017-05-20,5,2017,1,0,2017-18,0.90818453334013,2.361390761835092,0.0,948.9063404229552,0.0,0.0,0.0,0.0,1011.534879551596,881.7293961993131,0.0,1.1814874510706883,2846719.0212688656,828.0983106895375,869.5032262240144,-79.40311419894078,-9.132009152371309,Low,29.402153,-0.012640368,45.04332,4.1714935,64.59357,-5.6598773,4.3252163,80.35431,0.0,0.0,13.221022,0.0,0.0
2017-05-21,5,2017,1,0,2017-18,0.8628173330042788,2.03344218766512,0.0,906.4236320350612,0.0,0.0,0.0,0.0,948.9063404229552,892.0256676289612,0.0,1.1814874510706883,2719270.896105184,830.1914974083028,871.7010722787179,-34.722559756343344,-3.983310432964701,Low,22.561468,0.037597883,41.162926,4.9711037,20.929104,11.118743,0.82928133,92.08403,0.0,0.0,14.603704,0.0,0.0
2017-05-22,5,2017,0,0,2017-18,0.7755397176720857,1.1901938052752823,0.0,796.8234221978821,0.0,0.0,0.0,0.0,906.4236320350612,910.9622252465696,0.0,1.1814874510706883,2390470.2665936463,829.5194777355849,870.9954516223642,74.17202942448205,8.515776894853484,Medium,18.365105,0.036951527,36.553024,3.935963,-72.89315,58.027058,-5.8890066,68.65053,0.0,0.0,12.576271,0.0,0.0
2017-05-23,5,2017,0,0,2017-18,0.8037087980511758,2.2600879714360644,0.0,748.9280970428448,0.0,0.0,0.0,0.0,796.8234221978821,897.3894443141581,0.0,1.1814874510706883,2246784.2911285344,830.7243045324958,872.2605197591206,123.3324227162758,14.139402153651837,Medium,21.907661,0.029931147,48.04524,3.781873,-38.511143,-5.2966814,2.746147,106.3944,0.0,0.0,13.916595,0.0,0.0
2017-05-24,5,2017,0,0,2017-18,0.7544793150404276,2.7555412082003627,0.0,854.6746666215088,0.0,0.0,0.0,0.0,748.9280970428448,888.4379486958638,0.0,1.1814874510706883,2564023.9998645266,832.3369773910164,873.9538262605672,19.279159639058435,2.2059700478169653,Low,22.81056,0.010260958,50.981224,5.429163,-58.469234,-17.908672,2.5156033,118.57373,0.0,0.0,14.466894,0.0,0.0
2017-05-25,5,2017,0,0,2017-18,0.9725351684000884,3.4932916634432307,0.0,728.2521021053765,0.0,0.0,0.0,0.0,854.6746666215088,887.714132032265,0.0,1.1814874510706883,2184756.3063161294,834.1323343022135,875.8389510173242,147.58684891194775,16.850911773279705,High,18.243841,0.029781051,41.74123,4.5278096,96.6518,-167.54701,-4.858254,71.98268,0.0,0.0,13.755472,0.0,0.0
2017-05-26,5,2017,0,0,2017-18,0.8750175384298361,2.5451654159169923,0.0,825.2945120930098,0.0,0.0,0.0,0.0,728.2521021053765,856.5061628538891,0.0,1.1814874510706883,2475883.536279029,834.8066959681809,876.54703076659,51.2525186735802,5.847092839816818,Medium,26.638374,-0.010488275,40.92734,4.1626024,25.691307,-49.155815,1.1485275,67.8506,0.0,0.0,15.282085,0.0,0.0
2017-05-27,5,2017,1,0,2017-18,0.8202554250290919,3.044486148172632,0.0,845.047014964825,0.0,0.0,0.0,0.0,825.2945120930098,829.9003960740912,0.0,1.1814874510706883,2535141.044894475,836.5447942833306,878.3720339974972,33.32501903267212,3.79395264680832,Low,23.110403,-0.0028549805,42.20958,4.9032316,-16.935654,-70.47846,8.50771,44.790787,0.0,0.0,17.822138,0.0,0.0
2017-05-28,5,2017,1,0,2017-18,0.8386017410932398,0.640286539818292,0.0,1070.7025734948425,0.0,0.0,0.0,0.0,845.047014964825,815.0633495800724,0.0,1.1814874510706883,3212107.720484528,839.5948316330434,881.5745732146956,-189.1280002801468,-21.45343185097595,Low,23.565342,0.05886389,54.863033,4.6333046,22.291292,151.5784,-0.56289715,58.46056,0.0,0.0,15.225573,0.0,0.0
2017-05-29,5,2017,0,0,2017-18,0.9841850018835444,1.84622989767916,0.0,1142.70872471879,0.0,0.0,0.0,0.0,1070.7025734948425,838.5317697886128,0.0,1.1814874510706883,3428126.1741563696,841.3032367947947,883.3683986345344,-259.3403260842557,-29.358116781756134,Low,32.157215,-0.090286314,37.21461,6.024068,148.83054,52.36351,42.68623,70.86636,0.0,0.0,12.799412,0.0,0.0
2017-05-30,5,2017,0,0,2017-18,0.746005420934824,0.0373264793083731,0.0,1037.0081168147767,0.0,0.0,0.0,0.0,1142.70872471879,887.9439558630282,0.0,1.1814874510706883,3111024.3504443304,845.5499153619032,887.8274111299984,-149.18070568477833,-16.802894776013495,Low,29.883272,-0.039993096,43.662567,5.1294885,-87.45749,186.50876,10.350027,95.48197,0.0,0.0,14.449586,0.0,0.0
2017-05-31,5,2017,0,0,2017-18,0.8758689496050391,0.986715458086492,0.0,1161.6092787882817,0.0,0.0,0.0,0.0,1037.0081168147767,929.0982444018756,0.0,1.1814874510706883,3484827.8363648453,850.4003925428016,892.9204121699416,-268.68886661834006,-30.091020762464428,Low,27.210335,0.068859875,55.647007,4.578828,59.243587,124.32347,21.351059,93.45765,0.0,0.0,13.17395,0.0,0.0
2017-06-01,6,2017,0,1,2017-18,0.8517666036653397,2.90584686045202,2.545946801484112,651.3363009675388,0.0,0.0,0.0,0.0,1161.6092787882817,972.946046139986,0.0,1.1814874510706883,1954008.9029026164,848.1742033944621,890.5829135641852,239.2466125966464,26.864047013788085,High,-5.050463,-0.02645851,-90.14469,4.4579763,-0.6820123,-61.04362,1.5526338,96.2103,0.0,0.0,7.614278,0.0,0.0
2017-06-02,6,2017,0,1,2017-18,0.8834362706303943,3.967239805397454,11.093620053187168,542.0436990482284,0.0,0.0,0.0,0.0,651.3363009675388,961.9580745488664,0.0,1.1814874510706883,1626131.0971446852,845.8048183904807,888.0950593100048,346.0513602617764,38.965576560085466,High,-8.269129,0.4837747,-94.23904,-18.767296,14.732722,-158.39525,6.7056403,78.448746,0.0,0.0,8.968036,0.0,0.0
2017-06-03,6,2017,1,1,2017-18,0.7054330551462521,0.3967123983488636,2.377257957988833,662.4021076138979,0.0,0.0,0.0,0.0,542.0436990482284,921.493672685326,0.0,1.1814874510706883,1987206.3228416936,847.4747027552412,889.8484378930033,227.44633027910535,25.56012019503639,High,-8.274384,0.7274681,-94.034004,9.927671,-119.84183,113.99247,-7.447393,76.73847,0.0,0.0,5.436555,0.0,0.0
2017-06-04,6,2017,1,1,2017-18,0.9616371726832454,1.605977263445153,1.1640396226790588,898.0505996616326,0.0,0.0,0.0,0.0,662.4021076138979,895.4015430637652,0.0,1.1814874510706883,2694151.798984898,849.0105449899256,891.4610722394219,-6.589527422210722,-0.739182856931408,Low,-8.74261,-0.025634937,-78.27499,8.29456,86.21171,56.122414,6.0301003,98.224625,0.0,0.0,8.635559,0.0,0.0
2017-06-05,6,2017,0,1,2017-18,0.9796354847450836,3.200283874796638,3.836611029578505,662.5102792631443,0.0,0.0,0.0,0.0,898.0505996616326,870.7369753733066,0.0,1.1814874510706883,1987530.8377894328,848.2429722129956,890.6551208236455,228.1448415605012,25.61539660261776,High,-7.21922,0.09061017,-91.23083,2.025067,97.29173,-127.08578,1.5216962,63.946712,0.0,0.0,9.309143,0.0,0.0
2017-06-06,6,2017,0,1,2017-18,0.8695399550767626,0.8161425385155954,4.656767768560997,795.3209662862549,0.0,0.0,0.0,0.0,662.5102792631443,802.1371974510714,0.0,1.1814874510706883,2385962.8988587647,847.1908472510987,889.5503896136537,94.22942332739876,10.592926991839567,Medium,-6.2957783,0.3001586,-85.845,4.8183227,8.525496,101.32674,2.4571803,41.84373,0.0,0.0,6.74555,0.0,0.0
2017-06-07,6,2017,0,1,2017-18,0.9089952471630676,2.220339797209145,0.0,819.2700272337803,0.0,0.0,0.0,0.0,795.3209662862549,767.6104616612827,0.0,1.1814874510706883,2457810.081701341,848.119260104215,890.5252231094257,71.25519587564543,8.001479803889817,Medium,-3.61878,0.06886735,-63.83746,6.671096,60.54402,18.468555,3.86046,58.68706,0.0,0.0,5.476326,0.0,0.0
2017-06-08,6,2017,0,1,2017-18,0.9767498143531888,2.932285184118699,0.0,801.671295469463,0.0,0.0,0.0,0.0,819.2700272337803,718.7048542963539,0.0,1.1814874510706883,2405013.886408389,849.2730027637689,891.7366529019573,90.06535743249435,10.09999500854841,Medium,-3.677253,0.032819904,-60.3591,9.056054,104.91318,-74.28109,10.6925955,50.610867,0.0,0.0,7.3703337,0.0,0.0
2017-06-09,6,2017,0,1,2017-18,0.9121715902940196,2.463941801040716,9.579548880107852,787.0173163783692,0.0,0.0,0.0,0.0,801.671295469463,740.1812820823432,0.0,1.1814874510706883,2361051.9491351075,849.9161955705724,892.412005349101,105.39468897073186,11.810093134000669,Medium,-5.59662,0.073229335,-65.06349,-6.2770452,77.278336,-14.174589,7.0583653,54.519802,0.0,0.0,5.9584394,0.0,0.0
2017-06-10,6,2017,1,1,2017-18,0.7457617128742784,0.7520989384616645,4.132249997549595,821.7149130039132,0.0,0.0,0.0,0.0,787.0173163783692,775.1775131295061,0.0,1.1814874510706883,2465144.73901174,849.2283747951975,891.6897935349574,69.97488053104416,7.847446616344039,Medium,-2.948783,0.77050257,-58.76047,9.1338825,-74.92492,116.95575,17.421947,46.575638,0.0,0.0,5.0581956,0.0,0.0
2017-06-11,6,2017,1,1,2017-18,0.872886508050044,1.4215382747429577,17.460201714781594,747.9615587589343,0.0,0.0,0.0,0.0,821.7149130039132,797.9364853280797,0.0,1.1814874510706883,2243884.676276803,847.9292134049492,890.3256740751967,142.36411531626243,15.990116814741926,High,-11.704537,-1.0509402,-72.83595,-37.132427,24.442347,69.625244,10.01174,48.970257,0.0,0.0,8.295236,0.0,0.0
2017-06-12,6,2017,0,1,2017-18,0.8820145139148567,3.135167137941589,7.29274562360707,485.0281838906698,0.0,0.0,0.0,0.0,747.9615587589343,776.4951937705513,0.0,1.1814874510706883,1455084.5516720095,843.6687831522469,885.8522223098593,400.82403841918943,45.24728033915645,High,-9.312112,0.12712915,-86.49442,-11.677253,2.1571128,-128.34738,-2.367605,25.382763,0.0,0.0,7.262775,0.0,0.0
2017-06-13,6,2017,0,1,2017-18,0.8272392013907157,2.2169060565280665,3.3848221467909183,791.3172422002473,0.0,0.0,0.0,0.0,485.0281838906698,751.1406087173407,0.0,1.1814874510706883,2373951.726600742,845.1354604736607,887.3922334973438,96.07499129709652,10.826665782103005,Medium,-3.349682,0.8721277,-52.534134,4.4305735,3.9050374,18.297682,6.9894238,69.57843,0.0,0.0,5.2183104,0.0,0.0
2017-06-14,6,2017,0,1,2017-18,0.9209332706874168,0.0209184541716509,9.292998146763248,985.6677378441456,0.0,0.0,0.0,0.0,791.3172422002473,750.5686481336254,0.0,1.1814874510706883,2957003.213532437,848.1192776551842,890.5252415379434,-95.14249630620212,-10.683862946084536,Low,-2.993041,0.1455853,-71.650085,-5.0702143,85.96163,187.79898,9.035638,56.035748,0.0,0.0,5.354927,0.0,0.0
2017-06-15,6,2017,0,1,2017-18,0.9803101044307044,3.0439630401123754,17.255541253359226,564.2475596293023,0.0,0.0,0.0,0.0,985.6677378441456,774.3397496493918,0.0,1.1814874510706883,1692742.6788879067,843.2982355582665,885.4631473361799,321.2155877068776,36.27656200861888,High,-9.844974,-0.09842235,-86.28998,-39.51955,85.54829,-114.40483,0.1447713,31.094786,0.0,0.0,5.661401,0.0,0.0
2017-06-16,6,2017,0,1,2017-18,0.9776705538720328,0.1412454197609562,0.0,1083.636181998102,0.0,0.0,0.0,0.0,564.2475596293023,740.4220731007974,0.0,1.1814874510706883,3250908.5459943064,843.1712536316352,885.329816313217,-198.30636568488512,-22.399151370581105,Low,2.7893693,-0.053364914,-57.889454,10.508999,153.59058,193.01752,2.6657825,49.029076,0.0,0.0,4.58514,0.0,0.0
2017-06-17,6,2017,1,1,2017-18,0.8352518114212396,2.982935130924929,10.88351220738921,486.0335231585038,0.0,0.0,0.0,0.0,1083.636181998102,782.7961967607591,0.0,1.1814874510706883,1458100.569475511,840.0838061460755,882.0879964533793,396.0544732948756,44.89965569050888,High,-9.0341,-1.7877154,-89.17776,-40.62521,-16.391314,-99.24803,14.508288,37.336403,0.0,0.0,1.924592,0.0,0.0
2017-06-18,6,2017,1,1,2017-18,0.7339714137522265,0.8099222406609496,1.565150819152264,755.1158723364953,0.0,0.0,0.0,0.0,486.0335231585038,734.8417124971293,0.0,1.1814874510706883,2265347.6170094856,841.3098073496147,883.3752977170955,128.2594253806002,14.519245185150718,Medium,-4.5209556,-0.11301551,-67.52565,10.1870575,-91.60434,106.45739,6.7663,36.2624,0.0,0.0,4.3828945,0.0,0.0
2017-06-19,6,2017,0,1,2017-18,0.9954523596887004,3.832293920477521,4.994268343617678,536.8015838944831,0.0,0.0,0.0,0.0,755.1158723364953,735.8637572939236,0.0,1.1814874510706883,1610404.7516834494,836.6402729505379,878.4722865980648,341.6707027035817,38.89373722041039,High,-5.6054783,0.12072174,-71.237656,-1.7346036,88.032036,-190.94385,-4.8070636,28.970182,0.0,0.0,4.183302,0.0,0.0
2017-06-20,6,2017,0,1,2017-18,0.9516694259337802,1.471763005208338,8.242566556158197,761.2741370271314,0.0,0.0,0.0,0.0,536.8015838944831,743.2599572944684,0.0,1.1814874510706883,2283822.411081394,839.7242368918849,881.7104487364792,120.43631170934782,13.659394859382363,Medium,-7.316892,-0.0068982467,-72.57149,-13.10804,74.30175,49.87646,-3.039801,29.462896,0.0,0.0,4.0855227,0.0,0.0
2017-06-21,6,2017,0,1,2017-18,0.73739880436098,1.3077264653523164,10.570927922072505,664.6258858379447,0.0,0.0,0.0,0.0,761.2741370271314,738.9680851268805,0.0,1.1814874510706883,1993877.657513834,840.2346114893535,882.2463420638212,217.62045622587647,24.666631738795463,High,-2.9831996,0.30951715,-60.06331,-29.435118,-86.61074,74.49678,6.4060497,46.14968,0.0,0.0,4.9787235,0.0,0.0
2017-06-22,6,2017,0,1,2017-18,0.9762525647852116,0.5955522013297787,0.0,1057.681873233896,0.0,0.0,0.0,0.0,664.6258858379447,693.1049634117089,0.0,1.1814874510706883,3173045.619701688,842.973313385577,885.1219790548558,-172.55989417904027,-19.495606059099543,Low,-0.20532538,-0.08914013,-66.98634,10.618887,146.08553,141.00157,2.8916862,42.059776,0.0,0.0,5.8211975,0.0,0.0
2017-06-23,6,2017,0,1,2017-18,0.9609689086186384,1.2224168619608595,5.907017387664477,887.5283064466715,0.0,0.0,0.0,0.0,1057.681873233896,763.5955796409368,0.0,1.1814874510706883,2662584.9193400145,842.3796683686116,884.4986517870423,-3.029654659629273,-0.3425279002413575,Low,-5.2346606,0.20089501,-78.46461,-2.0937717,87.764046,86.242836,22.217764,55.332024,0.0,0.0,3.9152627,0.0,0.0
2017-06-24,6,2017,1,1,2017-18,0.8556514171378216,3.5066030473128023,5.271074198554531,541.6322875115875,0.0,0.0,0.0,0.0,887.5283064466715,735.580168847875,0.0,1.1814874510706883,1624896.8625347624,837.3637806979058,879.2319697328011,337.5996822212136,38.3971117797059,High,-0.65680826,-0.32838333,-70.74499,-0.41064,3.1382182,-134.45808,6.0941367,22.847805,0.0,0.0,6.2931294,0.0,0.0
2017-06-25,6,2017,1,1,2017-18,0.8773826307234788,3.985337350508989,0.0,424.0880510297533,0.0,0.0,0.0,0.0,541.6322875115875,743.5228494697442,0.0,1.1814874510706883,1272264.1530892598,834.691771988739,876.426360588176,452.3383095584227,51.61167325625112,High,-7.1091223,-0.34875032,-77.858154,6.5782485,1.9960572,-183.757,-3.7958355,20.74744,0.0,0.0,4.118769,0.0,0.0
2017-06-26,6,2017,0,1,2017-18,0.8197008111610391,1.4732381220273931,0.0,736.1491048034746,0.0,0.0,0.0,0.0,424.0880510297533,696.2331607116382,0.0,1.1814874510706883,2208447.314410424,835.2670879067255,877.0304423020618,140.8813374985872,16.063448964074347,High,-3.6438208,-0.058596343,-66.76518,9.887423,-23.6958,67.55499,0.55382943,33.24101,0.0,0.0,5.553841,0.0,0.0
2017-06-27,6,2017,0,1,2017-18,0.7164284916466094,1.7944425238181705,0.0,666.9060431290167,0.0,0.0,0.0,0.0,736.1491048034746,724.7113779843513,0.0,1.1814874510706883,2000718.12938705,835.6669920232392,877.4503416244012,210.5442984953845,23.995010145600865,High,-2.358557,0.8106553,-53.50435,10.0446005,-98.25408,34.16715,-0.40807018,52.459686,0.0,0.0,5.3109503,0.0,0.0
2017-06-28,6,2017,0,1,2017-18,0.8005591724937703,2.888283752810948,21.41404621906517,445.653807676777,0.0,0.0,0.0,0.0,666.9060431290167,711.230221713192,0.0,1.1814874510706883,1336961.423030331,832.5893294276044,874.2187958989847,428.5649882222077,49.02262342478027,High,-4.9934106,0.001959782,-97.82315,-44.439785,-52.877754,-73.765755,0.85528773,19.304478,0.0,0.0,5.9066644,0.0,0.0
2017-06-29,6,2017,0,1,2017-18,0.9408560345794036,3.544783121860298,0.0,650.3815186681582,0.0,0.0,0.0,0.0,445.653807676777,679.9484962615967,0.0,1.1814874510706883,1951144.5560044744,830.8912482996632,872.4358107146463,222.05429204648817,25.452221162791886,High,0.456043,-0.017819773,-73.59541,8.5797825,77.640625,-121.01503,11.568081,14.376421,0.0,0.0,5.363811,0.0,0.0
2017-06-30,6,2017,0,1,2017-18,0.7013896069013809,2.3721773367471366,10.995588566626491,487.758045245143,0.0,0.0,0.0,0.0,650.3815186681582,621.7627313236342,0.0,1.1814874510706883,1463274.1357354291,828.099596753568,869.5045765912464,381.7465313461034,43.90391282846142,High,-2.1467502,0.12837689,-90.31772,-23.896315,-80.916405,-18.98434,7.0101457,-27.796501,0.0,0.0,4.2800946,0.0,0.0
2017-07-01,7,2017,1,1,2017-18,0.8000497515073433,1.5661027927113174,9.313726939296036,639.917179582447,0.0,0.0,0.0,0.0,487.758045245143,564.6526940091301,0.0,1.1814874510706883,1919751.538747341,825.5637916755386,866.8419812593156,226.92480167686855,26.17833545015906,High,-5.385078,0.08924527,-89.29718,-6.983404,-48.477715,49.929985,4.254198,-29.94329,0.0,0.0,2.7226992,0.0,0.0
2017-07-02,7,2017,1,1,2017-18,0.819450608077283,1.650487363394495,4.282426380556719,710.6817985902607,0.0,0.0,0.0,0.0,639.917179582447,578.6933928763957,0.0,1.1814874510706883,2132045.395770782,821.6691593690654,862.7526173375187,152.07081874725804,17.626236732442877,High,-5.065455,0.09043167,-82.059555,4.974889,-19.150204,53.76093,2.4830887,-30.691723,0.0,0.0,3.46918,0.0,0.0
2017-07-03,7,2017,0,1,2017-18,0.8612186808813769,2.7824725859872275,2.50688130730853,631.9630786435097,0.0,0.0,0.0,0.0,710.6817985902607,619.635356813611,0.0,1.1814874510706883,1895889.235930529,821.7565625664498,862.8443906947723,230.88131205126265,26.75816341175427,High,-7.4095645,0.4273526,-85.977455,5.1376724,9.304303,-56.25715,1.5136075,-29.444845,0.0,0.0,4.6810436,0.0,0.0
2017-07-04,7,2017,0,1,2017-18,0.975956684923828,0.0128730544171147,9.4307692956542,1079.877545107538,0.0,0.0,0.0,0.0,631.9630786435097,604.7516387907589,0.0,1.1814874510706883,3239632.635322614,824.3023183505084,865.5174342680339,-214.36011083950416,-24.766700513755453,Low,-4.4287233,-0.08328377,-91.35286,-20.166265,138.66081,198.27486,3.0082633,-25.82006,0.0,0.0,3.260914,0.0,0.0
2017-07-05,7,2017,0,1,2017-18,0.8039037983097883,2.4783573498393627,11.8375309245088,420.8489348236928,0.0,0.0,0.0,0.0,1079.877545107538,663.7475676448333,0.0,1.1814874510706883,1262546.8044710786,820.0531871778286,861.0558465367201,440.2069117130273,51.12408370300224,High,-6.99814,0.20351283,-99.381355,-36.55919,-40.970913,-38.691483,21.717274,-1.0657563,0.0,0.0,2.7062023,0.0,0.0
2017-07-06,7,2017,0,1,2017-18,0.8040859605688683,1.4219720417654296,0.0,703.6122525321091,0.0,0.0,0.0,0.0,420.8489348236928,660.204014380107,0.0,1.1814874510706883,2110836.7575963275,817.4597962606283,858.3327860736598,154.7205335415507,18.025704721044296,High,-5.5276313,-0.05861347,-88.05687,8.683943,-50.74391,48.326134,-3.3490949,0.41148704,0.0,0.0,4.8198395,0.0,0.0
2017-07-07,7,2017,0,1,2017-18,0.9212503744329246,3.176789325108337,0.0,616.1315009658172,0.0,0.0,0.0,0.0,703.6122525321091,667.8084049321,0.0,1.1814874510706883,1848394.502897452,816.4844437492961,857.308665936761,241.17716497094383,28.131893978630817,High,-8.333087,-0.0888596,-93.86883,8.3326845,63.536575,-95.66511,2.0280688,0.7577755,0.0,0.0,7.07398,0.0,0.0
2017-07-08,7,2017,1,1,2017-18,0.8356653822669421,0.3719625592925286,0.0,878.3580930901157,0.0,0.0,0.0,0.0,616.1315009658172,686.1474700350535,0.0,1.1814874510706883,2635074.279270347,817.2843174784603,858.1485333523833,-20.209559737732437,-2.355018851897721,Low,-5.888638,0.17012858,-95.14665,11.8014555,-5.417579,132.41347,-0.5348175,28.579914,0.0,0.0,4.3494897,0.0,0.0
2017-07-09,7,2017,1,1,2017-18,0.7673814468819946,2.352809067793562,6.801699888713761,589.2970411246064,0.0,0.0,0.0,0.0,878.3580930901157,720.2104576790063,0.0,1.1814874510706883,1767891.123373819,812.420603225646,853.0416333869283,263.744592262322,30.918138334602357,High,-2.6018107,-1.6813682,-75.15301,-2.363672,-83.445496,-25.68483,3.0050683,41.864304,0.0,0.0,6.6015387,0.0,0.0
2017-07-10,7,2017,0,1,2017-18,0.835731854839808,1.923891559544495,0.0,833.6482289702193,0.0,0.0,0.0,0.0,589.2970411246064,702.8697780410556,0.0,1.1814874510706883,2500944.6869106577,812.905744955534,853.5510322033108,19.902803233091504,2.331764883666706,Low,-2.7516968,-0.04515869,-78.68108,9.648343,-7.668694,20.036167,-1.0616115,33.7709,0.0,0.0,5.527172,0.0,0.0
2017-07-11,7,2017,0,1,2017-18,0.7422571061139399,2.5693021036209096,11.01607691728146,649.1928414911251,0.0,0.0,0.0,0.0,833.6482289702193,731.6819423734427,0.0,1.1814874510706883,1947578.524473376,811.9317726160424,852.5283612468445,203.33551975571936,23.85088039280429,High,-6.348586,1.0795802,-86.328896,-28.08241,-108.33265,-57.77881,7.5990276,38.183342,0.0,0.0,6.0113297,0.0,0.0
2017-07-12,7,2017,0,1,2017-18,0.7529160959518669,0.2594143779318734,0.0,735.1561201341485,0.0,0.0,0.0,0.0,649.1928414911251,670.1555561425265,0.0,1.1814874510706883,2205468.360402446,808.0144637293232,848.4151869157894,113.25906678164084,13.34948602150406,Medium,-7.9951153,-0.08013876,-84.97998,13.471763,-86.29766,139.39473,-0.5511872,-8.625488,0.0,0.0,4.029294,0.0,0.0
2017-07-13,7,2017,0,1,2017-18,0.8495103318218439,2.319935149712525,11.212213593941946,624.8635791814886,0.0,0.0,0.0,0.0,735.1561201341485,715.0565826154489,0.0,1.1814874510706883,1874590.7375444656,806.9318554097379,847.2784481802248,222.4148689987362,26.250504716181126,High,-6.5165753,0.9967246,-77.79192,-37.052074,-7.619863,-17.335766,-0.3806446,46.37339,0.0,0.0,5.587455,0.0,0.0
2017-07-14,7,2017,0,1,2017-18,0.8256776348513644,2.245938351838095,0.0,700.4194695618289,0.0,0.0,0.0,0.0,624.8635791814886,703.8067721367887,0.0,1.1814874510706883,2101258.4086854868,802.5264740292046,842.6527977306648,142.2333281688359,16.87923288831204,High,-2.325269,-0.045952298,-82.70814,10.251927,-31.728573,-12.374268,2.0034387,23.015713,0.0,0.0,5.51521,0.0,0.0
2017-07-15,7,2017,1,1,2017-18,0.97445377032043,2.242640377664684,12.381292491504682,674.3451561241254,0.0,0.0,0.0,0.0,700.4194695618289,715.8479105076476,0.0,1.1814874510706883,2023035.468372376,800.8567091520086,840.8995446096092,166.55438848548374,19.806692672524548,High,-4.695258,-0.07506258,-76.24253,-45.28268,103.879715,13.6497555,3.0606682,59.73342,0.0,0.0,4.638389,0.0,0.0
2017-07-16,7,2017,1,1,2017-18,0.8087181697349899,2.4139506663858192,0.0,700.8015278552575,0.0,0.0,0.0,0.0,674.3451561241254,686.7032052267916,0.0,1.1814874510706883,2102404.5835657725,798.4444342085874,838.3666559190168,137.5651280637593,16.40870698906322,High,-3.3111463,0.090490036,-87.8577,8.965295,-53.433098,-35.180035,-0.30948028,18.441936,0.0,0.0,4.7864304,0.0,0.0
2017-07-17,7,2017,0,1,2017-18,0.874176505083413,2.705871748905449,0.0,668.295770220881,0.0,0.0,0.0,0.0,700.8015278552575,702.6324176168847,0.0,1.1814874510706883,2004887.3106626428,796.282327225357,836.0964435866249,167.80067336574393,20.06953559638706,High,-6.2826233,-0.014911608,-72.691475,6.393565,12.949735,-55.787373,1.1162229,26.802717,0.0,0.0,7.106849,0.0,0.0
2017-07-18,7,2017,0,1,2017-18,0.8896792863758591,3.219955998723079,1.5360233730184647,565.2639493509104,0.0,0.0,0.0,0.0,668.295770220881,679.0106377955508,0.0,1.1814874510706883,1695791.848052731,790.6983918892583,830.2333114837213,264.96936213281094,31.91504827230801,High,-5.48964,-0.043359492,-90.16367,4.3712125,19.245037,-114.97127,-0.71364045,12.329083,0.0,0.0,6.6990857,0.0,0.0
2017-07-19,7,2017,0,1,2017-18,0.7039283369765,1.0792828805128574,5.110860928381218,620.8087283260057,0.0,0.0,0.0,0.0,565.2639493509104,667.0207960612343,0.0,1.1814874510706883,1862426.184978017,787.263051663087,826.6262042462414,205.8174759202357,24.898494006479048,High,-6.635816,-0.7199637,-87.42094,4.517825,-131.90106,81.33289,-1.5769876,-7.4767957,0.0,0.0,4.9949703,0.0,0.0
2017-07-20,7,2017,0,1,2017-18,0.8990612116050132,3.300197640720248,0.0,579.3953458421474,0.0,0.0,0.0,0.0,620.8087283260057,650.6854543743567,0.0,1.1814874510706883,1738186.0375264422,780.7768920852945,819.8157366895593,240.4203908474119,29.326149778270505,High,-6.8493567,-0.063329294,-96.522095,10.625693,28.19203,-128.75691,0.3696059,-27.839418,0.0,0.0,5.5264783,0.0,0.0
2017-07-21,7,2017,0,1,2017-18,0.7534107900609254,1.9930227290538145,9.83776073666585,651.0710716015026,0.0,0.0,0.0,0.0,579.3953458421474,644.1899924687366,0.0,1.1814874510706883,1953213.214804508,780.4444652920834,819.4666885566876,168.395616955185,20.549415773297294,High,-5.4452996,-0.039563484,-100.684235,-20.431787,-88.17174,8.549778,-5.596345,-20.78238,0.0,0.0,3.1024437,0.0,0.0
2017-07-22,7,2017,1,1,2017-18,0.9883210952408366,0.3082331165373246,0.0,1156.1190830231142,0.0,0.0,0.0,0.0,651.0710716015026,637.1402213315471,0.0,1.1814874510706883,3468357.2490693424,783.1404835743558,822.2975077530737,-333.8215752700405,-40.59620418675563,Low,-3.161627,0.18048352,-93.698204,11.8029375,123.6261,151.07974,1.4839245,-17.385647,0.0,0.0,3.9587243,0.0,0.0
2017-07-23,7,2017,1,1,2017-18,0.7445988183259339,0.2342037169759168,7.09804397291727,749.2121689179849,0.0,0.0,0.0,0.0,1156.1190830231142,705.9650680314027,0.0,1.1814874510706883,2247636.5067539546,782.2860105858983,821.4003111151933,72.18814219720844,8.78842401449794,Medium,-4.0086412,0.16564906,-77.98582,-15.903211,-92.93985,132.61147,16.503344,34.46494,0.0,0.0,3.8810687,0.0,0.0
2017-07-24,7,2017,0,1,2017-18,0.8243872371181071,1.3369532747842432,11.236459204360942,698.4271380762885,0.0,0.0,0.0,0.0,749.2121689179849,712.8808738975066,0.0,1.1814874510706883,2095281.4142288656,779.4210600585792,818.3921130615082,119.96497498521968,14.658618169772538,Medium,-6.3046923,0.34116957,-85.606995,-48.418266,-26.408564,68.155334,4.1478534,35.939205,0.0,0.0,4.8902674,0.0,0.0
2017-07-25,7,2017,0,1,2017-18,0.7256049004235932,3.13958790844587,9.3097348960616,481.91523252371513,0.0,0.0,0.0,0.0,698.4271380762885,717.1853550197077,0.0,1.1814874510706883,1445745.6975711454,776.732248366026,815.5688607843274,333.65362826061227,40.91054039750116,High,-3.5173564,0.8171499,-77.39498,-20.089956,-91.13511,-99.628105,3.0387669,32.65941,0.0,0.0,5.3145638,0.0,0.0
2017-07-26,7,2017,0,1,2017-18,0.999062275553784,2.830723738963663,0.5979672446138078,844.3513245047718,0.0,0.0,0.0,0.0,481.91523252371513,705.2783954729656,0.0,1.1814874510706883,2533053.973514315,777.2132561859145,816.0739189952102,-28.277405509561618,-3.4650544333506126,Low,-4.6850796,-0.07043869,-62.298145,5.7657533,115.245926,-68.24604,4.827669,43.369194,0.0,0.0,4.178194,0.0,0.0
2017-07-27,7,2017,0,1,2017-18,0.8506585030993727,3.1544598586896258,0.0,703.1667881159685,0.0,0.0,0.0,0.0,844.3513245047718,737.2130520699321,0.0,1.1814874510706883,2109500.3643479054,776.7189891918782,815.5549386514722,112.38815053550366,13.780573841087705,Medium,-5.4622726,0.8568908,-75.25682,8.020145,-14.005182,-109.80002,4.0149317,29.065279,0.0,0.0,7.2496023,0.0,0.0
2017-07-28,7,2017,0,1,2017-18,0.8786155051960132,2.069076225766437,14.436745133278816,642.9932835535911,0.0,0.0,0.0,0.0,703.1667881159685,754.8946866804779,0.0,1.1814874510706883,1928979.8506607728,770.8769176532982,809.4207635359631,166.427479982372,20.56130599557785,High,-5.375277,0.24948588,-70.52696,-37.283585,20.688059,11.759754,3.4784815,58.86448,0.0,0.0,5.477274,0.0,0.0
2017-07-29,7,2017,1,1,2017-18,0.7201229432165283,1.7607959918219622,4.5978624325048,622.9079921266355,0.0,0.0,0.0,0.0,642.9932835535911,753.7407169593478,0.0,1.1814874510706883,1868723.9763799063,770.2587571495618,808.77169500704,185.8637028804045,22.98098511951344,High,-4.384328,-1.6299924,-50.893105,3.6734118,-95.98031,35.481873,-0.5043738,66.0353,0.0,0.0,4.704553,0.0,0.0
2017-07-30,7,2017,1,1,2017-18,0.9249881411197534,0.5898101068251358,3.207404928524832,956.6307105699714,0.0,0.0,0.0,0.0,622.9079921266355,677.5677039741365,0.0,1.1814874510706883,2869892.131709914,771.4394598778651,810.0114328717584,-146.61927769821295,-18.10088990699787,Low,-4.646225,0.1994738,-99.54054,9.721052,67.67286,116.08084,2.9009604,8.783836,0.0,0.0,4.6221957,0.0,0.0
2017-07-31,7,2017,0,1,2017-18,0.7629716779286757,1.3127710144372462,14.114860879029283,539.8625961960997,0.0,0.0,0.0,0.0,956.6307105699714,707.1989242101346,0.0,1.1814874510706883,1619587.7885882992,769.298615005088,807.7635457553424,267.9009495592427,33.16576378904641,High,-7.569292,0.16562404,-70.25934,-39.187294,-68.46488,80.530846,16.442745,37.69677,0.0,0.0,4.532058,0.0,0.0
2017-08-01,8,2017,0,1,2017-18,0.969416286832214,1.736077464695501,0.0,941.5092030524468,0.0,0.0,0.0,0.0,539.8625961960997,684.5468467986791,0.0,1.1814874510706883,2824527.60915734,770.3262286254843,808.8425400567586,-132.66666299568817,-16.40203827389922,Low,-7.2869015,-0.076192856,-77.66826,9.694265,89.05055,50.59762,0.9507202,35.043575,0.0,0.0,4.066051,0.0,0.0
2017-08-02,8,2017,0,1,2017-18,0.7615418921446021,0.3544017187184689,0.0,905.2092470208364,0.0,0.0,0.0,0.0,941.5092030524468,750.2031283027835,0.0,1.1814874510706883,2715627.7410625094,774.1302460314832,812.8367583330574,-92.37248868777895,-11.364211539499498,Low,-8.571713,0.06530007,-62.76822,13.988753,-71.80366,119.75253,16.455713,41.64192,0.0,0.0,3.9643831,0.0,0.0
2017-08-03,8,2017,0,1,2017-18,0.7572063161991,0.882447810844845,10.643889889794762,747.8115098419541,0.0,0.0,0.0,0.0,905.2092470208364,758.8971172336499,0.0,1.1814874510706883,2243434.5295258625,772.2620066193707,810.8751069503393,63.063597108385125,7.77722692037793,Medium,-7.837676,0.51729023,-72.43602,-36.84196,-74.87883,78.83511,7.0341687,43.94427,0.0,0.0,5.9290686,0.0,0.0
2017-08-04,8,2017,0,1,2017-18,0.7109649003544284,2.3929011762549552,0.0,496.6804287112277,0.0,0.0,0.0,0.0,747.8115098419541,765.2749346230765,0.0,1.1814874510706883,1490041.286133683,765.7323815348411,804.0190006115832,307.33857190035553,38.22528717189222,High,-3.530425,0.8127561,-59.851772,9.8403,-89.63879,-22.801079,1.0722755,60.481743,0.0,0.0,4.7595363,0.0,0.0
2017-08-05,8,2017,1,1,2017-18,0.8416200835329998,2.94265245695676,0.0,504.9430341673103,0.0,0.0,0.0,0.0,496.6804287112277,744.3730982170246,0.0,1.1814874510706883,1514829.102501931,759.6927778104642,797.6774167009875,292.73438253367715,36.69834151057705,High,-8.056117,-1.6092848,-75.72231,9.005236,-10.95362,-72.76071,4.852905,38.326405,0.0,0.0,5.914876,0.0,0.0
2017-08-06,8,2017,1,1,2017-18,0.8694523399787849,3.993390045571799,15.460328186056012,504.2043923735525,0.0,0.0,0.0,0.0,504.9430341673103,727.5209613656924,0.0,1.1814874510706883,1512613.1771206576,757.2908625315061,795.1554056580815,290.951013284529,36.59045907431566,High,-8.967988,-0.4711012,-84.80619,-23.810934,6.9520607,-152.36588,0.6824073,22.945433,0.0,0.0,5.215829,0.0,0.0
2017-08-07,8,2017,0,1,2017-18,0.7197125918285057,3.732453325374231,0.0,433.01158596256414,0.0,0.0,0.0,0.0,504.2043923735525,662.8886301947753,0.0,1.1814874510706883,1299034.7578876924,753.5354264244822,791.2121977457064,358.2006117831422,45.272382403066416,High,-2.788591,-0.036041453,-68.25842,12.390739,-93.12863,-133.33455,1.7379735,-1.0216831,0.0,0.0,4.0787783,0.0,0.0
2017-08-08,8,2017,0,1,2017-18,0.9326582850085032,2.570260798140766,8.309015718209517,707.1797689162192,0.0,0.0,0.0,0.0,433.01158596256414,647.6242001614131,0.0,1.1814874510706883,2121539.306748658,749.7318198057404,787.2184107960275,80.03864187980821,10.167272612294967,Medium,-9.204727,-0.07305005,-92.76802,-9.561472,69.26834,-45.107265,8.219491,-27.473162,0.0,0.0,4.5610175,0.0,0.0
2017-08-09,8,2017,0,1,2017-18,0.8359866504244082,1.684992213176288,5.057635231832315,815.4061654521821,0.0,0.0,0.0,0.0,707.1797689162192,614.1485667133805,0.0,1.1814874510706883,2446218.4963565464,745.1041976604075,782.3594075434279,-33.046757908754216,-4.2239867751471785,Low,-5.441267,-0.03987007,-87.94492,2.6792564,-6.736977,48.69713,0.8804687,-31.662703,0.0,0.0,3.588291,0.0,0.0
2017-08-10,8,2017,0,1,2017-18,0.857317080798274,2.544709458832931,0.0,641.8295076825934,0.0,0.0,0.0,0.0,815.4061654521821,601.3195550607159,0.0,1.1814874510706883,1925488.5230477804,742.2958959761197,779.4106907749257,137.58118309233225,17.651949700041037,High,-7.839325,-0.023628991,-84.82375,9.175268,10.344933,-47.29366,7.13164,-30.86976,0.0,0.0,4.266597,0.0,0.0
2017-08-11,8,2017,0,1,2017-18,0.8322288240814684,3.142606472320928,7.618442393545621,535.8723394167237,0.0,0.0,0.0,0.0,641.8295076825934,586.1792690379499,0.0,1.1814874510706883,1607617.018250171,738.5074504094675,775.4328229299409,239.5604835132173,30.893776537346955,High,-7.413775,-0.029462058,-96.8723,-19.261263,-17.172724,-112.844284,-1.4505762,-36.271126,0.0,0.0,4.4847636,0.0,0.0
2017-08-12,8,2017,1,1,2017-18,0.8202289182625978,0.4733447636935493,0.0,857.3573667226839,0.0,0.0,0.0,0.0,535.8723394167237,591.7781134244493,0.0,1.1814874510706883,2572072.100168052,739.4351130540329,776.4068687067345,-80.95049801594939,-10.426298539938102,Low,-7.1752267,0.22275189,-103.15712,16.120022,-26.94837,123.50702,2.3011565,-21.630707,0.0,0.0,1.812969,0.0,0.0
2017-08-13,8,2017,1,1,2017-18,0.8678920993924654,1.639619558785153,0.0,691.4934798750759,0.0,0.0,0.0,0.0,857.3573667226839,642.123018075217,0.0,1.1814874510706883,2074480.439625228,737.2091196223697,774.0695756034883,82.57609572841238,10.667787280495238,Medium,-7.554992,0.05533097,-78.930695,9.483126,22.88258,50.757996,-0.66093445,-23.494581,0.0,0.0,5.0681705,0.0,0.0
2017-08-14,8,2017,0,1,2017-18,0.7465720737792138,3.359209142542469,2.7038051869784474,462.9493564513594,0.0,0.0,0.0,0.0,691.4934798750759,668.8786020040061,0.0,1.1814874510706883,1388848.0693540785,733.3353506232636,770.0021181544269,307.05276170306746,39.87687234406891,High,-6.318492,-0.05199056,-83.93476,3.9794147,-84.042816,-106.82287,-1.197189,-3.522257,0.0,0.0,4.725668,0.0,0.0
2017-08-15,8,2017,0,1,2017-18,0.7545784391485812,1.535331807732176,0.0,687.2592806566628,0.0,0.0,0.0,0.0,462.9493564513594,673.1554263595482,0.0,1.1814874510706883,2061777.8419699883,731.4188828164854,767.9898269573097,80.73054630064689,10.51192912547974,Medium,-6.235933,-0.06034534,-82.59616,10.189127,-95.962746,38.95357,2.662825,-0.83393186,0.0,0.0,4.768194,0.0,0.0
2017-08-16,8,2017,0,1,2017-18,0.9585356863040552,2.287489084908746,1.8824694033558145,760.6161126604127,0.0,0.0,0.0,0.0,687.2592806566628,670.3096423224688,0.0,1.1814874510706883,2281848.337981238,729.3511964421122,765.8187562642178,5.202643603805086,0.6793570360152036,Low,-8.1194,-0.057299647,-100.87924,4.9306583,84.80102,-28.506239,-1.568575,-9.508914,0.0,0.0,5.0324807,0.0,0.0
2017-08-17,8,2017,0,1,2017-18,0.9838346386400898,2.351077443448793,4.013234277076789,821.6753823455228,0.0,0.0,0.0,0.0,760.6161126604127,662.4824919236445,0.0,1.1814874510706883,2465026.1470365687,727.2416464731558,763.6037287968136,-58.071653548709264,-7.604946303786512,Low,-7.4935107,-0.071401015,-95.28863,-0.6698415,101.92818,-42.808624,-0.55358756,-1.7918147,0.0,0.0,5.2371397,0.0,0.0
2017-08-18,8,2017,0,1,2017-18,0.8119927948839258,0.7379050125345574,0.0,993.4205066270504,0.0,0.0,0.0,0.0,821.6753823455228,688.1747597326345,0.0,1.1814874510706883,2980261.5198811507,727.736248319868,764.1230607358614,-229.297445891189,-30.007921194051164,Low,-4.6719904,-0.06680061,-80.932144,13.819058,-36.435486,97.20634,13.779363,18.837545,0.0,0.0,5.065654,0.0,0.0
2017-08-19,8,2017,1,1,2017-18,0.781223401943066,1.4489417666091535,0.0,723.7117768348157,0.0,0.0,0.0,0.0,993.4205066270504,753.538783619824,0.0,1.1814874510706883,2171135.330504447,725.7061165954208,761.9914224251919,38.27964559037616,5.023632086112393,Medium,-4.686593,-0.23525883,-51.983925,7.9496617,-55.95118,52.403008,7.4457417,50.12286,0.0,0.0,3.6614225,0.0,0.0
2017-08-20,8,2017,1,1,2017-18,0.8931998629717047,1.3380451549677286,18.58505875916609,648.7054608739724,0.0,0.0,0.0,0.0,723.7117768348157,734.4465564929857,0.0,1.1814874510706883,1946116.3826219167,724.0603614695995,760.2633795430795,111.55791866910717,14.673588347258525,Medium,-7.482795,-0.298195,-85.49946,-36.990322,39.72268,73.37069,1.299145,33.396805,0.0,0.0,4.4904943,0.0,0.0
2017-08-21,8,2017,0,1,2017-18,0.822620251329429,0.1047868341282591,4.370227926563245,939.7623752818726,0.0,0.0,0.0,0.0,648.7054608739724,728.3339823499708,0.0,1.1814874510706883,2819287.1258456176,726.1807423389221,762.4897794558682,-177.27259582600436,-23.24917665814623,Low,-7.2036114,0.0898401,-77.602646,8.064817,-31.803692,153.23907,4.6653156,30.46619,0.0,0.0,3.9971738,0.0,0.0
2017-08-22,8,2017,0,1,2017-18,0.7076159066981034,0.0967670555654209,0.0,645.2430905107476,0.0,0.0,0.0,0.0,939.7623752818726,796.4501278971871,0.0,1.1814874510706883,1935729.271532243,723.8537248265802,760.0464110679093,114.80332055716168,15.104777666913307,High,-10.251397,-0.33326766,-54.85972,14.508163,-105.57016,141.20024,2.9360542,44.922054,0.0,0.0,5.931642,0.0,0.0
2017-08-23,8,2017,0,1,2017-18,0.7468457792098571,3.326788174703094,0.0,441.4679019623295,0.0,0.0,0.0,0.0,645.2430905107476,790.4478150191991,0.0,1.1814874510706883,1324403.7058869884,720.6672337138797,756.7005953995737,315.23269343724417,41.65884041240729,High,-8.425469,0.85178185,-58.56324,11.63653,-68.69738,-111.307396,2.4725337,52.030884,0.0,0.0,6.562329,0.0,0.0
2017-08-24,8,2017,0,1,2017-18,0.9147916686542192,1.0922832398912496,0.0,834.5997677305768,0.0,0.0,0.0,0.0,441.4679019623295,744.8552134909015,0.0,1.1814874510706883,2503799.3031917303,720.7706254431861,756.8091567153455,-77.79061101523132,-10.278761868164114,Low,-7.295463,-0.026573647,-79.99406,8.580805,68.03442,90.78701,1.6636975,43.88556,0.0,0.0,4.8559084,0.0,0.0
2017-08-25,8,2017,0,1,2017-18,0.8976771825730454,2.0723150649552617,1.1943028231700912,736.7823938919474,0.0,0.0,0.0,0.0,834.5997677305768,746.7015542601949,0.0,1.1814874510706883,2210347.1816758425,719.567685209043,755.5460694694953,18.76367557754781,2.4834588300780496,Low,-4.9916754,0.08373544,-71.16281,5.4602346,40.006092,11.528598,3.128188,52.501156,0.0,0.0,5.6863794,0.0,0.0
2017-08-26,8,2017,1,1,2017-18,0.708128797751045,1.1949022943550922,6.039096820363195,586.9442397191866,0.0,0.0,0.0,0.0,736.7823938919474,710.0389667266088,0.0,1.1814874510706883,1760832.7191575598,714.1925926115357,749.9022222421125,162.95798252292593,21.730564024160675,High,-6.5476985,0.19069815,-59.681458,-0.020447593,-93.45334,86.09009,6.071039,35.00893,0.0,0.0,4.6317835,0.0,0.0
2017-08-27,8,2017,1,1,2017-18,0.7665916485798848,3.762716980461362,4.3213585153313305,482.0178303699238,0.0,0.0,0.0,0.0,586.9442397191866,690.5007471386618,0.0,1.1814874510706883,1446053.4911097714,706.8515826743261,742.1941618080424,260.1763314381186,35.05502263778375,High,-3.057961,-0.099290125,-70.74927,0.27904436,-67.59778,-144.12843,-2.6813302,26.26331,0.0,0.0,4.255706,0.0,0.0
2017-08-28,8,2017,0,1,2017-18,0.7693224389764214,1.037187035463095,0.0,758.60908538678,0.0,0.0,0.0,0.0,482.0178303699238,666.6882284952263,0.0,1.1814874510706883,2275827.25616034,703.7582601029038,738.946173108049,-19.662912278730914,-2.66093972664174,Low,-9.140487,-0.06034534,-90.7196,10.881504,-88.96262,73.78385,1.5898023,-8.163593,0.0,0.0,4.318799,0.0,0.0
2017-08-29,8,2017,0,1,2017-18,0.9015678230796184,1.7186272509557403,14.61389125666607,774.9853418493063,0.0,0.0,0.0,0.0,758.60908538678,640.8091870816417,0.0,1.1814874510706883,2324956.025547919,699.4624385813597,734.4355605104278,-40.549781338878574,-5.521217043289237,Low,-7.449602,0.07719292,-99.923134,-44.06405,41.74215,45.55077,3.3946412,-26.606947,0.0,0.0,3.6494234,0.0,0.0
2017-08-30,8,2017,0,1,2017-18,0.7059131613263092,3.490921001938408,17.71994582290083,380.06565520293736,0.0,0.0,0.0,0.0,774.9853418493063,659.3437944157214,0.0,1.1814874510706883,1140196.9656088122,696.4483202950864,731.2707363098408,351.20508110690344,48.02668337026099,High,-5.9570694,0.192021,-75.838165,-36.77914,-95.91159,-121.6064,11.075783,0.89156705,0.0,0.0,5.7395167,0.0,0.0
2017-08-31,8,2017,0,1,2017-18,0.7312325745953722,3.3677342671672346,0.0,482.73063544495767,0.0,0.0,0.0,0.0,380.06565520293736,650.5720448786655,0.0,1.1814874510706883,1448191.906334873,695.78928625505,730.5787505678026,247.8481151228449,33.92490062573247,High,-2.4693751,-0.06208481,-81.91791,15.722413,-84.881325,-101.90122,3.0423281,-20.172464,0.0,0.0,4.1262794,0.0,0.0
2017-09-01,9,2017,0,1,2017-18,0.9399748256119568,0.7444056713851093,4.868680883304233,969.3538311805266,0.0,0.0,0.0,0.0,482.73063544495767,600.3050259807198,0.0,1.1814874510706883,2908061.49354158,699.1998609613458,734.1598540094132,-235.1939771711135,-32.03579927268782,Low,-8.871269,-0.077957734,-102.96146,4.195769,73.367714,107.86715,7.271246,-22.167444,0.0,0.0,2.8012505,0.0,0.0
2017-09-02,9,2017,1,1,2017-18,0.7535633986163001,3.2105732391828417,0.0,494.1246264003401,0.0,0.0,0.0,0.0,969.3538311805266,633.5295170219454,0.0,1.1814874510706883,1482373.87920102,694.711794591776,729.4473843213648,235.32275792102467,32.2604156213344,High,-5.137556,0.07016099,-78.312454,17.610773,-71.75638,-101.57424,8.584143,-25.34851,0.0,0.0,3.2333212,0.0,0.0
2017-09-03,9,2017,1,1,2017-18,0.8958238323555624,1.8327475469515704,0.0,675.4345993120706,0.0,0.0,0.0,0.0,494.1246264003401,620.2695722621103,0.0,1.1814874510706883,2026303.797936212,694.8553981478752,729.5981680552691,54.163568743198425,7.42375339120854,Medium,-5.9456606,0.1256516,-91.233536,11.710605,46.39151,36.377975,4.5199485,-28.206106,0.0,0.0,3.4875195,0.0,0.0
2017-09-04,9,2017,0,1,2017-18,0.771454834314018,1.9318754883414209,0.0,749.252350010341,0.0,0.0,0.0,0.0,675.4345993120706,647.9005392538455,0.0,1.1814874510706883,2247757.050031023,694.3435246336984,729.0607008653833,-20.19164914495775,-2.769542936684228,Low,-6.3545713,-0.046258323,-92.09822,9.394044,-88.43143,-1.3165425,0.123996325,-19.449007,0.0,0.0,4.2278385,0.0,0.0
2017-09-05,9,2017,0,1,2017-18,0.7298324178278035,0.5339198896637751,8.30316840090642,762.5195051997275,0.0,0.0,0.0,0.0,749.252350010341,646.563862771497,0.0,1.1814874510706883,2287558.5155991823,693.7129632777644,728.3986114416526,-34.120893758074885,-4.684371060310306,Low,-9.198116,-0.10437752,-97.83299,-19.48133,-103.84207,114.43941,3.9194422,-20.804325,0.0,0.0,3.020408,0.0,0.0
2017-09-06,9,2017,0,1,2017-18,0.7729516572998362,0.3224060550284986,8.816669799038015,690.2423261372232,0.0,0.0,0.0,0.0,762.5195051997275,644.7830289644144,0.0,1.1814874510706883,2070726.9784116696,692.4748636185174,727.0986067994432,36.85628066222,5.068952177539535,Medium,-9.425504,-0.08363606,-99.01619,-21.347744,-71.328865,127.87818,5.6942997,-18.63702,0.0,0.0,2.786589,0.0,0.0
2017-09-07,9,2017,0,1,2017-18,0.9166800795566976,2.9117572278950608,0.0,670.5736558757084,0.0,0.0,0.0,0.0,690.2423261372232,689.0939819550267,0.0,1.1814874510706883,2011720.967627125,691.1810451684878,725.7400974269123,55.16644155120389,7.601404655302181,Medium,-5.2973833,-0.12157935,-66.862686,8.186976,79.17133,-52.711117,-2.5371008,40.95322,0.0,0.0,7.0930595,0.0,0.0
2017-09-08,9,2017,0,1,2017-18,0.9567089404318856,1.985844609421199,0.0,761.2573135994211,0.0,0.0,0.0,0.0,670.5736558757084,715.9286991594197,0.0,1.1814874510706883,2283771.940798263,690.5092940639934,725.034758767193,-36.22255483222807,-4.99597493695596,Low,-4.674812,0.06934945,-79.167984,8.883823,75.26131,12.584524,0.924129,36.355423,0.0,0.0,5.1368766,0.0,0.0
2017-09-09,9,2017,1,1,2017-18,0.9490659593700974,1.7474028104607182,0.0,862.671820435346,0.0,0.0,0.0,0.0,761.2573135994211,686.2006252192617,0.0,1.1814874510706883,2588015.4613060383,691.7838525270647,726.3730451534179,-136.2987752819281,-18.764294213745263,Low,-7.1427693,0.15964635,-74.67184,8.880101,69.10958,43.296486,-2.2739372,29.020008,0.0,0.0,5.2462974,0.0,0.0
2017-09-10,9,2017,1,1,2017-18,0.8191550588855364,2.918032914609587,6.577045950807323,694.9944884944349,0.0,0.0,0.0,0.0,862.671820435346,738.8502243671197,0.0,1.1814874510706883,2084983.4654833048,694.1168114671065,728.8226520404618,33.82816354602687,4.641480811733723,Low,-3.8117816,-1.6846079,-85.714035,-13.356035,-39.293934,-74.26565,4.6190615,36.370743,0.0,0.0,7.504469,0.0,0.0
2017-09-11,9,2017,0,1,2017-18,0.9004255409711939,3.062051595964439,0.0,717.8514996029844,0.0,0.0,0.0,0.0,694.9944884944349,741.6444942503147,0.0,1.1814874510706883,2153554.498808953,693.300525438248,727.9655517101604,10.114052107176008,1.3893586150355255,Low,-7.1250305,0.034138504,-97.356445,7.089363,26.086721,-115.638306,-2.0958605,19.800962,0.0,0.0,7.182857,0.0,0.0
2017-09-12,9,2017,0,1,2017-18,0.7614952886247462,0.6356326706774142,0.0,835.1197418284801,0.0,0.0,0.0,0.0,717.8514996029844,737.1586584778352,0.0,1.1814874510706883,2505359.2254854403,691.6277699269629,726.209158423311,-108.91058340516906,-14.9971371390616,Low,-7.6998634,0.08220285,-72.65704,10.983257,-86.05416,101.764885,-1.5320821,30.136927,0.0,0.0,4.361844,0.0,0.0
2017-09-13,9,2017,0,1,2017-18,0.787944319078304,2.440900597910565,0.0,694.4857572609036,0.0,0.0,0.0,0.0,835.1197418284801,747.5301208533712,0.0,1.1814874510706883,2083457.271782711,693.0748610117585,727.7286040623464,33.24284680144285,4.56802805549675,Low,-4.3010283,0.862813,-60.014084,7.371806,-45.438942,-23.50867,6.359128,50.186337,0.0,0.0,5.088676,0.0,0.0
2017-09-14,9,2017,0,1,2017-18,0.968900745556336,0.5414163291107421,0.0,983.6703963057748,0.0,0.0,0.0,0.0,694.4857572609036,748.1363252996113,0.0,1.1814874510706883,2951011.1889173244,691.9641300596214,726.5623365626026,-257.10805974317225,-35.38692370974822,Low,-10.019577,-0.03333816,-78.944405,9.924909,100.639145,125.483826,-0.71348107,51.09956,0.0,0.0,4.0783825,0.0,0.0
2017-09-15,9,2017,0,1,2017-18,0.7039005770532207,3.0055003441161827,0.0,601.380254403104,0.0,0.0,0.0,0.0,983.6703963057748,792.864431075335,0.0,1.1814874510706883,1804140.763209312,693.2457604067837,727.9080484271229,126.52779402401892,17.382387005806915,High,-8.351894,0.018087186,-67.92991,13.550106,-101.096794,-79.14565,4.341123,43.45968,0.0,0.0,8.744731,0.0,0.0
2017-09-16,9,2017,1,1,2017-18,0.7256525592563404,2.627820625068558,0.0,624.3575529315427,0.0,0.0,0.0,0.0,601.380254403104,770.0248511901469,0.0,1.1814874510706883,1873072.658794628,691.7928901911731,726.3825347007318,102.02498176918904,14.04562704845638,Medium,-4.954171,-1.6381105,-69.91728,10.824806,-94.401,-63.4306,-2.6305232,43.524734,0.0,0.0,5.0837336,0.0,0.0
2017-09-17,9,2017,1,1,2017-18,0.7623658765438082,3.826458484333832,5.683196781609492,563.8117852815764,0.0,0.0,0.0,0.0,624.3575529315427,735.9799558324606,0.0,1.1814874510706883,1691435.355844729,692.0930035399185,726.6976537169145,162.88586843533812,22.414530665154786,High,-3.3723752,-1.9099272,-64.62542,-3.7006955,-61.8611,-143.66078,-0.3298775,35.44439,0.0,0.0,4.440963,0.0,0.0
2017-09-18,9,2017,0,1,2017-18,0.7079596611621459,0.2758320654256847,3.014938149476587,687.7160561715672,0.0,0.0,0.0,0.0,563.8117852815764,717.239569659195,0.0,1.1814874510706883,2063148.1685147013,691.2756915304122,725.8394761069329,38.12341993536575,5.25232109719936,Medium,-5.253318,-0.3726173,-69.70642,11.919882,-101.73529,126.489494,-3.4382133,32.9817,0.0,0.0,3.9716692,0.0,0.0
2017-09-19,9,2017,0,1,2017-18,0.7544306305269391,0.2282188846050172,0.9790260327978688,667.7235705935814,0.0,0.0,0.0,0.0,687.7160561715672,712.9345063118498,0.0,1.1814874510706883,2003170.711780744,691.3101102499194,725.8756157624154,58.15204516883398,8.011296137528277,Medium,-7.6349583,0.07262173,-68.309,12.196668,-86.08913,134.22021,-2.6792736,28.962938,0.0,0.0,3.82334,0.0,0.0
2017-09-20,9,2017,0,1,2017-18,0.8749124682909076,1.1287482987728006,2.9987785664538387,883.2686960965364,0.0,0.0,0.0,0.0,667.7235705935814,689.0207675640071,0.0,1.1814874510706883,2649806.088289609,689.3721860595043,723.8407953624795,-159.42790073405683,-22.02527154527395,Low,-5.82163,-0.0044636987,-97.67332,6.1607494,18.757942,91.8825,0.9674878,19.502205,0.0,0.0,5.2200413,0.0,0.0
2017-09-21,9,2017,0,1,2017-18,0.8264273651777494,1.046822734943624,6.399201585853171,774.6704788850554,0.0,0.0,0.0,0.0,883.2686960965364,715.9897588262403,0.0,1.1814874510706883,2324011.4366551666,688.1182101977085,722.524120707594,-52.14635817746148,-7.217248072824568,Low,-4.116683,0.10582044,-96.01929,-7.9407725,-20.457193,84.33232,0.9004365,34.583603,0.0,0.0,5.9400816,0.0,0.0
2017-09-22,9,2017,0,1,2017-18,0.9678015133230924,0.9879151962879992,1.673425958915031,904.9908094614564,0.0,0.0,0.0,0.0,774.6704788850554,686.1326277661376,0.0,1.1814874510706883,2714972.428384369,692.1555271082626,726.7633034636758,-178.22750599778055,-24.523459721805903,Low,-9.453528,-0.07129186,-96.31923,6.872391,85.20627,88.603355,-0.69478965,27.682137,0.0,0.0,4.659321,0.0,0.0
2017-09-23,9,2017,1,1,2017-18,0.9452330685215322,3.6250183220841454,7.987759719479002,576.8667302522231,0.0,0.0,0.0,0.0,904.9908094614564,729.5055642030451,0.0,1.1814874510706883,1730600.1907566693,693.8530679885123,728.545721387938,151.6789911357149,20.819419657939147,High,-3.499809,-0.18711747,-74.879555,-14.128434,89.340965,-140.00441,6.2289987,31.100016,0.0,0.0,5.826762,0.0,0.0
2017-09-24,9,2017,1,1,2017-18,0.8025452055093627,0.9981847993980244,7.204811374318488,898.8924389827548,0.0,0.0,0.0,0.0,576.8667302522231,722.7211609631423,0.0,1.1814874510706883,2696677.3169482644,695.6613272571709,730.4443936200295,-168.44804536272534,-23.06103610815726,Low,-5.010118,-0.22630179,-90.466606,-9.557201,-51.366817,83.73076,-3.0658078,32.18071,0.0,0.0,4.155899,0.0,0.0
2017-09-25,9,2017,0,1,2017-18,0.7778270300293877,1.087798904514524,0.0,700.849461331346,0.0,0.0,0.0,0.0,898.8924389827548,770.5898257775964,0.0,1.1814874510706883,2102548.3839940378,696.0384763483079,730.8404001657233,29.99093883437729,4.103623558245634,Low,-6.408802,0.0974906,-59.56724,9.780934,-57.726933,78.8294,5.2042193,44.070927,0.0,0.0,5.142145,0.0,0.0
2017-09-26,9,2017,0,1,2017-18,0.8139077224501801,3.037593049671855,0.0,550.8173975373652,0.0,0.0,0.0,0.0,700.849461331346,772.4660265147077,0.0,1.1814874510706883,1652452.1926120955,697.2069606800922,732.0673087140968,181.24991117673164,24.75864022600651,High,-5.967567,0.82834584,-76.32172,9.719844,-25.655579,-88.631,1.3704425,43.051624,0.0,0.0,6.768232,0.0,0.0
2017-09-27,9,2017,0,1,2017-18,0.8770884827544423,1.79895936980216,4.327628589441074,748.6885303388437,0.0,0.0,0.0,0.0,550.8173975373652,755.7651446495339,0.0,1.1814874510706883,2246065.5910165315,698.2992608097666,733.2142238502549,-15.474306488588809,-2.110475490686763,Low,-6.211916,0.13890436,-58.684868,-0.19240282,32.166824,49.10859,0.17868267,52.41954,0.0,0.0,5.2075534,0.0,0.0
2017-09-28,9,2017,0,1,2017-18,0.7804190922468628,3.106842227820725,0.0,656.8774280638919,0.0,0.0,0.0,0.0,748.6885303388437,736.5394066841492,0.0,1.1814874510706883,1970632.284191676,700.1783650633082,735.1872833164737,78.30985525258177,10.651687948045204,Medium,-2.9577897,0.8562765,-69.89005,11.128563,-46.667057,-99.72791,1.1009802,27.53197,0.0,0.0,6.140603,0.0,0.0
2017-09-29,9,2017,0,1,2017-18,0.8872446723547402,0.2614646302575409,5.492278795302523,1043.822488192504,0.0,0.0,0.0,0.0,656.8774280638919,719.7118279954117,0.0,1.1814874510706883,3131467.464577512,704.6662018256421,739.8995119169243,-303.9229762755796,-41.07625040705581,Low,-4.755278,-0.020314768,-83.85136,-1.9443487,29.693317,144.87091,0.11555047,29.936234,0.0,0.0,4.1031437,0.0,0.0
2017-09-30,9,2017,1,1,2017-18,0.8228234956573721,1.9502847746935368,2.0039524577776446,741.7003059228645,0.0,0.0,0.0,0.0,1043.822488192504,739.5449249569899,0.0,1.1814874510706883,2225100.9177685934,705.0108519071156,740.2613945024714,-1.438911420393083,-0.1943788276788597,Low,-1.7416265,-1.7578236,-67.36298,6.332967,-24.927973,24.498182,10.013346,44.561543,0.0,0.0,3.388168,0.0,0.0
2017-10-01,10,2017,1,0,2017-18,0.8656141542555941,0.1344544007331305,0.0,1064.0557695474165,0.0,0.0,0.0,0.0,741.7003059228645,763.0925786242242,0.0,1.1814874510706883,3192167.3086422496,709.8118818060478,745.3024758963503,-318.7532936510662,-42.768312726683526,Low,-5.6124983,0.2091499,39.68782,5.611177,21.15104,166.87541,5.1654086,5.808353,0.0,0.0,2.1323378,0.0,0.0
2017-10-02,10,2017,0,0,2017-18,0.830837958740595,0.2506128138214181,0.0,1223.039370947758,0.0,0.0,0.0,0.0,1064.0557695474165,786.6873401334617,0.0,1.1814874510706883,3669118.112843274,711.402568759828,746.9726971978195,-476.06667374993856,-63.73280784369321,Low,-8.461765,-0.03787785,42.063736,4.8120923,1.0496639,155.52737,8.471267,5.4707556,0.0,0.0,2.3080075,0.0,0.0
2017-10-03,10,2017,0,0,2017-18,0.7883397278625752,3.625749813377644,0.0,675.1302417466344,0.0,0.0,0.0,0.0,1223.039370947758,861.285898650092,0.0,1.1814874510706883,2025390.7252399032,714.2279166145273,749.9393124452537,74.80907069861928,9.975349932609436,Medium,-2.4139688,0.29759026,30.945223,5.025875,-42.93762,-135.63773,11.249514,40.544514,0.0,0.0,4.924087,0.0,0.0
2017-10-04,10,2017,0,0,2017-18,0.984535992088647,0.5569814844703807,0.0,1195.1130600294373,0.0,0.0,0.0,0.0,675.1302417466344,879.0448763942732,0.0,1.1814874510706883,3585339.180088312,719.689036697831,755.6734885327227,-439.4395714967146,-58.15204293457037,Low,-15.887894,-0.070593864,41.691452,5.592179,118.73744,134.33807,1.2242755,64.188225,0.0,0.0,6.817315,0.0,0.0
2017-10-05,10,2017,0,0,2017-18,0.9290817382479282,2.1296827291008684,0.0,911.6630692511916,0.0,0.0,0.0,0.0,1195.1130600294373,942.8198092072151,0.0,1.1814874510706883,2734989.2077535745,722.9727207898908,759.1213568293854,-152.5417124218062,-20.09450940214957,Low,-3.0415294,0.04203701,46.312054,5.1413126,73.30707,15.522741,14.4787445,85.90862,0.0,0.0,7.008428,0.0,0.0
2017-10-06,10,2017,0,0,2017-18,0.7420339527299358,1.6443824104028262,0.0,890.9117256452897,0.0,0.0,0.0,0.0,911.6630692511916,979.217757948258,0.0,1.1814874510706883,2672735.1769358693,723.1122055960593,759.2678158758623,-131.6439097694274,-17.338270767814386,Low,-10.089514,0.026727844,30.465118,3.9065773,-105.60719,22.73163,1.5850084,69.64701,0.0,0.0,8.414576,0.0,0.0
2017-10-07,10,2017,1,0,2017-18,0.960540392769374,1.3893733050353707,0.0,1129.4397364940974,0.0,0.0,0.0,0.0,890.9117256452897,957.373363298656,0.0,1.1814874510706883,3388319.209482292,729.1137911001649,765.5694806551732,-363.8702558389242,-47.52935756105698,Low,-14.21323,-0.014208872,40.408527,4.9662213,101.948494,44.022335,-8.8276005,74.7105,0.0,0.0,9.190287,0.0,0.0
2017-10-08,10,2017,1,0,2017-18,0.846229359474854,3.59933338274909,0.0,752.3482422238498,0.0,0.0,0.0,0.0,1129.4397364940974,1012.764710523118,0.0,1.1814874510706883,2257044.726671549,728.210457914094,764.6209808097988,12.272738585949014,1.605074787897023,Low,-2.5034761,-1.5141788,38.79583,5.119694,-4.7923374,-164.48053,6.9469457,64.54147,0.0,0.0,6.848824,0.0,0.0
2017-10-09,10,2017,0,0,2017-18,0.9683656680682274,0.087293587101958,0.0,1378.7574613952806,0.0,0.0,0.0,0.0,752.3482422238498,968.2350637626084,0.0,1.1814874510706883,4136272.384185842,736.3167314685847,773.132568042014,-605.6248933532667,-78.33390008223732,Low,-11.45503,-0.017696057,47.71654,6.5929103,107.091736,184.27512,5.4914165,73.572365,0.0,0.0,5.443398,0.0,0.0
2017-10-10,10,2017,0,0,2017-18,0.9399565767841944,2.6551587447023564,0.0,875.3556050451302,0.0,0.0,0.0,0.0,1378.7574613952806,990.4805052551116,0.0,1.1814874510706883,2626066.8151353905,737.8745035231511,774.7682286993087,-100.58737634582155,-12.982898965112314,Low,-7.006467,0.28586057,40.4888,4.9652658,60.52783,-67.19841,0.70695853,83.1692,0.0,0.0,7.430272,0.0,0.0
2017-10-11,10,2017,0,0,2017-18,0.82756405134077,3.8535777368542017,0.0,776.6682057641102,0.0,0.0,0.0,0.0,875.3556050451302,1019.0841285834682,0.0,1.1814874510706883,2330004.6172923306,739.5612215962913,776.5392826761058,-0.1289230880043987,-0.0166022622268515,Low,-9.207739,0.8731028,35.06166,4.055937,-6.4891167,-181.49936,-5.8584313,66.03833,0.0,0.0,9.371822,0.0,0.0
2017-10-12,10,2017,0,0,2017-18,0.7067407924960352,2.240672733847368,0.0,703.2528096658674,0.0,0.0,0.0,0.0,776.6682057641102,959.30629225985,0.0,1.1814874510706883,2109758.4289976023,739.592703153003,776.5723383106531,73.31952864478569,9.441429346335486,Medium,-10.212266,0.062474597,43.53191,3.943837,-109.97071,7.470894,1.437895,95.57375,0.0,0.0,8.005965,0.0,0.0
2017-10-13,10,2017,0,0,2017-18,0.7806032078154838,3.7472898481323673,0.0,802.6826974972705,0.0,0.0,0.0,0.0,703.2528096658674,929.5333980333752,0.0,1.1814874510706883,2408048.092491812,741.0186758349269,778.0696096266732,-24.61308787059727,-3.1633529399004434,Low,-8.428931,0.8696933,33.15921,4.7792273,-56.789886,-173.89691,5.029303,63.161003,0.0,0.0,6.4335065,0.0,0.0
2017-10-14,10,2017,1,0,2017-18,0.86249026439826,0.209031517144095,0.0,1177.054398952351,0.0,0.0,0.0,0.0,802.6826974972705,916.9292511550866,0.0,1.1814874510706883,3531163.196857053,746.3103744026723,783.625893122806,-393.428505829545,-50.20616461022029,Low,-9.592632,0.014707476,52.535183,4.8401203,25.354805,147.91347,4.55133,77.95951,0.0,0.0,8.625211,0.0,0.0
2017-10-15,10,2017,1,0,2017-18,0.8900434659478442,1.6751732762966456,0.0,935.471613642648,0.0,0.0,0.0,0.0,1177.054398952351,923.73134579198,0.0,1.1814874510706883,2806414.840927944,749.2789948851363,786.7429446293932,-148.72866901325483,-18.90435370644673,Low,-3.8708441,-0.08694346,44.46062,4.307515,56.119987,50.8096,13.951701,82.6135,0.0,0.0,8.681827,0.0,0.0
2017-10-16,10,2017,0,0,2017-18,0.7773663056299607,1.0406311638482046,0.0,801.2171817059294,0.0,0.0,0.0,0.0,935.471613642648,949.8918274232368,0.0,1.1814874510706883,2403651.5451177885,751.9006974668588,789.4957323402018,-11.721449365727608,-1.4846754561906503,Low,-8.971779,0.052345164,38.729904,4.890488,-81.525475,74.179276,2.96842,62.195698,0.0,0.0,6.9482627,0.0,0.0
2017-10-17,10,2017,0,0,2017-18,0.7418068222218472,2.923283859922919,0.0,761.1046826413797,0.0,0.0,0.0,0.0,801.2171817059294,867.386073181901,0.0,1.1814874510706883,2283314.047924139,753.4595414036962,791.1325184738811,30.02783583250141,3.795550698690281,Low,-10.840517,-0.010218684,41.81807,5.0786834,-86.52656,-49.91712,2.6342316,61.157505,0.0,0.0,9.141934,0.0,0.0
2017-10-18,10,2017,0,0,2017-18,0.9504790710397896,3.925188361988986,0.0,752.0684468839585,0.0,0.0,0.0,0.0,761.1046826413797,851.064512838508,0.0,1.1814874510706883,2256205.340651876,755.3781314152719,793.1470379860356,41.0785911020771,5.179189877123433,Medium,-10.0079155,0.0071289167,36.81956,5.226129,78.65532,-186.39613,-3.1770532,31.997063,0.0,0.0,9.076901,0.0,0.0
2017-10-19,10,2017,0,0,2017-18,0.9953206542110656,1.0261202497769912,0.0,1191.878056776949,0.0,0.0,0.0,0.0,752.0684468839585,847.5502615699149,0.0,1.1814874510706883,3575634.170330847,761.3870979172214,799.4564528130825,-392.4216039638666,-49.08605122680985,Low,-18.567842,-0.06879927,42.900185,5.4921484,125.166466,133.53897,-0.36259893,62.70175,0.0,0.0,6.5879216,0.0,0.0
2017-10-20,10,2017,0,0,2017-18,0.8577070546908057,2.616698405896298,0.0,904.0353618293018,0.0,0.0,0.0,0.0,1191.878056776949,917.3538683000694,0.0,1.1814874510706883,2712106.0854879054,758.5861676817344,796.5154760658212,-107.5198857634806,-13.49878175557201,Low,-10.227616,0.06319399,45.360706,4.235712,2.4605806,-47.52654,0.6946309,94.00574,0.0,0.0,7.7672777,0.0,0.0
2017-10-21,10,2017,1,0,2017-18,0.7515037857544911,0.7923905310389605,0.0,999.469607163038,0.0,0.0,0.0,0.0,904.0353618293018,931.8328203475024,0.0,1.1814874510706883,2998408.821489114,761.3668058844574,799.4351461786804,-200.0344609843576,-25.021974820662717,Low,-10.770714,-0.042105515,40.859455,4.563233,-96.47908,97.60377,-8.276939,74.04497,0.0,0.0,7.7485356,0.0,0.0
2017-10-22,10,2017,1,0,2017-18,0.7816921979558107,2.26132101828644,0.0,896.6736817412187,0.0,0.0,0.0,0.0,999.469607163038,906.4635643776006,0.0,1.1814874510706883,2690021.045223656,763.5695452585121,801.7480225214377,-94.92565921978098,-11.839837025259738,Low,-8.058565,-0.2046494,43.35932,4.615289,-58.633133,-7.616298,-0.5042877,97.31743,0.0,0.0,7.868074,0.0,0.0
2017-10-23,10,2017,0,0,2017-18,0.70551720296424,1.8557299467533448,0.0,694.4016698601396,0.0,0.0,0.0,0.0,896.6736817412187,900.9210026773964,0.0,1.1814874510706883,2083205.0095804187,765.9305056733613,804.2270309570293,109.82536109688976,13.656014641313124,Medium,-7.2298584,0.0029088818,31.236204,3.7593868,-123.71724,10.326147,-11.195533,66.948746,0.0,0.0,8.815701,0.0,0.0
2017-10-24,10,2017,0,0,2017-18,0.9742896419681496,3.888021318526148,0.0,897.5708431428349,0.0,0.0,0.0,0.0,694.4016698601396,885.6616438422836,0.0,1.1814874510706883,2692712.5294285044,766.5218336582286,804.8479253411401,-92.72291780169472,-11.520551259716983,Low,-9.786058,0.021113198,44.049427,5.5502076,98.63678,-172.05923,4.4643865,67.12939,0.0,0.0,9.181969,0.0,0.0
2017-10-25,10,2017,0,0,2017-18,0.7353253248670423,2.4341090907858662,0.0,709.9315125266897,0.0,0.0,0.0,0.0,897.5708431428349,905.1568096282056,0.0,1.1814874510706883,2129794.537580069,766.5969972627921,804.9268471259318,94.99533459924204,11.801735143812378,Medium,-8.75941,0.030201007,44.375057,4.063609,-90.19924,4.674241,-5.3808637,98.78172,0.0,0.0,8.601424,0.0,0.0
2017-10-26,10,2017,0,0,2017-18,0.8729549426542761,1.3980254883472751,0.0,858.9673619317149,0.0,0.0,0.0,0.0,709.9315125266897,899.1372475771674,0.0,1.1814874510706883,2576902.085795145,768.9967092447714,807.44654470701,-51.52081722470484,-6.380709356233568,Low,-8.94902,0.2660707,42.0602,4.5968614,46.06805,50.463608,2.8534298,78.15537,0.0,0.0,10.208051,0.0,0.0
2017-10-27,10,2017,0,0,2017-18,0.7822165662061618,0.4563831395517335,0.0,925.5932600622502,0.0,0.0,0.0,0.0,858.9673619317149,851.5785768849911,0.0,1.1814874510706883,2776779.780186751,772.3598788885004,810.9778728329254,-114.61538722932482,-14.13298575322997,Low,-9.417168,-0.035362866,43.516933,4.880345,-64.98315,140.59633,-4.4029646,52.540657,0.0,0.0,7.4005938,0.0,0.0
2017-10-28,10,2017,1,0,2017-18,0.866253400754738,0.6049873149397382,0.0,1110.217638680289,0.0,0.0,0.0,0.0,925.5932600622502,854.6582766325552,0.0,1.1814874510706883,3330652.916040866,774.0664003119484,812.7697203275459,-297.44791835274305,-36.59682575685419,Low,-9.619858,0.067860425,51.201992,4.9114304,32.958923,144.15685,-0.69076884,58.288284,0.0,0.0,9.048974,0.0,0.0
2017-10-29,10,2017,1,0,2017-18,0.8954261165055593,0.9012677198049404,0.0,1030.8445567341373,0.0,0.0,0.0,0.0,1110.217638680289,870.4794239921624,0.0,1.1814874510706883,3092533.670202412,779.5217554290376,818.4978432004896,-212.34671353364772,-25.9434664730856,Low,-3.103296,-0.03412271,54.60224,4.596384,68.063614,124.15369,14.554545,69.28252,0.0,0.0,8.114868,0.0,0.0
2017-10-30,10,2017,0,0,2017-18,0.9489225411121603,1.003866645361192,0.0,1143.2163114102605,0.0,0.0,0.0,0.0,1030.8445567341373,889.6466918482937,0.0,1.1814874510706883,3429648.934230781,781.7629455219023,820.8510927979975,-322.365218612263,-39.272070347550056,Low,-16.354729,-0.031316157,52.596733,4.8635435,108.15973,120.873795,2.491774,75.05204,0.0,0.0,6.361854,0.0,0.0
2017-10-31,10,2017,0,0,2017-18,0.7619263815281809,3.4024642313645512,0.0,699.4443856655955,0.0,0.0,0.0,0.0,1143.2163114102605,953.7630692125966,0.0,1.1814874510706883,2098333.1569967866,779.4766692846218,818.450502748853,119.00611708325744,14.540417127677577,Medium,-4.4137874,0.6688623,37.31013,5.892281,-73.7953,-118.46814,10.754184,72.400314,0.0,0.0,4.6643066,0.0,0.0
2017-11-01,11,2017,0,0,2017-18,0.7032987485975442,2.2448911531301,0.0,721.9924542827811,0.0,0.0,0.0,0.0,699.4443856655955,925.459289572991,0.0,1.1814874510706883,2165977.362848344,779.1897908895199,818.149280433996,96.15682615121489,11.75296837029637,Medium,-5.6554527,-0.55485564,43.918613,3.4856331,-143.71117,5.098201,4.9507847,90.38698,0.0,0.0,7.903564,0.0,0.0
2017-11-02,11,2017,0,0,2017-18,0.7410656890206422,2.0935636454974658,0.0,755.4499739301323,0.0,0.0,0.0,0.0,721.9924542827811,927.1822812524326,0.0,1.1814874510706883,2266349.921790397,782.0650080586189,821.1682584615498,65.71828453141757,8.003022992454687,Medium,-10.931664,0.09402035,41.42713,4.1087737,-95.19224,9.516489,5.120603,99.186066,0.0,0.0,7.825442,0.0,0.0
2017-11-03,11,2017,0,0,2017-18,0.9700055925544316,0.4590754874768699,0.0,1161.6301129701371,0.0,0.0,0.0,0.0,755.4499739301323,912.3940829664924,0.0,1.1814874510706883,3484890.338910412,789.361531156428,828.8296077142494,-332.80050525588774,-40.15306670495118,Low,-27.582783,-0.033969063,49.673306,5.5684876,98.565216,137.94774,1.8143802,63.478546,0.0,0.0,7.2655134,0.0,0.0
2017-11-04,11,2017,1,0,2017-18,0.9621670232687546,3.44055877339774,0.0,851.0573302367377,0.0,0.0,0.0,0.0,1161.6301129701371,946.1136333819048,0.0,1.1814874510706883,2553171.9907102133,793.2154526882412,832.8762253226532,-18.18110491408447,-2.1829299914331424,Low,-9.943792,-0.821612,42.77263,5.845046,95.17571,-163.15224,9.621693,65.42376,0.0,0.0,6.2796335,0.0,0.0
2017-11-05,11,2017,1,0,2017-18,0.8792239306510925,2.891257212833935,0.0,702.3702382839062,0.0,0.0,0.0,0.0,851.0573302367377,909.090732175683,0.0,1.1814874510706883,2107110.714851719,796.2083266029226,836.0187429330688,133.64850464916253,15.986304826166124,High,-14.238341,0.018311162,44.438965,4.6195397,12.957726,-62.341377,-4.651593,90.610245,0.0,0.0,11.910326,0.0,0.0
2017-11-06,11,2017,0,0,2017-18,0.880155058130096,0.2706734476000063,0.0,1106.561914707425,0.0,0.0,0.0,0.0,702.3702382839062,862.1658295399358,0.0,1.1814874510706883,3319685.744122275,800.6459060006028,840.6782013006331,-265.883713406792,-31.62728770597799,Low,-20.758968,-0.05882983,51.781338,4.941832,31.72714,143.5023,1.4067782,54.391083,0.0,0.0,8.740276,0.0,0.0
2017-11-07,11,2017,0,0,2017-18,0.8995110023638766,2.8313403889190747,0.0,805.5777999497552,0.0,0.0,0.0,0.0,1106.561914707425,856.9294871538165,0.0,1.1814874510706883,2416733.399849266,800.5367019394647,840.563537036438,34.985737086682775,4.16217639061902,Low,-7.5432744,-0.19313723,39.57263,3.7926226,40.536816,-80.60531,-0.109692454,48.059486,0.0,0.0,7.7588463,0.0,0.0
2017-11-08,11,2017,0,0,2017-18,0.7526113835870348,2.1741528693705843,0.0,776.7352144553231,0.0,0.0,0.0,0.0,805.5777999497552,872.091403480125,0.0,1.1814874510706883,2330205.6433659694,802.0356542369396,842.1374369487867,65.40222249346357,7.766217202078965,Medium,-12.69804,0.044386495,34.556152,4.1240425,-91.52938,-10.149996,0.85385257,48.95175,0.0,0.0,7.9568334,0.0,0.0
2017-11-09,11,2017,0,0,2017-18,0.974323583777488,0.326901382987113,0.0,1254.3328831348313,0.0,0.0,0.0,0.0,776.7352144553231,879.9117977904881,0.0,1.1814874510706883,3762998.6494044936,810.0185491671407,850.5194766254978,-403.8134065093335,-47.478443187626304,Low,-28.008354,-0.082995355,46.972347,5.220158,102.42945,147.63635,4.574166,55.676758,0.0,0.0,7.0790844,0.0,0.0
2017-11-10,11,2017,0,0,2017-18,0.825631157467622,1.8332025661146256,0.0,972.275142435901,0.0,0.0,0.0,0.0,1254.3328831348313,951.1807848197308,0.0,1.1814874510706883,2916825.427307703,811.2954133417321,851.8601840088188,-120.41495842708218,-14.135530769898692,Low,-6.1443667,0.13751152,39.825073,5.193703,-18.387642,12.666893,2.209526,72.85673,0.0,0.0,7.569977,0.0,0.0
2017-11-11,11,2017,1,0,2017-18,0.8149415584748492,1.938785148520188,0.0,990.9078601085135,0.0,0.0,0.0,0.0,972.275142435901,924.1300747434116,0.0,1.1814874510706883,2972723.5803255406,814.6222397887702,855.3533517782088,-135.55450833030477,-15.847778938201174,Low,-9.387191,-0.27245542,38.349895,5.077457,-23.460987,8.999694,-2.4980397,78.94221,0.0,0.0,9.075878,0.0,0.0
2017-11-12,11,2017,1,0,2017-18,0.8556753115848512,0.663098160653103,0.0,1000.2378012459332,0.0,0.0,0.0,0.0,990.9078601085135,944.1087218679507,0.0,1.1814874510706883,3000713.4037378,820.5921113975988,861.6217169674788,-138.6160842784543,-16.087812267118874,Low,-20.884796,-0.06015643,54.590366,4.848838,23.174105,124.407295,-3.0589445,66.937294,0.0,0.0,8.698565,0.0,0.0
2017-11-13,11,2017,0,0,2017-18,0.7140897900325165,3.782792588001129,0.0,731.7646887656832,0.0,0.0,0.0,0.0,1000.2378012459332,986.661230862526,0.0,1.1814874510706883,2195294.0662970496,821.0866159321434,862.1409467287507,130.37625796306747,15.12238323185534,High,-5.2995987,0.84789526,23.673893,4.8234167,-109.599174,-189.30849,-5.3217654,52.990982,0.0,0.0,6.322066,0.0,0.0
2017-11-14,11,2017,0,0,2017-18,0.7498850106268238,3.399901485922648,0.0,613.7906886929161,0.0,0.0,0.0,0.0,731.7646887656832,933.118770013706,0.0,1.1814874510706883,1841372.0660787483,819.4552223325047,860.42798344913,246.63729475621392,28.66449017238356,High,-11.202597,0.6448387,35.608677,5.7414145,-86.43421,-125.12269,-1.2657692,74.427,0.0,0.0,7.7468433,0.0,0.0
2017-11-15,11,2017,0,0,2017-18,0.9214100849279112,2.6760893493164333,0.0,920.024788067602,0.0,0.0,0.0,0.0,613.7906886929161,905.7206112627288,0.0,1.1814874510706883,2760074.364202806,820.5479935071945,861.5753931825543,-58.449394885047695,-6.784013952527447,Low,-13.398874,-0.0521777,40.694706,5.00835,50.89637,-54.82556,-3.6975136,78.92863,0.0,0.0,10.729577,0.0,0.0
2017-11-16,11,2017,0,0,2017-18,0.7248396003775379,1.8491822440024288,0.0,829.6830716269534,0.0,0.0,0.0,0.0,920.024788067602,926.1905503501972,0.0,1.1814874510706883,2489049.21488086,818.72868867386,859.6651231075531,29.982051480599694,3.487643115288815,Low,-10.46838,0.06761215,30.384789,4.226377,-112.50624,11.507621,1.814978,68.59799,0.0,0.0,7.8258214,0.0,0.0
2017-11-17,11,2017,0,0,2017-18,0.8809456328399164,1.647062166338034,0.0,1155.0843352662337,0.0,0.0,0.0,0.0,829.6830716269534,865.5262915633575,0.0,1.1814874510706883,3465253.005798701,823.5217171008757,864.6978029559194,-290.38653231031424,-33.58242975958128,Low,-22.525068,-0.030573454,36.827034,4.12493,42.944588,39.376263,-2.5285482,53.851063,0.0,0.0,9.848134,0.0,0.0
2017-11-18,11,2017,1,0,2017-18,0.7736047329043962,2.6038938686038167,0.0,733.711313418951,0.0,0.0,0.0,0.0,1155.0843352662337,891.6418905391192,0.0,1.1814874510706883,2201133.940256853,824.4662265735977,865.6895379022776,131.97822448332658,15.245445243930488,High,-8.029934,-0.2046494,45.721146,4.7681823,-61.83962,-19.235786,4.7183566,98.11351,0.0,0.0,6.5413547,0.0,0.0
2017-11-19,11,2017,1,0,2017-18,0.8167886842125929,2.181727477627622,0.0,738.6901089514656,0.0,0.0,0.0,0.0,733.711313418951,854.8995267263247,0.0,1.1814874510706883,2216070.326854397,822.2320902810377,863.3436947950896,124.653585843624,14.438466000867695,Medium,-11.076753,-0.118346326,36.331306,5.3699355,-24.130495,-8.717465,-2.2911298,41.43741,0.0,0.0,9.304377,0.0,0.0
2017-11-20,11,2017,0,0,2017-18,0.7866081210312099,0.2490924235275424,0.0,1132.8135946529942,0.0,0.0,0.0,0.0,738.6901089514656,817.5355706842578,0.0,1.1814874510706883,3398440.7839589827,827.6495403270625,869.0320173434156,-263.7815773095785,-30.353493547446583,Low,-11.725005,-0.048610944,39.667454,5.2563734,-58.655895,151.13159,1.0590312,39.180058,0.0,0.0,6.44995,0.0,0.0
2017-11-21,11,2017,0,0,2017-18,0.8067018149394847,2.0500105950813268,0.0,807.2184589854417,0.0,0.0,0.0,0.0,1132.8135946529942,874.8282715253023,0.0,1.1814874510706883,2421655.376956325,831.7134354050971,873.299107175352,66.08064818991033,7.56678297813052,Medium,-5.8308063,0.07280829,35.086376,4.5996914,-49.64524,-11.280307,7.6634007,54.46005,0.0,0.0,6.5606785,0.0,0.0
2017-11-22,11,2017,0,0,2017-18,0.9157137715552736,3.225614468931358,0.0,810.7210544030262,0.0,0.0,0.0,0.0,807.2184589854417,902.4608101385202,0.0,1.1814874510706883,2432163.1632090784,831.4481163681244,873.0205221865307,62.2994677835045,7.136082852608306,Medium,-13.935587,-0.06355646,49.869225,5.181991,72.34073,-80.77458,3.0397995,79.96413,0.0,0.0,10.203351,0.0,0.0
2017-11-23,11,2017,0,0,2017-18,0.7891365146869525,1.836959510387832,0.0,791.9122005997054,0.0,0.0,0.0,0.0,810.7210544030262,886.845991043581,0.0,1.1814874510706883,2375736.6017991165,832.0606697759883,873.6637032647878,81.7515026650824,9.35731933919033,Medium,-11.069483,0.046118367,33.11941,4.679095,-46.33537,19.20316,1.0608027,54.200184,0.0,0.0,8.290931,0.0,0.0
2017-11-24,11,2017,0,0,2017-18,0.8699213920890692,0.2078263102170736,0.0,1122.5475539417798,0.0,0.0,0.0,0.0,791.9122005997054,881.4501523254027,0.0,1.1814874510706883,3367642.66182534,838.011817711795,879.9124085973847,-242.63514534439517,-27.574920295892312,Low,-21.83434,0.23948586,48.278694,4.6010413,25.056572,147.98183,6.0572224,57.314014,0.0,0.0,8.287402,0.0,0.0
2017-11-25,11,2017,1,0,2017-18,0.8428151206597299,3.1451127975361324,0.0,721.1499342206881,0.0,0.0,0.0,0.0,1122.5475539417798,876.8020407076235,0.0,1.1814874510706883,2163449.8026620643,840.6688410879146,882.7022831423104,161.5523489216223,18.302020058962125,High,-7.7408414,-0.20695858,45.199165,4.674169,-15.024216,-106.25904,5.641042,60.038036,0.0,0.0,7.5095916,0.0,0.0
2017-11-26,11,2017,1,0,2017-18,0.8991013496087944,0.8054551285438976,0.0,1158.3518151231267,0.0,0.0,0.0,0.0,721.1499342206881,875.0075579650145,0.0,1.1814874510706883,3475055.44536938,845.110426973874,887.3659483225678,-270.98586680055894,-30.53823141543994,Low,-20.96549,0.09783315,50.66468,4.9638796,51.139526,111.84279,2.0501244,62.13244,0.0,0.0,8.311144,0.0,0.0
2017-11-27,11,2017,0,0,2017-18,0.9810489217974274,1.034483339552155,0.0,1189.4417290778836,0.0,0.0,0.0,0.0,1158.3518151231267,934.9592302752518,0.0,1.1814874510706883,3568325.1872336506,849.7154979430803,892.2012728402344,-297.24045623764914,-33.31540374196212,Low,-27.491095,0.032316238,46.22481,5.5941887,128.8262,110.35753,22.664042,62.570232,0.0,0.0,6.5565166,0.0,0.0
2017-11-28,11,2017,0,0,2017-18,0.9197716291630752,0.6588254137291836,0.0,1110.7218389253055,0.0,0.0,0.0,0.0,1189.4417290778836,943.0489637645215,0.0,1.1814874510706883,3332165.5167759163,857.8338999844402,900.7255949836624,-209.99624394164323,-23.314119762018333,Low,-17.25205,0.017681424,51.858707,4.511491,74.79938,122.879524,12.067848,57.743015,0.0,0.0,6.870695,0.0,0.0
2017-11-29,11,2017,0,0,2017-18,0.764482113577227,1.3208602594859902,0.0,960.1925884036036,0.0,0.0,0.0,0.0,1110.7218389253055,986.4065894702164,0.0,1.1814874510706883,2880577.765210811,863.1390327950917,906.2959844348464,-53.89660396875729,-5.946909717620173,Low,-9.773987,0.07469114,34.06219,4.228197,-88.13217,38.28638,8.399347,57.702805,0.0,0.0,5.9051905,0.0,0.0
2017-11-30,11,2017,0,0,2017-18,0.7093549405183853,3.02700602275454,0.0,683.0031928837933,0.0,0.0,0.0,0.0,960.1925884036036,1007.7596657560132,0.0,1.1814874510706883,2049009.57865138,859.9573590362392,902.9552269880512,219.9520341042578,24.35912961464793,High,-9.185645,-0.481697,48.267403,5.4536533,-84.84027,-35.66305,-5.3575687,97.43308,0.0,0.0,9.751537,0.0,0.0
2017-12-01,12,2017,0,0,2017-18,0.7786792132899475,2.0775434380157494,0.0,706.1838307930556,0.0,0.0,0.0,0.0,683.0031928837933,992.2012360823117,0.0,1.1814874510706883,2118551.4923791667,862.3135724183804,905.4292510392996,199.24542024624395,22.00563103274381,High,-7.8887024,0.11175616,41.968918,5.1403284,-48.093304,5.834107,3.485745,103.37683,0.0,0.0,5.522869,0.0,0.0
2017-12-02,12,2017,1,0,2017-18,0.8785233792100764,0.8195250966028502,0.0,1147.5915051355255,0.0,0.0,0.0,0.0,706.1838307930556,932.7207042039224,0.0,1.1814874510706883,3442774.5154065765,867.5597602608633,910.9377482739064,-236.65375686161892,-25.979136039761563,Low,-16.41353,0.029249422,52.68808,4.9400206,36.866394,118.28587,3.62029,72.56177,0.0,0.0,6.78505,0.0,0.0
2017-12-03,12,2017,1,0,2017-18,0.7154277440452751,3.511320312608164,0.0,637.3410081430891,0.0,0.0,0.0,0.0,1147.5915051355255,993.6409286203276,0.0,1.1814874510706883,1912023.0244292675,866.3163009067828,909.632115952122,272.29110780903284,29.934201204409185,High,0.92915404,-1.4146092,28.040314,5.7396383,-106.80685,-162.6201,16.600266,54.640846,0.0,0.0,2.5090556,0.0,0.0
2017-12-04,12,2017,0,0,2017-18,0.8489098741603709,3.5183274198061167,0.0,834.2942575270075,0.0,0.0,0.0,0.0,637.3410081430891,919.2108133374652,0.0,1.1814874510706883,2502882.7725810227,867.1137981548635,910.4694880626068,76.17523053559921,8.366587956472097,Medium,-7.1265693,0.8690685,38.724567,5.3048644,-3.9350104,-162.76865,5.5416994,71.274574,0.0,0.0,7.5193443,0.0,0.0
2017-12-05,12,2017,0,0,2017-18,0.8790528546750668,3.482313700184028,0.0,779.5911985094702,0.0,0.0,0.0,0.0,834.2942575270075,868.4754602587685,0.0,1.1814874510706883,2338773.5955284107,868.1065634034439,911.511891573616,131.9206930641459,14.47273417754327,Medium,-8.161947,0.2122622,40.049156,4.530539,28.291332,-150.82011,-1.3787616,55.06874,0.0,0.0,6.471426,0.0,0.0
2017-12-06,12,2017,0,0,2017-18,0.8002731672450882,0.9551848455261572,0.0,921.0854943795376,0.0,0.0,0.0,0.0,779.5911985094702,821.1710830565064,0.0,1.1814874510706883,2763256.4831386125,870.8900282757088,914.4345296894944,-6.650964690043338,-0.727330877619171,Low,-2.954812,-0.027358916,37.149895,4.657302,-66.11351,97.52615,2.7374387,34.50982,0.0,0.0,4.5072665,0.0,0.0
2017-12-07,12,2017,0,0,2017-18,0.9312736611237464,1.8049573767239524,0.0,1013.5931264214048,0.0,0.0,0.0,0.0,921.0854943795376,815.5843553387825,0.0,1.1814874510706883,3040779.3792642145,873.6937595292865,917.3784475057508,-96.21467891565396,-10.488002980367686,Low,-21.64572,-0.057400975,33.50839,5.1840935,69.90868,24.98859,-0.4035307,34.080437,0.0,0.0,6.3164387,0.0,0.0
2017-12-08,12,2017,0,0,2017-18,0.7319794759401315,3.9399586245635,0.0,651.2290581810508,0.0,0.0,0.0,0.0,1013.5931264214048,862.8114887012987,0.0,1.1814874510706883,1953687.1745431528,871.3443955042386,914.9116152794504,263.6825570983997,28.82054973341447,High,-6.1670365,0.27812254,26.29355,4.7473993,-99.707924,-158.52794,15.038839,37.39759,0.0,0.0,2.945906,0.0,0.0
2017-12-09,12,2017,1,0,2017-18,0.7225413345207425,3.088049905239961,0.0,620.4047622722292,0.0,0.0,0.0,0.0,651.2290581810508,854.9608068995838,0.0,1.1814874510706883,1861214.286816688,870.5156207684364,914.0414018068584,293.6366395346291,32.125091812490574,High,-4.2353244,-0.01798325,35.804405,5.1128516,-96.10449,-94.37235,3.4844759,46.43336,0.0,0.0,6.3575516,0.0,0.0
2017-12-10,12,2017,1,0,2017-18,0.918456626861081,0.1086696849022392,0.0,1193.292094992052,0.0,0.0,0.0,0.0,620.4047622722292,779.6484150619699,0.0,1.1814874510706883,3579876.284976156,875.7982940505372,919.588208753064,-273.70388623898793,-29.76374464502136,Low,-1.0575397,0.26131546,35.331932,5.613284,72.28215,180.50673,2.5440469,10.170859,0.0,0.0,2.2766492,0.0,0.0
2017-12-11,12,2017,0,0,2017-18,0.8486473948618596,0.2608183650419682,0.0,1097.6733985282349,0.0,0.0,0.0,0.0,1193.292094992052,859.0699988975359,0.0,1.1814874510706883,3293020.1955847046,878.7155569027566,922.6513347478945,-175.02206378034043,-18.96946952644506,Low,-12.47053,-0.01455526,50.358753,4.794292,1.2306826,154.85283,-0.91105,52.141678,0.0,0.0,5.8236847,0.0,0.0
2017-12-12,12,2017,0,0,2017-18,0.9065207189283208,1.855725507249331,0.0,916.4816699678828,0.0,0.0,0.0,0.0,1097.6733985282349,896.6955904691398,0.0,1.1814874510706883,2749445.009903649,881.1821781550565,925.2412870628092,8.759617094926512,0.9467386742688528,Low,-14.205109,-0.0045961253,42.10003,4.8910136,59.37364,28.707706,17.047249,64.18115,0.0,0.0,5.3517237,0.0,0.0
2017-12-13,12,2017,0,0,2017-18,0.8304482015811239,3.6368808234462406,0.0,660.4222662613672,0.0,0.0,0.0,0.0,916.4816699678828,916.251372106056,0.0,1.1814874510706883,1981266.7987841016,877.590532265674,921.4700588789576,261.0477926175905,28.329492651684863,High,-7.431209,0.8731028,36.63635,5.1298523,-3.5753603,-163.96767,-1.8170079,65.779915,0.0,0.0,7.393833,0.0,0.0
2017-12-14,12,2017,0,0,2017-18,0.773920609971732,2.154807191810857,0.0,828.9244624619452,0.0,0.0,0.0,0.0,660.4222662613672,879.0137680891746,0.0,1.1814874510706883,2486773.3873858354,880.1188012441057,924.1247413063112,95.20027884436593,10.301669741012894,Medium,-8.109594,0.0470529,35.264812,4.660374,-71.068985,-16.389368,5.410077,54.135838,0.0,0.0,5.4579525,0.0,0.0
2017-12-15,12,2017,0,0,2017-18,0.94573069530226,1.991250032137161,0.0,1100.5100611556727,0.0,0.0,0.0,0.0,828.9244624619452,852.6325303806804,0.0,1.1814874510706883,3301530.183467018,885.4093846688182,929.6798539022592,-170.8302072534135,-18.375165013672927,Low,-23.506664,-0.05272509,38.729008,6.1494226,100.16284,11.534606,3.9211698,44.200348,0.0,0.0,5.525634,0.0,0.0
2017-12-16,12,2017,1,0,2017-18,0.9398247636906938,0.4218947998265223,0.0,1233.0977742256491,0.0,0.0,0.0,0.0,1100.5100611556727,916.8155308056264,0.0,1.1814874510706883,3699293.322676948,892.8458956570857,937.48819043994,-295.609583785709,-31.53208614254508,Low,-18.272274,0.054450795,49.8304,4.665409,77.8453,134.74854,14.8196945,61.504086,0.0,0.0,4.4756002,0.0,0.0
2017-12-17,12,2017,1,0,2017-18,0.908408941256328,2.627120418897176,0.0,898.4962012953883,0.0,0.0,0.0,0.0,1233.0977742256491,1004.3431039418292,0.0,1.1814874510706883,2695488.603886165,895.1878972695727,939.9472921330512,41.45109083766295,4.409937789553785,Low,-8.422808,-0.7111095,42.641228,4.222218,34.085682,-63.41498,-3.1022098,81.84194,0.0,0.0,5.428597,0.0,0.0
2017-12-18,12,2017,0,0,2017-18,0.7816435411689888,3.288412642400902,0.0,650.2393758526124,0.0,0.0,0.0,0.0,898.4962012953883,962.2294048423056,0.0,1.1814874510706883,1950718.1275578367,894.9936284391175,939.7433098610734,289.503934008461,30.80670338065612,High,-6.99084,0.6465163,37.13742,5.4785953,-48.605824,-106.094925,-8.36961,83.07605,0.0,0.0,5.84372,0.0,0.0
2017-12-19,12,2017,0,0,2017-18,0.8770692000607261,1.521680030030249,0.0,1074.7039283313222,0.0,0.0,0.0,0.0,650.2393758526124,898.3102587457882,0.0,1.1814874510706883,3224111.7849939666,897.1206865750596,941.9767209038126,-132.7272074275096,-14.090285299212049,Low,-18.34186,0.2660707,38.357414,4.5940723,43.66591,42.78388,4.604128,71.64859,0.0,0.0,7.7109356,0.0,0.0
2017-12-20,12,2017,0,0,2017-18,0.808292169082008,3.10244740370131,0.0,779.6774906542435,0.0,0.0,0.0,0.0,1074.7039283313222,920.913438511994,0.0,1.1814874510706883,2339032.4719627304,897.1763200391616,942.0351360411196,162.35764538687624,17.234775983959622,High,-7.961479,0.13671792,43.295753,4.848844,-38.546837,-87.97938,22.839157,82.25167,0.0,0.0,5.0044127,0.0,0.0
2017-12-21,12,2017,0,0,2017-18,0.7274746219979902,3.8579066156032464,0.0,553.9127910326126,0.0,0.0,0.0,0.0,779.6774906542435,937.9498991395476,0.0,1.1814874510706883,1661738.373097838,893.27545316773,937.9392258261164,384.0264347935039,40.94363730819145,High,-7.980616,0.8212054,25.575954,4.683687,-113.542206,-189.10532,1.8556422,54.245396,0.0,0.0,4.6611085,0.0,0.0
2017-12-22,12,2017,0,0,2017-18,0.9751940726386727,0.8150658365107564,0.0,1266.2265343922527,0.0,0.0,0.0,0.0,553.9127910326126,898.6625175067859,0.0,1.1814874510706883,3798679.603176758,900.9350065470636,945.981756874417,-320.2447775178357,-33.853166320663995,Low,-27.178417,-0.07114416,40.870632,6.041798,102.757195,117.83246,-1.1967473,65.31545,0.0,0.0,4.397176,0.0,0.0
2017-12-23,12,2017,1,0,2017-18,0.7410455892756884,2.093318524778965,0.0,826.3894920726667,0.0,0.0,0.0,0.0,1266.2265343922527,922.336299397726,0.0,1.1814874510706883,2479168.476218,900.1294182480626,945.1358891604658,118.7463970877991,12.563949634086772,Medium,-7.724749,-0.23467465,39.657494,4.2621675,-96.52371,6.8599405,8.1297245,91.494736,0.0,0.0,4.150059,0.0,0.0
2017-12-24,12,2017,1,0,2017-18,0.9850712061462408,1.1485518323383022,0.0,1118.9765480044591,0.0,0.0,0.0,0.0,826.3894920726667,864.2351162330141,0.0,1.1814874510706883,3356929.644013378,904.7752747666528,950.0140385049854,-168.96250949947375,-17.78526449623482,Low,-25.776375,0.00755547,40.75954,5.424966,114.65994,112.34054,6.6247425,53.33577,0.0,0.0,4.753985,0.0,0.0
2017-12-25,12,2017,0,0,2017-18,0.8338017318873867,3.1714176761353574,0.0,759.6207039753215,0.0,0.0,0.0,0.0,1118.9765480044591,895.7323086200241,0.0,1.1814874510706883,2278862.111925964,907.0953115048522,952.450077080095,192.82937310477348,20.24561473037266,High,-6.791601,0.072014675,46.542816,4.8341947,-16.263079,-106.80624,5.877688,77.359924,0.0,0.0,5.9913607,0.0,0.0
2017-12-26,12,2017,0,0,2017-18,0.7555398786515859,2.31037346352463,0.0,748.9106875174965,0.0,0.0,0.0,0.0,759.6207039753215,911.358212637554,0.0,1.1814874510706883,2246732.0625524893,907.0977799179484,952.452668913846,203.5419813963493,21.37029881269205,High,-11.798668,0.110962555,46.999672,4.4596257,-71.70581,-7.100564,-0.28378853,101.17178,0.0,0.0,5.5918326,0.0,0.0
2017-12-27,12,2017,0,0,2017-18,0.8625702842135075,2.538329670201215,0.0,1043.652810402701,0.0,0.0,0.0,0.0,748.9106875174965,864.8163210927218,0.0,1.1814874510706883,3130958.431208104,911.3952841661576,956.9650483744654,-86.68776202823574,-9.05861318294609,Low,-14.869599,-0.025532786,40.715763,4.4162602,11.281543,-53.176075,0.13927242,57.17415,0.0,0.0,7.108848,0.0,0.0
2017-12-28,12,2017,0,0,2017-18,0.9618837507629224,3.1916566384635763,0.0,917.3485143778722,0.0,0.0,0.0,0.0,1043.652810402701,902.5270810567872,0.0,1.1814874510706883,2752045.5431336164,909.9900177904392,955.4895186799612,38.14100430208907,3.9917763153259984,Low,-12.616215,-0.02193753,49.720196,5.2919884,89.85495,-95.24065,13.003994,75.76186,0.0,0.0,4.517602,0.0,0.0
2017-12-29,12,2017,0,0,2017-18,0.9196674659228684,1.5838818906498195,0.0,1054.4793305681385,0.0,0.0,0.0,0.0,917.3485143778722,954.44647010611,0.0,1.1814874510706883,3163437.9917044155,913.4653402864978,959.1386073008229,-95.34072326731577,-9.940244563360928,Low,-21.585785,0.009518784,34.272644,4.7779326,67.06883,30.4467,-0.3224373,69.96996,0.0,0.0,6.8576193,0.0,0.0
2017-12-30,12,2017,1,0,2017-18,0.9419683443584348,3.660360273628173,0.0,835.6874173182154,0.0,0.0,0.0,0.0,1054.4793305681385,924.196869559808,0.0,1.1814874510706883,2507062.251954646,910.927914150618,956.4743098581488,120.78689253993343,12.628346762167286,Medium,-6.0438366,-1.3222752,41.302723,5.0806165,70.434906,-160.22717,5.118437,70.03924,0.0,0.0,3.6913009,0.0,0.0
2017-12-31,12,2017,1,0,2017-18,0.8976350100132152,2.13211546898456,0.0,1043.5297521062305,0.0,0.0,0.0,0.0,835.6874173182154,925.5251445948865,0.0,1.1814874510706883,3130589.2563186907,908.9333628301564,954.3800309716644,-89.14972113456622,-9.341113418289144,Low,-25.131435,-0.099866636,42.683613,4.728268,48.840626,2.51326,-1.7439289,78.61104,0.0,0.0,7.1851716,0.0,0.0
2018-01-01,1,2018,0,0,2017-18,0.9076829693553558,0.631819291341392,0.0,1139.0482233368416,0.0,0.0,0.0,0.0,1043.5297521062305,914.7470308951396,0.0,1.1814874510706883,3417144.670010525,914.0880070700476,959.79240742355,-179.2558159132917,-18.676519477215173,Low,-15.118226,-0.15433963,52.55831,3.8215516,50.815083,120.996735,6.470543,73.23107,0.0,0.0,6.102948,0.0,0.0
2018-01-02,1,2018,0,0,2017-18,0.9547586954695958,2.78359647267521,0.0,887.7689231266712,0.0,0.0,0.0,0.0,1139.0482233368416,968.9509622324996,0.0,1.1814874510706883,2663306.769380013,910.6730722155726,956.2067258263512,68.43780269967999,7.157218292993727,Medium,-1.6195822,-0.22761878,41.029385,4.9964385,87.232994,-69.19819,7.6766906,81.856415,0.0,0.0,4.908137,0.0,0.0
2018-01-03,1,2018,0,0,2017-18,0.7749004026577557,3.1730454017530176,0.0,768.9570397309828,0.0,0.0,0.0,0.0,887.7689231266712,988.7878530338102,0.0,1.1814874510706883,2306871.119192949,909.087449665348,954.5418221486152,185.58478241763248,19.44228928596261,High,-1.3236282,-0.022565156,37.40272,4.7779956,-63.232773,-88.59073,-10.648609,84.77291,0.0,0.0,3.6201038,0.0,0.0
2018-01-04,1,2018,0,0,2017-18,0.8468274890929421,1.267046708270107,0.0,983.7296183567624,0.0,0.0,0.0,0.0,768.9570397309828,949.5456000807072,0.0,1.1814874510706883,2951188.855070288,910.1187595843644,955.6246975635826,-28.104920793179872,-2.940999836529435,Low,0.07706052,-0.071327224,42.5615,4.608195,9.248955,56.524265,4.5241218,78.07741,0.0,0.0,7.655723,0.0,0.0
2018-01-05,1,2018,0,0,2017-18,0.7663628325458807,3.428717027995012,0.0,605.8986249435529,0.0,0.0,0.0,0.0,983.7296183567624,959.0286149348346,0.0,1.1814874510706883,1817695.8748306588,904.3016361226915,949.5167179288264,343.6180929852734,36.18873543741336,High,-3.4209294,0.6465681,28.46721,5.5573125,-70.41074,-155.83998,-7.488775,58.160107,0.0,0.0,1.8695416,0.0,0.0
2018-01-06,1,2018,1,0,2017-18,0.996300402398994,3.6245730190630656,0.0,769.9189535433452,0.0,0.0,0.0,0.0,605.8986249435529,894.9456569884652,0.0,1.1814874510706883,2309756.8606300354,904.4968662484638,949.721709560887,179.8027560175418,18.932151830105614,High,2.6455724,0.38006258,43.229843,5.4414287,110.162384,-162.693,-1.5048996,66.97571,0.0,0.0,4.4052634,0.0,0.0
2018-01-07,1,2018,1,0,2017-18,0.983217801905984,1.1076179495112357,0.0,1279.873473961074,0.0,0.0,0.0,0.0,769.9189535433452,885.5501621634838,0.0,1.1814874510706883,3839620.421883222,903.3981552769726,948.5680630408212,-331.3054109202528,-34.92689916822502,Low,5.911822,-0.3716055,41.90601,4.8874245,127.68034,113.93794,4.3828816,71.6963,0.0,0.0,8.95139,0.0,0.0
2018-01-08,1,2018,0,0,2017-18,0.7118280434105517,3.934085890860888,0.0,590.1045687147989,0.0,0.0,0.0,0.0,1279.873473961074,919.31355099989,0.0,1.1814874510706883,1770313.706144397,900.2286993177466,945.240134283634,355.1355655688351,37.570935965174655,High,0.2942616,0.20309252,27.737005,4.7801595,-101.97548,-168.88977,11.490409,52.417645,0.0,0.0,1.0891051,0.0,0.0
2018-01-09,1,2018,0,0,2017-18,0.9116725517547064,0.5628461121950337,0.0,1118.4742967940942,0.0,0.0,0.0,0.0,590.1045687147989,840.8930289110268,0.0,1.1814874510706883,3355422.890382283,904.0265447736354,949.2278720123172,-169.24642478177714,-17.829904680630893,Low,-6.3130465,-0.47001225,50.446365,4.282017,62.478928,139.77612,-1.0349743,45.262493,0.0,0.0,7.7192836,0.0,0.0
2018-01-10,1,2018,0,0,2017-18,0.9775744952246996,0.8080626736099599,0.0,1193.8341216476565,0.0,0.0,0.0,0.0,1118.4742967940942,873.8509394349443,0.0,1.1814874510706883,3581502.364942969,909.4774482400996,954.9513206521044,-238.882800995552,-25.015180965709,Low,-3.9003406,-0.12346365,43.62123,5.5086226,141.79073,137.48651,15.828996,72.9587,0.0,0.0,6.775625,0.0,0.0
2018-01-11,1,2018,0,0,2017-18,0.7541726035382,0.7368993569521045,0.0,994.7499123273712,0.0,0.0,0.0,0.0,1193.8341216476565,934.5476654230406,0.0,1.1814874510706883,2984249.736982113,911.6115284048784,957.1921048251224,-37.55780750224881,-3.923748149710299,Low,-5.1608005,-0.060552515,40.52914,4.4310417,-97.54996,97.05582,-2.1510248,70.19953,0.0,0.0,5.9398155,0.0,0.0
2018-01-12,1,2018,0,0,2017-18,0.8703835691657889,3.5759588400314817,0.0,732.924577685625,0.0,0.0,0.0,0.0,994.7499123273712,936.1219931331276,0.0,1.1814874510706883,2198773.733056875,906.676752613026,952.0105902436774,219.0860125580524,23.012980612114305,High,-5.69205,0.60521424,38.674595,4.44159,28.900452,-163.70503,-8.26608,65.31511,0.0,0.0,3.4645445,0.0,0.0
2018-01-13,1,2018,1,0,2017-18,0.9746464892764126,2.6171702092998474,0.0,871.0728538271893,0.0,0.0,0.0,0.0,732.924577685625,954.2685578105664,0.0,1.1814874510706883,2613218.561481568,905.9612108372988,951.2592713791636,80.18641755197439,8.429501815600467,Medium,5.8316193,0.0070420504,39.34715,4.926985,90.670815,-42.8478,0.1560413,85.54079,0.0,0.0,6.7639136,0.0,0.0
2018-01-14,1,2018,1,0,2017-18,0.7101837935757396,0.6084171328890915,0.0,919.7665798097472,0.0,0.0,0.0,0.0,871.0728538271893,968.7191149939728,0.0,1.1814874510706883,2759299.739429241,907.2784263717856,952.6423476903748,32.87576788062768,3.451008446174268,Low,3.2298858,0.99245065,39.964417,4.0170884,-116.87152,112.910065,-6.1231346,71.08771,0.0,0.0,10.765195,0.0,0.0
2018-01-15,1,2018,0,0,2017-18,0.909226080174052,1.761293673473396,0.0,1089.695386020906,0.0,0.0,0.0,0.0,919.7665798097472,917.2752729723544,0.0,1.1814874510706883,3269086.158062718,910.9294341871137,956.4759058964694,-133.2194801244366,-13.928158493399255,Low,-2.9329202,-0.15233003,38.697243,4.9902472,58.4721,31.591118,-2.0488043,79.98865,0.0,0.0,6.89915,0.0,0.0
2018-01-16,1,2018,0,0,2017-18,0.7892047022117652,2.461192100279208,0.0,877.7302135136883,0.0,0.0,0.0,0.0,1089.695386020906,988.64538973037,0.0,1.1814874510706883,2633190.640541065,912.3256760385552,957.941959840483,80.2117463267947,8.373340942300054,Medium,-3.156117,0.0015126914,45.582348,3.9222333,-42.982388,-9.40553,-2.8066854,104.95928,0.0,0.0,3.8818839,0.0,0.0
2018-01-17,1,2018,0,0,2017-18,0.9773188586129592,0.3338563399575331,0.0,1234.0300464740906,0.0,0.0,0.0,0.0,877.7302135136883,954.253377833169,0.0,1.1814874510706883,3702090.139422272,912.7940314796346,958.4337330536164,-275.5963134204742,-28.754863681854243,Low,1.8170266,-0.09084144,41.034378,4.83654,123.866325,148.67609,-5.6452813,77.12021,0.0,0.0,7.163544,0.0,0.0
2018-01-18,1,2018,0,0,2017-18,0.9913174735496104,3.529665473629355,0.0,948.852640291916,0.0,0.0,0.0,0.0,1234.0300464740906,959.995652808374,0.0,1.1814874510706883,2846557.9208757486,913.2920012403304,958.9566013023468,10.103961010430794,1.0536411133422234,Low,-1.9296918,0.4661201,39.849606,5.3555746,112.98816,-171.92238,2.8546438,65.72353,0.0,0.0,1.747422,0.0,0.0
2018-01-19,1,2018,0,0,2017-18,0.9832799467340302,3.2144141417661407,0.0,912.4887407247326,0.0,0.0,0.0,0.0,948.852640291916,953.438899660452,0.0,1.1814874510706883,2737466.222174198,912.3255471687934,957.941824527233,45.45308380250049,4.744868909438489,Low,1.653563,-0.07168935,45.180428,4.98856,100.48112,-100.86908,-2.6013613,82.30282,0.0,0.0,5.9309664,0.0,0.0
2018-01-20,1,2018,1,0,2017-18,0.8422642649972392,2.020827094306553,0.0,988.214016349874,0.0,0.0,0.0,0.0,912.4887407247326,979.0909229517528,0.0,1.1814874510706883,2964642.0490496224,913.3426619977786,959.0097950976676,-29.20422125220648,-3.0452474418399724,Low,-2.9638329,-0.06715435,42.64785,5.0497675,5.58449,11.698678,-1.3844596,90.19626,0.0,0.0,9.388022,0.0,0.0
2018-01-21,1,2018,1,0,2017-18,0.958612795296794,3.8685064610366817,0.0,829.8317781419092,0.0,0.0,0.0,0.0,988.214016349874,995.8253747407078,0.0,1.1814874510706883,2489495.334425728,914.8474409786872,960.5898130276216,130.75803488571228,13.612265413640436,Medium,-2.2950535,-0.73158497,39.972027,4.4562464,88.28867,-192.23503,-13.439641,61.767746,0.0,0.0,6.485455,0.0,0.0
2018-01-22,1,2018,0,0,2017-18,0.9533648195605212,1.6710439171003988,0.0,966.4860459365694,0.0,0.0,0.0,0.0,829.8317781419092,982.9775459310168,0.0,1.1814874510706883,2899458.137809708,915.6131654541732,961.3938237268818,-5.092222209687634,-0.5296707846475891,Low,5.9522257,-0.06319176,39.139145,4.619186,94.51858,33.393406,-4.4143353,82.31423,0.0,0.0,7.5399837,0.0,0.0
2018-01-23,1,2018,0,0,2017-18,0.7957301419729766,3.9364412761459913,0.0,767.0690152552943,0.0,0.0,0.0,0.0,966.4860459365694,965.3762116332545,0.0,1.1814874510706883,2301207.045765883,916.248026595602,962.0604279253824,194.99141267008804,20.268104477654663,High,0.16922435,0.62595403,30.576366,4.481131,-32.24931,-162.07991,-5.703049,57.730854,0.0,0.0,2.03902,0.0,0.0
2018-01-24,1,2018,0,0,2017-18,0.9486746422452031,2.6716799952145083,0.0,939.3410547420244,0.0,0.0,0.0,0.0,767.0690152552943,949.5674690249124,0.0,1.1814874510706883,2818023.1642260733,917.1410676268276,962.9981210081692,23.65706626614474,2.4566056516681463,Low,4.1477933,-0.0712555,39.985382,4.723368,70.001396,-62.729244,2.768727,87.23456,0.0,0.0,6.624264,0.0,0.0
2018-01-25,1,2018,0,0,2017-18,0.7111022904146478,2.538685093015766,0.0,753.0462555137301,0.0,0.0,0.0,0.0,939.3410547420244,907.4690416346172,0.0,1.1814874510706883,2259138.7665411904,915.2238786873996,960.9850726217696,207.93881710803956,21.63809022972008,High,0.7670312,-0.5307443,48.60212,4.4955645,-86.67575,-8.384686,3.6503918,102.58612,0.0,0.0,4.8387785,0.0,0.0
2018-01-26,1,2018,0,0,2017-18,0.8788809635446159,0.66381958118314,0.0,1014.0897473215568,0.0,0.0,0.0,0.0,753.0462555137301,879.4967009520191,0.0,1.1814874510706883,3042269.2419646704,914.155791005636,959.8635805559178,-54.22616676563905,-5.649361832671393,Low,-2.4527073,-0.24380964,51.294945,4.911606,37.324894,132.99335,3.74709,61.740852,0.0,0.0,8.080251,0.0,0.0
2018-01-27,1,2018,1,0,2017-18,0.7690026511863108,3.527711033218576,0.0,704.0088214180148,0.0,0.0,0.0,0.0,1014.0897473215568,894.0111304658512,0.0,1.1814874510706883,2112026.4642540445,910.5242828354568,956.0504969772296,252.04167555921487,26.36279949187849,High,-4.024394,-0.18697846,29.634064,5.4711947,-66.49821,-153.06213,8.118538,54.24728,0.0,0.0,2.7810628,0.0,0.0
2018-01-28,1,2018,1,0,2017-18,0.7361700657331836,1.7099587516824606,0.0,895.7615335364209,0.0,0.0,0.0,0.0,704.0088214180148,853.4103883327283,0.0,1.1814874510706883,2687284.6006092625,907.7747853035252,953.1635245687016,57.40199103228076,6.02226056208505,Medium,1.1811382,1.4179828,28.135458,3.6751378,-122.2658,19.237284,4.4640965,43.93846,0.0,0.0,8.974221,0.0,0.0
2018-01-29,1,2018,0,0,2017-18,0.7230859604887627,0.6489336231299174,0.0,1040.46260420817,0.0,0.0,0.0,0.0,895.7615335364209,862.8289248176586,0.0,1.1814874510706883,3121387.81262451,911.5638766206648,957.1420704516984,-83.32053375647172,-8.705137547360211,Low,-1.1675464,-0.59107757,36.9778,3.466951,-122.871315,122.532234,-12.715752,54.491356,0.0,0.0,6.6911993,0.0,0.0
2018-01-30,1,2018,0,0,2017-18,0.908886632763442,0.0504300799030361,0.0,1311.566014717363,0.0,0.0,0.0,0.0,1040.46260420817,873.3970045707445,0.0,1.1814874510706883,3934698.044152089,918.114693958827,964.0204286567684,-347.5455860605946,-36.05168269565119,Low,-17.710974,-0.26872218,45.48044,3.9745886,46.194923,156.08162,0.7214097,65.63155,0.0,0.0,4.8377457,0.0,0.0
2018-01-31,1,2018,0,0,2017-18,0.8019624891304198,2.2390227345535303,0.0,875.1362463886098,0.0,0.0,0.0,0.0,1311.566014717363,951.182290208183,0.0,1.1814874510706883,2625408.739165829,919.4445414305878,965.4167685021172,90.28052211350746,9.3514557711258,Medium,-6.7604337,0.0015126914,43.518375,4.5291343,-54.318855,9.124961,-3.1834192,95.25589,0.0,0.0,3.9709232,0.0,0.0
2018-02-01,2,2018,0,0,2017-18,0.9174300314586284,2.1095984884907053,0.0,870.5025465925311,0.0,0.0,0.0,0.0,875.1362463886098,942.0101747291236,0.0,1.1814874510706883,2611507.6397775933,916.2097906930588,962.020280227712,91.51773363518078,9.513077376447654,Medium,-1.4769181,-0.09784579,42.125477,4.7892823,70.82403,8.933988,-3.728659,89.080246,0.0,0.0,6.5534196,0.0,0.0
2018-02-02,2,2018,0,0,2017-18,0.7196069022396827,2.8774144894766343,0.0,698.8568389473977,0.0,0.0,0.0,0.0,870.5025465925311,958.789644883238,0.0,1.1814874510706883,2096570.5168421927,914.5186741231772,960.244607829336,261.3877688819384,27.220956696941407,High,-4.8012476,-0.5616685,48.498272,4.6945996,-87.12493,-26.324335,-9.315176,108.06939,0.0,0.0,6.784255,0.0,0.0
2018-02-03,2,2018,1,0,2017-18,0.7945871013491831,3.561032212071209,0.0,648.84376776277,0.0,0.0,0.0,0.0,698.8568389473977,913.7563722583582,0.0,1.1814874510706883,1946531.3032883096,913.9239355618316,959.6201323399232,310.7763645771531,32.3853527144497,High,-4.165662,-0.36421752,33.902496,5.1502357,-41.390293,-154.82742,3.442697,64.641815,0.0,0.0,5.462298,0.0,0.0
2018-02-04,2,2018,1,0,2017-18,0.8618473877126012,0.3176263385721181,0.0,1139.1248684378093,0.0,0.0,0.0,0.0,648.84376776277,905.875650307609,0.0,1.1814874510706883,3417374.605313428,914.2857461588357,960.0000334667776,-179.12483497103176,-18.65883632567922,Low,-3.6959567,0.59411246,55.982628,5.1109776,22.717312,141.37581,3.1395223,70.88785,0.0,0.0,10.3002405,0.0,0.0
2018-02-05,2,2018,0,0,2017-18,0.9372169494516892,2.9259859613614494,0.0,810.6024747035517,0.0,0.0,0.0,0.0,1139.1248684378093,940.6418410078074,0.0,1.1814874510706883,2431807.424110655,914.3415758783224,960.0586546722384,149.45617996868668,15.567400933405535,High,-7.345768,-0.30547652,41.025517,4.347454,60.118557,-73.16433,-8.736996,86.26199,0.0,0.0,4.9483886,0.0,0.0
2018-02-06,2,2018,0,0,2017-18,0.795625750879621,0.7496477763903289,0.0,976.5819824970588,0.0,0.0,0.0,0.0,810.6024747035517,907.8046796500048,0.0,1.1814874510706883,2929745.947491177,916.5620955232304,962.390200299392,-14.191782197666726,-1.4746391009854187,Low,-2.7322752,-0.4028033,41.149906,4.5634995,-71.58173,87.81936,4.005113,67.09116,0.0,0.0,5.897927,0.0,0.0
2018-02-07,2,2018,0,0,2017-18,0.8877674129311027,3.432708212628656,0.0,750.0149132302697,0.0,0.0,0.0,0.0,976.5819824970588,859.949817904247,0.0,1.1814874510706883,2250044.739690809,910.9585625242908,956.5064906505054,206.49157742023567,21.588099969902338,High,-7.7268925,0.032284312,36.804024,4.1316547,31.420105,-159.96675,-7.470142,47.150837,0.0,0.0,3.0744514,0.0,0.0
2018-02-08,2,2018,0,0,2017-18,0.965793324470856,3.2762540554466244,0.0,837.248162150489,0.0,0.0,0.0,0.0,750.0149132302697,842.0753417387697,0.0,1.1814874510706883,2511744.486451467,909.4582627433418,954.9311758805088,117.68301373001998,12.323716797863318,Medium,-0.82185304,-0.38695705,37.212032,5.0386896,78.13985,-162.56409,-2.164653,22.877161,0.0,0.0,4.845557,0.0,0.0
2018-02-09,2,2018,0,0,2017-18,0.8847589564546914,2.163175019942177,0.0,897.1398259198282,0.0,0.0,0.0,0.0,837.248162150489,837.3247153899066,0.0,1.1814874510706883,2691419.4777594847,908.4163956968008,953.837215481641,56.69738956181277,5.944136865448615,Medium,-1.6721728,-0.24551703,37.720356,4.628492,38.570896,1.5295547,-0.29347187,52.99548,0.0,0.0,5.711436,0.0,0.0
2018-02-10,2,2018,1,0,2017-18,0.7698878424260901,2.840971194493246,0.0,732.7959909122891,0.0,0.0,0.0,0.0,897.1398259198282,865.650856385968,0.0,1.1814874510706883,2198387.972736867,905.4448200264272,950.7170610277484,217.92107011545943,22.921758643931497,High,-4.1014185,1.479135,39.048016,4.711368,-67.403076,-49.4125,-9.457204,55.602303,0.0,0.0,7.5061655,0.0,0.0
2018-02-11,2,2018,1,0,2017-18,0.7073202344669614,1.2574004527349936,0.0,851.6852997968109,0.0,0.0,0.0,0.0,732.7959909122891,877.6440311216137,0.0,1.1814874510706883,2555055.8993904325,906.7772712601064,952.1161348231118,100.43083502630088,10.548170685602273,Medium,-0.51558214,0.59305567,32.297264,3.4704702,-122.527306,55.381508,3.2044013,55.741924,0.0,0.0,9.089743,0.0,0.0
2018-02-12,2,2018,0,0,2017-18,0.961029662170279,1.8846715957312583,0.0,881.6918375735349,0.0,0.0,0.0,0.0,851.6852997968109,836.5812356014711,0.0,1.1814874510706883,2645075.512720605,909.7539506921132,955.2416482267188,73.54981065318384,7.699602586394703,Medium,3.3193657,-0.20080718,40.775616,5.3412805,109.45132,35.143185,-6.062454,49.42601,0.0,0.0,5.7519965,0.0,0.0
2018-02-13,2,2018,0,0,2017-18,0.7063808232551161,3.286547590841886,0.0,478.4198328558394,0.0,0.0,0.0,0.0,881.6918375735349,846.7368588686115,0.0,1.1814874510706883,1435259.498567518,904.847228967538,950.0895904159148,471.66975756007554,49.64476637972589,High,-9.851026,-0.34223706,30.791298,4.5607853,-106.5869,-116.22047,-17.847685,35.24866,0.0,0.0,3.5255456,0.0,0.0
2018-02-14,2,2018,0,0,2017-18,0.9624105018052598,1.837060788692856,0.0,1034.7372113359218,0.0,0.0,0.0,0.0,478.4198328558394,775.5708374912945,0.0,1.1814874510706883,3104211.634007765,907.1256082976378,952.4818887125195,-82.2553226234021,-8.635893616264717,Low,9.592559,-0.06763342,37.41456,5.0642366,102.21628,27.067127,6.5820675,9.0486145,0.0,0.0,5.151367,0.0,0.0
2018-02-15,2,2018,0,0,2017-18,0.8586811402081636,1.4311930613017672,0.0,977.1545469887462,0.0,0.0,0.0,0.0,1034.7372113359218,816.2454515063876,0.0,1.1814874510706883,2931463.640966239,905.14861065011,950.4060411826156,-26.748505806130765,-2.814429269919927,Low,0.041077554,-0.24388523,39.75767,4.0509825,22.902248,60.856426,11.838149,51.618042,0.0,0.0,5.1842957,0.0,0.0
2018-02-16,2,2018,0,0,2017-18,0.9817203095538688,1.9768497890012,0.0,1073.0066728178515,0.0,0.0,0.0,0.0,977.1545469887462,836.2320779118529,0.0,1.1814874510706883,3219020.018453555,908.9185590878756,954.3644870422692,-118.64218577558222,-12.43153820017692,Low,2.976392,-0.21117783,33.615166,5.49819,125.96682,31.610065,-5.863363,49.22715,0.0,0.0,5.778884,0.0,0.0
2018-02-17,2,2018,1,0,2017-18,0.9396349707320996,3.312997009748873,0.0,796.842697899574,0.0,0.0,0.0,0.0,1073.0066728178515,861.3559131829991,0.0,1.1814874510706883,2390528.093698722,909.5646989650768,955.0429339133308,158.2002360137568,16.56472503969265,High,-9.396622,0.68599534,43.016354,4.3715715,61.6304,-146.07129,6.0991936,54.75352,0.0,0.0,4.6024833,0.0,0.0
2018-02-18,2,2018,1,0,2017-18,0.9993802331600012,1.340832189483491,0.0,1165.55161162151,0.0,0.0,0.0,0.0,796.842697899574,870.5054427526112,0.0,1.1814874510706883,3496654.83486453,909.9284547091714,955.42487744463,-210.12673417687984,-21.993014745322807,Low,7.743807,-0.44724986,31.495743,4.5997224,128.47447,53.295105,0.3517694,66.72605,0.0,0.0,7.7547812,0.0,0.0
2018-02-19,2,2018,0,0,2017-18,0.805213544635513,0.6950463725429752,0.0,1017.1006868142194,0.0,0.0,0.0,0.0,1165.55161162151,915.3434872989968,0.0,1.1814874510706883,3051302.060442658,912.2604794628246,957.873503435966,-59.22718337825359,-6.183194666707151,Low,-7.302147,-0.01773177,48.51655,4.275714,-55.97694,103.186325,-5.5517564,66.39743,0.0,0.0,6.146789,0.0,0.0
2018-02-20,2,2018,0,0,2017-18,0.930156486679338,2.848056081323123,0.0,846.0629218687327,0.0,0.0,0.0,0.0,1017.1006868142194,934.6876086190948,0.0,1.1814874510706883,2538188.765606198,912.65316687911,958.2858252230656,112.22290335433296,11.710796549475226,Medium,-4.351273,-0.30654737,39.90183,4.150434,54.086998,-60.52257,-6.6582513,87.25406,0.0,0.0,4.862167,0.0,0.0
2018-02-21,2,2018,0,0,2017-18,0.8205792740827726,3.303912850832327,0.0,807.8665051254014,0.0,0.0,0.0,0.0,846.0629218687327,987.2080499066508,0.0,1.1814874510706883,2423599.515376204,912.8304369293955,958.4719587758656,150.60545365046403,15.71307874701032,High,-4.9389215,0.4668753,41.384228,5.2260804,-17.34714,-111.483925,-0.55789196,84.613434,0.0,0.0,4.2285905,0.0,0.0
2018-02-22,2,2018,0,0,2017-18,0.8439626860911726,0.4025499140941333,0.0,1102.263175386887,0.0,0.0,0.0,0.0,807.8665051254014,954.7979490194336,0.0,1.1814874510706883,3306789.526160661,912.6050549454524,958.2353076927252,-144.02786769416184,-15.03053232727956,Low,-1.3295506,-0.05831682,55.875683,4.4871473,14.736414,143.95471,6.1266265,77.8032,0.0,0.0,7.5018735,0.0,0.0
2018-02-23,2,2018,0,0,2017-18,0.8882516389655111,0.9594964510237788,0.0,1117.7894082224198,0.0,0.0,0.0,0.0,1102.263175386887,972.670610219168,0.0,1.1814874510706883,3353368.224667259,917.0121602121382,962.8627682227452,-154.92663999967465,-16.090209852608456,Low,-6.8543262,-0.026023343,53.781113,4.2183967,54.058315,123.8801,5.2759027,78.67171,0.0,0.0,6.320791,0.0,0.0
2018-02-24,2,2018,1,0,2017-18,0.9621031342559015,0.5678879590439756,0.0,1226.2020154867423,0.0,0.0,0.0,0.0,1117.7894082224198,979.068143848392,0.0,1.1814874510706883,3678606.046460227,917.7660513272896,963.654353893654,-262.54766159308826,-27.24500341146824,Low,0.5183737,-0.53443533,55.309784,5.3901844,134.8615,139.10214,20.124311,74.29267,0.0,0.0,8.746103,0.0,0.0
2018-02-25,2,2018,1,0,2017-18,0.9952250407597883,1.3917656463286665,0.0,1294.8384506048933,0.0,0.0,0.0,0.0,1226.2020154867423,1040.4051892179873,0.0,1.1814874510706883,3884515.35181468,918.937126010923,964.8839823114693,-329.95446829342416,-34.19628414837892,Low,4.9318914,-0.57591444,36.806698,5.1703033,143.77885,58.11245,20.856506,77.556175,0.0,0.0,6.8806305,0.0,0.0
2018-02-26,2,2018,0,0,2017-18,0.9304820241593554,1.8014039156216506,0.0,1067.0567353930182,0.0,0.0,0.0,0.0,1294.8384506048933,1058.874737644185,0.0,1.1814874510706883,3201170.206179055,918.4519581938976,964.3745561035925,-102.6821792894258,-10.64754131468352,Low,-2.6443486,-0.078223586,42.837585,4.93609,71.06376,31.73577,6.489327,76.86789,0.0,0.0,5.916785,0.0,0.0
2018-02-27,2,2018,0,0,2017-18,0.8253300346502002,2.995305347853226,0.0,745.3777796351367,0.0,0.0,0.0,0.0,1067.0567353930182,1066.011316012585,0.0,1.1814874510706883,2236133.33890541,916.065126985359,961.868383334627,216.4906036994903,22.507300109912727,High,-7.1432285,-0.16238242,52.00732,5.023221,-14.876645,-57.15768,3.0709481,103.50617,0.0,0.0,5.3012247,0.0,0.0
2018-02-28,2,2018,0,0,2017-18,0.8264071006831211,2.6045903395266965,0.0,877.9600916144619,0.0,0.0,0.0,0.0,745.3777796351367,1051.6277242649282,0.0,1.1814874510706883,2633880.274843386,918.2313147490332,964.1428804864848,86.18278887202291,8.938798451588111,Medium,-0.6485418,-0.041064344,45.845135,4.5209117,-6.4136734,-27.305923,1.7985376,104.83986,0.0,0.0,8.6026325,0.0,0.0
2018-03-01,3,2018,0,0,2017-18,0.9212746904766674,2.4837142699137247,0.0,821.915141093105,0.0,0.0,0.0,0.0,877.9600916144619,1061.6410937633657,0.0,1.1814874510706883,2465745.4232793152,919.5172181968114,965.493079106652,143.57793801354703,14.87094429992148,Medium,3.1415274,-0.22409433,40.40127,3.881217,61.057182,-31.622147,-9.219964,90.48649,0.0,0.0,9.245761,0.0,0.0
2018-03-02,3,2018,0,0,2017-18,0.7716331437304906,1.4094997864386176,0.0,900.3613610096621,0.0,0.0,0.0,0.0,821.915141093105,1021.5913745785396,0.0,1.1814874510706883,2701084.0830289866,916.770216595413,962.6087274251836,62.24736641552158,6.466528366309624,Medium,-0.5134949,-0.13141425,31.582548,3.9278376,-93.11364,23.137877,8.290983,67.906654,0.0,0.0,9.1244545,0.0,0.0
2018-03-03,3,2018,1,0,2017-18,0.7331422339394184,3.36579021233904,0.0,676.2151180818743,0.0,0.0,0.0,0.0,900.3613610096621,990.5302249767172,0.0,1.1814874510706883,2028645.3542456229,917.2021511502884,963.0622587078028,286.84714062592855,29.784901031300738,High,-1.9333631,0.64161396,38.28448,4.7167215,-101.40112,-108.14895,-14.281873,83.99911,0.0,0.0,8.45265,0.0,0.0
2018-03-04,3,2018,1,0,2017-18,0.806386647292233,1.8851486695926585,0.0,889.6869934545949,0.0,0.0,0.0,0.0,676.2151180818743,911.9606682045932,0.0,1.1814874510706883,2669060.980363785,917.8176259939283,963.7085072936248,74.02151383902992,7.680902812293726,Medium,-2.8782475,0.56622404,40.332806,4.89237,-48.738876,10.696927,4.5169425,83.20244,0.0,0.0,9.2094555,0.0,0.0
2018-03-05,3,2018,0,0,2017-18,0.7861716974962245,3.916419752060618,0.0,621.3535229981093,0.0,0.0,0.0,0.0,889.6869934545949,854.0818886116933,0.0,1.1814874510706883,1864060.568994328,916.0594295993576,961.8624010793257,340.5088780812164,35.40099682648208,High,-3.1738539,-0.031000376,26.178272,4.1187215,-34.301983,-158.97824,-10.141619,36.213467,0.0,0.0,6.929581,0.0,0.0
2018-03-06,3,2018,0,0,2017-18,0.788892436136797,2.5365685531829474,0.0,724.4481047858327,0.0,0.0,0.0,0.0,621.3535229981093,790.4100011267063,0.0,1.1814874510706883,2173344.314357498,913.8745697149832,959.5682982007322,235.12019341489952,24.502705420319614,High,5.181908,-0.025790684,34.14799,4.113256,-49.923862,-41.44459,2.1936324,21.266762,0.0,0.0,6.6141768,0.0,0.0
2018-03-07,3,2018,0,0,2017-18,0.7700823253149729,0.5050589662580109,0.0,931.1470885003436,0.0,0.0,0.0,0.0,724.4481047858327,787.4200475768058,0.0,1.1814874510706883,2793441.265501031,912.9585026269714,958.60642775832,27.459339257976467,2.8645060645159166,Low,5.4206204,-0.13007927,39.39211,4.2476754,-76.05993,138.2575,0.32767794,20.07654,0.0,0.0,5.338829,0.0,0.0
2018-03-08,3,2018,0,0,2017-18,0.7126279568909085,2.704710248301736,0.0,706.7003102310401,0.0,0.0,0.0,0.0,931.1470885003436,795.0181899890747,0.0,1.1814874510706883,2120100.93069312,913.5748498719712,959.25359236557,252.5532821345298,26.328103865810924,High,4.619616,-0.54664284,31.74699,4.6049414,-92.37533,-49.291195,1.311453,16.245426,0.0,0.0,10.503726,0.0,0.0
2018-03-09,3,2018,0,0,2017-18,0.7053621804200241,1.300416061726796,0.0,751.0866728452696,0.0,0.0,0.0,0.0,706.7003102310401,778.558928437351,0.0,1.1814874510706883,2253260.0185358087,915.0268711005606,960.7782146555886,209.691541810319,21.825176571628177,High,3.1098654,-0.13363904,26.597136,3.3151782,-116.88894,56.836884,3.9511921,15.10083,0.0,0.0,5.077699,0.0,0.0
2018-03-10,3,2018,1,0,2017-18,0.9963167169208096,2.7453087867443897,0.0,1092.1229131681098,0.0,0.0,0.0,0.0,751.0866728452696,757.2339729852949,0.0,1.1814874510706883,3276368.7395043294,913.9027690802944,959.5979075343092,-132.52500563380045,-13.810472552438547,Low,4.4263463,-0.26889765,28.712631,4.4767685,98.99298,-73.893936,-0.39444137,7.838495,0.0,0.0,3.6414552,0.0,0.0
2018-03-11,3,2018,1,0,2017-18,0.8283319401207587,0.2785645926496229,0.0,906.2320775915736,0.0,0.0,0.0,0.0,1092.1229131681098,816.6493722833285,0.0,1.1814874510706883,2718696.232774721,911.7756432921094,957.3644254567148,51.13234786514136,5.340949225343154,Medium,-4.904651,1.3297856,50.705006,5.08125,-8.394923,162.16325,-2.9926846,45.92221,0.0,0.0,9.209295,0.0,0.0
2018-03-12,3,2018,0,0,2017-18,0.8152979941479045,0.6995257487038375,0.0,998.955221247518,0.0,0.0,0.0,0.0,906.2320775915736,819.0129557314684,0.0,1.1814874510706883,2996865.663742554,912.6920160841051,958.3266168883106,-40.62860435920743,-4.239536254469132,Low,-8.645266,-0.3722695,46.45945,4.6767926,-28.48787,132.30554,-6.9496546,42.033043,0.0,0.0,10.279104,0.0,0.0
2018-03-13,3,2018,0,0,2017-18,0.9038941848079208,3.4229490356231453,0.0,807.6988710278687,0.0,0.0,0.0,0.0,998.955221247518,872.956055481384,0.0,1.1814874510706883,2423096.613083606,914.3284228037332,960.04484394392,152.3459729160512,15.868630916260654,High,-4.29303,-0.094327345,42.990734,3.9498286,56.66219,-157.42235,-13.188215,55.133694,0.0,0.0,7.6563296,0.0,0.0
2018-03-14,3,2018,0,0,2017-18,0.7654761663595192,0.9087182280940596,0.0,970.9464075513664,0.0,0.0,0.0,0.0,807.6988710278687,884.849022087389,0.0,1.1814874510706883,2912839.222654098,915.9064444158378,961.7017666366296,-9.244640914736692,-0.9612793940337738,Low,-1.9083419,-0.21100336,35.952923,4.1158533,-108.01739,84.963,5.200666,55.9005,0.0,0.0,8.93264,0.0,0.0
2018-03-15,3,2018,0,0,2017-18,0.9849883551850676,3.34816450097176,0.0,820.3343521778478,0.0,0.0,0.0,0.0,970.9464075513664,890.5346390946779,0.0,1.1814874510706883,2461003.0565335434,912.7933809827508,958.4330500318885,138.0986978540407,14.408799639103217,Medium,-0.3948195,-0.25138843,44.162422,4.8300223,84.76582,-144.58646,-15.533013,78.03244,0.0,0.0,8.960156,0.0,0.0
2018-03-16,3,2018,0,0,2017-18,0.9359035043246656,1.1171043538176415,0.0,1195.4554717654096,0.0,0.0,0.0,0.0,820.3343521778478,906.7680736585075,0.0,1.1814874510706883,3586366.4152962286,912.375133177637,957.993889836519,-237.4615819288906,-24.7873795906374,Low,2.9392781,-0.27816218,48.23768,4.78204,96.27697,110.050804,9.565231,80.70917,0.0,0.0,10.639357,0.0,0.0
2018-03-17,3,2018,1,0,2017-18,0.7268233006936778,2.5715276402348306,0.0,632.9870656003621,0.0,0.0,0.0,0.0,1195.4554717654096,970.2493306470992,0.0,1.1814874510706883,1898961.1968010864,909.4250316699146,954.8962832534104,321.90921765304824,33.71143267583753,High,-0.8209933,0.57718116,49.999264,4.2748365,-94.284904,-9.446878,2.892372,105.32651,0.0,0.0,6.8846974,0.0,0.0
2018-03-18,3,2018,1,0,2017-18,0.8252742327354785,2.776602294039324,0.0,764.3624573656,0.0,0.0,0.0,0.0,632.9870656003621,904.658495280278,0.0,1.1814874510706883,2293087.3720968,910.6930659089476,956.2277192043952,191.8652618387952,20.06480862094562,High,0.842848,0.68089193,52.01735,4.886054,-11.893333,-44.312458,4.9478254,103.17476,0.0,0.0,12.701622,0.0,0.0
2018-03-19,3,2018,0,0,2017-18,0.9637354922686494,2.050619012580212,0.0,1073.0644567796226,0.0,0.0,0.0,0.0,764.3624573656,884.3914066765675,0.0,1.1814874510706883,3219193.370338868,910.6748495583732,956.208592036292,-116.8558647433306,-12.22075033800736,Low,8.724682,-0.19796814,44.20033,5.533913,115.56019,4.5086565,1.4878138,80.96071,0.0,0.0,8.920054,0.0,0.0
2018-03-20,3,2018,0,0,2017-18,0.983419606687423,1.2212427067869251,0.0,1232.153110768072,0.0,0.0,0.0,0.0,1073.0644567796226,894.978440324011,0.0,1.1814874510706883,3696459.332304216,915.7023564485268,961.4874742709532,-270.66563649711884,-28.15071893706683,Low,5.8551245,-0.18252133,37.305977,5.385861,138.21683,79.18029,38.29576,70.15956,0.0,0.0,9.54967,0.0,0.0
2018-03-21,3,2018,0,0,2017-18,0.8402204533749609,0.8505775054843845,0.0,940.3436505468544,0.0,0.0,0.0,0.0,1232.153110768072,955.6147602868972,0.0,1.1814874510706883,2821030.951640563,919.996032665352,965.9958342986196,25.652183751765165,2.655517015804777,Low,-4.7759156,-0.11787833,56.844925,4.7164183,9.860451,122.60814,-5.816468,83.260574,0.0,0.0,10.0578375,0.0,0.0
2018-03-22,3,2018,0,0,2017-18,0.8840234167632123,0.1327574182497048,0.0,1352.2408137947978,0.0,0.0,0.0,0.0,940.3436505468544,951.2429378576812,0.0,1.1814874510706883,4056722.441384393,920.9517468809356,966.9993342249826,-385.2414795698152,-39.8388567535647,Low,-3.2633152,-0.24436438,48.905678,4.604163,30.060751,153.70566,-10.563219,81.562164,0.0,0.0,8.032617,0.0,0.0
2018-03-23,3,2018,0,0,2017-18,0.7501101838276225,1.2157856049628952,0.0,826.5756523976032,0.0,0.0,0.0,0.0,1352.2408137947978,1027.2295752315313,0.0,1.1814874510706883,2479726.95719281,920.9538153289906,967.0015060954402,140.42585369783694,14.521782314988178,Medium,-4.56913,-0.119610205,35.605785,3.7836752,-95.76793,56.402096,0.55854684,63.368378,0.0,0.0,8.630573,0.0,0.0
2018-03-24,3,2018,1,0,2017-18,0.997350587841093,2.612651162125132,0.0,903.4804328039224,0.0,0.0,0.0,0.0,826.5756523976032,974.5324581789874,0.0,1.1814874510706883,2710441.298411767,918.5594140489846,964.487384751434,61.00695194751154,6.325323992001632,Medium,12.39438,0.10676888,39.64634,4.656962,97.01432,-40.669422,6.4843097,91.448784,0.0,0.0,7.2902837,0.0,0.0
2018-03-25,3,2018,1,0,2017-18,0.769501510415033,3.7532192737939294,0.0,680.9084182266436,0.0,0.0,0.0,0.0,903.4804328039224,1013.174367779496,0.0,1.1814874510706883,2042725.2546799304,917.6848330962216,963.5690747510326,282.6606565243891,29.334758029404696,High,-0.84348524,-0.12838256,26.153036,4.5220847,-80.174126,-178.34885,-9.406852,58.03671,0.0,0.0,6.4340677,0.0,0.0
2018-03-26,3,2018,0,0,2017-18,0.9828195322405378,3.484817929052208,0.0,838.5183302025501,0.0,0.0,0.0,0.0,680.9084182266436,1001.2523621882166,0.0,1.1814874510706883,2515554.9906076505,918.6804735705,964.6144972490248,126.09616704647476,13.072182452791994,Medium,1.0221238,0.38300052,42.87629,5.348989,105.46264,-164.67195,4.568952,74.77763,0.0,0.0,8.740062,0.0,0.0
2018-03-27,3,2018,0,0,2017-18,0.8948939946977106,3.0642591061412103,0.0,802.1223611816915,0.0,0.0,0.0,0.0,838.5183302025501,967.7457726772062,0.0,1.1814874510706883,2406367.083545075,915.9968019124886,961.7966420081132,159.67428082642164,16.601667530575003,High,0.5219679,-0.17885442,53.244625,4.228483,45.919617,-89.77365,0.9218575,90.34859,0.0,0.0,11.535069,0.0,0.0
2018-03-28,3,2018,0,0,2017-18,0.8823210384636577,3.1537893730131947,0.0,853.2283365246631,0.0,0.0,0.0,0.0,802.1223611816915,906.3128084505804,0.0,1.1814874510706883,2559685.009573989,915.2843554918976,961.0485732664924,107.82023674182938,11.219020530394308,Medium,2.531498,-0.2223678,50.216038,4.359644,19.874706,-101.44586,4.777723,87.82535,0.0,0.0,10.682566,0.0,0.0
2018-03-29,3,2018,0,0,2017-18,0.8538065533049526,2.659939613903981,0.0,740.8218807724503,0.0,0.0,0.0,0.0,853.2283365246631,893.8677635902674,0.0,1.1814874510706883,2222465.642317351,911.79927271639,957.3892363522097,216.56735557975924,22.620617336885044,High,1.0667849,-0.18267113,43.525047,3.9184365,-0.77380216,-49.05939,-2.4684362,100.5545,0.0,0.0,11.859577,0.0,0.0
2018-03-30,3,2018,0,0,2017-18,0.7692009435153275,1.041147430264012,0.0,813.0750078742689,0.0,0.0,0.0,0.0,740.8218807724503,806.522201729932,0.0,1.1814874510706883,2439225.023622806,911.548023722568,957.1254249086966,144.0504170344277,15.0503176789154,High,-0.4335304,-0.36149552,32.94891,4.072834,-87.61567,86.88354,1.3904731,18.634588,0.0,0.0,5.345662,0.0,0.0
2018-03-31,3,2018,1,0,2017-18,0.7529584096016524,3.62878012282332,0.0,605.5637798378361,0.0,0.0,0.0,0.0,813.0750078742689,804.5935382265985,0.0,1.1814874510706883,1816691.3395135084,906.6817351418084,952.0158218988988,346.45204206106257,36.39141641259979,High,-1.4846452,1.0381007,24.27054,5.025641,-76.010895,-146.56825,1.0845084,13.621206,0.0,0.0,5.3247952,0.0,0.0
