date,month,year,is_weekend,is_monsoon,fy,equipment_uptime_pct,blasting_delay_hrs,rainfall_mm,true_production_t,rom_gross_reported_te,stripping_ratio_miss,production_shortfall_pct,ob_overrun_pct,lag_1d_production_t,lag_7d_mean_production_t,ndvi_seasonal_delta,soil_moisture_seasonal_delta,daily_value_inr,rolling_90d_mean,target_production_t,shortfall_gap,shortfall_pct,risk_category
2015-04-08,4,2015,0,0,2015-16,0.9598528437324804,3.711009132780852,0.0,656.3319756339957,281215.0,2.0,0.1965,0.2,428.3764851467882,753.9329893143974,0.0,1.1814874510706883,1968995.9269019875,,693.5188844289788,37.18690879498308,5.3620614564232945,Medium
2015-04-09,4,2015,0,0,2015-16,0.8803345035229626,3.979631290585741,0.0,602.0109148378803,281215.0,2.0,0.1965,0.2,656.3319756339957,723.9975378254339,0.0,1.1814874510706883,1806032.7445136409,,693.5188844289788,91.50796959109857,13.194733646862883,Medium
2015-04-10,4,2015,0,0,2015-16,0.9124217733388136,0.6955809968779492,0.0,1031.8917404473837,281215.0,2.0,0.1965,0.2,602.0109148378803,656.4081290143301,0.0,1.1814874510706883,3095675.221342151,,693.5188844289788,-338.37285601840483,-48.79071985141547,Low
2015-04-11,4,2015,1,0,2015-16,0.7061753482887407,1.584968075610635,0.0,697.9320908858515,281215.0,2.0,0.1965,0.2,1031.8917404473837,695.729693319771,0.0,1.1814874510706883,2093796.2726575544,,693.5188844289788,-4.413206456872672,-0.6363498609711781,Low
2015-04-12,4,2015,1,0,2015-16,0.9909729556485982,3.032953902816365,0.0,716.4209643306972,281215.0,2.0,0.1965,0.2,697.9320908858515,688.269329237876,0.0,1.1814874510706883,2149262.892992092,,693.5188844289788,-22.902079901718366,-3.302300833606745,Low
2015-04-13,4,2015,0,0,2015-16,0.9497327922401264,2.784082472215169,0.0,852.4701858671134,281215.0,2.0,0.1965,0.2,716.4209643306972,667.9258402983406,0.0,1.1814874510706883,2557410.55760134,,693.5188844289788,-158.95130143813458,-22.91953471014852,Low
2015-04-14,4,2015,0,0,2015-16,0.7637017332034828,0.6155836253594202,0.0,795.7816086461321,281215.0,2.0,0.1965,0.2,852.4701858671134,712.2049081642443,0.0,1.1814874510706883,2387344.825938396,,693.5188844289788,-102.26272421715328,-14.745485164596941,Low
2015-04-15,4,2015,0,0,2015-16,0.7545474901621302,3.263332499962471,0.0,548.5306612979685,281215.0,2.0,0.1965,0.2,795.7816086461321,764.6913543784361,0.0,1.1814874510706883,1645591.9838939055,,693.5188844289788,144.98822313101027,20.90616800584874,High
2015-04-16,4,2015,0,0,2015-16,0.7550213529560301,0.8977622873466427,0.0,742.6511420172993,281215.0,2.0,0.1965,0.2,548.5306612979685,749.2911666161466,0.0,1.1814874510706883,2227953.426051898,,693.5188844289788,-49.1322575883205,-7.084487342947327,Low
2015-04-17,4,2015,0,0,2015-16,0.7912726728878613,0.8952704592904923,0.0,707.6398356214941,281215.0,2.0,0.1965,0.2,742.6511420172993,769.382627641778,0.0,1.1814874510706883,2122919.506864482,,693.5188844289788,-14.120951192515236,-2.036130739848847,Low
2015-04-18,4,2015,1,0,2015-16,0.8574269294896714,2.1478976915736543,0.0,739.2078346711621,281215.0,2.0,0.1965,0.2,707.6398356214941,723.0609269523653,0.0,1.1814874510706883,2217623.504013486,,693.5188844289788,-45.688950242183296,-6.58798934938911,Low
2015-04-19,4,2015,1,0,2015-16,0.8295835055926347,2.3717597393668126,0.0,728.0589987624132,281215.0,2.0,0.1965,0.2,739.2078346711621,728.9574617788381,0.0,1.1814874510706883,2184176.99628724,,693.5188844289788,-34.54011433343442,-4.980414392302185,Low
2015-04-20,4,2015,0,0,2015-16,0.7873687420594125,2.3203448313512447,0.0,648.0272358323381,281215.0,2.0,0.1965,0.2,728.0589987624132,730.6200381262261,0.0,1.1814874510706883,1944081.7074970144,,693.5188844289788,45.491648596640744,6.5595399949486755,Medium
2015-04-21,4,2015,0,0,2015-16,0.8835558684167139,0.3659473495910195,0.0,965.5547291869108,281215.0,2.0,0.1965,0.2,648.0272358323381,701.4139024069725,0.0,1.1814874510706883,2896664.1875607325,,693.5188844289788,-272.03584475793195,-39.2254415655772,Low
2015-04-22,4,2015,0,0,2015-16,0.7418481581956126,3.509843450521521,0.0,485.1341341873389,281215.0,2.0,0.1965,0.2,965.5547291869108,725.6672053413695,0.0,1.1814874510706883,1455402.4025620169,,693.5188844289788,208.38475024163995,30.04745147108968,High
2015-04-23,4,2015,0,0,2015-16,0.7876433945605654,1.0624001703548245,0.0,771.4715830283968,281215.0,2.0,0.1965,0.2,485.1341341873389,716.6105586112795,0.0,1.1814874510706883,2314414.7490851902,,693.5188844289788,-77.952698599418,-11.240169568504504,Low
2015-04-24,4,2015,0,0,2015-16,0.8099085529881075,0.5180596851312167,0.0,867.6232543692156,281215.0,2.0,0.1965,0.2,771.4715830283968,720.7277644700077,0.0,1.1814874510706883,2602869.7631076467,,693.5188844289788,-174.10436994023678,-25.104488695154814,Low
2015-04-25,4,2015,1,0,2015-16,0.8368209952651108,3.5549923194759088,0.0,607.5251143007641,281215.0,2.0,0.1965,0.2,867.6232543692156,743.582538576825,0.0,1.1814874510706883,1822575.3429022925,,693.5188844289788,85.99377012821469,12.399629203899645,Medium
2015-04-26,4,2015,1,0,2015-16,0.935552788417904,3.8226059929190135,0.0,550.8919150270013,281215.0,2.0,0.1965,0.2,607.5251143007641,724.7707213810539,0.0,1.1814874510706883,1652675.745081004,,693.5188844289788,142.62696940197748,20.565693682503245,High
2015-04-27,4,2015,0,0,2015-16,0.7599021346475079,3.4485104690618025,0.0,526.8087842257346,281215.0,2.0,0.1965,0.2,550.8919150270013,699.4611379902808,0.0,1.1814874510706883,1580426.3526772037,,693.5188844289788,166.71010020324422,24.038292820318507,High
2015-04-28,4,2015,0,0,2015-16,0.8542703315240835,3.2380642988995123,0.0,732.2929174483967,281215.0,2.0,0.1965,0.2,526.8087842257346,682.1442163321946,0.0,1.1814874510706883,2196878.75234519,,693.5188844289788,-38.77403301941786,-5.59091235869419,Low
2015-04-29,4,2015,0,0,2015-16,0.8777243706586128,2.620967922556087,0.0,689.705397884579,281215.0,2.0,0.1965,0.2,732.2929174483967,648.8211003695498,0.0,1.1814874510706883,2069116.1936537367,,693.5188844289788,3.8134865443997796,0.5498749392440383,Low
2015-04-30,4,2015,0,0,2015-16,0.7139351238159993,2.203429482436557,0.0,617.0452373700742,281215.0,2.0,0.1965,0.2,689.705397884579,678.0455666120126,0.0,1.1814874510706883,1851135.7121102228,,693.5188844289788,76.47364705890459,11.0269019021552,Medium
2015-05-01,5,2015,0,0,2015-16,0.8822634555704315,0.3479470396456405,0.0,937.861024864653,281215.0,2.0,0.1965,0.2,617.0452373700742,655.9846600893951,0.0,1.1814874510706883,2813583.074593959,,693.5188844289788,-244.3421404356742,-35.23222595976715,Low
2015-05-02,5,2015,1,0,2015-16,0.7511572371061874,1.6338128522827948,0.0,782.4599179332937,281215.0,2.0,0.1965,0.2,937.861024864653,666.0186273030291,0.0,1.1814874510706883,2347379.753799881,,693.5188844289788,-88.94103350431487,-12.824601535911464,Low
2015-05-03,5,2015,1,0,2015-16,0.7195154778955838,1.490754068049256,0.0,749.1705119289935,281215.0,2.0,0.1965,0.2,782.4599179332937,691.0093135362475,0.0,1.1814874510706883,2247511.5357869803,,693.5188844289788,-55.65162750001468,-8.02452950446136,Low
2015-05-04,5,2015,0,0,2015-16,0.984665661176,1.0390151350413048,0.0,1021.4448212820002,281215.0,2.0,0.1965,0.2,749.1705119289935,719.3348273793893,0.0,1.1814874510706883,3064334.463846001,,693.5188844289788,-327.9259368530214,-47.28435579991814,Low
2015-05-05,5,2015,0,0,2015-16,0.9896896099223678,2.89368045475434,0.0,724.6743667568625,281215.0,2.0,0.1965,0.2,1021.4448212820002,789.9971183874271,0.0,1.1814874510706883,2174023.1002705875,,693.5188844289788,-31.155482327883647,-4.492376924030853,Low
2015-05-06,5,2015,0,0,2015-16,0.9425192044349384,1.9835029403150832,0.0,856.2788740789109,281215.0,2.0,0.1965,0.2,724.6743667568625,788.9087540029223,0.0,1.1814874510706883,2568836.622236733,,693.5188844289788,-162.7599896499321,-23.468717767353002,Low
2015-05-07,5,2015,0,0,2015-16,0.7913841307520112,0.3241848636305917,0.0,879.0785461475083,281215.0,2.0,0.1965,0.2,856.2788740789109,812.7049648878268,0.0,1.1814874510706883,2637235.6384425247,,693.5188844289788,-185.55966171852947,-26.756252192225933,Low
2015-05-08,5,2015,0,0,2015-16,0.7293016342019151,0.8807328077992453,0.0,697.5495219261284,281215.0,2.0,0.1965,0.2,879.0785461475083,850.1382947131746,0.0,1.1814874510706883,2092648.5657783847,,693.5188844289788,-4.030637497149542,-0.5811864085674089,Low
2015-05-09,5,2015,1,0,2015-16,0.905269907953647,2.733035054638384,0.0,680.0495611330089,281215.0,2.0,0.1965,0.2,697.5495219261284,815.8080800076712,0.0,1.1814874510706883,2040148.6833990265,,693.5188844289788,13.469323295969957,1.9421710927252063,Low
2015-05-10,5,2015,1,0,2015-16,0.8320457481218804,0.3045234379612007,0.0,987.3773463271316,281215.0,2.0,0.1965,0.2,680.0495611330089,801.1780290362019,0.0,1.1814874510706883,2962132.038981395,,693.5188844289788,-293.85846189815277,-42.372092310089926,Low
2015-05-11,5,2015,0,0,2015-16,0.7366114704534336,3.4048276561950748,0.0,521.1288919048585,281215.0,2.0,0.1965,0.2,987.3773463271316,835.2075768073644,0.0,1.1814874510706883,1563386.6757145757,,693.5188844289788,172.38999252412032,24.857288877729797,High
2015-05-12,5,2015,0,0,2015-16,0.848553073033381,1.9805861080558973,0.0,842.6733307951788,281215.0,2.0,0.1965,0.2,521.1288919048585,763.7338726106298,0.0,1.1814874510706883,2528019.9923855364,,693.5188844289788,-149.15444636619998,-21.50690481759685,Low
2015-05-13,5,2015,0,0,2015-16,0.7103165563345655,1.922346309306592,0.0,690.3369037991414,281215.0,2.0,0.1965,0.2,842.6733307951788,780.5908674732465,0.0,1.1814874510706883,2071010.711397424,,693.5188844289788,3.181980629837426,0.45881672457374634,Low
2015-05-14,5,2015,0,0,2015-16,0.9727961206236346,2.3696311386380704,0.0,844.2612783164523,281215.0,2.0,0.1965,0.2,690.3369037991414,756.8848717189937,0.0,1.1814874510706883,2532783.834949357,,693.5188844289788,-150.74239388747344,-21.73587443283392,Low
2015-05-15,5,2015,0,0,2015-16,0.777633994480005,3.2987238637005967,0.0,601.9080573114901,281215.0,2.0,0.1965,0.2,844.2612783164523,751.910976314557,0.0,1.1814874510706883,1805724.1719344703,,693.5188844289788,91.61082711748872,13.20956489784963,Medium
2015-05-16,5,2015,1,0,2015-16,0.8987566853061946,1.3912368316087722,0.0,778.9764584664726,281215.0,2.0,0.1965,0.2,601.9080573114901,738.2479099410373,0.0,1.1814874510706883,2336929.375399418,,693.5188844289788,-85.45757403749383,-12.322313920529627,Low
2015-05-17,5,2015,1,0,2015-16,0.7935133228268233,2.7120646102362542,0.0,651.6174320736149,281215.0,2.0,0.1965,0.2,778.9764584664726,752.3803238458178,0.0,1.1814874510706883,1954852.2962208448,,693.5188844289788,41.90145235536397,6.041861771343729,Medium
2015-05-18,5,2015,0,0,2015-16,0.8560204063533432,2.2629278559831643,0.0,811.591105769322,281215.0,2.0,0.1965,0.2,651.6174320736149,704.4146218096013,0.0,1.1814874510706883,2434773.317307966,,693.5188844289788,-118.07222134034316,-17.0250910236655,Low
2015-05-19,5,2015,0,0,2015-16,0.8640130838029838,1.0681130806776853,0.0,891.9946917042726,281215.0,2.0,0.1965,0.2,811.591105769322,745.9092237902388,0.0,1.1814874510706883,2675984.075112818,,693.5188844289788,-198.47580727529373,-28.618659380661615,Low
2015-05-20,5,2015,0,0,2015-16,0.7554563366576581,3.514519945420632,0.0,550.9051659133464,281215.0,2.0,0.1965,0.2,891.9946917042726,752.955132491538,0.0,1.1814874510706883,1652715.4977400394,,693.5188844289788,142.6137185156324,20.56378300831072,High
2015-05-21,5,2015,0,0,2015-16,0.9908753883293676,3.1897040864277124,0.0,841.7585801454514,281215.0,2.0,0.1965,0.2,550.9051659133464,733.0363127935673,0.0,1.1814874510706883,2525275.740436354,,693.5188844289788,-148.23969571647262,-21.375004927014846,Low
2015-05-22,5,2015,0,0,2015-16,0.9325398470083344,2.633807338633702,0.0,750.1700676392586,281215.0,2.0,0.1965,0.2,841.7585801454514,732.6787844834244,0.0,1.1814874510706883,2250510.202917776,,693.5188844289788,-56.65118321027978,-8.168657621619712,Low
2015-05-23,5,2015,1,0,2015-16,0.9818496824692567,3.402326916376968,0.0,682.7992078173784,281215.0,2.0,0.1965,0.2,750.1700676392586,753.8590716731054,0.0,1.1814874510706883,2048397.6234521351,,693.5188844289788,10.719676611600448,1.5456935423505715,Low
2015-05-24,5,2015,1,0,2015-16,0.9684482051282948,3.469176803839209,0.0,708.650936876123,281215.0,2.0,0.1965,0.2,682.7992078173784,740.1194644375206,0.0,1.1814874510706883,2125952.810628369,,693.5188844289788,-15.132052447144133,-2.181923634221349,Low
2015-05-25,5,2015,0,0,2015-16,0.8793699936433255,2.833451906860139,0.0,740.0449098012919,281215.0,2.0,0.1965,0.2,708.650936876123,748.267107980736,0.0,1.1814874510706883,2220134.729403876,,693.5188844289788,-46.52602537231303,-6.708689037447202,Low
2015-05-26,5,2015,0,0,2015-16,0.976562270506935,3.348053313454688,0.0,624.0185032786587,281215.0,2.0,0.1965,0.2,740.0449098012919,738.046222842446,0.0,1.1814874510706883,1872055.509835976,,693.5188844289788,69.5003811503201,10.021411487236499,Medium
2015-05-27,5,2015,0,0,2015-16,0.7265477506155759,2.7898858466771346,0.0,595.6559307115135,281215.0,2.0,0.1965,0.2,624.0185032786587,699.7639102102155,0.0,1.1814874510706883,1786967.7921345406,,693.5188844289788,97.8629537174653,14.111072663586159,Medium
2015-05-28,5,2015,0,0,2015-16,0.7587948587257435,2.7205630870412016,0.0,656.3011154763208,281215.0,2.0,0.1965,0.2,595.6559307115135,706.1568766099535,0.0,1.1814874510706883,1968903.3464289624,,693.5188844289788,37.21776895265805,5.366511249841735,Medium
2015-05-29,5,2015,0,0,2015-16,0.7135681866731614,2.474445512860737,0.0,579.5216278991763,281215.0,2.0,0.1965,0.2,656.3011154763208,679.662953085792,0.0,1.1814874510706883,1738564.883697529,,693.5188844289788,113.99725652980248,16.437512963134978,High
2015-05-30,5,2015,1,0,2015-16,0.7975990992289793,3.010866558230565,0.0,678.3561955174414,281215.0,2.0,0.1965,0.2,579.5216278991763,655.2846045514946,0.0,1.1814874510706883,2035068.586552324,,693.5188844289788,15.16268891153743,2.1863411728177957,Low
2015-05-31,5,2015,1,0,2015-16,0.8166031869068446,0.6344204211722948,0.0,882.1003750594634,281215.0,2.0,0.1965,0.2,678.3561955174414,654.6498885086465,0.0,1.1814874510706883,2646301.12517839,,693.5188844289788,-188.5814906304846,-27.191976291425224,Low
2015-06-01,6,2015,0,1,2015-16,0.7814047095321688,3.5234830367957137,0.0,565.2236301649316,281215.0,2.0,0.1965,0.2,882.1003750594634,679.4283796776953,0.0,1.1814874510706883,1695670.8904947948,,693.5188844289788,128.29525426404723,18.499172429843984,High
2015-06-02,6,2015,0,1,2015-16,0.9486212527455788,3.487374110980928,6.837649064933652,465.9250932267457,281215.0,2.0,0.1965,0.2,565.2236301649316,654.4539111582151,0.0,1.1814874510706883,1397775.2796802372,,693.5188844289788,227.59379120223315,32.817244967976116,High
2015-06-03,6,2015,0,1,2015-16,0.8070259980080767,0.1169891321382365,3.3556728831355502,731.4106378197727,281215.0,2.0,0.1965,0.2,465.9250932267457,631.8691382936561,0.0,1.1814874510706883,2194231.9134593178,,693.5188844289788,-37.89175339079384,-5.463694535440472,Low
2015-06-04,6,2015,0,1,2015-16,0.7842803529062142,3.3032670022590507,1.3671389281094155,399.714566041116,281215.0,2.0,0.1965,0.2,731.4106378197727,651.2626678805502,0.0,1.1814874510706883,1199143.6981233482,,693.5188844289788,293.80431838786285,42.364285239294084,High
2015-06-05,6,2015,0,1,2015-16,0.8628088249474746,0.5154794698937808,3.537968333840955,613.3279817705987,281215.0,2.0,0.1965,0.2,399.714566041116,614.6074465326639,0.0,1.1814874510706883,1839983.945311796,,693.5188844289788,80.19090265838008,11.56290109164175,Medium
2015-06-06,6,2015,1,1,2015-16,0.7422772674924287,1.3404754170365676,0.0,454.6963974236824,281215.0,2.0,0.1965,0.2,613.3279817705987,619.4369256571528,0.0,1.1814874510706883,1364089.192271047,,693.5188844289788,238.8224870052964,34.43633509733988,High
2015-06-07,6,2015,1,1,2015-16,0.940659094226212,2.974033025166431,12.227545410899513,545.4785271070119,281215.0,2.0,0.1965,0.2,454.6963974236824,587.4855259294729,0.0,1.1814874510706883,1636435.5813210355,,693.5188844289788,148.0403573219669,21.34626188930076,High
2015-06-08,6,2015,0,1,2015-16,0.7223651931039312,0.6430395841932328,5.856113590347798,574.3950990718313,281215.0,2.0,0.1965,0.2,545.4785271070119,539.3966905076942,0.0,1.1814874510706883,1723185.297215494,,693.5188844289788,119.12378535714754,17.176718331935582,High
2015-06-09,6,2015,0,1,2015-16,0.9960660809801553,3.2718680964762488,0.0,565.0217153255892,281215.0,2.0,0.1965,0.2,574.3950990718313,540.706900351537,0.0,1.1814874510706883,1695065.1459767676,,693.5188844289788,128.49716910338964,18.5282869707564,High
2015-06-10,6,2015,0,1,2015-16,0.9316734307889972,3.328536711830968,10.77536964378914,390.833584423435,281215.0,2.0,0.1965,0.2,565.0217153255892,554.8635606513718,0.0,1.1814874510706883,1172500.753270305,,693.5188844289788,302.6853000055438,43.64485334163109,High
2015-06-11,6,2015,0,1,2015-16,0.7596147044602517,2.029870935043345,2.148204939156709,484.28709611086526,281215.0,2.0,0.1965,0.2,390.833584423435,506.2096958804664,0.0,1.1814874510706883,1452861.2883325955,,693.5188844289788,209.23178831811356,30.169587738102948,High
2015-06-12,6,2015,0,1,2015-16,0.7016566351370807,0.0255434868673343,16.856852156807427,524.6760124671464,281215.0,2.0,0.1965,0.2,484.28709611086526,518.2914858904305,0.0,1.1814874510706883,1574028.0374014392,,693.5188844289788,168.84287196183243,24.345821830194605,High
2015-06-13,6,2015,1,1,2015-16,0.9446384285364502,1.1481525326996511,0.0,781.9726433210343,281215.0,2.0,0.1965,0.2,524.6760124671464,505.62691884708016,0.0,1.1814874510706883,2345917.929963103,,693.5188844289788,-88.45375889205548,-12.754340347182538,Low
2015-06-14,6,2015,1,1,2015-16,0.9120572031542852,2.467707673502969,0.0,605.4694695480717,281215.0,2.0,0.1965,0.2,781.9726433210343,552.3806682609876,0.0,1.1814874510706883,1816408.4086442152,,693.5188844289788,88.04941488090708,12.6960371026384,Medium
2015-06-15,6,2015,0,1,2015-16,0.9187021504122962,3.924744712109694,1.9824457740947088,495.62838011508046,281215.0,2.0,0.1965,0.2,605.4694695480717,560.9508028954248,0.0,1.1814874510706883,1486885.1403452414,,693.5188844289788,197.89050431389836,28.534263270543104,High
2015-06-16,6,2015,0,1,2015-16,0.9313811040057838,2.527254108066673,0.0,593.5184550422842,281215.0,2.0,0.1965,0.2,495.62838011508046,549.6984144730318,0.0,1.1814874510706883,1780555.3651268526,,693.5188844289788,100.00042938669458,14.419279940593357,Medium
2015-06-17,6,2015,0,1,2015-16,0.7222133955202271,1.0392143242566392,7.851015090018789,624.5925527137027,281215.0,2.0,0.1965,0.2,593.5184550422842,553.7693772897024,0.0,1.1814874510706883,1873777.658141108,,693.5188844289788,68.92633171527609,9.938638047618245,Medium
2015-06-18,6,2015,0,1,2015-16,0.8075397185632818,2.5360228123984454,0.0,475.6674850332687,281215.0,2.0,0.1965,0.2,624.5925527137027,587.1635156168835,0.0,1.1814874510706883,1427002.455099806,,693.5188844289788,217.85139939571013,31.412468252408438,High
2015-06-19,6,2015,0,1,2015-16,0.7347607178575388,2.159941518863422,0.0,469.7666874711439,281215.0,2.0,0.1965,0.2,475.6674850332687,585.9321426057984,0.0,1.1814874510706883,1409300.0624134317,,693.5188844289788,223.75219695783494,32.2633171181871,High
2015-06-20,6,2015,1,1,2015-16,0.958931027762678,3.1193815806045744,0.0,555.13846369191,281215.0,2.0,0.1965,0.2,469.7666874711439,578.0879533206551,0.0,1.1814874510706883,1665415.39107573,,693.5188844289788,138.3804207370688,19.953374571913322,High
2015-06-21,6,2015,1,1,2015-16,0.8869894380482674,0.4279225553078336,8.001816658239948,735.1661169294932,281215.0,2.0,0.1965,0.2,555.13846369191,545.6830705164946,0.0,1.1814874510706883,2205498.35078848,,693.5188844289788,-41.647232500514406,-6.005205256206599,Low
2015-06-22,6,2015,0,1,2015-16,0.7992694074557947,3.044111610008112,0.0,433.23279400753904,281215.0,2.0,0.1965,0.2,735.1661169294932,564.2111629995546,0.0,1.1814874510706883,1299698.3820226172,,693.5188844289788,260.2860904214398,37.53121887023321,High
2015-06-23,6,2015,0,1,2015-16,0.7190675050858071,2.165066314704441,0.0,504.7952870609139,281215.0,2.0,0.1965,0.2,433.23279400753904,555.2975078413345,0.0,1.1814874510706883,1514385.8611827416,,693.5188844289788,188.72359736806493,27.21246697174712,High
2015-06-24,6,2015,0,1,2015-16,0.7932946965146986,3.8519680154359786,4.546045117075097,414.4622942164626,281215.0,2.0,0.1965,0.2,504.7952870609139,542.6227695582817,0.0,1.1814874510706883,1243386.882649388,,693.5188844289788,279.0565902125162,40.23777815975155,High
2015-06-25,6,2015,0,1,2015-16,0.7975549966080241,1.3674886641547443,0.0,569.2786728753333,281215.0,2.0,0.1965,0.2,414.4622942164626,512.6041612015331,0.0,1.1814874510706883,1707836.018626,,693.5188844289788,124.24021155364551,17.91446698036794,High
2015-06-26,6,2015,0,1,2015-16,0.9188818535014192,2.5304875725357925,9.674641199023238,570.5461782399498,281215.0,2.0,0.1965,0.2,569.2786728753333,525.9771880361137,0.0,1.1814874510706883,1711638.5347198492,,693.5188844289788,122.97270618902905,17.731702618347708,High
2015-06-27,6,2015,1,1,2015-16,0.8912672414065639,3.72811242204007,0.0,437.6255664001026,281215.0,2.0,0.1965,0.2,570.5461782399498,540.3742581459431,0.0,1.1814874510706883,1312876.699200308,,693.5188844289788,255.8933180288762,36.89781544154641,High
2015-06-28,6,2015,1,1,2015-16,0.966163822772898,0.410038911962717,9.870216597678356,701.3774959023896,281215.0,2.0,0.1965,0.2,437.6255664001026,523.5867013899707,0.0,1.1814874510706883,2104132.487707169,,693.5188844289788,-7.858611473410747,-1.1331503221979708,Low
2015-06-29,6,2015,0,1,2015-16,0.8416644775485848,3.748913948945805,0.0,469.9144067981951,281215.0,2.0,0.1965,0.2,701.3774959023896,518.7597555289558,0.0,1.1814874510706883,1409743.2203945853,,693.5188844289788,223.60447763078372,32.24201714635247,High
2015-06-30,6,2015,0,1,2015-16,0.7358782737814905,2.7515428892032534,9.125224132714484,328.4427120418174,281215.0,2.0,0.1965,0.2,469.9144067981951,523.999985927621,0.0,1.1814874510706883,985328.1361254522,,693.5188844289788,365.0761723871614,52.641129258903085,High
2015-07-01,7,2015,0,1,2015-16,0.9139734361668984,0.2713482364206876,4.476515116593228,641.358105774987,281215.0,2.0,0.1965,0.2,328.4427120418174,498.8067609248929,0.0,1.1814874510706883,1924074.317324961,,693.5188844289788,52.16077865399177,7.521176398381607,Medium
2015-07-02,7,2015,0,1,2015-16,0.9282355145850693,1.203854267787265,3.775173450816366,729.2883714657374,281215.0,2.0,0.1965,0.2,641.358105774987,531.2204482903963,0.0,1.1814874510706883,2187865.1143972124,,693.5188844289788,-35.76948703675862,-5.157680322751423,Low
2015-07-03,7,2015,0,1,2015-16,0.8683831592708489,2.8326883545811263,4.886361647379632,580.3860111878091,281215.0,2.0,0.1965,0.2,729.2883714657374,554.0789766604541,0.0,1.1814874510706883,1741158.0335634274,,693.5188844289788,113.1328732411697,16.312875652163342,High
2015-07-04,7,2015,1,1,2015-16,0.9312901539863684,0.2694024058750868,3.3381406262361555,755.5643476344502,281215.0,2.0,0.1965,0.2,580.3860111878091,555.484667081577,0.0,1.1814874510706883,2266693.0429033507,,693.5188844289788,-62.04546320547138,-8.946470615080312,Low
2015-07-05,7,2015,1,1,2015-16,0.8481386789093173,2.328681840705093,14.645821146686906,456.2562616415275,281215.0,2.0,0.1965,0.2,755.5643476344502,600.9044929721979,0.0,1.1814874510706883,1368768.7849245826,,693.5188844289788,237.26262278745133,34.211414874853155,High
2015-07-06,7,2015,0,1,2015-16,0.8568198488145982,1.383532227811827,5.238968029583206,678.3131935973947,281215.0,2.0,0.1965,0.2,456.2562616415275,565.8871737920748,0.0,1.1814874510706883,2034939.580792184,660.4941756466465,693.5188844289788,15.205690831584093,2.192541713424858,Low
2015-07-07,7,2015,0,1,2015-16,0.8282623055075649,2.4836620710699084,7.685800934411567,443.5627469210359,281215.0,2.0,0.1965,0.2,678.3131935973947,595.6584290491033,0.0,1.1814874510706883,1330688.2407631075,658.1300731053914,691.036576760661,247.47382983962507,35.81197264545623,High
2015-07-08,7,2015,0,1,2015-16,0.7076257380232285,0.1829681352500514,12.193436650541551,470.2223922278708,281215.0,2.0,0.1965,0.2,443.5627469210359,612.1041483175632,0.0,1.1814874510706883,1410667.1766836124,656.6657561875023,689.4990439968775,219.27665176900672,31.802314111692915,High
2015-07-09,7,2015,0,1,2015-16,0.7323674280979913,3.486147224609505,0.0,460.2481430018658,281215.0,2.0,0.1965,0.2,470.2223922278708,587.6561892394037,0.0,1.1814874510706883,1380744.4290055975,650.31416066033,682.8298686933465,222.5817256914807,32.59695216868734,High
2015-07-10,7,2015,0,1,2015-16,0.7094287557060203,3.893955876709588,3.1935059241779635,365.1804055920511,281215.0,2.0,0.1965,0.2,460.2481430018658,549.221870887422,0.0,1.1814874510706883,1095541.2167761533,646.6169197126211,678.9477656982522,313.76736010620107,46.21377018355932,High
2015-07-11,7,2015,1,1,2015-16,0.8909231233791342,3.875511421142766,0.0,540.5647119932248,281215.0,2.0,0.1965,0.2,365.1804055920511,518.4782129451709,0.0,1.1814874510706883,1621694.1359796743,644.6629613533158,676.8961094209817,136.33139742775688,20.140667900185605,High
2015-07-12,7,2015,1,1,2015-16,0.794306794322898,2.998607326971699,0.0,372.4146924918308,281215.0,2.0,0.1965,0.2,540.5647119932248,487.7639792821387,0.0,1.1814874510706883,1117244.0774754924,639.3290114269238,671.29546199827,298.88076950643915,44.52298375692124,High
2015-07-13,7,2015,0,1,2015-16,0.8525712073494108,0.5203449605225279,0.0,635.8564084316838,281215.0,2.0,0.1965,0.2,372.4146924918308,475.7866122607534,0.0,1.1814874510706883,1907569.2252950517,637.5520647578743,669.429667995768,33.573259564084196,5.015203414064469,Medium
2015-07-14,7,2015,0,1,2015-16,0.972269942177828,3.0330527837160903,1.897746259947148,588.1892121426706,281215.0,2.0,0.1965,0.2,635.8564084316838,469.7213572370805,0.0,1.1814874510706883,1764567.6364280118,637.9927153228155,669.8923510889563,81.70313894628566,12.196457955292603,Medium
2015-07-15,7,2015,0,1,2015-16,0.7747876687446624,0.098347665835206,0.0,700.2747403272845,281215.0,2.0,0.1965,0.2,588.1892121426706,490.3822808401711,0.0,1.1814874510706883,2100824.220981853,637.5218664151487,669.3979597359062,-30.876780591378292,-4.612619465341654,Low
2015-07-16,7,2015,0,1,2015-16,0.8231148769106889,0.088494206115989,3.348531875499402,748.4569646132061,281215.0,2.0,0.1965,0.2,700.2747403272845,523.2469019972302,0.0,1.1814874510706883,2245370.893839618,637.9753900706121,669.8741595741427,-78.58280503906337,-11.730980202165226,Low
2015-07-17,7,2015,0,1,2015-16,0.9266653415629146,1.294440876598165,8.316921579256249,675.7060417307997,281215.0,2.0,0.1965,0.2,748.4569646132061,564.4195907988502,0.0,1.1814874510706883,2027118.1251923991,637.269814593497,669.1333053231718,-6.572736407627872,-0.9822760809153613,Low
2015-07-18,7,2015,1,1,2015-16,0.7686394496474867,1.954572761618663,7.907701318883458,511.1920798343805,281215.0,2.0,0.1965,0.2,675.7060417307997,608.7803959615286,0.0,1.1814874510706883,1533576.2395031415,634.8601821609633,666.6031912690115,155.41111143463104,23.31388650251961,High
2015-07-19,7,2015,1,1,2015-16,0.7230939729486379,3.081629671231173,0.0,420.0150285340562,281215.0,2.0,0.1965,0.2,511.1920798343805,604.5843056531223,0.0,1.1814874510706883,1260045.0856021687,632.3267131909823,663.9430488505315,243.92802031647523,36.73929876045572,High
2015-07-20,7,2015,0,1,2015-16,0.7869254358741303,2.7331815064260208,9.112707434106738,542.3676058540105,281215.0,2.0,0.1965,0.2,420.0150285340562,611.3843536591545,0.0,1.1814874510706883,1627102.8175620316,627.624634042839,659.0058657449811,116.63825989097052,17.6991231723128,High
2015-07-21,7,2015,0,1,2015-16,0.7483663861762013,1.7836108255069931,6.299500470376903,446.8249975152368,281215.0,2.0,0.1965,0.2,542.3676058540105,598.0288104337726,0.0,1.1814874510706883,1340474.9925457102,627.1989769687045,658.5589258171398,211.73392830190295,32.1510984061424,High
2015-07-22,7,2015,0,1,2015-16,0.978909295702772,1.0945066651266635,0.0,789.3550516993432,281215.0,2.0,0.1965,0.2,446.8249975152368,577.8339226298534,0.0,1.1814874510706883,2368065.15509803,627.3976821761595,658.7675662849675,-130.5874854143757,-19.822998595818326,Low
2015-07-23,7,2015,0,1,2015-16,0.9424361138693252,3.9884980006308446,0.0,445.3995195521752,281215.0,2.0,0.1965,0.2,789.3550516993432,590.5596813972904,0.0,1.1814874510706883,1336198.5586565256,622.706307344859,653.841622712102,208.44210315992677,31.879601407955565,High
2015-07-24,7,2015,0,1,2015-16,0.8900211269531271,1.7047252089438918,0.3468669281030762,679.3530351168273,281215.0,2.0,0.1965,0.2,445.3995195521752,547.2657606742861,0.0,1.1814874510706883,2038059.1053504816,623.5043953539264,654.6796151216228,-24.67341999520454,-3.7687777999045915,Low
2015-07-25,7,2015,1,1,2015-16,0.9614381770563152,1.805548097318702,6.14508321370354,603.9989175266765,281215.0,2.0,0.1965,0.2,679.3530351168273,547.7867597294328,0.0,1.1814874510706883,1811996.7525800292,624.0944731594784,655.2991968174524,51.30027929077596,7.82852772289705,Medium
2015-07-26,7,2015,1,1,2015-16,0.9411016230697344,0.6544952847666767,0.0,817.4848602184514,281215.0,2.0,0.1965,0.2,603.9989175266765,561.0448793997608,0.0,1.1814874510706883,2452454.5806553545,627.3242073371753,658.6904177040341,-158.79444251441737,-24.10759869073542,Low
2015-07-27,7,2015,0,1,2015-16,0.7559710176658108,3.179238194999717,13.318784830787871,387.6186016041618,281215.0,2.0,0.1965,0.2,817.4848602184514,617.826283926103,0.0,1.1814874510706883,1162855.8048124856,623.4944927166838,654.669217352518,267.05061574835617,40.79168665181918,High
2015-07-28,7,2015,0,1,2015-16,0.9677676995469932,2.7747289031259545,15.681992914102544,626.9633893220564,281215.0,2.0,0.1965,0.2,387.6186016041618,595.7192833189818,0.0,1.1814874510706883,1880890.1679661693,622.7973592882113,653.9372272526218,26.973837930565423,4.124835963826416,Low
2015-07-29,7,2015,0,1,2015-16,0.8618026725746952,0.8830784511550416,7.311218925653006,637.4928591237973,281215.0,2.0,0.1965,0.2,626.9633893220564,621.4533392913846,0.0,1.1814874510706883,1912478.577371392,623.0245550854748,654.1757828397486,16.682923715951347,2.550220315941917,Low
2015-07-30,7,2015,0,1,2015-16,0.9422320465492188,0.3295241824633708,0.0,827.7966319520132,281215.0,2.0,0.1965,0.2,637.4928591237973,599.7587403520209,0.0,1.1814874510706883,2483389.89585604,621.8016173864455,652.8916982557678,-174.9049336962454,-26.789272120247894,Low
2015-07-31,7,2015,0,1,2015-16,0.968827389977048,2.7219972082988524,0.0,579.2297942844007,281215.0,2.0,0.1965,0.2,827.7966319520132,654.3868992662834,0.0,1.1814874510706883,1737689.382853202,619.5435049014578,650.5206801465307,71.29088586213004,10.95904988694159,Medium
2015-08-01,8,2015,1,1,2015-16,0.7954010424915592,2.618044857124541,0.0,502.3360338225639,281215.0,2.0,0.1965,0.2,579.2297942844007,640.0835791473653,0.0,1.1814874510706883,1507008.1014676916,616.8008995891641,647.6409445686223,145.30491074605845,22.436029093689015,High
2015-08-02,8,2015,1,1,2015-16,0.733015577358303,1.0930381079928373,0.0,582.1440490727817,281215.0,2.0,0.1965,0.2,502.3360338225639,625.5603100467779,0.0,1.1814874510706883,1746432.1472183452,611.9197798979507,642.5157688928482,60.37171982006646,9.396146015855154,Medium
2015-08-03,8,2015,0,1,2015-16,0.7683805487625824,3.8034542490016414,7.929456355980734,291.8482962462489,281215.0,2.0,0.1965,0.2,582.1440490727817,591.940194168825,0.0,1.1814874510706883,875544.8887387466,607.1106013367216,637.4661314035577,345.61783515730883,54.21744279909204,High
2015-08-04,8,2015,0,1,2015-16,0.8281323365878769,0.6042315671236009,10.635110720314048,549.4732846122289,281215.0,2.0,0.1965,0.2,291.8482962462489,578.2587219748375,0.0,1.1814874510706883,1648419.8538366866,603.7016503426473,633.8867328597797,84.41344824755083,13.316803124545547,Medium
2015-08-05,8,2015,0,1,2015-16,0.945404429776748,1.7293392041704077,15.386931343556729,638.2078546897076,281215.0,2.0,0.1965,0.2,549.4732846122289,567.1887070162907,0.0,1.1814874510706883,1914623.5640691228,601.0253093264496,631.0765747927721,-7.131279896935439,-1.1300181597260446,Low
2015-08-06,8,2015,0,1,2015-16,0.958219174976903,3.774463680670396,6.834062396695927,480.639751367242,281215.0,2.0,0.1965,0.2,638.2078546897076,567.2908492399921,0.0,1.1814874510706883,1441919.2541017258,598.6152007646841,628.5459608029183,147.90620943567632,23.531486742312,High
2015-08-07,8,2015,0,1,2015-16,0.7020856391593572,1.6789092677044892,10.53192486979539,424.5562466130977,281215.0,2.0,0.1965,0.2,480.639751367242,517.6970091564534,0.0,1.1814874510706883,1273668.739839293,595.7763861589074,625.5652054668527,201.00895885375502,32.13237518601185,High
2015-08-08,8,2015,1,1,2015-16,0.8532241907732697,2.554103790656342,0.0,519.9713979766726,281215.0,2.0,0.1965,0.2,424.5562466130977,495.6007880605529,0.0,1.1814874510706883,1559914.1939300178,590.5829867327911,620.1121360694307,100.14073809275806,16.14881120171237,High
2015-08-09,8,2015,1,1,2015-16,0.8252233009446337,1.590377591851177,0.0,573.8971212002809,281215.0,2.0,0.1965,0.2,519.9713979766726,498.12012579685415,0.0,1.1814874510706883,1721691.363600843,591.1693003916292,620.7277654112107,46.83064421092979,7.544473893463764,Medium
2015-08-10,8,2015,0,1,2015-16,0.7666323431412191,1.09686080939468,0.0,608.69104359604,281215.0,2.0,0.1965,0.2,573.8971212002809,496.9419932436398,0.0,1.1814874510706883,1826073.13078812,588.5694972005276,617.997972060554,9.306928464514044,1.505980421502437,Low
2015-08-11,8,2015,0,1,2015-16,0.7359596102001048,3.935910591839313,4.31259270739996,394.6920774441458,281215.0,2.0,0.1965,0.2,608.69104359604,542.2052428650385,0.0,1.1814874510706883,1184076.2323324375,585.2845546854721,614.5487824197457,219.85670497559994,35.77530560062759,High
2015-08-12,8,2015,0,1,2015-16,0.8012845514210883,1.637336025260172,0.0,475.67117293190535,281215.0,2.0,0.1965,0.2,394.6920774441458,520.0936418410266,0.0,1.1814874510706883,1427013.518795716,581.1891090700883,610.2485645235928,134.57739159168744,22.052881303661724,High
2015-08-13,8,2015,0,1,2015-16,0.9828729111737556,3.5763968147165377,0.0,635.4807678918764,281215.0,2.0,0.1965,0.2,475.67117293190535,496.8741158756264,0.0,1.1814874510706883,1906442.3036756292,581.5621391876482,610.6402461470307,-24.840521744845773,-4.067947027989479,Low
2015-08-14,8,2015,0,1,2015-16,0.7969608796062265,0.9198184235643448,2.1939064617158675,700.8679841456501,281215.0,2.0,0.1965,0.2,635.4807678918764,518.9942610934312,0.0,1.1814874510706883,2102603.9524369505,580.6942672507502,609.7289806132877,-91.13900353236238,-14.947461319731175,Low
2015-08-15,8,2015,1,1,2015-16,0.8556371865230098,0.8524188161003332,0.0,561.8687407557126,281215.0,2.0,0.1965,0.2,700.8679841456501,558.4673664552245,0.0,1.1814874510706883,1685606.2222671376,579.6970595694401,608.6819125479121,46.81317179219957,7.690908966925264,Medium
2015-08-16,8,2015,1,1,2015-16,0.9109056876685532,0.1245363315380454,4.702640634169086,828.0933903656348,281215.0,2.0,0.1965,0.2,561.8687407557126,564.4527011379445,0.0,1.1814874510706883,2484280.1710969047,579.880418287177,608.8744392015359,-219.21895116409894,-36.00396683618016,Low
2015-08-17,8,2015,0,1,2015-16,0.8090888807137881,2.60666730150354,17.759617432110673,488.1096159596452,281215.0,2.0,0.1965,0.2,828.0933903656348,600.7664538758521,0.0,1.1814874510706883,1464328.8478789355,575.3928063344588,604.1624466511818,116.05283069153654,19.208878561520493,High
2015-08-18,8,2015,0,1,2015-16,0.9915346248162882,1.4741053748950446,10.680922336185278,687.0925638613076,281215.0,2.0,0.1965,0.2,488.1096159596452,583.5405356420815,0.0,1.1814874510706883,2061277.6915839224,576.9059996449918,605.7512996272413,-81.34126423406622,-13.4281617363629,Low
2015-08-19,8,2015,0,1,2015-16,0.9887341884826334,3.457432999358548,2.403430543958629,485.8881958579356,281215.0,2.0,0.1965,0.2,687.0925638613076,625.312033701676,0.0,1.1814874510706883,1457664.5875738068,572.9518842640193,601.5994784772204,115.71128261928476,19.233939981493215,High
2015-08-20,8,2015,0,1,2015-16,0.7755346887476092,1.8928396267662289,11.028735458455104,550.1182607813261,281215.0,2.0,0.1965,0.2,485.8881958579356,626.7716084053945,0.0,1.1814874510706883,1650354.782343978,570.7290864100423,599.2655407305444,49.14727994921839,8.201252468030216,Medium
2015-08-21,8,2015,0,1,2015-16,0.8491745517677156,3.872773711658887,0.0,445.9094788375982,281215.0,2.0,0.1965,0.2,550.1182607813261,614.5769645324589,0.0,1.1814874510706883,1337728.4365127946,568.096978310267,596.5018272257804,150.5923483881822,25.24591568957288,High
2015-08-22,8,2015,1,1,2015-16,0.7902634929450308,0.7421020628124846,0.0,676.1578830467201,281215.0,2.0,0.1965,0.2,445.9094788375982,578.1543209170228,0.0,1.1814874510706883,2028473.6491401603,567.7359443788291,596.1227415977706,-80.0351414489495,-13.425950037476111,Low
2015-08-23,8,2015,1,1,2015-16,0.7854521483132403,3.474492671822443,0.0,575.2410294431726,281215.0,2.0,0.1965,0.2,676.1578830467201,594.4813412443098,0.0,1.1814874510706883,1725723.0883295175,565.9047901526278,594.2000296602592,18.95900021708667,3.1906764171531083,Low
2015-08-24,8,2015,0,1,2015-16,0.7110660842063597,3.106387411166967,0.0,446.6079194475982,281215.0,2.0,0.1965,0.2,575.2410294431726,558.3595753982437,0.0,1.1814874510706883,1339823.7583427946,563.9335614433938,592.1302395155635,145.52232006796532,24.57606626998492,High
2015-08-25,8,2015,0,1,2015-16,0.882869300193969,3.083687378576208,2.5844161296330688,473.9238105987269,281215.0,2.0,0.1965,0.2,446.6079194475982,552.4307616108083,0.0,1.1814874510706883,1421771.4317961808,562.5809823310295,590.7100314475811,116.78622084885416,19.770482069292168,High
2015-08-26,8,2015,0,1,2015-16,0.8508037069686585,3.3791329124675507,0.0,478.6315554908634,281215.0,2.0,0.1965,0.2,473.9238105987269,521.9780825732968,0.0,1.1814874510706883,1435894.6664725903,560.6068761089689,588.6372199144174,110.00566442355404,18.688193797794145,High
2015-08-27,8,2015,0,1,2015-16,0.7154436253749967,3.0440959637719955,9.02287854661666,345.6309621719073,281215.0,2.0,0.1965,0.2,478.6315554908634,520.9414196637151,0.0,1.1814874510706883,1036892.886515722,558.0080909342215,585.9084954809326,240.27753330902533,41.00939569271782,High
2015-08-28,8,2015,0,1,2015-16,0.7835939392709834,2.5048812865256616,3.083489683553759,525.3306726056259,281215.0,2.0,0.1965,0.2,345.6309621719073,491.72894843379805,0.0,1.1814874510706883,1575992.0178168777,556.3078073463124,584.1231977136281,58.79252510800222,10.065089922490257,Medium
2015-08-29,8,2015,1,1,2015-16,0.9724797657899962,0.5249795107295503,2.2725002853406004,756.1238509301725,281215.0,2.0,0.1965,0.2,525.3306726056259,503.074833257802,0.0,1.1814874510706883,2268371.552790517,554.9080681893203,582.6534715987863,-173.4703793313862,-29.772478460548413,Low
2015-08-30,8,2015,1,1,2015-16,0.7718685672000917,0.1301047179650076,19.731315635125338,537.0598111416439,281215.0,2.0,0.1965,0.2,756.1238509301725,514.4985429554381,0.0,1.1814874510706883,1611179.4334249315,554.5951368668393,582.3248937101813,45.26508256853742,7.773166329905434,Medium
2015-08-31,8,2015,0,1,2015-16,0.7434684616273669,3.6833913912627474,5.235759948350237,314.4489916619588,281215.0,2.0,0.1965,0.2,537.0598111416439,509.0440831980768,0.0,1.1814874510706883,943346.9749858762,552.912069071675,580.5576725252588,266.1086808633,45.836734825293725,High
2015-09-01,9,2015,0,1,2015-16,0.8468358280832688,2.466601258082952,10.545918216915162,497.4234468682285,281215.0,2.0,0.1965,0.2,314.4489916619588,490.16423637155697,0.0,1.1814874510706883,1492270.3406046852,550.3122113944356,577.8278219641575,80.40437509592897,13.914936602155587,Medium
2015-09-02,9,2015,0,1,2015-16,0.9956951362331804,3.1861491639047053,7.050086920155176,569.6116944568054,281215.0,2.0,0.1965,0.2,497.4234468682285,493.5213272672,0.0,1.1814874510706883,1708835.0833704162,552.1999572657211,579.8099551290071,10.19826067220174,1.7588971320667717,Low
2015-09-03,9,2015,0,1,2015-16,0.7726165814534501,1.9260894060502003,0.0,402.0137593964675,281215.0,2.0,0.1965,0.2,569.6116944568054,506.5184899766203,0.0,1.1814874510706883,1206041.2781894023,549.852021461564,577.3446225346423,175.33086313817483,30.368493321794904,High
2015-09-04,9,2015,0,1,2015-16,0.9016406642217636,0.4692327558495779,2.782091464546695,757.4768595123958,281215.0,2.0,0.1965,0.2,402.0137593964675,514.5731752944146,0.0,1.1814874510706883,2272430.5785371875,553.2162488181053,580.8770612590106,-176.5997982533852,-30.402267541881827,Low
2015-09-05,9,2015,1,1,2015-16,0.9284858845986153,0.5007431688102018,5.691629826861237,744.4775655657157,281215.0,2.0,0.1965,0.2,757.4768595123958,547.7369162810961,0.0,1.1814874510706883,2233432.696697147,555.4273492454242,583.1987167076954,-161.2788488580203,-27.654184455082525,Low
2015-09-06,9,2015,1,1,2015-16,0.7712912631977199,2.742261148915885,2.8049414172868703,436.2379969559406,281215.0,2.0,0.1965,0.2,744.4775655657157,546.0731612290308,0.0,1.1814874510706883,1308713.990867822,553.8922703330255,581.5868838496768,145.34888689373622,24.99177524975007,High
2015-09-07,9,2015,0,1,2015-16,0.918464904583558,1.7212235795978508,0.0,783.4447760919096,281215.0,2.0,0.1965,0.2,436.2379969559406,531.6700449167874,0.0,1.1814874510706883,2350334.328275729,556.319193230429,584.1351528919505,-199.3096231999591,-34.12046376822422,Low
2015-09-08,9,2015,0,1,2015-16,0.810334939815776,0.8020989068013469,29.20145029193201,549.312450308733,281215.0,2.0,0.1965,0.2,783.4447760919096,598.6694426924947,0.0,1.1814874510706883,1647937.350926199,558.0800695180435,585.9840729939457,36.6716226852127,6.25812618043487,Medium
2015-09-09,9,2015,0,1,2015-16,0.8896917491780738,1.9663781869657475,11.88085132914543,504.44091241747407,281215.0,2.0,0.1965,0.2,549.312450308733,606.0821574697096,0.0,1.1814874510706883,1513322.737252422,558.3040008103391,586.219200850856,81.77828843338199,13.950121100551899,Medium
2015-09-10,9,2015,0,1,2015-16,0.8900589132282684,0.2568357483005363,6.950837007980422,773.3750237693716,281215.0,2.0,0.1965,0.2,504.44091241747407,596.7720457498052,0.0,1.1814874510706883,2320125.071308115,561.0673231581416,589.1206893160487,-184.25433445332294,-31.27616086055926,Low
2015-09-11,9,2015,0,1,2015-16,0.8607324052224276,2.327885607657595,10.154568334200915,595.5612747549528,281215.0,2.0,0.1965,0.2,773.3750237693716,649.8236549459343,0.0,1.1814874510706883,1786683.8242648584,558.9960857296296,586.9458900161111,-8.615384738841726,-1.4678328761455748,Low
2015-09-12,9,2015,1,1,2015-16,0.7270869310163225,1.075973617740391,11.358951235370307,517.1617901187175,281215.0,2.0,0.1965,0.2,595.5612747549528,626.6928571234424,0.0,1.1814874510706883,1551485.3703561523,558.0148892915256,585.9156337561019,68.75384363738442,11.734427224040324,Medium
2015-09-13,9,2015,1,1,2015-16,0.9505907486767714,3.1902364025487526,11.379791754160536,528.3990256157772,281215.0,2.0,0.1965,0.2,517.1617901187175,594.2191749167284,0.0,1.1814874510706883,1585197.0768473316,558.3790075748667,586.2979579536101,57.89893233783289,9.875342656815812,Medium
2015-09-14,9,2015,0,1,2015-16,0.7962340194915207,1.241447835694295,11.046080576801822,573.1506740513198,281215.0,2.0,0.1965,0.2,528.3990256157772,607.385036153848,0.0,1.1814874510706883,1719452.0221539594,558.1526988971892,586.0603338420487,12.909659790728938,2.202786819933162,Low
2015-09-15,9,2015,0,1,2015-16,0.7559555531199562,1.8208805963272048,10.465735373437338,372.3860526407342,281215.0,2.0,0.1965,0.2,573.1506740513198,577.3430215766209,0.0,1.1814874510706883,1117158.1579222025,555.3504044519341,583.1179246745309,210.73187203379666,36.13880882694823,High
2015-09-16,9,2015,0,1,2015-16,0.7122325424664291,0.0464821596324025,7.384537385736694,574.5294654371063,281215.0,2.0,0.1965,0.2,372.3860526407342,552.0678219097639,0.0,1.1814874510706883,1723588.396311319,556.4488709008657,584.271314445909,9.74184900880266,1.6673502134947868,Low
2015-09-17,9,2015,0,1,2015-16,0.8772678829564725,0.2897875511782355,0.0,738.6762306576443,281215.0,2.0,0.1965,0.2,574.5294654371063,562.08047234114,0.0,1.1814874510706883,2216028.691972933,559.436754714049,587.4085924497515,-151.2676382078928,-25.7516897355962,Low
2015-09-18,9,2015,0,1,2015-16,0.9032693085526848,1.5699742256267393,18.743204190473328,647.5334181899151,281215.0,2.0,0.1965,0.2,738.6762306576443,557.1235018966074,0.0,1.1814874510706883,1942600.2545697452,560.4633653195823,588.4865335855615,-59.046884604353636,-10.033684924715217,Low
2015-09-19,9,2015,1,1,2015-16,0.7049763486783568,1.919755338868494,7.74071108460327,478.43073987160255,281215.0,2.0,0.1965,0.2,647.5334181899151,564.5480938158878,0.0,1.1814874510706883,1435292.2196148075,557.6107500189391,585.4912875198861,107.06054764828355,18.285591934559275,High
2015-09-20,9,2015,1,1,2015-16,0.8536279174897843,2.400082192477215,7.10409296158383,516.8404296239048,281215.0,2.0,0.1965,0.2,478.43073987160255,559.0150866377285,0.0,1.1814874510706883,1550521.2888717144,558.5397237480099,586.4667099354104,69.62628031150564,11.87216241467036,Medium
2015-09-21,9,2015,0,1,2015-16,0.7679487325593813,1.166650314837213,0.0,593.7770299682157,281215.0,2.0,0.1965,0.2,516.8404296239048,557.3638586388896,0.0,1.1814874510706883,1781331.089904647,559.5284097803132,587.5048302693289,-6.27219969888688,-1.0675996818633007,Low
2015-09-22,9,2015,0,1,2015-16,0.8935518371228349,2.77992754450617,7.790166616591171,582.9817008779204,281215.0,2.0,0.1965,0.2,593.7770299682157,560.3104809127319,0.0,1.1814874510706883,1748945.1026337612,561.4008476321072,589.4708900137126,6.4891891357922304,1.1008498037352235,Low
2015-09-23,9,2015,0,1,2015-16,0.7523099287014974,3.4404895887568183,8.2051585146271,379.9481468090149,281215.0,2.0,0.1965,0.2,582.9817008779204,590.3955735180442,0.0,1.1814874510706883,1139844.4404270449,559.2971751202592,587.2620338762722,207.31388706725733,35.301769075529144,High
2015-09-24,9,2015,0,1,2015-16,0.9072813214307398,3.1194039555733992,0.0,512.3752688724124,281215.0,2.0,0.1965,0.2,379.9481468090149,562.5982422854597,0.0,1.1814874510706883,1537125.8066172374,558.6508316828422,586.5833732669843,74.20810439457182,12.650904846018522,Medium
2015-09-25,9,2015,0,1,2015-16,0.8160206038901612,0.1584753013934285,1.3792244586604352,685.9696824043012,281215.0,2.0,0.1965,0.2,512.3752688724124,530.269533458998,0.0,1.1814874510706883,2057909.047212904,561.4102107495554,589.4807212870332,-96.48896111726799,-16.36846764158807,Low
2015-09-26,9,2015,1,1,2015-16,0.9810189966210204,1.922027789031316,3.318230399275219,733.1859907590787,281215.0,2.0,0.1965,0.2,685.9696824043012,535.7604283467674,0.0,1.1814874510706883,2199557.972277236,561.7636384701854,589.8518203936947,-143.334170365384,-24.300030178717783,Low
2015-09-27,9,2015,1,1,2015-16,0.7412562832437979,0.4197207136726995,6.299335000637927,619.4199709637006,281215.0,2.0,0.1965,0.2,733.1859907590787,572.1540356164069,0.0,1.1814874510706883,1858259.9128911016,563.4248114053576,591.5960519756254,-27.823918988075206,-4.703195515784407,Low
2015-09-28,9,2015,0,1,2015-16,0.8023199053150776,0.96818006345011,0.0,642.069880128987,281215.0,2.0,0.1965,0.2,619.4199709637006,586.8082558078062,0.0,1.1814874510706883,1926209.6403869607,566.9095577174373,595.2550356033092,-46.81484452567781,-7.864670053270449,Low
2015-09-29,9,2015,0,1,2015-16,0.7340420563721767,3.946650373068586,1.3036439587703967,395.59327928271057,281215.0,2.0,0.1965,0.2,642.069880128987,593.7072344022023,0.0,1.1814874510706883,1186779.8378481318,564.1788374230787,592.3877792942326,196.79450001152202,33.22055364578619,High
2015-09-30,9,2015,0,1,2015-16,0.9774080854835688,0.5699821716060529,0.0,782.57487823003,281215.0,2.0,0.1965,0.2,395.59327928271057,566.9374598886009,0.0,1.1814874510706883,2347724.63469009,564.7709097204596,593.0094552064826,-189.5654230235474,-31.96667799462688,Low
2015-10-01,10,2015,0,0,2015-16,0.9632018060142944,1.9955526138054245,0.0,842.7327496321896,281215.0,2.0,0.1965,0.2,782.57487823003,624.4555643773173,0.0,1.1814874510706883,2528198.2488965685,567.6858734809529,596.0701671550005,-246.66258247718906,-41.38146749643445,Low
2015-10-02,10,2015,0,0,2015-16,0.7773824883145466,2.4726229372724764,0.0,611.0509197781863,281215.0,2.0,0.1965,0.2,842.7327496321896,671.6494902001425,0.0,1.1814874510706883,1833152.7593345589,566.0801687269943,594.384177163344,-16.666742614842292,-2.8040353790006876,Low
2015-10-03,10,2015,1,0,2015-16,0.8979952138102537,2.809859882176416,0.0,698.4271021419661,281215.0,2.0,0.1965,0.2,611.0509197781863,660.9468098249832,0.0,1.1814874510706883,2095281.3064258983,568.7709558436659,597.2095036358492,-101.21759850611693,-16.948423943339446,Low
2015-10-04,10,2015,1,0,2015-16,0.9451666600603648,2.2385947339476564,0.0,886.5675967159681,281215.0,2.0,0.1965,0.2,698.4271021419661,655.9812543082529,0.0,1.1814874510706883,2659702.7901479043,571.0848936560944,599.6391383388992,-286.92845837706886,-47.850188560391295,Low
2015-10-05,10,2015,0,0,2015-16,0.8665602434798387,0.0390833896767346,0.0,895.8537783779906,281215.0,2.0,0.1965,0.2,886.5675967159681,694.1452008442911,0.0,1.1814874510706883,2687561.335133972,576.1103495611717,604.9158670392303,-290.9379113387603,-48.09559927114496,Low
2015-10-06,10,2015,0,0,2015-16,0.8588951735068019,1.3058452329759676,0.0,788.5003380217389,281215.0,2.0,0.1965,0.2,895.8537783779906,730.4000434512916,0.0,1.1814874510706883,2365501.0140652168,579.6467711811036,608.6291097401588,-179.8712282815801,-29.55350399825146,Low
2015-10-07,10,2015,0,0,2015-16,0.7725556872701355,2.0708465735388457,0.0,608.678026260517,281215.0,2.0,0.1965,0.2,788.5003380217389,786.5296232711528,0.0,1.1814874510706883,1826034.078781551,581.2959921061997,610.3607917115097,1.682765450992747,0.27570012259046206,Low
2015-10-08,10,2015,0,0,2015-16,0.7279308303417698,0.3514659965793334,0.0,696.0680488252907,281215.0,2.0,0.1965,0.2,608.678026260517,761.6872158469367,0.0,1.1814874510706883,2088204.146475872,584.9725214754579,614.2211475492309,-81.84690127605984,-13.325314766942256,Low
2015-10-09,10,2015,0,0,2015-16,0.969164727385998,1.402507724836723,0.0,912.0379834098524,281215.0,2.0,0.1965,0.2,696.0680488252907,740.7351157316654,0.0,1.1814874510706883,2736113.950229557,589.100002268976,618.5550023824248,-293.4829810274275,-47.44654556135659,Low
2015-10-10,10,2015,1,0,2015-16,0.9701254171489992,0.1328124351654662,0.0,1025.4593020278276,281215.0,2.0,0.1965,0.2,912.0379834098524,783.7332676790462,0.0,1.1814874510706883,3076377.906083483,596.3560534860426,626.1738561603447,-399.28544586748285,-63.765908132267604,Low
2015-10-11,10,2015,1,0,2015-16,0.8899304371819804,0.314313988620083,0.0,1051.6754272425912,281215.0,2.0,0.1965,0.2,1025.4593020278276,830.4521533770265,0.0,1.1814874510706883,3155026.2817277736,600.976264806164,631.0250780464722,-420.650349196119,-66.66143134887263,Low
2015-10-12,10,2015,0,0,2015-16,0.8017089373146101,1.5876931048063845,0.0,730.9142700722667,281215.0,2.0,0.1965,0.2,1051.6754272425912,854.0389863094013,0.0,1.1814874510706883,2192742.8102168003,602.5620987831594,632.6902037223174,-98.22406634994934,-15.524828070999988,Low
2015-10-13,10,2015,0,0,2015-16,0.8047628723837983,0.5308630161722414,0.0,914.9280787841774,281215.0,2.0,0.1965,0.2,730.9142700722667,830.4761994085836,0.0,1.1814874510706883,2744784.236352532,604.9471358771249,635.1944926709812,-279.7335861131962,-44.03904462976712,Low
2015-10-14,10,2015,0,0,2015-16,0.9177867036610718,2.2701633930462326,0.0,838.9049375907066,281215.0,2.0,0.1965,0.2,914.9280787841774,848.537305231789,0.0,1.1814874510706883,2516714.81277212,605.9521133546526,636.2497190223853,-202.6552185683213,-31.851521896104952,Low
2015-10-15,10,2015,0,0,2015-16,0.9691330779857732,2.757859876549063,0.0,765.3768979526882,281215.0,2.0,0.1965,0.2,838.9049375907066,881.4268639932445,0.0,1.1814874510706883,2296130.6938580647,606.9484562015625,637.2958790116406,-128.08101894104755,-20.09757526436289,Low
2015-10-16,10,2015,0,0,2015-16,0.9661259272795352,3.2023467964363315,0.0,843.788065473563,281215.0,2.0,0.1965,0.2,765.3768979526882,891.3281281543015,0.0,1.1814874510706883,2531364.196420689,610.643967153109,641.1761655107645,-202.6118999627986,-31.60003613069379,Low
2015-10-17,10,2015,1,0,2015-16,0.9339626637572872,0.8006009769792404,0.0,965.965662692385,281215.0,2.0,0.1965,0.2,843.788065473563,881.5781398776887,0.0,1.1814874510706883,2897896.988077155,616.7100853104238,647.545589575945,-318.42007311644,-49.1733830393258,Low
2015-10-18,10,2015,1,0,2015-16,0.8926094938462863,0.669930329036279,0.0,1005.6453675600776,281215.0,2.0,0.1965,0.2,965.965662692385,873.079048544054,0.0,1.1814874510706883,3016936.102680233,621.8576159960467,652.9504967958491,-352.69487076422854,-54.01556052027966,Low
2015-10-19,10,2015,0,0,2015-16,0.7252419894985146,0.418271361337601,0.0,846.5459414716229,281215.0,2.0,0.1965,0.2,1005.6453675600776,866.5033257322664,0.0,1.1814874510706883,2539637.824414869,626.2989598177843,657.6139078086735,-188.93203366294938,-28.72993277963296,Low
2015-10-20,10,2015,0,0,2015-16,0.7484886142283841,2.545720998174547,0.0,640.5815110877768,281215.0,2.0,0.1965,0.2,846.5459414716229,883.0221359321743,0.0,1.1814874510706883,1921744.5332633303,624.6459204776557,655.8782165015385,15.296705413761742,2.3322478211510873,Low
2015-10-21,10,2015,0,0,2015-16,0.9695662565581238,2.8259029059476046,0.0,811.5607790817566,281215.0,2.0,0.1965,0.2,640.5815110877768,843.8297691184029,0.0,1.1814874510706883,2434682.3372452697,628.7143789168733,660.1500978627171,-151.41068121903947,-22.93579622410757,Low
2015-10-22,10,2015,0,0,2015-16,0.881928717897877,0.1263445793025681,0.0,998.4813005112426,281215.0,2.0,0.1965,0.2,811.5607790817566,839.9234607599816,0.0,1.1814874510706883,2995443.9015337275,632.260248532367,663.8732609589854,-334.6080395522572,-50.402397449914695,Low
2015-10-23,10,2015,0,0,2015-16,0.7027591154849888,3.7448489849747593,0.0,423.2783379760659,281215.0,2.0,0.1965,0.2,998.4813005112426,873.2240896969178,0.0,1.1814874510706883,1269835.0139281978,630.2522420929156,661.7648541975614,238.48651622149544,36.0379543743945,High
2015-10-24,10,2015,1,0,2015-16,0.7304414628598096,0.2078851346058896,0.0,794.9432900430028,281215.0,2.0,0.1965,0.2,423.2783379760659,813.1512714829896,0.0,1.1814874510706883,2384829.8701290083,630.0017802020774,661.5018692121813,-133.44142083082147,-20.172493388377593,Low
2015-10-25,10,2015,1,0,2015-16,0.8990505307324167,2.165185341204282,0.0,839.2008763984531,281215.0,2.0,0.1965,0.2,794.9432900430028,788.7195039616493,0.0,1.1814874510706883,2517602.6291953595,635.0193610331249,666.7703290847812,-172.43054731367192,-25.86056094462881,Low
2015-10-26,10,2015,0,0,2015-16,0.7015184751538656,2.8362420778036657,0.0,640.7846124891353,281215.0,2.0,0.1965,0.2,839.2008763984531,764.9417195099886,0.0,1.1814874510706883,1922353.8374674057,635.1729301794259,666.9315766883972,26.1469641992619,3.9204867655379063,Low
2015-10-27,10,2015,0,0,2015-16,0.7482424154252496,3.4838764949843424,0.0,499.8353366181752,281215.0,2.0,0.1965,0.2,640.7846124891353,735.547243941062,0.0,1.1814874510706883,1499506.0098545258,633.6434021515856,665.3255722591649,165.49023564098974,24.873572058722278,High
2015-10-28,10,2015,0,0,2015-16,0.8646201368099758,2.856347728529711,0.0,712.9992839578154,281215.0,2.0,0.1965,0.2,499.8353366181752,715.4406475882616,0.0,1.1814874510706883,2138997.8518734463,632.3678760627612,663.9862698658993,-49.013014091916034,-7.381630662606149,Low
2015-10-29,10,2015,0,0,2015-16,0.907568559307808,3.2069123322791677,0.0,690.8228514230075,281215.0,2.0,0.1965,0.2,712.9992839578154,701.3604339991273,0.0,1.1814874510706883,2072468.5542690223,633.6077989198568,665.2881888658496,-25.534662557157844,-3.838135560573843,Low
2015-10-30,10,2015,0,0,2015-16,0.8955883778507802,1.3578007701712242,0.0,850.2593794801039,281215.0,2.0,0.1965,0.2,690.8228514230075,657.4092269865222,0.0,1.1814874510706883,2550778.138440312,637.4736138716073,669.3472945651877,-180.91208491491625,-27.02813418143983,Low
2015-10-31,10,2015,1,0,2015-16,0.7672807928381679,3.259300454986049,0.0,592.2336092343049,281215.0,2.0,0.1965,0.2,850.2593794801039,718.4065186299562,0.0,1.1814874510706883,1776700.8277029148,637.5857200956242,669.4650061004054,77.23139686610045,11.53628586443507,Medium
2015-11-01,11,2015,1,0,2015-16,0.9136537664042608,0.3204593855387005,0.0,991.0481160641966,281215.0,2.0,0.1965,0.2,592.2336092343049,689.4479928001422,0.0,1.1814874510706883,2973144.34819259,645.3546069824903,677.6223373316149,-313.42577873258176,-46.25375544242093,Low
2015-11-02,11,2015,0,0,2015-16,0.77117472624904,3.5792666242421105,0.0,578.0865027377714,281215.0,2.0,0.1965,0.2,991.0481160641966,711.1404556095341,0.0,1.1814874510706883,1734259.5082133142,645.6725316283296,677.956158209746,99.86965547197462,14.730990236256098,Medium
2015-11-03,11,2015,0,0,2015-16,0.7976199094477803,2.190369504614945,0.0,769.3459265552644,281215.0,2.0,0.1965,0.2,578.0865027377714,702.1835827879106,0.0,1.1814874510706883,2308037.7796657933,647.1296213157246,679.4861023815109,-89.85982417375351,-13.224674332382435,Low
2015-11-04,11,2015,0,0,2015-16,0.9239474215354072,3.269191079849975,0.0,731.8196654805288,281215.0,2.0,0.1965,0.2,769.3459265552644,740.6850956360662,0.0,1.1814874510706883,2195458.9964415864,649.9205092503167,682.4165347128326,-49.40313076769621,-7.239439294724229,Low
2015-11-05,11,2015,0,0,2015-16,0.8948898697141644,1.8092731380732008,0.0,828.582340299963,281215.0,2.0,0.1965,0.2,731.8196654805288,743.3737215678824,0.0,1.1814874510706883,2485747.020899889,654.4096880690598,687.1301724725129,-141.45216782745013,-20.585934586231346,Low
2015-11-06,11,2015,0,0,2015-16,0.9547670231482532,2.5743107807861,0.0,888.0293696709582,281215.0,2.0,0.1965,0.2,828.582340299963,763.0536485503047,0.0,1.1814874510706883,2664088.109012875,658.4992210878852,691.4241821422795,-196.6051875286787,-28.434815068157654,Low
2015-11-07,11,2015,1,0,2015-16,0.8972838676901029,2.105610643744453,0.0,845.5610230706855,281215.0,2.0,0.1965,0.2,888.0293696709582,768.4493614347124,0.0,1.1814874510706883,2536683.069212056,661.5177088864452,694.5935943307675,-150.96742873991798,-21.734641662708288,Low
2015-11-08,11,2015,1,0,2015-16,0.8704925810006414,2.9263580870213275,0.0,676.5124891490503,281215.0,2.0,0.1965,0.2,845.5610230706855,804.6389919827669,0.0,1.1814874510706883,2029537.467447151,662.271280503701,695.384844528886,18.872355379835653,2.713944016513823,Low
2015-11-09,11,2015,0,0,2015-16,0.7281024303484277,0.3265199281223583,0.0,712.3088509604047,281215.0,2.0,0.1965,0.2,676.5124891490503,759.7053309948889,0.0,1.1814874510706883,2136926.5528812143,665.8003557649927,699.0903735532423,-13.218477407162368,-1.8908109605310788,Low
2015-11-10,11,2015,0,0,2015-16,0.8103147409178301,0.2414083359622552,0.0,820.6698063115639,281215.0,2.0,0.1965,0.2,712.3088509604047,778.8799521695507,0.0,1.1814874510706883,2462009.418934692,669.6336739136556,703.1153576093384,-117.5544487022255,-16.71908420574431,Low
2015-11-11,11,2015,0,0,2015-16,0.7795607103045176,0.9884129360405858,0.0,829.3130901386885,281215.0,2.0,0.1965,0.2,820.6698063115639,786.2119349918792,0.0,1.1814874510706883,2487939.2704160656,671.7873663830645,705.3767347022177,-123.93635543647076,-17.570235781704906,Low
2015-11-12,11,2015,0,0,2015-16,0.7731968930137251,0.6381787204527534,0.0,766.4013399848582,281215.0,2.0,0.1965,0.2,829.3130901386885,800.139567085902,0.0,1.1814874510706883,2299204.0199545743,672.515514781278,706.1412905203418,-60.26004946451633,-8.533709935034652,Low
2015-11-13,11,2015,0,0,2015-16,0.9919031664257336,3.4871342663688067,0.0,659.3267693732979,281215.0,2.0,0.1965,0.2,766.4013399848582,791.256567040887,0.0,1.1814874510706883,1977980.3081198935,673.5983817659178,707.2783008542137,47.95153148091583,6.779726088443895,Medium
2015-11-14,11,2015,1,0,2015-16,0.817929317400028,0.8768559494321773,0.0,784.076371535616,281215.0,2.0,0.1965,0.2,659.3267693732979,758.5847669983642,0.0,1.1814874510706883,2352229.114606848,673.1093037789176,706.7647689678635,-77.31160256775252,-10.938802549631314,Low
2015-11-15,11,2015,1,0,2015-16,0.967613966553134,3.903461023276525,0.0,614.9701872689236,281215.0,2.0,0.1965,0.2,784.076371535616,749.801245350497,0.0,1.1814874510706883,1844910.5618067707,674.5188656823541,708.2448089664719,93.27462169754824,13.16982779353683,Medium
2015-11-16,11,2015,0,0,2015-16,0.8893415877991788,1.3475831670844274,0.0,898.8956990227874,281215.0,2.0,0.1965,0.2,614.9701872689236,741.0094879390502,0.0,1.1814874510706883,2696687.0970683624,676.872233850815,710.7158455433557,-188.1798534794317,-26.47750921263964,Low
2015-11-17,11,2015,0,0,2015-16,0.9384433910624944,0.7284716627547971,0.0,954.4831331832464,281215.0,2.0,0.1965,0.2,898.8956990227874,767.6647519479623,0.0,1.1814874510706883,2863449.3995497394,682.0788442655405,716.1827864788175,-238.30034670442888,-33.27367694440909,Low
2015-11-18,11,2015,0,0,2015-16,0.8507911279315576,3.1587940285699165,0.0,568.3494218474893,281215.0,2.0,0.1965,0.2,954.4831331832464,786.7809415010597,0.0,1.1814874510706883,1705048.265542468,682.2814127218313,716.3954833579229,148.04606151043356,20.66540967239283,High
2015-11-19,11,2015,0,0,2015-16,0.8730711653879077,2.6348311020035045,0.0,713.5392434947843,281215.0,2.0,0.1965,0.2,568.3494218474893,749.5004174594598,0.0,1.1814874510706883,2140617.730484353,685.2550767735778,719.5178306122567,5.978587117472443,0.8309157692986019,Low
2015-11-20,11,2015,0,0,2015-16,0.8477553081456591,1.992782865812556,0.0,763.7356307856057,281215.0,2.0,0.1965,0.2,713.5392434947843,741.9486893894492,0.0,1.1814874510706883,2291206.892356817,686.2281628595655,720.5395710025438,-43.19605978306197,-5.994960099548713,Low
2015-11-21,11,2015,1,0,2015-16,0.7585728963394133,2.221454203750525,0.0,626.6511670356873,281215.0,2.0,0.1965,0.2,763.7356307856057,756.864241019779,0.0,1.1814874510706883,1879953.501107062,686.7993866105934,721.1393559411231,94.48818890543578,13.102625467185042,Medium
2015-11-22,11,2015,1,0,2015-16,0.9167356345784516,2.876807113089056,0.0,786.8419277539261,281215.0,2.0,0.1965,0.2,626.6511670356873,734.3749260912178,0.0,1.1814874510706883,2360525.7832617783,690.5797644806637,725.1087527046969,-61.7331750492292,-8.513643618141547,Low
2015-11-23,11,2015,0,0,2015-16,0.7842317087322567,0.9138189653251948,0.0,765.4966024515904,281215.0,2.0,0.1965,0.2,786.8419277539261,758.9280318747896,0.0,1.1814874510706883,2296489.8073547715,693.8194621679177,728.5104352763136,-36.98616717527682,-5.076957773603956,Low
2015-11-24,11,2015,0,0,2015-16,0.7072947899294361,3.985335664226968,0.0,532.2685791350061,281215.0,2.0,0.1965,0.2,765.4966024515904,739.8710180789042,0.0,1.1814874510706883,1596805.7374050184,694.4154290972971,729.136200552162,196.86762141715587,27.000116201619328,High
2015-11-25,11,2015,0,0,2015-16,0.8936416887721503,3.899172648587133,0.0,636.5496916726064,281215.0,2.0,0.1965,0.2,532.2685791350061,679.5546532148699,0.0,1.1814874510706883,1909649.0750178192,697.6478594250826,732.5302523963368,95.98056072373038,13.102607081379613,Medium
2015-11-26,11,2015,0,0,2015-16,0.7531332038221147,2.6013027453877475,0.0,668.1164857317157,281215.0,2.0,0.1965,0.2,636.5496916726064,689.2975489041725,0.0,1.1814874510706883,2004349.457195147,699.2343684598169,734.1960868828078,66.0796011510921,9.000266050401835,Medium
2015-11-27,11,2015,0,0,2015-16,0.9821375753058744,0.7981698037165805,0.0,939.6224518802568,281215.0,2.0,0.1965,0.2,668.1164857317157,682.8085835094482,0.0,1.1814874510706883,2818867.35564077,701.2732418037068,736.3369038938922,-203.28554798636458,-27.607681607610758,Low
2015-11-28,11,2015,1,0,2015-16,0.9861785731007762,2.7209129697251653,0.0,800.0821930699408,281215.0,2.0,0.1965,0.2,939.6224518802568,707.9352722372556,0.0,1.1814874510706883,2400246.579209822,704.1957127140212,739.4054983497223,-60.67669472021851,-8.206145999136158,Low
2015-11-29,11,2015,1,0,2015-16,0.9744593170661344,0.2887936359167034,0.0,1044.627337357735,281215.0,2.0,0.1965,0.2,800.0821930699408,732.7111330992917,0.0,1.1814874510706883,3133882.012073206,712.3088054439743,747.924245716173,-296.7030916415621,-39.67020635324568,Low
2015-11-30,11,2015,0,0,2015-16,0.8110476100766333,0.1226100088232242,0.0,808.0962078362672,281215.0,2.0,0.1965,0.2,1044.627337357735,769.53762018555,0.0,1.1814874510706883,2424288.6235088017,715.7607250102858,751.5487612608001,-56.54744657546712,-7.524122118251247,Low
2015-12-01,12,2015,0,0,2015-16,0.7046369849586602,1.0307315540448547,0.0,760.7816357000278,281215.0,2.0,0.1965,0.2,808.0962078362672,775.6232780976469,0.0,1.1814874510706883,2282344.907100084,717.8848354685438,753.779077241971,-7.0025584580567966,-0.9289934769320881,Low
2015-12-02,12,2015,0,0,2015-16,0.9784955687763176,1.8504918269572648,0.0,837.4894123800175,281215.0,2.0,0.1965,0.2,760.7816357000278,808.2680004640786,0.0,1.1814874510706883,2512468.2371400525,722.7234538350277,758.8596265267792,-78.62978585323833,-10.36157190403166,Low
2015-12-03,12,2015,0,0,2015-16,0.8284552444951943,3.473090021633522,0.0,564.8313223868056,281215.0,2.0,0.1965,0.2,837.4894123800175,836.9736748508516,0.0,1.1814874510706883,1694493.9671604168,720.5829478669656,756.6120952603139,191.78077287350834,25.347304659136565,High
2015-12-04,12,2015,0,0,2015-16,0.9899964457131007,2.908676279065232,0.0,721.054321011808,281215.0,2.0,0.1965,0.2,564.8313223868056,822.2186515158645,0.0,1.1814874510706883,2163162.963035424,720.3226895941444,756.3388240738517,35.284503062043655,4.6651714732811795,Low
2015-12-05,12,2015,1,0,2015-16,0.989085993126776,2.970826084799924,0.0,808.4305526162309,281215.0,2.0,0.1965,0.2,721.054321011808,790.9946328203716,0.0,1.1814874510706883,2425291.6578486925,724.4581624348143,760.681070556555,-47.74948205967587,-6.277201301294351,Low
2015-12-06,12,2015,1,0,2015-16,0.955902836640208,1.7019733377923014,0.0,793.6072226952452,281215.0,2.0,0.1965,0.2,808.4305526162309,792.187255612699,0.0,1.1814874510706883,2380821.668085736,724.5710785081847,760.799632433594,-32.807590261651285,-4.312251066250992,Low
2015-12-07,12,2015,0,0,2015-16,0.7883346676208757,1.3837399701878517,0.0,786.1120531356211,281215.0,2.0,0.1965,0.2,793.6072226952452,756.3272392323432,0.0,1.1814874510706883,2358336.159406863,727.2021852062612,763.5622944665743,-22.54975866904681,-2.9532310372659385,Low
2015-12-08,12,2015,0,0,2015-16,0.8155293185805775,1.4841550519384108,0.0,826.5990919124556,281215.0,2.0,0.1965,0.2,786.1120531356211,753.1866457036795,0.0,1.1814874510706883,2479797.275737366,730.7817205339832,767.3208065606824,-59.27828535177321,-7.725358786694815,Low
2015-12-09,12,2015,0,0,2015-16,0.9553410014550572,3.9505982549442313,0.0,669.4806586793968,281215.0,2.0,0.1965,0.2,826.5990919124556,762.589139448312,0.0,1.1814874510706883,2008441.9760381903,729.6273386996502,766.1087056346328,96.62804695523596,12.612837609669342,Medium
2015-12-10,12,2015,0,0,2015-16,0.7950766015468833,0.1604367656499299,0.0,905.4537357020524,281215.0,2.0,0.1965,0.2,669.4806586793968,738.5878889196518,0.0,1.1814874510706883,2716361.2071061577,733.070588265729,769.7241176790155,-135.7296180230369,-17.633541018866428,Low
2015-12-11,12,2015,0,0,2015-16,0.7508478240058277,3.4681259844897943,0.0,584.9503701938863,281215.0,2.0,0.1965,0.2,905.4537357020524,787.2482336789728,0.0,1.1814874510706883,1754851.110581659,733.8237947110089,770.5149844465593,185.56461425267298,24.08319344833497,High
2015-12-12,12,2015,1,0,2015-16,0.8670403787375051,2.3147016342895737,0.0,685.0802942862555,281215.0,2.0,0.1965,0.2,584.9503701938863,767.8048121335556,0.0,1.1814874510706883,2055240.8828587665,735.5646976962362,772.342932581048,87.26263829479251,11.298431643981587,Medium
2015-12-13,12,2015,1,0,2015-16,0.9808464322482344,1.7544616767583618,0.0,974.6899799909568,281215.0,2.0,0.1965,0.2,685.0802942862555,750.1833466578447,0.0,1.1814874510706883,2924069.93997287,740.0262455400099,777.0275578170105,-197.6624221739463,-25.438276954972,Low
2015-12-14,12,2015,0,0,2015-16,0.9088089390024918,2.901030641660546,0.0,688.7130415284837,281215.0,2.0,0.1965,0.2,974.6899799909568,776.0523119858035,0.0,1.1814874510706883,2066139.124585451,743.5409898609851,780.7180393540343,92.00499782555062,11.784664012845854,Medium
2015-12-15,12,2015,0,0,2015-16,0.8710183510268095,1.9466757656988116,0.0,772.8245157922556,281215.0,2.0,0.1965,0.2,688.7130415284837,762.1381674704982,0.0,1.1814874510706883,2318473.547376767,745.7442681982644,783.0314816081777,10.206965815922104,1.3035192141903666,Low
2015-12-16,12,2015,0,0,2015-16,0.7291529481312305,3.4936929523266422,0.0,506.7488645003583,281215.0,2.0,0.1965,0.2,772.8245157922556,754.4560851676124,0.0,1.1814874510706883,1520246.593501075,743.1672974631836,780.3256623363428,273.5767978359845,35.0593106238335,High
2015-12-17,12,2015,0,0,2015-16,0.8845021680097509,3.602807456045034,0.0,653.5701958919319,281215.0,2.0,0.1965,0.2,506.7488645003583,731.2086859991784,0.0,1.1814874510706883,1960710.587675796,743.2343727709836,780.3960914095328,126.82589551760088,16.251477539890157,High
2015-12-18,12,2015,0,0,2015-16,0.997016155031279,1.6868837074938217,0.0,887.7168593137447,281215.0,2.0,0.1965,0.2,653.5701958919319,695.2253231691611,0.0,1.1814874510706883,2663150.577941234,747.7819963203407,785.1710961363577,-102.54576317738702,-13.060307961155292,Low
2015-12-19,12,2015,1,0,2015-16,0.7420252045709572,1.1073111889402063,0.0,734.1531447720893,281215.0,2.0,0.1965,0.2,887.7168593137447,738.4776787577123,0.0,1.1814874510706883,2202459.434316268,750.1965820442094,787.7064111464199,53.55326637433063,6.79863279218329,Medium
2015-12-20,12,2015,1,0,2015-16,0.855498895709121,2.369401314373449,0.0,654.2559795585411,281215.0,2.0,0.1965,0.2,734.1531447720893,745.4880859699742,0.0,1.1814874510706883,1962767.9386756232,750.8685703729908,788.4119988916403,134.15601933309927,17.015978894499007,High
2015-12-21,12,2015,0,0,2015-16,0.9632119215783866,3.649453382466764,0.0,741.5917743884235,281215.0,2.0,0.1965,0.2,654.2559795585411,699.711800193915,0.0,1.1814874510706883,2224775.3231652705,752.6309045231075,790.2624497492628,48.67067536083937,6.158798937780957,Medium
2015-12-22,12,2015,0,0,2015-16,0.9222305853262612,0.8426487560226663,0.0,971.9873560096728,281215.0,2.0,0.1965,0.2,741.5917743884235,707.2659048881922,0.0,1.1814874510706883,2915962.0680290186,759.2091179586704,797.169573856604,-174.81778215306883,-21.929811157659074,Low
2015-12-23,12,2015,0,0,2015-16,0.9091047222985804,2.491866334253931,0.0,739.4104855167143,281215.0,2.0,0.1965,0.2,971.9873560096728,735.717739204966,0.0,1.1814874510706883,2218231.4565501427,761.7317314769405,799.8183180507875,60.407832534073236,7.552694302037405,Medium
2015-12-24,12,2015,0,0,2015-16,0.9107452251961328,2.526240880370082,0.0,727.5177970461414,281215.0,2.0,0.1965,0.2,739.4104855167143,768.955113635874,0.0,1.1814874510706883,2182553.391138424,762.1933771951832,800.3030460549423,72.78524900880097,9.094710980745676,Medium
2015-12-25,12,2015,0,0,2015-16,0.8078473453659265,2.932452089661124,0.0,667.7076371595222,281215.0,2.0,0.1965,0.2,727.5177970461414,779.5190566579039,0.0,1.1814874510706883,2003122.9114785665,761.4658399329658,799.5391319296141,131.83149477009192,16.48843558812797,High
2015-12-26,12,2015,1,0,2015-16,0.788077553279348,0.5262707405090392,0.0,787.3245021468475,281215.0,2.0,0.1965,0.2,667.7076371595222,748.0891677787292,0.0,1.1814874510706883,2361973.506440542,763.3314458350007,801.4980181267508,14.1735159799033,1.7683781692972154,Low
2015-12-27,12,2015,1,0,2015-16,0.942808346643554,2.8632998587283542,0.0,751.7724496223126,281215.0,2.0,0.1965,0.2,787.3245021468475,755.6850759751233,0.0,1.1814874510706883,2255317.3488669377,764.5503632738156,802.7778814375064,51.00543181519379,6.3536169835496885,Medium
2015-12-28,12,2015,0,0,2015-16,0.9430340184037542,3.636130082662564,0.0,728.6169469050442,281215.0,2.0,0.1965,0.2,751.7724496223126,769.6160002699478,0.0,1.1814874510706883,2185850.8407151327,768.250626247397,806.6631575597669,78.0462106547227,9.675192169532068,Medium
2015-12-29,12,2015,0,0,2015-16,0.960121695574031,0.7187324354809679,0.0,941.540843796176,281215.0,2.0,0.1965,0.2,728.6169469050442,767.7624534866079,0.0,1.1814874510706883,2824622.531388528,770.0169147536875,808.5177604913719,-133.02308330480412,-16.452710107933825,Low
2015-12-30,12,2015,0,0,2015-16,0.9739721657669412,0.9501732996955106,0.0,996.1216419168684,281215.0,2.0,0.1965,0.2,941.540843796176,763.4129517418226,0.0,1.1814874510706883,2988364.9257506053,771.721235779073,810.3072975680267,-185.8143443488417,-22.931342825928613,Low
2015-12-31,12,2015,0,0,2015-16,0.8534027196582813,3.8855803761665584,0.0,595.1022684437778,281215.0,2.0,0.1965,0.2,996.1216419168684,800.0859740847017,0.0,1.1814874510706883,1785306.8053313333,771.544028542024,810.1212299691252,215.01896152534744,26.541578417040384,High
2016-01-01,1,2016,0,0,2015-16,0.8504548884061598,0.7239078108379591,0.0,867.8949966253645,281215.0,2.0,0.1965,0.2,595.1022684437778,781.1694699986499,0.0,1.1814874510706883,2603684.9898760933,773.4270051473951,812.0983554047649,-55.796641220599554,-6.870675312818417,Low
2016-01-02,1,2016,1,0,2015-16,0.9394885536900326,3.4175403734783165,0.0,656.686218265043,281215.0,2.0,0.1965,0.2,867.8949966253645,809.7676642080559,0.0,1.1814874510706883,1970058.6547951289,770.8727676090514,809.416405989504,152.73018772446108,18.869173715073124,High
2016-01-03,1,2016,1,0,2015-16,0.8949891792333295,1.9691114257921392,0.0,862.8834221173917,281215.0,2.0,0.1965,0.2,656.686218265043,791.1050522249409,0.0,1.1814874510706883,2588650.266352175,770.506430317267,809.0317518331304,-53.85167028426122,-6.656311098080186,Low
2016-01-04,1,2016,0,0,2015-16,0.910590063177311,0.9889242976127082,0.0,875.2433432888859,281215.0,2.0,0.1965,0.2,862.8834221173917,806.9780482956666,0.0,1.1814874510706883,2625730.0298666577,771.4702414869018,810.043753561247,-65.19958972763891,-8.048897289930055,Low
2016-01-05,1,2016,0,0,2015-16,0.9387378008308302,3.4829996050900456,0.0,576.9268430371998,281215.0,2.0,0.1965,0.2,875.2433432888859,827.9246763505009,0.0,1.1814874510706883,1730780.529111599,771.1174505621984,809.6733230903084,232.7464800531086,28.7457266301892,High
2016-01-06,1,2016,0,0,2015-16,0.96700160254527,1.781221020010662,0.0,915.230386389466,281215.0,2.0,0.1965,0.2,576.9268430371998,775.8369619563615,0.0,1.1814874510706883,2745691.159168398,773.5525876462448,812.230217028557,-103.00016936090901,-12.681154579267229,Low
2016-01-07,1,2016,0,0,2015-16,0.8013985470554608,2.0592694157187608,0.0,637.954802517594,281215.0,2.0,0.1965,0.2,915.230386389466,764.2810683095898,0.0,1.1814874510706883,1913864.407552782,770.5072189696641,809.0325799181473,171.07777740055337,21.14596885799851,High
2016-01-08,1,2016,0,0,2015-16,0.8126748857919832,1.4369334775990628,0.0,808.6385595625638,281215.0,2.0,0.1965,0.2,637.954802517594,770.4028588915635,0.0,1.1814874510706883,2425915.678687692,768.098099608939,806.503004589386,-2.1355549731778183,-0.2647919426245772,Low
2016-01-09,1,2016,1,0,2015-16,0.7281945819522606,2.3718034057397097,0.0,688.789906704515,281215.0,2.0,0.1965,0.2,808.6385595625638,761.9376535968778,0.0,1.1814874510706883,2066369.7201135447,764.066038269627,802.2693401831084,113.47943347859336,14.144804966956986,Medium
2016-01-10,1,2016,1,0,2015-16,0.8734840422988521,0.6540954903400911,0.0,938.5360222099148,281215.0,2.0,0.1965,0.2,688.789906704515,766.5238948025166,0.0,1.1814874510706883,2815608.0666297446,766.372946626712,804.6915939580476,-133.84442825186716,-16.633009373631545,Low
2016-01-11,1,2016,0,0,2015-16,0.7107826821390226,1.5643261466070428,0.0,723.036824820652,281215.0,2.0,0.1965,0.2,938.5360222099148,777.3314091014485,0.0,1.1814874510706883,2169110.474461956,764.2408215826728,802.4528626618064,79.41603784115443,9.89666079297474,Medium
2016-01-12,1,2016,0,0,2015-16,0.8396794054397381,3.87764928934115,0.0,680.88313922451,281215.0,2.0,0.1965,0.2,723.036824820652,755.5876207488436,0.0,1.1814874510706883,2042649.41767353,762.4850238230486,800.609275014201,119.72613578969094,14.954377812768566,Medium
2016-01-13,1,2016,0,0,2015-16,0.862793390412273,1.0325337308045102,0.0,909.9846036505432,281215.0,2.0,0.1965,0.2,680.88313922451,770.4385202041738,0.0,1.1814874510706883,2729953.8109516297,764.0917761085801,802.2963649140091,-107.68823873653412,-13.422501141218088,Low
2016-01-14,1,2016,0,0,2015-16,0.7859623756384853,2.626946658165169,0.0,659.7833763114514,281215.0,2.0,0.1965,0.2,909.9846036505432,769.6891226700418,0.0,1.1814874510706883,1979350.1289343543,762.0472795623344,800.1496435404512,140.36626722899973,17.54250200099022,High
2016-01-15,1,2016,0,0,2015-16,0.8772499781707033,1.3007602568987795,0.0,935.2160421496128,281215.0,2.0,0.1965,0.2,659.7833763114514,772.8074903548786,0.0,1.1814874510706883,2805648.1264488385,761.7056171118592,799.7908979674521,-135.4251441821607,-16.93256881596468,Low
2016-01-16,1,2016,1,0,2015-16,0.7091500749817148,3.0938925027464026,0.0,639.262821909066,281215.0,2.0,0.1965,0.2,935.2160421496128,790.8899878673143,0.0,1.1814874510706883,1917788.4657271984,757.6346999379591,795.5164349348571,156.25361302579108,19.641783144126535,High
2016-01-17,1,2016,1,0,2015-16,0.7112044566247643,0.5234946428733993,0.0,843.9720382383028,281215.0,2.0,0.1965,0.2,639.262821909066,783.8146900393929,0.0,1.1814874510706883,2531916.1147149084,757.6061010131444,795.4864060638017,-48.48563217450112,-6.095092487427415,Low
2016-01-18,1,2016,0,0,2015-16,0.9467801681978976,3.879284180314179,0.0,614.2502640066078,281215.0,2.0,0.1965,0.2,843.9720382383028,770.3055494720196,0.0,1.1814874510706883,1842750.792019824,757.3135316011313,795.179208181188,180.92894417458012,22.753228745557692,High
2016-01-19,1,2016,0,0,2015-16,0.8080571924233788,1.815158165534557,0.0,657.191049562874,281215.0,2.0,0.1965,0.2,614.2502640066078,754.7646122128707,0.0,1.1814874510706883,1971573.148688622,755.5983123842549,793.3782280034677,136.1871784405937,17.16547967081326,High
2016-01-20,1,2016,0,0,2015-16,0.7381181537955654,0.9442018533858558,0.0,709.3121291920883,281215.0,2.0,0.1965,0.2,657.191049562874,751.380027975494,0.0,1.1814874510706883,2127936.387576265,752.3853215918199,790.004587671411,80.69245847932268,10.21417593499917,Medium
2016-01-21,1,2016,0,0,2015-16,0.8566729780164413,0.2939869893200506,0.0,959.3833222665206,281215.0,2.0,0.1965,0.2,709.3121291920883,722.7125316242862,0.0,1.1814874510706883,2878149.966799562,758.3420436394916,796.2591458214663,-163.12417644505433,-20.48631746348937,Low
2016-01-22,1,2016,0,0,2015-16,0.9309980659295832,0.679031620350163,0.0,969.421731593211,281215.0,2.0,0.1965,0.2,959.3833222665206,765.5125239035817,0.0,1.1814874510706883,2908265.194779633,760.2806929900495,798.294727639552,-171.12700395365903,-21.436569481005858,Low
2016-01-23,1,2016,1,0,2015-16,0.7647463082490529,2.07909579422407,0.0,659.120578573797,281215.0,2.0,0.1965,0.2,969.421731593211,770.3990509669529,0.0,1.1814874510706883,1977361.7357213912,758.2798007919977,796.1937908315975,137.0732122578005,17.216061445873894,High
2016-01-24,1,2016,1,0,2015-16,0.8868671427457,1.3480127057251452,0.0,880.4231382257091,281215.0,2.0,0.1965,0.2,659.120578573797,773.2358733476289,0.0,1.1814874510706883,2641269.4146771277,760.9424510779596,798.9895736318576,-81.43356459385143,-10.192068492670062,Low
2016-01-25,1,2016,0,0,2015-16,0.7256042394981304,3.315533463530438,0.0,455.5069671157842,281215.0,2.0,0.1965,0.2,880.4231382257091,778.4431733458297,0.0,1.1814874510706883,1366520.901347353,760.4499136390442,798.4724093209965,342.96544220521224,42.952697951938326,High
2016-01-26,1,2016,0,0,2015-16,0.7155045163505823,1.7235500946472238,0.0,663.347034742963,281215.0,2.0,0.1965,0.2,455.5069671157842,755.7655595042835,0.0,1.1814874510706883,1990041.104228889,759.8982219811013,797.8931330801564,134.54609833719337,16.862671548230615,High
2016-01-27,1,2016,0,0,2015-16,0.8594063894704443,0.9948570903505196,0.0,918.6030047221144,281215.0,2.0,0.1965,0.2,663.347034742963,756.6449859585819,0.0,1.1814874510706883,2755809.014166343,762.4291125733137,800.5505682019793,-118.05243652013507,-14.746405937263713,Low
2016-01-28,1,2016,0,0,2015-16,0.8621905364830319,2.46857994641612,0.0,749.2212894289704,281215.0,2.0,0.1965,0.2,918.6030047221144,786.5436824628714,0.0,1.1814874510706883,2247663.8682869114,761.3064671283012,799.3717904847163,50.15050105574585,6.273739160264339,Medium
2016-01-29,1,2016,0,0,2015-16,0.8912289704494619,2.8271088675417837,0.0,745.9464512092936,281215.0,2.0,0.1965,0.2,749.2212894289704,756.5205349146499,0.0,1.1814874510706883,2237839.353627881,763.0143875946899,801.1651069744244,55.218655765130734,6.892294145667714,Medium
2016-01-30,1,2016,1,0,2015-16,0.9178274001167984,0.6681676316037994,0.0,1036.5393592266298,281215.0,2.0,0.1965,0.2,745.9464512092936,724.5954948598046,0.0,1.1814874510706883,3109618.0776798893,763.5198458520504,801.695838144653,-234.84352108197686,-29.293344172207515,Low
2016-01-31,1,2016,1,0,2015-16,0.9927556238387604,0.6704768651532707,0.0,1021.6136718041716,281215.0,2.0,0.1965,0.2,1036.5393592266298,778.5124635244948,0.0,1.1814874510706883,3064841.015412515,768.4479255083436,806.8703217837608,-214.74335002041084,-26.61435725454301,Low
2016-02-01,2,2016,0,0,2015-16,0.8548901044903585,0.1466857077341719,0.0,896.3139083075099,281215.0,2.0,0.1965,0.2,1021.6136718041716,798.6825397499896,0.0,1.1814874510706883,2688941.72492253,769.8586808611465,808.3516149042039,-87.96229340330603,-10.881687100202091,Low
2016-02-02,2,2016,0,0,2015-16,0.7968869418823737,2.945608060262562,0.0,688.1309553668841,281215.0,2.0,0.1965,0.2,896.3139083075099,861.6549599202361,0.0,1.1814874510706883,2064392.8661006524,769.3732507487725,807.8419132862113,119.71095791932714,14.818611902959608,Medium
2016-02-03,2,2016,0,0,2015-16,0.9385558584306112,2.6552181104872203,0.0,827.9130914177063,281215.0,2.0,0.1965,0.2,688.1309553668841,865.1955200093678,0.0,1.1814874510706883,2483739.274253119,769.3658146500809,807.834105382585,-20.07898603512126,-2.485533341726391,Low
2016-02-04,2,2016,0,0,2015-16,0.7812496753786222,1.8985235029992555,0.0,731.5367642040742,281215.0,2.0,0.1965,0.2,827.9130914177063,852.239818108738,0.0,1.1814874510706883,2194610.2926122225,767.627007922671,806.0083583188047,74.47159411473046,9.239556059947747,Medium
2016-02-05,2,2016,0,0,2015-16,0.8316914262116908,3.3766817958767885,0.0,600.9079721082554,281215.0,2.0,0.1965,0.2,731.5367642040742,849.7134573623242,0.0,1.1814874510706883,1802723.9163247664,764.908640689755,803.1540727242427,202.2461006159873,25.18148229392433,High
2016-02-06,2,2016,1,0,2015-16,0.7235369144026798,3.2226806118002127,0.0,542.8978774801087,281215.0,2.0,0.1965,0.2,600.9079721082554,828.9936746336044,0.0,1.1814874510706883,1628693.6324403265,763.4240338934335,801.5952355881052,258.6973581079965,32.27281633207293,High
2016-02-07,2,2016,1,0,2015-16,0.7076052230246372,2.3414174575870086,0.0,529.2306969250735,281215.0,2.0,0.1965,0.2,542.8978774801087,758.4734629555302,0.0,1.1814874510706883,1587692.090775221,761.3898321819298,799.4593237910263,270.22862686595283,33.80142288972652,High
2016-02-08,2,2016,0,0,2015-16,0.9887945244033776,3.4730851220530345,0.0,776.0183170102691,281215.0,2.0,0.1965,0.2,529.2306969250735,688.1330379728016,0.0,1.1814874510706883,2328054.951030808,760.8937045230265,798.9383897491779,22.920072738908743,2.8688160480189677,Low
2016-02-09,2,2016,0,0,2015-16,0.9507940361536618,0.823364840147073,0.0,1025.4937041113326,281215.0,2.0,0.1965,0.2,776.0183170102691,670.9479535017673,0.0,1.1814874510706883,3076481.1123339976,763.0734891227225,801.2271635788587,-224.26654053247387,-27.9903815954938,Low
2016-02-10,2,2016,0,0,2015-16,0.9087922618281092,0.4476784775909115,0.0,888.3746121515056,281215.0,2.0,0.1965,0.2,1025.4937041113326,719.1426318938313,0.0,1.1814874510706883,2665123.8364545167,764.428747702352,802.6501850874696,-85.72442706403604,-10.680172839515901,Low
2016-02-11,2,2016,0,0,2015-16,0.8226858833242809,1.0789984460679585,0.0,860.4526327019255,281215.0,2.0,0.1965,0.2,888.3746121515056,727.77999199866,0.0,1.1814874510706883,2581357.8981057764,766.6634795171145,804.9966534929703,-55.45597920895523,-6.8889701551336335,Low
2016-02-12,2,2016,0,0,2015-16,0.7519882960212537,0.2283474243572594,0.0,835.7915329755066,281215.0,2.0,0.1965,0.2,860.4526327019255,746.1965446412102,0.0,1.1814874510706883,2507374.59892652,767.2380924220022,805.5999970431023,-30.191535932404236,-3.7477080490591024,Low
2016-02-13,2,2016,1,0,2015-16,0.7469311128013257,2.124678112004128,0.0,594.594267699638,281215.0,2.0,0.1965,0.2,835.7915329755066,779.7513390508174,0.0,1.1814874510706883,1783782.8030989135,767.0116933156769,805.3622779814608,210.76801028182285,26.170583853279837,High
2016-02-14,2,2016,1,0,2015-16,0.7750728694493786,3.746422769179846,0.0,469.79839161051257,281215.0,2.0,0.1965,0.2,594.594267699638,787.1365376536072,0.0,1.1814874510706883,1409395.1748315378,762.2439454555405,800.3561427283175,330.55775111780497,41.30133242820796,High
2016-02-15,2,2016,0,0,2015-16,0.8647679994118361,0.1573741626740386,0.0,962.8851993621716,281215.0,2.0,0.1965,0.2,469.79839161051257,778.6462083229557,0.0,1.1814874510706883,2888655.598086515,762.3373017464172,800.4541668337381,-162.43103252843355,-20.29235892055416,Low
2016-02-16,2,2016,0,0,2015-16,0.9143787768100188,0.4884396560401072,0.0,940.7437171323992,281215.0,2.0,0.1965,0.2,962.8851993621716,805.3414772303704,0.0,1.1814874510706883,2822231.151397198,766.4750161384719,804.7987669453955,-135.94495018700366,-16.891794044737562,Low
2016-02-17,2,2016,0,0,2015-16,0.8980592130153193,1.808796113133741,0.0,915.0445583672374,281215.0,2.0,0.1965,0.2,940.7437171323992,793.2343362333798,0.0,1.1814874510706883,2745133.6751017123,768.7139640814992,807.1496622855742,-107.8948960816632,-13.36739654652663,Low
2016-02-18,2,2016,0,0,2015-16,0.7839801690837829,3.73550007011162,0.0,596.388347338231,281215.0,2.0,0.1965,0.2,915.0445583672374,797.044328549913,0.0,1.1814874510706883,1789165.0420146931,766.8545498209727,805.1972773120214,208.80892997379033,25.932642329697664,High
2016-02-19,2,2016,0,0,2015-16,0.9864595841989584,1.264624419907002,0.0,980.11053345027,281215.0,2.0,0.1965,0.2,596.388347338231,759.3208592122422,0.0,1.1814874510706883,2940331.60035081,770.7818761144682,809.3209699201917,-170.78956353007834,-21.10282198012491,Low
2016-02-20,2,2016,1,0,2015-16,0.9213690750087306,2.0289392347535697,0.0,841.9473395896825,281215.0,2.0,0.1965,0.2,980.11053345027,779.9378592800657,0.0,1.1814874510706883,2525842.018769048,771.3941584681988,809.9638663916088,-31.98347319807374,-3.948753089512523,Low
2016-02-21,2,2016,1,0,2015-16,0.8663062157534202,0.1662914362015684,0.0,1016.6955440193173,281215.0,2.0,0.1965,0.2,841.9473395896825,815.274012407215,0.0,1.1814874510706883,3050086.6320579518,774.1852578189512,812.8945207098988,-203.8010233094185,-25.071029280827183,Low
2016-02-22,2,2016,0,0,2015-16,0.8835162238703056,0.5933728038483554,0.0,966.8517504368914,281215.0,2.0,0.1965,0.2,1016.6955440193173,893.4021770370442,0.0,1.1814874510706883,2900555.251310674,779.0139597223056,817.9646577084209,-148.88709272847052,-18.202142516228882,Low
2016-02-23,2,2016,0,0,2015-16,0.8258800187283369,3.946520491835388,0.0,581.0886120877336,281215.0,2.0,0.1965,0.2,966.8517504368914,893.9688271905756,0.0,1.1814874510706883,1743265.836263201,778.3977255046959,817.3176117799308,236.22899969219714,28.902962115027037,High
2016-02-24,2,2016,0,0,2015-16,0.7743192968503472,3.860474785744182,0.0,471.9951101960981,281215.0,2.0,0.1965,0.2,581.0886120877336,842.5895264699091,0.0,1.1814874510706883,1415985.3305882942,776.2185991098556,815.0295290653485,343.0344188692504,42.08858779173707,High
2016-02-25,2,2016,0,0,2015-16,0.8067918035953785,0.0197599237376384,0.0,1060.8099895751348,281215.0,2.0,0.1965,0.2,471.9951101960981,779.2967481597462,0.0,1.1814874510706883,3182429.968725404,777.5651273064655,816.4433836717888,-244.366605903346,-29.93062480393395,Low
2016-02-26,2,2016,0,0,2015-16,0.9273538331393107,3.807247141692956,0.0,574.6626946027995,281215.0,2.0,0.1965,0.2,1060.8099895751348,845.6426970507325,0.0,1.1814874510706883,1723988.0838083986,775.060466212386,813.8134895230054,239.15079492020584,29.38643780166111,High
2016-02-27,2,2016,1,0,2015-16,0.7043180465889267,2.556479751262001,0.0,563.0452584302602,281215.0,2.0,0.1965,0.2,574.6626946027995,787.7215772153796,0.0,1.1814874510706883,1689135.7752907807,769.709554224303,808.1950319355182,245.14977350525794,30.33299684089338,High
2016-02-28,2,2016,1,0,2015-16,0.7348217921520749,3.4716731780800885,0.0,439.4467260244407,281215.0,2.0,0.1965,0.2,563.0452584302602,747.8784227640335,0.0,1.1814874510706883,1318340.1780733222,765.6134488708382,803.8941213143801,364.4473952899394,45.3352482157802,High
2016-02-29,2,2016,0,0,2015-16,0.7138007926065257,1.8189594225354364,0.0,676.2555312651843,281215.0,2.0,0.1965,0.2,439.4467260244407,665.4143059076226,0.0,1.1814874510706883,2028766.593795553,764.6742699326734,802.9079834293071,126.65245216412279,15.774217566398633,High
2016-03-01,3,2016,0,0,2015-16,0.712218640695691,2.062384114317001,0.0,634.1728103032829,281215.0,2.0,0.1965,0.2,676.2555312651843,623.9005603116645,0.0,1.1814874510706883,1902518.4309098483,762.4151965762652,800.5359564050785,166.36314610179568,20.781470809740167,High
2016-03-02,3,2016,0,0,2015-16,0.9566381752033022,1.9553863210276807,0.0,894.2624278859424,281215.0,2.0,0.1965,0.2,634.1728103032829,631.4840171996001,0.0,1.1814874510706883,2682787.2836578274,766.0755421929223,804.3793193025684,-89.883108583374,-11.174219230462876,Low
2016-03-03,3,2016,0,0,2015-16,0.9110973578140072,2.6674570301844174,0.0,643.2781897418066,281215.0,2.0,0.1965,0.2,894.2624278859424,691.8079197267207,0.0,1.1814874510706883,1929834.56922542,765.2113629565889,803.4719311044184,160.19374136261183,19.93768981355905,High
2016-03-04,3,2016,0,0,2015-16,0.8422521487261976,0.5586050190252516,0.0,941.8696436985488,281215.0,2.0,0.1965,0.2,643.2781897418066,632.1605197505311,0.0,1.1814874510706883,2825608.9310956467,766.6940195241702,805.0287205003788,-136.84092319817,-16.99826598895929,Low
2016-03-05,3,2016,1,0,2015-16,0.7293502481953004,0.1198943594907118,0.0,753.0030401894434,281215.0,2.0,0.1965,0.2,941.8696436985488,684.6186553356381,0.0,1.1814874510706883,2259009.12056833,766.2428619407725,804.5550050378112,51.55196484836779,6.407512789749538,Medium
2016-03-06,3,2016,1,0,2015-16,0.8474847625350497,1.2317197663647637,0.0,814.3452018737943,281215.0,2.0,0.1965,0.2,753.0030401894434,711.7554813012356,0.0,1.1814874510706883,2443035.605621383,766.5565635934188,804.8843917730898,-9.46081010070452,-1.1754247190535259,Low
2016-03-07,3,2016,0,0,2015-16,0.8420415312341697,2.818723050946587,0.0,720.9427058329841,281215.0,2.0,0.1965,0.2,814.3452018737943,765.3124064225718,0.0,1.1814874510706883,2162828.1174989524,765.3826037480915,803.651733935496,82.70902810251198,10.291650550852976,Medium
2016-03-08,3,2016,0,0,2015-16,0.7519605609730046,0.8074138084917934,0.0,779.6541430438953,281215.0,2.0,0.1965,0.2,720.9427058329841,771.6962885036861,0.0,1.1814874510706883,2338962.4291316858,766.6067535743637,804.9370912530819,25.282948209186657,3.1409843680861504,Low
2016-03-09,3,2016,0,0,2015-16,0.8301554947713918,2.693729733299669,0.0,689.7915690810497,281215.0,2.0,0.1965,0.2,779.6541430438953,792.4793360380593,0.0,1.1814874510706883,2069374.7072431487,764.2105072785746,802.4210326425034,112.62946356145369,14.036205306152866,Medium
2016-03-10,3,2016,0,0,2015-16,0.819551420319212,3.8796481844290818,0.0,599.486721652375,281215.0,2.0,0.1965,0.2,689.7915690810497,763.2692133516459,0.0,1.1814874510706883,1798460.164957125,764.3720222947801,802.5906234095191,203.10390175714417,25.306039696094366,High
2016-03-11,3,2016,0,0,2015-16,0.884755029415665,0.3756028631576735,0.0,966.3494384036824,281215.0,2.0,0.1965,0.2,599.486721652375,757.0132893388701,0.0,1.1814874510706883,2899048.3152110474,767.4972350071961,805.8720967575559,-160.47734164612643,-19.913500205778377,Low
2016-03-12,3,2016,1,0,2015-16,0.8905280952602931,2.690408472900505,0.0,701.6949962414617,281215.0,2.0,0.1965,0.2,966.3494384036824,760.5104028681748,0.0,1.1814874510706883,2105084.988724385,764.4639574099793,802.6871552804784,100.99215903901666,12.58175845653436,Medium
2016-03-13,3,2016,1,0,2015-16,0.7135912029316133,1.7750008772182846,0.0,640.5024177618546,281215.0,2.0,0.1965,0.2,701.6949962414617,753.1806823041776,0.0,1.1814874510706883,1921507.253285564,763.9282838125723,802.1246980032009,161.6222802413463,20.149271134985213,High
2016-03-14,3,2016,0,0,2015-16,0.8123837843879413,3.472569017510021,0.0,598.7324267435245,281215.0,2.0,0.1965,0.2,640.5024177618546,728.3459988596147,0.0,1.1814874510706883,1796197.2802305734,761.9939272675864,800.0936236309658,201.36119688744134,25.167204304619844,High
2016-03-15,3,2016,0,0,2015-16,0.8877579747142709,0.7085991577895436,0.0,863.5232816829215,281215.0,2.0,0.1965,0.2,598.7324267435245,710.8873875611205,0.0,1.1814874510706883,2590569.8450487643,765.9580874585038,804.255991831429,-59.26728985149248,-7.369207124777607,Low
2016-03-16,3,2016,0,0,2015-16,0.8509408775740263,2.770503808904658,0.0,736.1258949943748,281215.0,2.0,0.1965,0.2,863.5232816829215,722.8686930809814,0.0,1.1814874510706883,2208377.6849831245,766.8753730040864,805.2191416542908,69.09324665991596,8.580676127242409,Medium
2016-03-17,3,2016,0,0,2015-16,0.9569469523564966,3.352461158592441,0.0,720.1622793782687,281215.0,2.0,0.1965,0.2,736.1258949943748,729.4878824971707,0.0,1.1814874510706883,2160486.838134806,765.013655449248,803.2643382217104,83.10205884344168,10.345543165456018,Medium
2016-03-18,3,2016,0,0,2015-16,0.8976080894856835,3.778456877896093,0.0,622.3306361719771,281215.0,2.0,0.1965,0.2,720.1622793782687,746.727247886584,0.0,1.1814874510706883,1866991.908515931,763.7711831314688,801.9597422880422,179.62910611606515,22.398768497228037,High
2016-03-19,3,2016,1,0,2015-16,0.7488803281244288,2.7329921131585837,0.0,668.433104128294,281215.0,2.0,0.1965,0.2,622.3306361719771,697.5817047106262,0.0,1.1814874510706883,2005299.3123848815,763.9287067377995,802.1251420746895,133.69203794639554,16.6672294550701,High
2016-03-20,3,2016,1,0,2015-16,0.7211706242201289,1.9886990560337088,0.0,632.909181763316,281215.0,2.0,0.1965,0.2,668.433104128294,692.8300058373164,0.0,1.1814874510706883,1898727.545289948,762.7211223752984,800.8571784940633,167.94799673074726,20.97102969677536,High
2016-03-21,3,2016,0,0,2015-16,0.8927257834618947,2.471388960804856,0.0,733.9004877260422,281215.0,2.0,0.1965,0.2,632.909181763316,691.7452578375253,0.0,1.1814874510706883,2201701.4631781266,760.0757127277025,798.0794983640876,64.17901063804538,8.041681407629222,Medium
2016-03-22,3,2016,0,0,2015-16,0.7079533931624865,3.475619937914873,0.0,484.48405935756216,281215.0,2.0,0.1965,0.2,733.9004877260422,711.0549808350277,0.0,1.1814874510706883,1453452.1780726863,757.2431968814896,795.1053567255641,310.62129736800193,39.06668402376453,High
2016-03-23,3,2016,0,0,2015-16,0.875732674382039,2.2824389865553187,0.0,767.1406855920303,281215.0,2.0,0.1965,0.2,484.48405935756216,656.9065205028336,0.0,1.1814874510706883,2301422.056776091,757.683451198666,795.5676237585993,28.426938166569016,3.573164281405531,Low
2016-03-24,3,2016,0,0,2015-16,0.9820690724274872,0.1215482387873474,0.0,1090.9859079087514,281215.0,2.0,0.1965,0.2,767.1406855920303,661.3372048739272,0.0,1.1814874510706883,3272957.7237262544,762.3865430958797,800.5058702506738,-290.48003765807766,-36.28705902770151,Low
2016-03-25,3,2016,0,0,2015-16,0.8726422533627637,3.723794782027911,0.0,569.3999114566968,281215.0,2.0,0.1965,0.2,1090.9859079087514,714.3120089497105,0.0,1.1814874510706883,1708199.7343700903,759.9651587548781,797.963416692622,228.56350523592516,28.643356381332524,High
2016-03-26,3,2016,1,0,2015-16,0.8164509778619565,2.7581070041262445,0.0,644.6813842261504,281215.0,2.0,0.1965,0.2,569.3999114566968,706.7504768475276,0.0,1.1814874510706883,1934044.1526784515,758.775258028254,796.7140209296667,152.03263670351635,19.082460294361717,High
2016-03-27,3,2016,1,0,2015-16,0.892986465532706,2.706053543108986,0.0,684.509370009978,281215.0,2.0,0.1965,0.2,644.6813842261504,703.3573740043641,0.0,1.1814874510706883,2053528.1100299344,758.285173840531,796.1994325325576,111.69006252257952,14.027900292181178,Medium
2016-03-28,3,2016,0,0,2015-16,0.8374758671474549,0.8627006095908687,0.0,808.074424727625,281215.0,2.0,0.1965,0.2,684.509370009978,710.728829468173,0.0,1.1814874510706883,2424223.274182875,756.8022136286584,794.6423243100913,-13.432100417533661,-1.6903328713576156,Low
2016-03-29,3,2016,0,0,2015-16,0.8636850367947805,2.635541880930629,0.0,608.3525997729824,281215.0,2.0,0.1965,0.2,808.074424727625,721.3251061826849,0.0,1.1814874510706883,1825057.7993189476,752.4936687159483,790.1183521517457,181.7657523787633,23.00487665977595,High
2016-03-30,3,2016,0,0,2015-16,0.9824394426329576,1.575457622616634,0.0,903.4198713509304,281215.0,2.0,0.1965,0.2,608.3525997729824,739.0206119563164,0.0,1.1814874510706883,2710259.614052792,755.9194198593613,793.7153908523294,-109.70448049860101,-13.821639565385663,Low
2016-03-31,3,2016,0,0,2015-16,0.8158307913402323,2.6049319081659683,0.0,573.6371802858138,281215.0,2.0,0.1965,0.2,903.4198713509304,758.4890670647308,0.0,1.1814874510706883,1720911.5408574413,752.6498885666995,790.2823829950345,216.6452027092207,27.413644460625907,High
2016-04-01,4,2016,0,0,2016-17,0.9883571691471742,0.4263721212319629,0.0,1025.118124059596,0.0,0.0,0.0,0.0,573.6371802858138,684.5821059757396,0.0,1.1814874510706883,3075354.372178788,756.7435764088613,794.5807552293044,-230.5373688302917,-29.013711609937243,Low
2016-04-02,4,2016,1,0,2016-17,0.9716051925868192,2.631381218412144,0.0,761.0618839913452,0.0,0.0,0.0,0.0,1025.118124059596,749.6847077761538,0.0,1.1814874510706883,2283185.6519740354,755.6122259852384,793.3928372845004,32.330953293155176,4.075024599895866,Low
2016-04-03,4,2016,1,0,2016-17,0.7587373404367889,3.997654903082666,0.0,564.1742450212657,0.0,0.0,0.0,0.0,761.0618839913452,766.3104934568959,0.0,1.1814874510706883,1692522.735063797,752.155902671154,789.7636978047117,225.58945278344595,28.564170955250525,High
2016-04-04,4,2016,0,0,2016-17,0.7208083902625496,0.1928481554422241,0.0,728.6971221076609,0.0,0.0,0.0,0.0,564.1742450212657,749.1197613156512,0.0,1.1814874510706883,2186091.3663229826,753.8422391052701,791.5343510605336,62.83722895287269,7.938661015618656,Medium
2016-04-05,4,2016,0,0,2016-17,0.7302334004132279,3.908696736885269,0.0,451.71245018538286,0.0,0.0,0.0,0.0,728.6971221076609,737.7801466556564,0.0,1.1814874510706883,1355137.350556149,748.6920398141136,786.1266418048193,334.41419161943645,42.53948077013084,High
2016-04-06,4,2016,0,0,2016-17,0.7054665476954649,1.6276318428914824,0.0,634.7508695197503,0.0,0.0,0.0,0.0,451.71245018538286,715.4029824288564,0.0,1.1814874510706883,1904252.6085592508,748.6564405585821,786.0892625865112,151.3383930667609,19.252062109181363,High
2016-04-07,4,2016,0,0,2016-17,0.7283328882267784,3.4830138013490366,0.0,494.9108833582258,0.0,0.0,0.0,0.0,634.7508695197503,677.0216964529735,0.0,1.1814874510706883,1484732.6500746775,745.1705774896449,782.4291063641272,287.51822300590135,36.746872102185826,High
2016-04-08,4,2016,0,0,2016-17,0.904902032024907,3.129541936233094,0.0,766.4677914280652,0.0,0.0,0.0,0.0,494.9108833582258,665.7750826061753,0.0,1.1814874510706883,2299403.374284196,746.0336650976843,783.3353483525685,16.867556924503333,2.1532996002258122,Low
2016-04-09,4,2016,1,0,2016-17,0.7213565945380687,2.268065043946671,0.0,556.1836092734715,0.0,0.0,0.0,0.0,766.4677914280652,628.8250350873851,0.0,1.1814874510706883,1668550.8278204144,741.7853049539461,778.8745702016435,222.690960928172,28.591376512718774,High
2016-04-10,4,2016,1,0,2016-17,0.7956926890881284,2.953796837005306,0.0,601.5729123036484,0.0,0.0,0.0,0.0,556.1836092734715,599.5567101276889,0.0,1.1814874510706883,1804718.7369109453,740.4357059259795,777.4574912222785,175.88457891863004,22.623047678415624,High
2016-04-11,4,2016,0,0,2016-17,0.9534625932908364,3.514062245205392,0.0,705.2114818686861,0.0,0.0,0.0,0.0,601.5729123036484,604.899376882315,0.0,1.1814874510706883,2115634.445606058,740.706020844248,777.7413218864604,72.52984001777429,9.325702258155529,Medium
2016-04-12,4,2016,0,0,2016-17,0.7069815807207477,1.616561286604132,0.0,707.1434734824785,0.0,0.0,0.0,0.0,705.2114818686861,601.5442854196043,0.0,1.1814874510706883,2121430.420447436,738.4522305090474,775.3748420344998,68.23136855202131,8.799791385156317,Medium
2016-04-13,4,2016,0,0,2016-17,0.9443405447766808,1.3081326462529548,0.0,890.4317502988177,0.0,0.0,0.0,0.0,707.1434734824785,638.0344316049037,0.0,1.1814874510706883,2671295.2508964534,741.014990220018,778.065739731019,-112.36601056779875,-14.44171164850983,Low
2016-04-14,4,2016,0,0,2016-17,0.78455643243202,2.670373542254339,0.0,532.1133193826527,0.0,0.0,0.0,0.0,890.4317502988177,674.560271716199,0.0,1.1814874510706883,1596339.958147958,736.536071078163,773.3628746320712,241.24955524941856,31.19487153610696,High
2016-04-15,4,2016,0,0,2016-17,0.7354494482864968,3.2313837677650343,0.0,544.4922649376092,0.0,0.0,0.0,0.0,532.1133193826527,679.8749054339743,0.0,1.1814874510706883,1633476.7948128276,735.4830648895912,772.2572181340709,227.76495319646165,29.49340554521299,High
2016-04-16,4,2016,1,0,2016-17,0.9090211496092452,3.049140539106463,0.0,776.7707324960718,0.0,0.0,0.0,0.0,544.4922649376092,648.1641159353377,0.0,1.1814874510706883,2330312.1974882158,734.7363837146776,771.4732029004115,-5.297529595660308,-0.6866770713154841,Low
2016-04-17,4,2016,1,0,2016-17,0.8886828540339652,3.191254595434538,0.0,687.6401245641362,0.0,0.0,0.0,0.0,776.7707324960718,679.6765621099948,0.0,1.1814874510706883,2062920.3736924084,735.5518266097612,772.3294179402493,84.68929337611314,10.965436691764738,Medium
2016-04-18,4,2016,0,0,2016-17,0.963241604058116,1.742333259251732,0.0,896.4703581608512,0.0,0.0,0.0,0.0,687.6401245641362,691.9718781472075,0.0,1.1814874510706883,2689411.0744825536,738.2104855941832,775.1210098738924,-121.34934828695884,-15.655535940988319,Low
2016-04-19,4,2016,0,0,2016-17,0.9205213131411656,3.2713368647000864,0.0,628.8322398851913,0.0,0.0,0.0,0.0,896.4703581608512,719.2945747603738,0.0,1.1814874510706883,1886496.7196555736,737.3162646018842,774.1820778319784,145.34983794678715,18.774632235587944,High
2016-04-20,4,2016,0,0,2016-17,0.9410442791154544,0.4808362214824337,0.0,930.0956695185508,0.0,0.0,0.0,0.0,628.8322398851913,708.1072556750471,0.0,1.1814874510706883,2790287.008555652,736.990846238018,773.8403885499189,-156.25528096863195,-20.19218475549396,Low
2016-04-21,4,2016,0,0,2016-17,0.7846103717713919,2.177956391843398,0.0,682.572520562306,0.0,0.0,0.0,0.0,930.0956695185508,713.7735298492946,0.0,1.1814874510706883,2047717.561686918,733.8036327821189,770.4938144212249,87.92129385891894,11.411031758244958,Medium
2016-04-22,4,2016,0,0,2016-17,0.7532318631339168,0.0230346419924862,0.0,755.368979263186,0.0,0.0,0.0,0.0,682.572520562306,735.2677014463881,0.0,1.1814874510706883,2266106.937789558,734.8730594564456,771.616712429268,16.247733166081957,2.10567408719408,Low
2016-04-23,4,2016,1,0,2016-17,0.9251844254922574,1.2983433196010812,0.0,937.447433112713,0.0,0.0,0.0,0.0,755.368979263186,765.3929463500418,0.0,1.1814874510706883,2812342.299338139,735.5066627329678,772.2819958696163,-165.1654372430968,-21.386674573076743,Low
2016-04-24,4,2016,1,0,2016-17,0.9420504217801792,1.4658461394855915,0.0,845.8231230675408,0.0,0.0,0.0,0.0,937.447433112713,788.3467607238479,0.0,1.1814874510706883,2537469.369202622,739.8435089102096,776.8356843557201,-68.98743871182069,-8.880570254575318,Low
2016-04-25,4,2016,0,0,2016-17,0.997151542600202,1.5846907664370216,0.0,930.5277966911588,0.0,0.0,0.0,0.0,845.8231230675408,810.9443319386199,0.0,1.1814874510706883,2791583.3900734764,742.8121840429674,779.9527932451158,-150.57500344604296,-19.305656028174738,Low
2016-04-26,4,2016,0,0,2016-17,0.8237853030734279,2.7818688267594487,0.0,555.6403671719559,0.0,0.0,0.0,0.0,930.5277966911588,815.8096803000924,0.0,1.1814874510706883,1666921.1015158675,738.7792658479656,775.7182291403639,220.077861968408,28.370850870978508,High
2016-04-27,4,2016,0,0,2016-17,0.8116054257378349,1.554232405081383,0.0,739.3716858078748,0.0,0.0,0.0,0.0,555.6403671719559,805.3536984839159,0.0,1.1814874510706883,2218115.057423624,738.6698258077311,775.6033170981176,36.23163129024283,4.671412626985884,Low
2016-04-28,4,2016,0,0,2016-17,0.932923888222599,1.7947744904901226,0.0,784.2589366051085,0.0,0.0,0.0,0.0,739.3716858078748,778.1074150966766,0.0,1.1814874510706883,2352776.8098153253,739.0955200899069,776.0502960944023,-8.208640510706232,-1.0577459414702286,Low
2016-04-29,4,2016,0,0,2016-17,0.8022410620759053,0.95017652349731,0.0,677.3401176627431,0.0,0.0,0.0,0.0,784.2589366051085,792.6340459599339,0.0,1.1814874510706883,2032020.352988229,735.1044174058636,771.8596382761568,94.51952061341376,12.245687677685831,Medium
2016-04-30,4,2016,1,0,2016-17,0.9792271976810694,1.4930071665173603,0.0,955.2030073683562,0.0,0.0,0.0,0.0,677.3401176627431,781.4870657312993,0.0,1.1814874510706883,2865609.022105069,734.3665211343546,771.0848471910723,-184.11816017728393,-23.877808109962775,Low
2016-05-01,5,2016,1,0,2016-17,0.9575238255529036,0.909078509052606,0.0,1057.8345705426825,0.0,0.0,0.0,0.0,955.2030073683562,784.0235763392483,0.0,1.1814874510706883,3173503.711628047,736.1611951591898,772.9692549171493,-284.8653156255332,-36.853382435769255,Low
2016-05-02,5,2016,0,0,2016-17,0.8286982082125055,0.2927836950737745,0.0,956.0792012083888,0.0,0.0,0.0,0.0,1057.8345705426825,814.3109259785542,0.0,1.1814874510706883,2868237.603625166,739.1383978907622,776.0953177853004,-179.9838834230884,-23.190950814739907,Low
2016-05-03,5,2016,0,0,2016-17,0.9252613203374492,2.413794373525512,0.0,817.3695802423085,0.0,0.0,0.0,0.0,956.0792012083888,817.9611266238728,0.0,1.1814874510706883,2452108.7407269254,739.021247766591,775.9723101549206,-41.39727008738794,-5.334890117293373,Low
2016-05-04,5,2016,0,0,2016-17,0.9263628622254048,2.672851194220065,0.0,730.7991667713217,0.0,0.0,0.0,0.0,817.3695802423085,855.3510142053517,0.0,1.1814874510706883,2192397.500313965,739.0130522395604,775.9637048515384,45.164538080216744,5.820444667429112,Medium
2016-05-05,5,2016,0,0,2016-17,0.7309371606507797,2.477961384038458,0.0,655.3425148303847,0.0,0.0,0.0,0.0,730.7991667713217,854.1263686287014,0.0,1.1814874510706883,1966027.544491154,739.6178804920285,776.5987745166299,121.25625968624513,15.613758824396468,High
2016-05-06,5,2016,0,0,2016-17,0.97076587200387,1.8539761752022892,0.0,946.1641297507372,0.0,0.0,0.0,0.0,655.3425148303847,835.7097369465979,0.0,1.1814874510706883,2838492.389252211,744.0986166283689,781.3035474597873,-164.86058229094988,-21.100708274901958,Low
2016-05-07,5,2016,1,0,2016-17,0.8515757117343571,1.5191431207169193,0.0,809.6440285454759,0.0,0.0,0.0,0.0,946.1641297507372,874.1131672448828,0.0,1.1814874510706883,2428932.085636428,747.2143203130399,784.5750363286919,-25.068992216783954,-3.195231947997067,Low
2016-05-08,5,2016,1,0,2016-17,0.9479372398323224,3.453334598287301,0.0,623.4215492989244,0.0,0.0,0.0,0.0,809.6440285454759,853.3190274130427,0.0,1.1814874510706883,1870264.6478967732,745.5188006718029,782.794740705393,159.37319140646855,20.359512285794608,High
2016-05-09,5,2016,0,0,2016-17,0.7960148803091835,2.076327140544872,0.0,672.7321908845718,0.0,0.0,0.0,0.0,623.4215492989244,791.2600243782201,0.0,1.1814874510706883,2018196.5726537155,741.5992283026166,778.6791897177474,105.9469988331756,13.605988221102821,Medium
2016-05-10,5,2016,0,0,2016-17,0.9686569685488602,1.916727510518924,0.0,964.094781513326,0.0,0.0,0.0,0.0,672.7321908845718,750.7818800462463,0.0,1.1814874510706883,2892284.344539978,742.4405635177479,779.5625916936353,-184.53218981969064,-23.671247413089183,Low
2016-05-11,5,2016,0,0,2016-17,0.8167605036202489,0.1025682632257427,0.0,893.5965040966647,0.0,0.0,0.0,0.0,964.094781513326,771.7426230849632,0.0,1.1814874510706883,2680789.512289994,742.8088287554673,779.9492701932406,-113.64723390342408,-14.57110587144556,Low
2016-05-12,5,2016,0,0,2016-17,0.7032512954440895,1.3649913105046254,0.0,489.7734556237823,0.0,0.0,0.0,0.0,893.5965040966647,794.9993855600121,0.0,1.1814874510706883,1469320.366871347,738.9641834515593,775.9123926241373,286.138937000355,36.8777377085875,High
2016-05-13,5,2016,0,0,2016-17,0.9716145929257792,1.5207824751434282,0.0,833.3616429241831,0.0,0.0,0.0,0.0,489.7734556237823,771.3466628162117,0.0,1.1814874510706883,2500084.928772549,741.6171542873876,778.698012001757,-54.66363092242614,-7.019875494725521,Low
2016-05-14,5,2016,1,0,2016-17,0.72738600303584,1.595291123587602,0.0,655.3603482252827,0.0,0.0,0.0,0.0,833.3616429241831,755.2320218409898,0.0,1.1814874510706883,1966081.044675848,743.6789538053295,780.8629014955959,125.50255327031323,16.07229041486498,High
2016-05-15,5,2016,1,0,2016-17,0.7957940912771244,2.320689476909329,0.0,736.188048285388,0.0,0.0,0.0,0.0,655.3603482252827,733.1914960809621,0.0,1.1814874510706883,2208564.144856164,741.1600965711428,778.2181013997,42.030053114311954,5.400806411302547,Medium
2016-05-16,5,2016,0,0,2016-17,0.9850185901152416,2.134410186907514,0.0,845.2579541502544,0.0,0.0,0.0,0.0,736.188048285388,749.3009959361714,0.0,1.1814874510706883,2535773.862450763,740.099143649119,777.104100831575,-68.15385331867935,-8.77023467586238,Low
2016-05-17,5,2016,0,0,2016-17,0.9851821440812668,2.4316203711737785,0.0,886.5988469335803,0.0,0.0,0.0,0.0,845.2579541502544,773.9475335455544,0.0,1.1814874510706883,2659796.540800741,739.7830801887451,776.7722341981823,-109.82661273539793,-14.138843782021338,Low
2016-05-18,5,2016,0,0,2016-17,0.8720313664369859,3.059533046168513,0.0,642.9200603535044,0.0,0.0,0.0,0.0,886.5988469335803,762.8766857484479,0.0,1.1814874510706883,1928760.181060513,740.300099222248,777.3151041833605,134.39504382985615,17.289647802617992,High
2016-05-19,5,2016,0,0,2016-17,0.8895511636509398,3.251942954864374,0.0,557.5603704579263,0.0,0.0,0.0,0.0,642.9200603535044,727.0657652137107,0.0,1.1814874510706883,1672681.111373779,735.6050974112221,772.3853522817833,214.824981823857,27.813186926606043,High
2016-05-20,5,2016,0,0,2016-17,0.8345336565934959,2.8724923049059776,0.0,633.2739418236805,0.0,0.0,0.0,0.0,557.5603704579263,736.749610190017,0.0,1.1814874510706883,1899821.8254710413,733.2865041027109,769.9508293078464,136.67688748416595,17.75137869609579,High
2016-05-21,5,2016,1,0,2016-17,0.7879632315094194,3.8220947838197383,0.0,559.763574599368,0.0,0.0,0.0,0.0,633.2739418236805,708.1656528899454,0.0,1.1814874510706883,1679290.723798104,728.2094822202672,764.6199563312806,204.85638173191262,26.791921926133483,High
2016-05-22,5,2016,1,0,2016-17,0.7985993636109747,0.0729303307054465,0.0,894.9588610621466,0.0,0.0,0.0,0.0,559.763574599368,694.508970943386,0.0,1.1814874510706883,2684876.58318644,727.4106723383255,763.7812059552418,-131.1776551069048,-17.174768648941058,Low
2016-05-23,5,2016,0,0,2016-17,0.9017555368231116,0.7831119427341844,0.0,853.3244013467544,0.0,0.0,0.0,0.0,894.9588610621466,717.19051562578,0.0,1.1814874510706883,2559973.204040264,730.4355144412035,766.9572901632637,-86.36711118349069,-11.26100661551904,Low
2016-05-24,5,2016,0,0,2016-17,0.925712358831304,0.0302514999125684,0.0,1005.4354016307738,0.0,0.0,0.0,0.0,853.3244013467544,718.3428652252802,0.0,1.1814874510706883,3016306.204892321,736.3626287904776,773.1807602300015,-232.25464140077224,-30.03885421717975,Low
2016-05-25,5,2016,0,0,2016-17,0.9374737131177544,2.589898856618412,0.0,920.5442313527228,0.0,0.0,0.0,0.0,1005.4354016307738,735.3195158963077,0.0,1.1814874510706883,2761632.694058168,734.8041203657842,771.5443263840734,-148.9999049686494,-19.31190469210676,Low
2016-05-26,5,2016,0,0,2016-17,0.9368854428383662,3.592122195799948,0.0,598.2304932923689,0.0,0.0,0.0,0.0,920.5442313527228,774.9801117533389,0.0,1.1814874510706883,1794691.4798771068,735.0659847956683,771.8192840354518,173.58879074308288,22.490859496989383,High
2016-05-27,5,2016,0,0,2016-17,0.727361830914607,0.9739291863051972,0.0,765.7861635445768,0.0,0.0,0.0,0.0,598.2304932923689,780.7901293011164,0.0,1.1814874510706883,2297358.4906337303,737.3186615191609,774.1845945951189,8.398431050542172,1.0848098901960666,Low
2016-05-28,5,2016,1,0,2016-17,0.8483260914107744,3.7081381791852266,0.0,476.336902252389,0.0,0.0,0.0,0.0,765.7861635445768,799.7204466898158,0.0,1.1814874510706883,1429010.706757167,737.728552366138,774.614979984445,298.278077732056,38.50662399248278,High
2016-05-29,5,2016,1,0,2016-17,0.7172676280049932,0.2410695611582434,0.0,825.3202940157099,0.0,0.0,0.0,0.0,476.336902252389,787.8023506402475,0.0,1.1814874510706883,2475960.88204713,739.3848275078103,776.3540688832009,-48.96622513250907,-6.307202743581657,Low
2016-05-30,5,2016,0,0,2016-17,0.8648586646971206,3.737744107222057,0.0,551.9196660795247,0.0,0.0,0.0,0.0,825.3202940157099,777.853983919328,0.0,1.1814874510706883,1655758.9982385742,738.4709036831019,775.3944488672571,223.47478278773235,28.82078703480503,High
2016-05-31,5,2016,0,0,2016-17,0.8324591504120131,1.4064907489585377,0.0,816.7833850770027,0.0,0.0,0.0,0.0,551.9196660795247,734.796164595438,0.0,1.1814874510706883,2450350.155231008,737.6100254296692,774.4905267011527,-42.29285837584996,-5.460732819546702,Low
2016-06-01,6,2016,0,1,2016-17,0.96631125482749,0.405683313796866,0.0,749.2570051135463,0.0,0.0,0.0,0.0,816.7833850770027,707.8458765163278,0.0,1.1814874510706883,2247771.015340639,738.7875678226887,775.7269462138232,26.46994110027697,3.4122755731861263,Low
2016-06-02,6,2016,0,1,2016-17,0.8052745037656236,1.9434870367453023,6.942385813625232,552.0987671284743,0.0,0.0,0.0,0.0,749.2570051135463,683.3762727678741,0.0,1.1814874510706883,1656296.3013854227,734.4567803052433,771.1796193205056,219.08085219203133,28.40853760957347,High
2016-06-03,6,2016,0,1,2016-17,0.7351201049282817,1.0271062708820318,8.126176841527602,488.523759344181,0.0,0.0,0.0,0.0,552.0987671284743,676.7860261730319,0.0,1.1814874510706883,1465571.278032543,731.5181216291851,768.0940277106444,279.5702683664634,36.39792242620884,High
2016-06-04,6,2016,1,1,2016-17,0.7428975046158507,1.139491607847691,2.097452932463517,531.5362450586673,0.0,0.0,0.0,0.0,488.523759344181,637.1771112872611,0.0,1.1814874510706883,1594608.735176002,728.3757998867947,764.7945898811345,233.25834482246717,30.49947631804254,High
2016-06-05,6,2016,1,1,2016-17,0.9284531895152416,1.2291598597051463,4.06131325682145,723.0958023339267,0.0,0.0,0.0,0.0,531.5362450586673,645.062731688158,0.0,1.1814874510706883,2169287.4070017803,728.3997231812494,764.819709340312,41.723907006385275,5.455391185247283,Medium
2016-06-06,6,2016,0,1,2016-17,0.8854654189948783,3.2121035913306537,16.104832962718643,418.9117929415179,0.0,0.0,0.0,0.0,723.0958023339267,630.4592328764747,0.0,1.1814874510706883,1256735.3788245537,724.3914748467787,760.6110485891177,341.6992556475998,44.92430872276032,High
2016-06-07,6,2016,0,1,2016-17,0.730336802836837,2.156645106701018,0.0,528.3718257684548,0.0,0.0,0.0,0.0,418.9117929415179,611.4581081424737,0.0,1.1814874510706883,1585115.4773053643,722.5979221433055,758.7278182504708,230.35599248201606,30.360820697623485,High
2016-06-08,6,2016,0,1,2016-17,0.7252320418344992,1.2452307966240146,0.0,551.639439849014,0.0,0.0,0.0,0.0,528.3718257684548,570.2564568126811,0.0,1.1814874510706883,1654918.319547042,722.0662856788236,758.1695999627649,206.53016011375087,27.240627970825255,High
2016-06-09,6,2016,0,1,2016-17,0.910290739437736,2.441335133243673,0.0,613.0354924758999,0.0,0.0,0.0,0.0,551.639439849014,542.025376060605,0.0,1.1814874510706883,1839106.4774277,718.1405751685149,754.0476039269407,141.01211145104082,18.700690873716166,High
2016-06-10,6,2016,0,1,2016-17,0.721828901909258,2.8646026968927742,10.227605452244989,424.01237521882274,0.0,0.0,0.0,0.0,613.0354924758999,550.7306225388089,0.0,1.1814874510706883,1272037.1256564683,715.0552127127078,750.8079733483432,326.7955981295205,43.52585610833692,High
2016-06-11,6,2016,1,1,2016-17,0.9465580177871068,1.090496002934135,0.0,727.3535619952045,0.0,0.0,0.0,0.0,424.01237521882274,541.5147105209005,0.0,1.1814874510706883,2182060.6859856136,716.0202254264118,751.8212366977324,24.467674702527916,3.2544537861152594,Low
2016-06-12,6,2016,1,1,2016-17,0.9118726681469488,1.654196406101406,0.0,618.5984475500246,0.0,0.0,0.0,0.0,727.3535619952045,569.4886129404058,0.0,1.1814874510706883,1855795.3426500736,716.2409589909283,752.0530069404748,133.45455939045019,17.74536610569169,High
2016-06-13,6,2016,0,1,2016-17,0.7244046341925698,0.4875443733477902,0.0,580.6405742069708,0.0,0.0,0.0,0.0,618.5984475500246,554.5604193998482,0.0,1.1814874510706883,1741921.7226209124,713.0978177967511,748.7527086865887,168.1121344796179,22.45229066009108,High
2016-06-14,6,2016,0,1,2016-17,0.7254513142255575,0.7245973981387213,9.821278078328008,607.6797724340837,0.0,0.0,0.0,0.0,580.6405742069708,577.6645310091988,0.0,1.1814874510706883,1823039.317302251,711.6706386571924,747.254170590052,139.5743981559683,18.678302999066116,High
2016-06-15,6,2016,0,1,2016-17,0.9959918735503526,2.7244714158599312,0.0,648.1294116935956,0.0,0.0,0.0,0.0,607.6797724340837,588.9942376757172,0.0,1.1814874510706883,1944388.2350807867,710.870273460696,746.4137871337308,98.28437544013525,13.167545553727317,Medium
2016-06-16,6,2016,0,1,2016-17,0.8122812387268361,0.7257533907825078,14.814669816677004,537.9098993139313,0.0,0.0,0.0,0.0,648.1294116935956,602.7785193678003,0.0,1.1814874510706883,1613729.6979417938,709.9322652733844,745.4288785370536,207.5189792231223,27.838870373574746,High
2016-06-17,6,2016,0,1,2016-17,0.8111926441200672,2.1006535346682407,3.3762419143765303,570.9803540783312,0.0,0.0,0.0,0.0,537.9098993139313,592.0462917732332,0.0,1.1814874510706883,1712941.0622349936,708.8494569394959,744.2919297864707,173.31157570813957,23.285429919663482,High
2016-06-18,6,2016,1,1,2016-17,0.9438398701772508,2.8361850468897307,2.1036890577334315,613.0653423365545,0.0,0.0,0.0,0.0,570.9803540783312,613.0417173245917,0.0,1.1814874510706883,1839196.027009664,708.6289698347541,744.0604183264918,130.99507598993728,17.605435360285078,High
2016-06-19,6,2016,1,1,2016-17,0.9841745732151576,0.4275076923789753,0.0,863.1206602729083,0.0,0.0,0.0,0.0,613.0653423365545,596.7148288019273,0.0,1.1814874510706883,2589361.9808187247,710.0647495297193,745.5679870062053,-117.55267326670298,-15.766861683363103,Low
2016-06-20,6,2016,0,1,2016-17,0.9958003191468612,2.269248878515614,0.0,627.4000181404139,0.0,0.0,0.0,0.0,863.1206602729083,631.6465734766251,0.0,1.1814874510706883,1882200.0544212416,711.6527046273065,747.2353398586719,119.835321718258,16.03715928919034,High
2016-06-21,6,2016,0,1,2016-17,0.9260134555776824,1.026251134805455,13.500768016733604,622.9910800362827,0.0,0.0,0.0,0.0,627.4000181404139,638.3264940385454,0.0,1.1814874510706883,1868973.240108848,710.0510423433537,745.5535944605215,122.56251442423877,16.43912863339145,High
2016-06-22,6,2016,0,1,2016-17,0.8128778756592747,3.851707500950319,6.437204980366269,369.23841440846047,0.0,0.0,0.0,0.0,622.9910800362827,640.5138236960025,0.0,1.1814874510706883,1107715.2432253817,702.0316257489061,737.1332070363515,367.894792627891,49.90886167060825,High
2016-06-23,6,2016,0,1,2016-17,0.7250502150096005,1.934182586879699,3.29654748370779,479.53094301056507,0.0,0.0,0.0,0.0,369.23841440846047,600.6722526552688,0.0,1.1814874510706883,1438592.8290316951,701.0330816550602,736.0847357378133,256.5537927272482,34.85383954743905,High
2016-06-24,6,2016,0,1,2016-17,0.933144074778231,3.2239701991006324,1.3669557870442832,582.2482861062123,0.0,0.0,0.0,0.0,479.53094301056507,592.3324017547881,0.0,1.1814874510706883,1746744.858318637,700.3393805648387,735.3563495930807,153.10806348686845,20.820934445128927,High
2016-06-25,6,2016,1,1,2016-17,0.8675212749207415,2.200906168625047,7.856189367054863,571.9536518696917,0.0,0.0,0.0,0.0,582.2482861062123,593.9421063301995,0.0,1.1814874510706883,1715860.9556090753,699.088761474391,734.0431995481106,162.08954767841885,22.081745022391587,High
2016-06-26,6,2016,1,1,2016-17,0.8272666027740929,0.1736501314192766,5.874216007435747,708.0551409103881,0.0,0.0,0.0,0.0,571.9536518696917,588.0690076920763,0.0,1.1814874510706883,2124165.4227311644,697.9774360986439,732.8763079035762,24.821166993188058,3.3868153091467867,Low
2016-06-27,6,2016,0,1,2016-17,0.9719063155284208,2.5326055023760894,0.0,717.8590443734195,0.0,0.0,0.0,0.0,708.0551409103881,565.9167906402878,0.0,1.1814874510706883,2153577.1331202583,699.1941743719822,734.1538830905813,16.294838717161838,2.21953994829601,Low
2016-06-28,6,2016,0,1,2016-17,0.7333592446918453,3.805613368826628,5.109046057476244,412.148161732497,0.0,0.0,0.0,0.0,717.8590443734195,578.8395086735743,0.0,1.1814874510706883,1236444.4851974912,693.7355998206663,728.4223798116996,316.27421807920257,43.4190693263654,High
2016-06-29,6,2016,0,1,2016-17,0.8477875312872577,2.4064472805853248,0.5389749777631856,559.2047743106448,0.0,0.0,0.0,0.0,412.148161732497,548.7190917730335,0.0,1.1814874510706883,1677614.3229319344,693.5752397542755,728.2540017419892,169.04922743134443,23.212948645249785,High
2016-06-30,6,2016,0,1,2016-17,0.7034060934302256,3.276755437707161,18.58202704341656,249.857502965402,0.0,0.0,0.0,0.0,559.2047743106448,575.8571431876313,0.0,1.1814874510706883,749572.508896206,684.9612328532288,719.2092944958903,469.3517915304883,65.25941685159496,High
2016-07-01,7,2016,0,1,2016-17,0.8405981925982379,3.536825853393631,0.0,441.4188986950044,0.0,0.0,0.0,0.0,249.857502965402,543.0466517526079,0.0,1.1814874510706883,1324256.6960850132,681.4096441277139,715.4801263340996,274.06122763909525,38.30451993730431,High
2016-07-02,7,2016,1,1,2016-17,0.7168909827045512,0.91231908779573,0.0,562.3720467742025,0.0,0.0,0.0,0.0,441.4188986950044,522.9281678367212,0.0,1.1814874510706883,1687116.1403226077,681.3896197027466,715.459100687884,153.08705391368142,21.397037757503487,High
2016-07-03,7,2016,1,1,2016-17,0.7356453748804216,0.8481793596329066,0.0,642.2136369393544,0.0,0.0,0.0,0.0,562.3720467742025,521.559367108794,0.0,1.1814874510706883,1926640.9108180632,680.4286920897655,714.4501266942538,72.23648975489937,10.110781292619562,Medium
2016-07-04,7,2016,0,1,2016-17,0.7352578740331315,2.443923955403967,1.727208421219272,480.8555072184472,0.0,0.0,0.0,0.0,642.2136369393544,512.153437970075,0.0,1.1814874510706883,1442566.5216553414,680.7525038345773,714.7901290263062,233.934621807859,32.727735360101704,High
2016-07-05,7,2016,0,1,2016-17,0.8947630906348191,1.6441138792268188,5.515199384787172,594.9994771342568,0.0,0.0,0.0,0.0,480.8555072184472,478.2957898050789,0.0,1.1814874510706883,1784998.4314027706,680.3108216969606,714.3263627818087,119.32688564755188,16.704813354900683,High
2016-07-06,7,2016,0,1,2016-17,0.9238134637796268,3.3594452114668814,4.802364446503829,475.8708627573857,0.0,0.0,0.0,0.0,594.9994771342568,504.41740629104464,0.0,1.1814874510706883,1427612.5882721571,680.0992659125069,714.1042292081323,238.23336645074664,33.361147673767846,High
2016-07-07,7,2016,0,1,2016-17,0.8750106295291479,3.6000924935920446,0.0,492.02526150713936,0.0,0.0,0.0,0.0,475.8708627573857,492.5125617834361,0.0,1.1814874510706883,1476075.7845214182,677.049904468941,710.9023996923881,218.87713818524878,30.788634034708316,High
2016-07-08,7,2016,0,1,2016-17,0.9886517645423626,1.4136855172108724,0.0,801.123494679088,0.0,0.0,0.0,0.0,492.02526150713936,527.1079558608272,0.0,1.1814874510706883,2403370.4840372643,679.7714587512256,713.760031688787,-87.36346299030106,-12.239892836755702,Low
2016-07-09,7,2016,1,1,2016-17,0.8124611738571113,0.9474822358979282,0.0,739.6272619526208,0.0,0.0,0.0,0.0,801.123494679088,578.4943267156963,0.0,1.1814874510706883,2218881.7858578623,681.3053959695476,715.370665768025,-24.256596184595764,-3.3907731118040436,Low
2016-07-10,7,2016,1,1,2016-17,0.7857136258845582,3.1221020609754477,0.0,467.1131189800717,0.0,0.0,0.0,0.0,739.6272619526208,603.8165003126131,0.0,1.1814874510706883,1401339.356940215,678.6598586041185,712.5928515343245,245.4797325542528,34.448806499489336,High
2016-07-11,7,2016,0,1,2016-17,0.960579738456838,1.0992241421925444,0.0,754.6247218690771,0.0,0.0,0.0,0.0,467.1131189800717,578.8021406041443,0.0,1.1814874510706883,2263874.165607231,679.1874280306363,713.1467994321681,-41.47792243690901,-5.8161829331541774,Low
2016-07-12,7,2016,0,1,2016-17,0.7670787515558357,3.2904572740547136,10.442821173589902,330.3605007441983,0.0,0.0,0.0,0.0,754.6247218690771,617.912028411377,0.0,1.1814874510706883,991081.5022325948,672.9644141466961,706.612634854031,376.25213410983264,53.24729781934302,High
2016-07-13,7,2016,0,1,2016-17,0.9889667618321832,1.694953014595051,0.0,834.9905992943975,0.0,0.0,0.0,0.0,330.3605007441983,580.1064603556543,0.0,1.1814874510706883,2504971.7978831925,676.3297172568266,710.1462031196679,-124.84439617472958,-17.580097679363618,Low
2016-07-14,7,2016,0,1,2016-17,0.7036463424069449,2.670199597165882,1.3842926192286056,371.2329374662694,0.0,0.0,0.0,0.0,834.9905992943975,631.4092798609418,0.0,1.1814874510706883,1113698.812398808,674.4046136182561,708.124844299169,336.8919068328996,47.57521354392268,High
2016-07-15,7,2016,0,1,2016-17,0.9909636480122916,0.3821412553386727,9.580289883546776,855.8448048807213,0.0,0.0,0.0,0.0,371.2329374662694,614.1532335693889,0.0,1.1814874510706883,2567534.414642164,675.28321442253,709.0473751436566,-146.7974297370647,-20.70347269917229,Low
2016-07-16,7,2016,1,1,2016-17,0.7129479735851728,2.495437298706292,7.885066415514044,409.7142996974932,0.0,0.0,0.0,0.0,855.8448048807213,621.9705635981937,0.0,1.1814874510706883,1229142.8990924796,672.1951497017895,705.8049071868791,296.0906074893859,41.95077201567099,High
2016-07-17,7,2016,1,1,2016-17,0.9673429341094212,1.8070707149489165,3.893012937850681,646.9076524229571,0.0,0.0,0.0,0.0,409.7142996974932,574.8401404188897,0.0,1.1814874510706883,1940722.9572688716,669.4222307491463,702.8933422866036,55.985689863646485,7.965033454651562,Medium
2016-07-18,7,2016,0,1,2016-17,0.85831033272589,2.3464338527018964,9.3417353527996,468.200843718286,0.0,0.0,0.0,0.0,646.9076524229571,600.5250737678734,0.0,1.1814874510706883,1404602.531154858,667.6374374584028,701.019309331323,232.818465613037,33.21141978743982,High
2016-07-19,7,2016,0,1,2016-17,0.9978894388357902,0.6720568309794537,6.933090115658655,919.5884512998944,0.0,0.0,0.0,0.0,468.200843718286,559.607376889189,0.0,1.1814874510706883,2758765.353899684,667.5206905893067,700.8967251187721,-218.69172618112225,-31.201704665414624,Low
2016-07-20,7,2016,0,1,2016-17,0.7221389694206196,2.9474949797767285,21.51776729721528,343.80075092132347,0.0,0.0,0.0,0.0,919.5884512998944,643.7827983971456,0.0,1.1814874510706883,1031402.2527639704,663.7565598155179,696.9443878062938,353.1436368849703,50.670274854573016,High
2016-07-21,7,2016,0,1,2016-17,0.8661562853203962,3.451188310172914,5.870079174455887,470.87836627785526,0.0,0.0,0.0,0.0,343.80075092132347,573.612820058135,0.0,1.1814874510706883,1412635.0988335658,660.5955530045699,693.6253306547984,222.74696437694314,32.11344144059226,High
2016-07-22,7,2016,0,1,2016-17,0.9907907606857296,0.8669592003631026,2.917234768217386,834.3382007367604,0.0,0.0,0.0,0.0,470.87836627785526,587.847881316933,0.0,1.1814874510706883,2503014.6022102814,659.4498948670594,692.4223896104123,-141.9158111263481,-20.49555491788708,Low
2016-07-23,7,2016,1,1,2016-17,0.8569293532510447,0.3828582220806469,9.648296146218357,640.0604168593774,0.0,0.0,0.0,0.0,834.3382007367604,584.7755092963671,0.0,1.1814874510706883,1920181.250578132,657.1636425758575,690.0218247046504,49.961407845273015,7.240554726896931,Medium
2016-07-24,7,2016,1,1,2016-17,0.8888195914405788,0.0945543441853455,5.305021117525095,750.2685524087013,0.0,0.0,0.0,0.0,640.0604168593774,617.6820974623506,0.0,1.1814874510706883,2250805.657226104,655.1607620838302,687.9188001880217,-62.34975222067965,-9.063533690842327,Low
2016-07-25,7,2016,0,1,2016-17,0.9087246066953852,2.567886001773064,6.827519506897004,563.2728640191934,0.0,0.0,0.0,0.0,750.2685524087013,632.447940317457,0.0,1.1814874510706883,1689818.5920575804,655.245567604355,688.0078459845728,124.73498196537935,18.129877834006024,High
2016-07-26,7,2016,0,1,2016-17,0.836362319430332,2.428376144355123,0.0,532.3266935825851,0.0,0.0,0.0,0.0,563.2728640191934,646.0296575033009,0.0,1.1814874510706883,1596980.0807477552,652.9450676907406,685.5923210752777,153.2656274926926,22.355213554946467,High
2016-07-27,7,2016,0,1,2016-17,0.8882674240252191,2.18678965085628,0.0,681.1814423624323,0.0,0.0,0.0,0.0,532.3266935825851,590.706549257971,0.0,1.1814874510706883,2043544.327087297,651.7997621991555,684.3897503091133,3.208307946680975,0.4687837515438976,Low
2016-07-28,7,2016,0,1,2016-17,0.8752942935769301,0.9277883844639015,0.0,691.0354549297493,0.0,0.0,0.0,0.0,681.1814423624323,638.903790892415,0.0,1.1814874510706883,2073106.364789248,651.9519326132332,684.5495292438949,-6.485925685854454,-0.9474735441010894,Low
2016-07-29,7,2016,0,1,2016-17,0.9703474031472968,1.563623983622059,0.0,638.6626047385555,0.0,0.0,0.0,0.0,691.0354549297493,670.3548035569713,0.0,1.1814874510706883,1915987.8142156664,648.4348170284576,680.8565578798805,42.19395314132498,6.197186860138757,Medium
2016-07-30,7,2016,1,1,2016-17,0.7136339141024374,2.377905340744692,2.1210383022753554,453.1482810827105,0.0,0.0,0.0,0.0,638.6626047385555,642.4011469857991,0.0,1.1814874510706883,1359444.8432481317,641.7160804789024,673.8018845028475,220.65360342013702,32.74754916765219,High
2016-07-31,7,2016,1,1,2016-17,0.7842889568776691,1.9870674354366773,0.0,570.3357742849329,0.0,0.0,0.0,0.0,453.1482810827105,615.6994133034183,0.0,1.1814874510706883,1711007.3228547988,637.4300424019752,669.301544522074,98.9657702371411,14.786424900275597,Medium
2016-08-01,8,2016,0,1,2016-17,0.9851234452229676,3.951142080859549,10.55530661858473,419.4445652046184,0.0,0.0,0.0,0.0,570.3357742849329,589.9947307143085,0.0,1.1814874510706883,1258333.6956138553,633.0086533460009,664.6590860133009,245.2145208086825,36.89327746642365,High
2016-08-02,8,2016,0,1,2016-17,0.967079135167275,0.5457590102269325,4.633698693890851,738.6667922558662,0.0,0.0,0.0,0.0,419.4445652046184,569.4478308836549,0.0,1.1814874510706883,2216000.3767675986,633.0960714069402,664.7508749772871,-73.91591727857906,-11.119341103703636,Low
2016-08-03,8,2016,0,1,2016-17,0.8366970258357138,2.780578216190375,0.0,504.561883862378,0.0,0.0,0.0,0.0,738.6667922558662,598.9249878369808,0.0,1.1814874510706883,1513685.651587134,631.4207310628512,662.9917676159938,158.4298837536158,23.89620678448284,High
2016-08-04,8,2016,0,1,2016-17,0.886039779340461,1.6172750724171685,8.336949316542071,679.2309458212743,0.0,0.0,0.0,0.0,504.561883862378,573.693622336973,0.0,1.1814874510706883,2037692.837463823,628.4548067969683,659.8775471368168,-19.35339868445749,-2.9328772843433057,Low
2016-08-05,8,2016,0,1,2016-17,0.7832143548943398,1.712798459702459,0.0,547.7084120788505,0.0,0.0,0.0,0.0,679.2309458212743,572.0072638929051,0.0,1.1814874510706883,1643125.2362365515,625.5444110584502,656.8216316113728,109.1132195325223,16.612306032740747,High
2016-08-06,8,2016,1,1,2016-17,0.7564363479171283,2.870391062632705,0.0,556.9231488247765,0.0,0.0,0.0,0.0,547.7084120788505,559.0138077986616,0.0,1.1814874510706883,1670769.4464743296,624.8055399420708,656.0458169391744,99.12266811439792,15.109107558502751,High
2016-08-07,8,2016,1,1,2016-17,0.8391095214819946,2.7697446052974786,0.0,503.0949130347327,0.0,0.0,0.0,0.0,556.9231488247765,573.838788904671,0.0,1.1814874510706883,1509284.739104198,622.9206812992949,654.0667153642596,150.9718023295269,23.082018819050962,High
2016-08-08,8,2016,0,1,2016-17,0.8060056684078158,3.965023974808753,0.0,448.78286985364167,0.0,0.0,0.0,0.0,503.0949130347327,564.2329515832138,0.0,1.1814874510706883,1346348.609560925,617.194993391965,648.0547430615633,199.2718732079216,30.74923458881179,High
2016-08-09,8,2016,0,1,2016-17,0.8750968335552616,0.5135771578165009,25.05403503669668,571.218932993786,0.0,0.0,0.0,0.0,448.78286985364167,568.4241379616457,0.0,1.1814874510706883,1713656.798981358,613.6130203797107,644.2936713986963,73.07473840491036,11.341837061083108,Medium
2016-08-10,8,2016,0,1,2016-17,0.7233203910894954,0.4164385975366653,5.605735945211612,624.5846207756144,0.0,0.0,0.0,0.0,571.218932993786,544.50301520992,0.0,1.1814874510706883,1873753.8623268437,615.1109222147311,645.8664683254676,21.281847549853182,3.2950847572301503,Low
2016-08-11,8,2016,0,1,2016-17,0.99231844229985,2.8973552685149646,11.574268484380951,497.75685276548296,0.0,0.0,0.0,0.0,624.5846207756144,561.6491204832395,0.0,1.1814874510706883,1493270.5582964488,611.3819801018567,641.9510791069496,144.19422634146662,22.461871478129215,High
2016-08-12,8,2016,0,1,2016-17,0.9958632233438808,2.3135476680256364,5.916495577264372,686.2295236483411,0.0,0.0,0.0,0.0,497.75685276548296,535.7242500466979,0.0,1.1814874510706883,2058688.5709450236,611.7249709398907,642.3112194868852,-43.91830416145592,-6.837542740813459,Low
2016-08-13,8,2016,1,1,2016-17,0.9094485142059237,1.0966426662392237,0.0,723.3393676643095,0.0,0.0,0.0,0.0,686.2295236483411,555.5129802709108,0.0,1.1814874510706883,2170018.1029929286,611.5822078218787,642.1613182129727,-81.17804945133685,-12.641379533298853,Low
2016-08-14,8,2016,1,1,2016-17,0.8608289099032361,0.3176774759559464,0.0,702.5262916139221,0.0,0.0,0.0,0.0,723.3393676643095,579.2867258194154,0.0,1.1814874510706883,2107578.8748417664,609.996300460364,640.4961154833821,-62.030176130539985,-9.68470762445231,Low
2016-08-15,8,2016,0,1,2016-17,0.7928582848858983,0.3426329983857221,0.0,668.8042677749439,0.0,0.0,0.0,0.0,702.5262916139221,607.7769227592996,0.0,1.1814874510706883,2006412.803324832,607.5763606919346,637.9551787265314,-30.849089048412566,-4.835620130867606,Low
2016-08-16,8,2016,0,1,2016-17,0.9441385059120846,3.576763498656473,3.939055171308045,600.313868979971,0.0,0.0,0.0,0.0,668.8042677749439,639.2085510337714,0.0,1.1814874510706883,1800941.6069399128,607.1029585655621,637.4581064938402,37.14423751386926,5.826929979472805,Medium
2016-08-17,8,2016,0,1,2016-17,0.9054193517661636,0.7674692988749716,16.479437258475578,656.3800945969693,0.0,0.0,0.0,0.0,600.313868979971,643.3649704603694,0.0,1.1814874510706883,1969140.283790908,608.2009555004403,638.6110032754623,-17.769091321507062,-2.782459310968439,Low
2016-08-18,8,2016,0,1,2016-17,0.7487850818034674,1.293486248462083,0.9498284908228576,533.0014684970474,0.0,0.0,0.0,0.0,656.3800945969693,647.9071810062771,0.0,1.1814874510706883,1599004.4054911423,607.0868169079221,637.4411577533182,104.43968925627075,16.384208641997922,High
2016-08-19,8,2016,0,1,2016-17,0.9732781553481528,0.906625608907952,13.66962549191115,640.9198869504105,0.0,0.0,0.0,0.0,533.0014684970474,652.9421261107864,0.0,1.1814874510706883,1922759.6608512315,607.9885537118225,638.3879813974137,-2.531905552996818,-0.3966092136406683,Low
2016-08-20,8,2016,1,1,2016-17,0.9467611728769508,1.4199852233277492,0.0,747.3896550297909,0.0,0.0,0.0,0.0,640.9198869504105,646.4693208682248,0.0,1.1814874510706883,2242168.965089373,606.3488958670187,636.6663406603697,-110.72331436942125,-17.391105402961255,Low
2016-08-21,8,2016,1,1,2016-17,0.9849399739875772,0.2776953709843734,0.8102113784321193,854.3375412770903,0.0,0.0,0.0,0.0,747.3896550297909,649.9050762061507,0.0,1.1814874510706883,2563012.6238312707,606.3601529773557,636.6781606262235,-217.65938065086675,-34.18672009053702,Low
2016-08-22,8,2016,0,1,2016-17,0.917715852516508,2.076239163633081,12.726586591350452,611.8525961062586,0.0,0.0,0.0,0.0,854.3375412770903,671.5923975866034,0.0,1.1814874510706883,1835557.788318776,601.98701069375,632.0863612284376,20.233765122178966,3.2011076908628997,Low
2016-08-23,8,2016,0,1,2016-17,0.8840245587807369,0.2704502543688596,6.90707262921408,642.101470857617,0.0,0.0,0.0,0.0,611.8525961062586,663.4564444910768,0.0,1.1814874510706883,1926304.412572851,598.8932022438045,628.8378623559947,-13.26360850162223,-2.1092254928685414,Low
2016-08-24,8,2016,0,1,2016-17,0.8254729108871857,3.2014260312894463,0.0,431.8634664904913,0.0,0.0,0.0,0.0,642.101470857617,669.4261019021691,0.0,1.1814874510706883,1295590.399471474,597.0446797237835,626.8969137099726,195.03344721948133,31.110927961867674,High
2016-08-25,8,2016,0,1,2016-17,0.979818545006204,0.934848327641732,0.0,850.2179532112127,0.0,0.0,0.0,0.0,431.8634664904913,637.352297886958,0.0,1.1814874510706883,2550653.859633638,597.9828107200794,627.8819512560834,-222.3360019551293,-35.41047827706213,Low
2016-08-26,8,2016,0,1,2016-17,0.9598191668501224,2.1600476584180424,2.924733823566674,668.5046758939628,0.0,0.0,0.0,0.0,850.2179532112127,682.6689385604102,0.0,1.1814874510706883,2005514.0276818883,600.1180082049858,630.1239086152351,-38.38076727872772,-6.090987304873667,Low
2016-08-27,8,2016,1,1,2016-17,0.7135656010318567,3.520316350245833,4.895873870629185,411.86782098251496,0.0,0.0,0.0,0.0,668.5046758939628,686.6096226952034,0.0,1.1814874510706883,1235603.4629475449,595.5240918379503,625.3002964298479,213.43247544733293,34.13279614065844,High
2016-08-28,8,2016,1,1,2016-17,0.7079100923491756,2.6035094761887767,11.144471556518193,348.3238272896991,0.0,0.0,0.0,0.0,411.86782098251496,638.677932117021,0.0,1.1814874510706883,1044971.4818690972,593.2619158513968,622.9250116439666,274.6011843542675,44.08254271723096,High
2016-08-29,8,2016,0,1,2016-17,0.8129390100634148,2.131831146205341,23.534433501021656,381.2553680809991,0.0,0.0,0.0,0.0,348.3238272896991,566.3902586902509,0.0,1.1814874510706883,1143766.1042429972,588.4227156625523,617.8438514456799,236.58848336468077,38.29260140909266,High
2016-08-30,8,2016,0,1,2016-17,0.9431659992345498,1.2973350124615024,0.0,781.8799431358503,0.0,0.0,0.0,0.0,381.2553680809991,533.4477975437852,0.0,1.1814874510706883,2345639.829407551,588.7851927516889,618.2244523892733,-163.65549074657702,-26.471856639460313,Low
2016-08-31,8,2016,0,1,2016-17,0.9961828387944832,1.3320076522327915,0.0,822.2944351227236,0.0,0.0,0.0,0.0,781.8799431358503,553.41615072639,0.0,1.1814874510706883,2466883.3053681706,591.7873668405139,621.3767351825396,-200.91769994018398,-32.33428105111806,Low
2016-09-01,9,2016,0,1,2016-17,0.7451250673310584,2.6779478207927605,1.4470732558300163,414.65801734943017,0.0,0.0,0.0,0.0,822.2944351227236,609.1920033881377,0.0,1.1814874510706883,1243974.0520482906,590.9666363739057,620.5149681926009,205.85695084317075,33.17517890709045,High
2016-09-02,9,2016,0,1,2016-17,0.8782392146056406,3.97655744488467,3.0936747773328745,380.22257568301495,0.0,0.0,0.0,0.0,414.65801734943017,546.9691554078829,0.0,1.1814874510706883,1140667.7270490448,589.2853733808428,618.749642049885,238.52706636687003,38.54985120906776,High
2016-09-03,9,2016,1,1,2016-17,0.8142672569893065,2.6473567593975145,0.0,524.131026924023,0.0,0.0,0.0,0.0,380.22257568301495,505.7859982348904,0.0,1.1814874510706883,1572393.080772069,587.0746536540661,616.4283863367694,92.29735941274646,14.972924910424586,Medium
2016-09-04,9,2016,1,1,2016-17,0.990974319344381,2.2311336694801,1.933010931305175,626.6184915339754,0.0,0.0,0.0,0.0,524.131026924023,521.8235990836772,0.0,1.1814874510706883,1879855.4746019265,589.382505860649,618.8516311536814,-7.76686038029402,-1.2550440185177842,Low
2016-09-05,9,2016,0,1,2016-17,0.9526356769407126,2.9226020409569844,0.0,551.4898939372179,0.0,0.0,0.0,0.0,626.6184915339754,561.5799796900025,0.0,1.1814874510706883,1654469.6818116535,589.6393732847463,619.1213419489836,67.63144801176577,10.923779141397889,Medium
2016-09-06,9,2016,0,1,2016-17,0.9514986114133414,1.8608224491348728,5.878612756567351,583.6537066451422,0.0,0.0,0.0,0.0,551.4898939372179,585.8991976694623,0.0,1.1814874510706883,1750961.1199354264,589.9950873602589,619.4948417282719,35.84113508312976,5.785542133513147,Medium
2016-09-07,9,2016,0,1,2016-17,0.840607947938491,0.2405693704031408,12.96076664292134,628.4873267171572,0.0,0.0,0.0,0.0,583.6537066451422,557.5811638850754,0.0,1.1814874510706883,1885461.980151472,590.166774407384,619.6751131277532,-8.812213589403996,-1.4220699529024423,Low
2016-09-08,9,2016,0,1,2016-17,0.8244458507012995,2.2491872635116392,1.6702573812767032,492.4653100446869,0.0,0.0,0.0,0.0,628.4873267171572,529.8944341128515,0.0,1.1814874510706883,1477395.9301340606,590.9273625721158,620.4737307007216,128.00842065603473,20.630755876074005,High
2016-09-09,9,2016,0,1,2016-17,0.7820221215792118,3.830501138021521,6.767499395617747,328.83157294904095,0.0,0.0,0.0,0.0,492.4653100446869,541.0097616407453,0.0,1.1814874510706883,986494.7188471227,586.4993404716027,615.8243074951829,286.99273454614195,46.603021519800414,High
2016-09-10,9,2016,1,1,2016-17,0.7169126489952781,0.7012117694306386,0.0,606.8920703854949,0.0,0.0,0.0,0.0,328.83157294904095,533.6681898216062,0.0,1.1814874510706883,1820676.211156485,586.3692696142191,615.6877330949301,8.795662709435192,1.428591514276447,Low
2016-09-11,9,2016,1,1,2016-17,0.959416712876516,2.760019563282663,12.680895758630882,541.6159702037891,0.0,0.0,0.0,0.0,606.8920703854949,545.4911960303879,0.0,1.1814874510706883,1624847.910611367,585.9356629030727,615.2324460482264,73.61647584443733,11.965636129448663,Medium
2016-09-12,9,2016,0,1,2016-17,0.9438703027390232,0.8037347546362259,4.837939520926058,768.6968007221054,0.0,0.0,0.0,0.0,541.6159702037891,533.3479786975041,0.0,1.1814874510706883,2306090.4021663163,587.7247409951618,617.11097804492,-151.58582267718543,-24.563786429051564,Low
2016-09-13,9,2016,0,1,2016-17,0.9999153019858392,2.143310737892325,7.939000776850944,560.0152592649526,0.0,0.0,0.0,0.0,768.6968007221054,564.377536809631,0.0,1.1814874510706883,1680045.777794858,586.7456948570658,616.0829795999191,56.06772033496645,9.100676725621689,Medium
2016-09-14,9,2016,0,1,2016-17,0.9989910511221716,0.3867057985868785,15.678783783228996,763.9038678813571,0.0,0.0,0.0,0.0,560.0152592649526,561.0006157553182,0.0,1.1814874510706883,2291711.603644071,589.2567389522594,618.7195758998724,-145.18429198148465,-23.465281791080724,Low
2016-09-15,9,2016,0,1,2016-17,0.8666295116807883,1.8014837450327408,2.586640926441348,730.0586979848395,0.0,0.0,0.0,0.0,763.9038678813571,580.3458359216324,0.0,1.1814874510706883,2190176.0939545184,591.0242761067761,620.575489912115,-109.48320807272444,-17.64220628311139,Low
2016-09-16,9,2016,0,1,2016-17,0.9306962245541532,3.0246533155809843,1.0802908747644424,548.201913302204,0.0,0.0,0.0,0.0,730.0586979848395,614.2877484845113,0.0,1.1814874510706883,1644605.739906612,590.3035713397278,619.8187499067142,71.61683660451013,11.554480501806184,Medium
2016-09-17,9,2016,1,1,2016-17,0.9834297189647284,1.3902860969559283,0.0,795.5682031990656,0.0,0.0,0.0,0.0,548.201913302204,645.6263685349633,0.0,1.1814874510706883,2386704.609597197,589.5529884833518,619.0306379075193,-176.53756529154623,-28.518388990937186,Low
2016-09-18,9,2016,1,1,2016-17,0.9548942172032234,2.659646897948872,8.666139511073062,617.8723464405109,0.0,0.0,0.0,0.0,795.5682031990656,672.5801017940448,0.0,1.1814874510706883,1853617.0393215327,589.447125464464,618.9194817376872,1.0471352971762826,0.16918764525497412,Low
2016-09-19,9,2016,0,1,2016-17,0.7742044305229593,3.1817998431589167,8.841083842801915,466.3865004167968,0.0,0.0,0.0,0.0,617.8723464405109,683.4738698278621,0.0,1.1814874510706883,1399159.5012503904,587.707074579803,617.0924283087932,150.70592789199634,24.421937618813736,High
2016-09-20,9,2016,0,1,2016-17,0.835163240593028,3.70871127791781,0.0,474.5276695605584,0.0,0.0,0.0,0.0,466.3865004167968,640.286684069961,0.0,1.1814874510706883,1423583.0086816752,588.8769551926041,618.3208029522343,143.7931333916759,23.25542545311774,High
2016-09-21,9,2016,0,1,2016-17,0.7387478245454484,0.9385683274218142,4.5638457528325445,598.866953043053,0.0,0.0,0.0,0.0,474.5276695605584,628.0741712550474,0.0,1.1814874510706883,1796600.8591291588,590.2029108596319,619.7130564026135,20.846103359560516,3.363831557877857,Low
2016-09-22,9,2016,0,1,2016-17,0.9862153081776168,1.5972636632372326,0.0,772.6346231484348,0.0,0.0,0.0,0.0,598.866953043053,604.4974691352897,0.0,1.1814874510706883,2317903.8694453044,592.3183146045453,621.9342303347726,-150.70039281366223,-24.230921126908186,Low
2016-09-23,9,2016,0,1,2016-17,0.881852390335264,0.6096640533216697,3.843302254528016,747.2312449181225,0.0,0.0,0.0,0.0,772.6346231484348,610.5797441586604,0.0,1.1814874510706883,2241693.7347543677,594.2658434161946,623.9791355870043,-123.25210933111816,-19.752601056951935,Low
2016-09-24,9,2016,1,1,2016-17,0.7685928416510388,3.969934008633501,0.0,348.3605968861277,0.0,0.0,0.0,0.0,747.2312449181225,639.0125058180774,0.0,1.1814874510706883,1045081.7906583832,590.2692373714806,619.7826992400546,271.4221023539269,43.793107275619434,High
2016-09-25,9,2016,1,1,2016-17,0.901510205321757,3.708003871697181,0.0,407.4856039595063,0.0,0.0,0.0,0.0,348.3605968861277,575.1257049162292,0.0,1.1814874510706883,1222456.811878519,586.8206435891037,616.1616757685589,208.6760718090526,33.86709690257253,High
2016-09-26,9,2016,0,1,2016-17,0.8854384721373687,2.1598285211222383,0.0,528.4591146884078,0.0,0.0,0.0,0.0,407.4856039595063,545.0704559903713,0.0,1.1814874510706883,1585377.3440652234,588.1129875108361,617.518636886378,89.05952219797018,14.422159409960761,Medium
2016-09-27,9,2016,0,1,2016-17,0.8074488154098521,3.368133177505685,0.0,459.1839798395308,0.0,0.0,0.0,0.0,528.4591146884078,553.9379723148871,0.0,1.1814874510706883,1377551.9395185926,587.0016453500459,616.3517276175482,157.16774777801743,25.499684796136634,High
2016-09-28,9,2016,0,1,2016-17,0.7340672776598887,2.0838319090881687,7.013583354285121,508.60892635117847,0.0,0.0,0.0,0.0,459.1839798395308,551.7460166404546,0.0,1.1814874510706883,1525826.7790535353,589.8766611654435,619.3704942237157,110.76156787253723,17.882926117002,High
2016-09-29,9,2016,0,1,2016-17,0.90147195867784,2.494342752011039,0.0,537.8286224837883,0.0,0.0,0.0,0.0,508.60892635117847,538.8520128273298,0.0,1.1814874510706883,1613485.8674513649,590.9478803186522,620.4952743345848,82.66665185079648,13.322688386216589,Medium
2016-09-30,9,2016,0,1,2016-17,0.856092310271138,0.3564977284640664,2.54205524314264,768.2495607641996,0.0,0.0,0.0,0.0,537.8286224837883,505.308298446666,0.0,1.1814874510706883,2304748.6822925988,593.2354082518743,622.8971786644681,-145.35238209973147,-23.334891708993833,Low
2016-10-01,10,2016,1,0,2016-17,0.9316955175206918,3.021081681987232,0.0,694.2123732403063,0.0,0.0,0.0,0.0,768.2495607641996,508.3109149961056,0.0,1.1814874510706883,2082637.1197209188,593.8131719885516,623.5038305879792,-70.70854265232708,-11.34051455395987,Low
2016-10-02,10,2016,1,0,2016-17,0.856049050333598,0.5108539345409393,0.0,874.7547130330634,0.0,0.0,0.0,0.0,694.2123732403063,557.7183116181311,0.0,1.1814874510706883,2624264.13909919,598.1898298309362,628.0993213224831,-246.65539171058026,-39.27012549404439,Low
2016-10-03,10,2016,0,0,2016-17,0.955654450095562,3.304270521010113,0.0,664.1899604856725,0.0,0.0,0.0,0.0,874.7547130330634,624.471041485782,0.0,1.1814874510706883,1992569.8814570173,598.9586129792854,628.9065436282497,-35.28341685742282,-5.610279812620149,Low
2016-10-04,10,2016,0,0,2016-17,0.8655720516323456,3.128112350681544,0.0,555.9084302569298,0.0,0.0,0.0,0.0,664.1899604856725,643.8611623139628,0.0,1.1814874510706883,1667725.2907707894,599.8479192848358,629.8403152490777,73.93188499214784,11.738195095198158,Medium
2016-10-05,10,2016,0,0,2016-17,0.8682813914606159,2.8349787909719057,0.0,703.6322843687752,0.0,0.0,0.0,0.0,555.9084302569298,657.6789409450197,0.0,1.1814874510706883,2110896.853106325,602.1991084277429,632.3090638491301,-71.32322051964513,-11.279803595645271,Low
2016-10-06,10,2016,0,0,2016-17,0.9629960807975037,0.1446415220990484,0.0,1149.0827967329378,0.0,0.0,0.0,0.0,703.6322843687752,685.5394206618193,0.0,1.1814874510706883,3447248.3901988133,606.0653228950079,636.3685890397583,-512.7142076931796,-80.56874844605927,Low
2016-10-07,10,2016,0,0,2016-17,0.8210448598637191,1.2125134237813144,0.0,797.7707094953656,0.0,0.0,0.0,0.0,1149.0827967329378,772.861445554555,0.0,1.1814874510706883,2393312.128486097,606.7113612010384,637.0469292610903,-160.7237802342753,-25.229503958318823,Low
2016-10-08,10,2016,1,0,2016-17,0.7402045685351922,1.0524502796433717,0.0,632.7560807277317,0.0,0.0,0.0,0.0,797.7707094953656,777.0787525161502,0.0,1.1814874510706883,1898268.2421831952,608.55183855379,638.9794304814795,6.2233497537478115,0.973951500920528,Low
2016-10-09,10,2016,1,0,2016-17,0.7086348028940016,1.4405456298860764,0.0,716.935186452043,0.0,0.0,0.0,0.0,632.7560807277317,768.2992821572109,0.0,1.1814874510706883,2150805.5593561293,608.1330659380453,638.5397192349476,-78.39546721709542,-12.277304740106572,Low
2016-10-10,10,2016,0,0,2016-17,0.9265411767020856,0.3505709870553541,0.0,902.6735616880608,0.0,0.0,0.0,0.0,716.935186452043,745.7536355027794,0.0,1.1814874510706883,2708020.6850641826,614.4920999485327,645.2167049459593,-257.4568567421014,-39.90238547274825,Low
2016-10-11,10,2016,0,0,2016-17,0.8860928654060394,3.747831292124251,0.0,548.108417156315,0.0,0.0,0.0,0.0,902.6735616880608,779.8227213888348,0.0,1.1814874510706883,1644325.251468945,611.3045201469985,641.8697461543484,93.76132899803338,14.607532067025774,Medium
2016-10-12,10,2016,0,0,2016-17,0.9112239304297672,2.215208962849505,0.0,774.5525612335498,0.0,0.0,0.0,0.0,548.108417156315,778.7084338030328,0.0,1.1814874510706883,2323657.683700649,615.7858492999682,646.5751417649666,-127.97741946858321,-19.79312398544138,Low
2016-10-13,10,2016,0,0,2016-17,0.7638892484526731,1.2220972426320942,0.0,751.4807920463561,0.0,0.0,0.0,0.0,774.5525612335498,788.8399019265719,0.0,1.1814874510706883,2254442.3761390685,614.6262491573642,645.3575616152325,-106.1232304311236,-16.444098085023313,Low
2016-10-14,10,2016,0,0,2016-17,0.7409114426760309,1.5879260682971337,0.0,636.1508509616915,0.0,0.0,0.0,0.0,751.4807920463561,732.0396155427745,0.0,1.1814874510706883,1908452.5528850744,617.1422108380775,647.9993213799814,11.848470418289935,1.8284695720139637,Low
2016-10-15,10,2016,1,0,2016-17,0.7043633997003645,1.7888101620193426,0.0,626.9037466232392,0.0,0.0,0.0,0.0,636.1508509616915,708.9510643236782,0.0,1.1814874510706883,1880711.2398697173,616.9199452180807,647.7659424789847,20.86219585574554,3.220637963136255,Low
2016-10-16,10,2016,1,0,2016-17,0.805176267641979,2.402377333442469,0.0,719.07942865408,0.0,0.0,0.0,0.0,626.9037466232392,708.1150165944651,0.0,1.1814874510706883,2157238.28596224,619.7074850507005,650.6928593032355,-68.38656935084441,-10.509807872192269,Low
2016-10-17,10,2016,0,0,2016-17,0.8769753060563898,2.062717710785991,0.0,820.3482904688826,0.0,0.0,0.0,0.0,719.07942865408,708.4213369090418,0.0,1.1814874510706883,2461044.871406648,618.6048165970226,649.5350574268738,-170.81323304200885,-26.297769625966556,Low
2016-10-18,10,2016,0,0,2016-17,0.8176732135299196,3.677567892857669,0.0,643.6072535487341,0.0,0.0,0.0,0.0,820.3482904688826,696.6605838777306,0.0,1.1814874510706883,1930821.7606462024,621.9359999595495,653.032799957527,9.425546408792911,1.44334961573231,Low
2016-10-19,10,2016,0,0,2016-17,0.8312424766071187,1.987853931623321,0.0,845.6526928183122,0.0,0.0,0.0,0.0,643.6072535487341,710.3032747909334,0.0,1.1814874510706883,2536958.0784549364,626.1001591433322,657.4051671004988,-188.24752571781335,-28.634932479780094,Low
2016-10-20,10,2016,0,0,2016-17,0.9712476083481244,3.9686320592932502,0.0,695.523597573751,0.0,0.0,0.0,0.0,845.6526928183122,720.4604364458994,0.0,1.1814874510706883,2086570.792721253,624.5577746637432,655.7856633969304,-39.737934176820545,-6.059591783537997,Low
2016-10-21,10,2016,0,0,2016-17,0.80447664010699,3.405699830980383,0.0,577.1055900905246,0.0,0.0,0.0,0.0,695.523597573751,712.4665515212415,0.0,1.1814874510706883,1731316.770271574,623.8582765885338,655.0511904179606,77.94560032743595,11.899161694172657,Medium
2016-10-22,10,2016,1,0,2016-17,0.8541968467479433,0.8340420574293432,0.0,917.2211566211264,0.0,0.0,0.0,0.0,577.1055900905246,704.031514253932,0.0,1.1814874510706883,2751663.469863379,625.7133055242274,656.9989708004388,-260.2221858206876,-39.607700679295164,Low
2016-10-23,10,2016,1,0,2016-17,0.935095903822343,3.722380858575665,0.0,677.8256788164927,0.0,0.0,0.0,0.0,917.2211566211264,745.5054299679158,0.0,1.1814874510706883,2033477.036449478,626.9861145775308,658.3354203064073,-19.49025851008537,-2.960536211315209,Low
2016-10-24,10,2016,0,0,2016-17,0.818962834696381,0.4654655915419043,0.0,895.2793780698437,0.0,0.0,0.0,0.0,677.8256788164927,739.6120371339748,0.0,1.1814874510706883,2685838.134209531,631.0189221829447,662.569868292092,-232.7095097777517,-35.12225969128472,Low
2016-10-25,10,2016,0,0,2016-17,0.8866260100683621,3.2697988339647663,0.0,672.5224582087272,0.0,0.0,0.0,0.0,895.2793780698437,750.3164782198264,0.0,1.1814874510706883,2017567.3746261816,630.9227112479035,662.4688468102987,-10.05361139842853,-1.517597611847766,Low
2016-10-26,10,2016,0,0,2016-17,0.9587091126240236,1.5224931739063203,0.0,851.9484381278982,0.0,0.0,0.0,0.0,672.5224582087272,754.4472217426825,0.0,1.1814874510706883,2555845.3143836944,632.7106332834386,664.3461649476105,-187.60227318028763,-28.23863267052677,Low
2016-10-27,10,2016,0,0,2016-17,0.9848561870972926,3.511897281780278,0.0,652.5347472223456,0.0,0.0,0.0,0.0,851.9484381278982,755.3466139297662,0.0,1.1814874510706883,1957604.241667037,632.8647681999252,664.5080066099214,11.973259387575808,1.8018231937729434,Low
2016-10-28,10,2016,0,0,2016-17,0.7441220442787113,3.4722267604298014,0.0,534.050676465258,0.0,0.0,0.0,0.0,652.5347472223456,749.2053495938511,0.0,1.1814874510706883,1602152.029395774,633.7636837041756,665.4518678893844,131.4011914241264,19.746160130392592,High
2016-10-29,10,2016,1,0,2016-17,0.9779762875484485,3.2237016004704846,0.0,744.2341369563392,0.0,0.0,0.0,0.0,534.050676465258,743.0546476473845,0.0,1.1814874510706883,2232702.4108690177,635.695887733858,667.4806821205509,-76.75345483578826,-11.498977707032147,Low
2016-10-30,10,2016,1,0,2016-17,0.8476348879238614,3.160121745228245,0.0,606.1360227788873,0.0,0.0,0.0,0.0,744.2341369563392,718.3422162667006,0.0,1.1814874510706883,1818408.068336662,637.7702372624609,669.658749125584,63.522726346696686,9.485835349667624,Medium
2016-10-31,10,2016,0,0,2016-17,0.7774733164896874,1.2187165563921631,0.0,781.7006738223843,0.0,0.0,0.0,0.0,606.1360227788873,708.100836832757,0.0,1.1814874510706883,2345102.021467153,638.2483915020889,670.1608110771933,-111.53986274519093,-16.64374593404016,Low
2016-11-01,11,2016,0,0,2016-17,0.8377407268714784,0.3236771322050087,0.0,1015.7758536425664,0.0,0.0,0.0,0.0,781.7006738223843,691.8753076545485,0.0,1.1814874510706883,3047327.5609277,643.9285467218688,676.1249740579623,-339.6508795846041,-50.23492588154077,Low
2016-11-02,11,2016,0,0,2016-17,0.9940097725856432,1.6119207150606458,0.0,829.0968867153854,0.0,0.0,0.0,0.0,1015.7758536425664,740.9115070022399,0.0,1.1814874510706883,2487290.6601461563,645.5937238429144,677.8734100350601,-151.22347668032523,-22.308512834646198,Low
2016-11-03,11,2016,0,0,2016-17,0.8477854281978608,0.6940980599460347,0.0,908.485714554772,0.0,0.0,0.0,0.0,829.0968867153854,737.6469996575952,0.0,1.1814874510706883,2725457.1436643163,649.6023605370914,682.082478563946,-226.40323599082603,-33.192941192023376,Low
2016-11-04,11,2016,0,0,2016-17,0.7986254830862525,2.779804355609847,0.0,636.7033579297788,0.0,0.0,0.0,0.0,908.485714554772,774.2114235622275,0.0,1.1814874510706883,1910110.0737893365,650.4888073049248,683.013247670171,46.30988974039224,6.78023301866546,Medium
2016-11-05,11,2016,1,0,2016-17,0.8900202562950177,1.384398906151142,0.0,876.5971535668607,0.0,0.0,0.0,0.0,636.7033579297788,788.8760923428734,0.0,1.1814874510706883,2629791.4607005822,654.638832199726,687.3707738097123,-189.22637975714838,-27.529011556364587,Low
2016-11-06,11,2016,1,0,2016-17,0.7720436856334579,3.90244080343966,0.0,498.8823266824962,0.0,0.0,0.0,0.0,876.5971535668607,807.785094715805,0.0,1.1814874510706883,1496646.9800474886,655.1954928311578,687.9552674727157,189.0729407902195,27.48331900776065,High
2016-11-07,11,2016,0,0,2016-17,0.7227589984325992,2.563888309381328,0.0,588.7546102762324,0.0,0.0,0.0,0.0,498.8823266824962,792.4631381306062,0.0,1.1814874510706883,1766263.8308286972,655.3903336898518,688.1598503743444,99.40524009811202,14.445079881373154,Medium
2016-11-08,11,2016,0,0,2016-17,0.7386639165731947,3.289922254537444,0.0,557.6322003345379,0.0,0.0,0.0,0.0,588.7546102762324,764.8994147668702,0.0,1.1814874510706883,1672896.6010036136,654.646417907173,687.3787388025318,129.7465384679939,18.875553045766683,High
2016-11-09,11,2016,0,0,2016-17,0.7384137516873317,0.5300986909673937,0.0,759.8233433573968,0.0,0.0,0.0,0.0,557.6322003345379,699.4503214371518,0.0,1.1814874510706883,2279470.0300721903,657.5582678026387,690.4361811927707,-69.38716216462603,-10.04975753801828,Low
2016-11-10,11,2016,0,0,2016-17,0.7455708080536882,3.4480579290904902,0.0,458.06324023114246,0.0,0.0,0.0,0.0,759.8233433573968,689.5541009574392,0.0,1.1814874510706883,1374189.7206934274,655.023086875781,687.7742412195701,229.7110009884276,33.39918642214648,High
2016-11-11,11,2016,0,0,2016-17,0.741648151794823,3.691028762053577,0.0,506.6400049772162,0.0,0.0,0.0,0.0,458.06324023114246,625.2080331969207,0.0,1.1814874510706883,1519920.0149316487,652.6153161792578,685.2460819882207,178.60607701100446,26.0645163402882,High
2016-11-12,11,2016,1,0,2016-17,0.8922624234409644,1.948247675275744,0.0,719.1963209880191,0.0,0.0,0.0,0.0,506.6400049772162,606.6275542036975,0.0,1.1814874510706883,2157588.962964057,652.8005387278588,685.4405656642517,-33.7557553237674,-4.924680127598682,Low
2016-11-13,11,2016,1,0,2016-17,0.7545640253197434,2.4250117510039098,0.0,671.0375891315832,0.0,0.0,0.0,0.0,719.1963209880191,584.1417209781488,0.0,1.1814874510706883,2013112.7673947497,652.8253534095993,685.4666210800793,14.429031948496117,2.1049941025225287,Low
2016-11-14,11,2016,0,0,2016-17,0.8037001849971589,3.0592392036119818,0.0,515.9062742388351,0.0,0.0,0.0,0.0,671.0375891315832,608.7353298994468,0.0,1.1814874510706883,1547718.8227165053,651.8874912458089,684.4818658080993,168.57559156926425,24.62820419212186,High
2016-11-15,11,2016,0,0,2016-17,0.9690365229718036,0.6993545090416502,0.0,1058.0165517922846,0.0,0.0,0.0,0.0,515.9062742388351,598.3284247512473,0.0,1.1814874510706883,3174049.655376854,656.3501185479789,689.1676244753779,-368.8489273169067,-53.520930789180554,Low
2016-11-16,11,2016,0,0,2016-17,0.8421884920788617,2.0102643058537697,0.0,771.1238781235484,0.0,0.0,0.0,0.0,1058.0165517922846,669.8119035309254,0.0,1.1814874510706883,2313371.634370645,658.9959230993846,691.9457192543539,-79.17815886919448,-11.442828052252057,Low
2016-11-17,11,2016,0,0,2016-17,0.9002673215563082,1.5946521110892524,0.0,864.4219094653715,0.0,0.0,0.0,0.0,771.1238781235484,671.4262656403755,0.0,1.1814874510706883,2593265.7283961144,661.4792789051064,694.5532428503618,-169.86866661500972,-24.45725628144639,Low
2016-11-18,11,2016,0,0,2016-17,0.7516959613604889,0.5854959686489964,0.0,665.7380118953458,0.0,0.0,0.0,0.0,864.4219094653715,729.4775041024084,0.0,1.1814874510706883,1997214.0356860373,660.5720384258348,693.6006403471265,27.862628451780665,4.017099585986,Low
2016-11-19,11,2016,1,0,2016-17,0.7576867056426012,1.4701376891661255,0.0,699.4957112371702,0.0,0.0,0.0,0.0,665.7380118953458,752.2057908049982,0.0,1.1814874510706883,2098487.133711511,658.8515736476135,691.7941523299942,-7.701558907176036,-1.1132732014627233,Low
2016-11-20,11,2016,1,0,2016-17,0.7122605848799436,0.2726892375419742,0.0,833.4829162835308,0.0,0.0,0.0,0.0,699.4957112371702,749.3914179834484,0.0,1.1814874510706883,2500448.7488505924,661.3141327606943,694.379839398729,-139.1030768848018,-20.032706739477437,Low
2016-11-21,11,2016,0,0,2016-17,0.7506805189216493,0.1032476277979479,0.0,796.2611211317525,0.0,0.0,0.0,0.0,833.4829162835308,772.5978932908695,0.0,1.1814874510706883,2388783.3633952574,663.0270177637401,696.1783686519271,-100.08275247982533,-14.376021575278845,Low
2016-11-22,11,2016,0,0,2016-17,0.7835771017095876,0.540665156619291,0.0,763.2881025535404,0.0,0.0,0.0,0.0,796.2611211317525,812.6485857041434,0.0,1.1814874510706883,2289864.307660621,666.7095137199963,700.0449894059961,-63.24311314754425,-9.034149819600517,Low
2016-11-23,11,2016,0,0,2016-17,0.753103145283024,3.852460446356696,0.0,478.8004968504911,0.0,0.0,0.0,0.0,763.2881025535404,770.54452152718,0.0,1.1814874510706883,1436401.490551473,662.5826530937661,695.7117857484544,216.91128889796335,31.178326045548843,High
2016-11-24,11,2016,0,0,2016-17,0.7266107601271167,2.198118143580068,0.0,625.7697604431262,0.0,0.0,0.0,0.0,478.8004968504911,728.7840384881717,0.0,1.1814874510706883,1877309.2813293785,662.1078206998678,695.2132117348613,69.44345129173507,9.988799136662445,Medium
2016-11-25,11,2016,0,0,2016-17,0.7361907613301802,3.86328864461288,0.0,454.4471788758991,0.0,0.0,0.0,0.0,625.7697604431262,694.6908743421367,0.0,1.1814874510706883,1363341.536627697,662.580924676461,695.709970910284,241.26279203438492,34.67864514270376,High
2016-11-26,11,2016,1,0,2016-17,0.8382336304098177,1.729991513320528,0.0,838.3633323349247,0.0,0.0,0.0,0.0,454.4471788758991,664.5064696250728,0.0,1.1814874510706883,2515089.9970047744,668.0258080658524,701.4270984691451,-136.93623386577963,-19.522518329366097,Low
2016-11-27,11,2016,1,0,2016-17,0.7619001155217378,1.2472645323410383,0.0,737.0002840768541,0.0,0.0,0.0,0.0,838.3633323349247,684.3447012104664,0.0,1.1814874510706883,2211000.8522305624,671.9785293546953,705.5774558224301,-31.422828254423962,-4.453490966175657,Low
2016-11-28,11,2016,0,0,2016-17,0.8092809583144226,2.0245674513609764,0.0,685.9378814818458,0.0,0.0,0.0,0.0,737.0002840768541,670.5614680380841,0.0,1.1814874510706883,2057813.6444455371,670.9125064474285,704.4581317698,18.52025028795424,2.629006530370525,Low
2016-11-29,11,2016,0,0,2016-17,0.8510251812564571,1.7580467545316405,0.0,706.6892118981642,0.0,0.0,0.0,0.0,685.9378814818458,654.8010052309545,0.0,1.1814874510706883,2120067.6356944926,669.6280039671557,703.1094041655135,-3.5798077326506927,-0.5091395039580494,Low
2016-11-30,11,2016,0,0,2016-17,0.9071184485888096,0.4226587370469756,0.0,991.7184842945602,0.0,0.0,0.0,0.0,706.6892118981642,646.7154494230435,0.0,1.1814874510706883,2975155.452883681,676.0397869332127,709.8417762798733,-281.87670801468687,-39.70979413073453,Low
2016-12-01,12,2016,0,0,2016-17,0.7117936419523296,2.563305258760825,0.0,613.4907490444663,0.0,0.0,0.0,0.0,991.7184842945602,719.9894476293392,0.0,1.1814874510706883,1840472.247133399,678.6316555261177,712.5632383024237,99.07248925795739,13.903676745096044,Medium
2016-12-02,12,2016,0,0,2016-17,0.9398231196727128,0.8641527300383984,0.0,909.534706459225,0.0,0.0,0.0,0.0,613.4907490444663,718.2353031438163,0.0,1.1814874510706883,2728604.119377675,682.9139186320643,717.0596145636675,-192.4750918955575,-26.842271965445864,Low
2016-12-03,12,2016,1,0,2016-17,0.8883701168472723,2.4783518195913183,0.0,617.8904864127816,0.0,0.0,0.0,0.0,909.534706459225,783.2478070842915,0.0,1.1814874510706883,1853671.4592383448,682.8169407973844,716.9577878372537,99.06730142447213,13.817731406937444,Medium
2016-12-04,12,2016,1,0,2016-17,0.7245277095846615,2.600804369592613,0.0,618.1637250868156,0.0,0.0,0.0,0.0,617.8904864127816,751.751686238271,0.0,1.1814874510706883,1854491.1752604467,683.557761143491,717.7356492006655,99.57192411384995,13.873063742164979,Medium
2016-12-05,12,2016,0,0,2016-17,0.9620735872320332,0.6080994125145924,0.0,993.0835169559316,0.0,0.0,0.0,0.0,618.1637250868156,734.7750349539799,0.0,1.1814874510706883,2979250.550867795,688.1069812580554,722.5123303209582,-270.5711866349734,-37.44866008235165,Low
2016-12-06,12,2016,0,0,2016-17,0.976261720159544,0.2453985084426726,0.0,1076.2392004814496,0.0,0.0,0.0,0.0,993.0835169559316,778.6529828788492,0.0,1.1814874510706883,3228717.601444349,693.0820020776587,727.7361021815416,-348.50309829990806,-47.888664208797245,Low
2016-12-07,12,2016,0,0,2016-17,0.7183233879564591,3.1230463442737597,0.0,657.2727833527048,0.0,0.0,0.0,0.0,1076.2392004814496,831.4458383907471,0.0,1.1814874510706883,1971818.3500581144,694.9131962255254,729.6588560368017,72.38607268409692,9.920536437708364,Medium
2016-12-08,12,2016,0,0,2016-17,0.7830632944441611,1.8392016950772807,0.0,708.1959669259904,0.0,0.0,0.0,0.0,657.2727833527048,783.6678811133391,0.0,1.1814874510706883,2124587.9007779714,699.1283561586027,734.0847739665329,25.888807040542474,3.526678111120004,Low
2016-12-09,12,2016,0,0,2016-17,0.9418603839379184,0.2326551820219031,0.0,993.1121733128332,0.0,0.0,0.0,0.0,708.1959669259904,797.1971979535571,0.0,1.1814874510706883,2979336.5199385,703.4196906355731,738.5906751673518,-254.52149814548136,-34.46042668868128,Low
2016-12-10,12,2016,1,0,2016-17,0.9244779071150976,3.9794652686790686,0.0,554.4058226173513,0.0,0.0,0.0,0.0,993.1121733128332,809.136836075501,0.0,1.1814874510706883,1663217.467852054,703.561800106835,738.7398901121768,184.3340674948255,24.952499514657937,High
2016-12-11,12,2016,1,0,2016-17,0.7553563058069132,0.2311222439854665,0.0,802.1222844400058,0.0,0.0,0.0,0.0,554.4058226173513,800.0675983904395,0.0,1.1814874510706883,2406366.853320017,703.9331943703671,739.1298540888855,-62.99243035112033,-8.52251197846286,Low
2016-12-12,12,2016,0,0,2016-17,0.762804797001013,2.7801409154342127,0.0,620.5323492462448,0.0,0.0,0.0,0.0,802.1222844400058,826.3473925837525,0.0,1.1814874510706883,1861597.0477387344,704.6056064812705,739.835886805334,119.30353755908914,16.125675935274057,High
2016-12-13,12,2016,0,0,2016-17,0.8111416308374145,3.9347157010536544,0.0,549.3270663156777,0.0,0.0,0.0,0.0,620.5323492462448,773.1257971966543,0.0,1.1814874510706883,1647981.1989470331,702.2214197972073,737.3324907870677,188.00542447139003,25.49805234687313,High
2016-12-14,12,2016,0,0,2016-17,0.8453568955573063,0.9567204168637023,0.0,944.6896467565672,0.0,0.0,0.0,0.0,549.3270663156777,697.8526351729727,0.0,1.1814874510706883,2834068.940269701,704.6062081168932,739.8365185227378,-204.85312823382935,-27.688972239822395,Low
2016-12-15,12,2016,0,0,2016-17,0.8854764314590888,0.5689974747487847,0.0,955.1223202074356,0.0,0.0,0.0,0.0,944.6896467565672,738.91218708781,0.0,1.1814874510706883,2865366.9606223064,709.1275459713959,744.5839232699657,-210.53839693746988,-28.275979423898256,Low
2016-12-16,12,2016,0,0,2016-17,0.8106740918709316,0.4855397576897156,0.0,849.0932221288834,0.0,0.0,0.0,0.0,955.1223202074356,774.1873804137307,0.0,1.1814874510706883,2547279.6663866504,709.7222684039493,745.2083818241468,-103.8848403047366,-13.940374643994705,Low
2016-12-17,12,2016,1,0,2016-17,0.8387604148399443,1.2131005902703822,0.0,779.2506498368851,0.0,0.0,0.0,0.0,849.0932221288834,753.6132445303094,0.0,1.1814874510706883,2337751.949510656,711.515360663909,747.0911286971044,-32.159521139780736,-4.304631644584723,Low
2016-12-18,12,2016,1,0,2016-17,0.924241281440127,0.4041832440425867,0.0,999.7344188297452,0.0,0.0,0.0,0.0,779.2506498368851,785.7339341330999,0.0,1.1814874510706883,2999203.256489236,717.441448646275,753.3135210785888,-246.42089775115642,-32.711598936699396,Low
2016-12-19,12,2016,0,0,2016-17,0.7110049608671793,2.768645366776528,0.0,520.6268457315186,0.0,0.0,0.0,0.0,999.7344188297452,813.96423904592,0.0,1.1814874510706883,1561880.537194556,717.9536617148414,753.8513448005834,233.2244990690648,30.937730718084712,High
2016-12-20,12,2016,0,0,2016-17,0.7757310833032062,0.2491671925202507,0.0,850.0053865834324,0.0,0.0,0.0,0.0,520.6268457315186,799.6920242581018,0.0,1.1814874510706883,2550016.159750297,720.7440887541788,756.7812931918878,-93.22409339154456,-12.318498650825775,Low
2016-12-21,12,2016,0,0,2016-17,0.9140048757653656,2.037688512599159,0.0,835.274973428775,0.0,0.0,0.0,0.0,850.0053865834324,842.6460700106381,0.0,1.1814874510706883,2505824.920286325,721.4400926461826,757.5120972784918,-77.7628761502832,-10.265562283382843,Low
2016-12-22,12,2016,0,0,2016-17,0.9685620513061598,3.986787415411907,0.0,634.7819441857754,0.0,0.0,0.0,0.0,835.274973428775,827.0154023923822,0.0,1.1814874510706883,1904345.8325573264,720.1906559713788,756.2001887699478,121.41824458417238,16.056362638797278,High
2016-12-23,12,2016,0,0,2016-17,0.8535032326346998,3.2558810780240752,0.0,604.2464397628246,0.0,0.0,0.0,0.0,634.7819441857754,781.252491532145,0.0,1.1814874510706883,1812739.3192884736,723.0338320033421,759.1855236035093,154.9390838406847,20.40859302812561,High
2016-12-24,12,2016,1,0,2016-17,0.8596340455795947,2.4608777529240435,0.0,598.3887142154426,0.0,0.0,0.0,0.0,604.2464397628246,746.2743797655651,0.0,1.1814874510706883,1795166.1426463278,725.1549776728525,761.4127265564952,163.02401234105253,21.410728591093033,High
2016-12-25,12,2016,1,0,2016-17,0.7321516034019327,1.225014483146447,0.0,776.9979039686131,0.0,0.0,0.0,0.0,598.3887142154426,720.4369603910734,0.0,1.1814874510706883,2330993.7119058394,727.9165197759659,764.3123457647642,-12.685558203848814,-1.6597348288487679,Low
2016-12-26,12,2016,0,0,2016-17,0.8342237100470364,2.495583345166554,0.0,717.6363667339464,0.0,0.0,0.0,0.0,776.9979039686131,688.6174582680545,0.0,1.1814874510706883,2152909.100201839,730.7882129636816,767.3276236118658,49.691256877919386,6.47588531271937,Medium
2016-12-27,12,2016,0,0,2016-17,0.8597851799365069,2.1081658556466065,0.0,777.2813821590258,0.0,0.0,0.0,0.0,717.6363667339464,716.7616755541156,0.0,1.1814874510706883,2331844.1464770776,733.7734624726577,770.4621355962906,-6.819246562735202,-0.8850852297183329,Low
2016-12-28,12,2016,0,0,2016-17,0.7727411510904189,1.704333535561486,0.0,625.2071788315789,0.0,0.0,0.0,0.0,777.2813821590258,706.3725320649146,0.0,1.1814874510706883,1875621.5364947368,734.7443353209663,771.4815520870147,146.27437325543588,18.960190669463696,High
2016-12-29,12,2016,0,0,2016-17,0.7807729692848142,0.5228415069607979,0.0,898.368441438148,0.0,0.0,0.0,0.0,625.2071788315789,676.3628471224581,0.0,1.1814874510706883,2695105.324314444,736.190100661788,772.9996056948775,-125.36883574327055,-16.2184863769202,Low
2016-12-30,12,2016,0,0,2016-17,0.8131852489313868,3.546416860961867,0.0,556.9778270260103,0.0,0.0,0.0,0.0,898.368441438148,714.0180610156541,0.0,1.1814874510706883,1670933.481078031,734.6652723705181,771.398535989044,214.4207089630337,27.796359334298636,High
2016-12-31,12,2016,1,0,2016-17,0.7060213593333179,1.79913859528529,0.0,626.9683919338413,0.0,0.0,0.0,0.0,556.9778270260103,707.265402053252,0.0,1.1814874510706883,1880905.175801524,731.9120910249712,768.5076955762198,141.5393036423785,18.417421771717414,High
2017-01-01,1,2017,1,0,2016-17,0.7966237496749534,0.7784900472830603,0.0,756.4408412433884,0.0,0.0,0.0,0.0,626.9683919338413,711.3482131558804,0.0,1.1814874510706883,2269322.5237301653,732.9371008111682,769.5839558517266,13.143114608338237,1.7078207658048528,Low
2017-01-02,1,2017,0,0,2016-17,0.7634344020989634,1.4710374035091585,0.0,623.8860630105737,0.0,0.0,0.0,0.0,756.4408412433884,708.4114899094199,0.0,1.1814874510706883,1871658.189031721,733.6924078417641,770.3770282338523,146.49096522327864,19.015489799730954,High
2017-01-03,1,2017,0,0,2016-17,0.7982492056533743,1.656519010115708,0.0,803.9077885310812,0.0,0.0,0.0,0.0,623.8860630105737,695.0185893775094,0.0,1.1814874510706883,2411723.365593244,734.8065801102341,771.5469091157458,-32.360879415335376,-4.19428540675816,Low
2017-01-04,1,2017,0,0,2016-17,0.7359286395457754,3.310151582267497,0.0,618.1910858223986,0.0,0.0,0.0,0.0,803.9077885310812,698.8223617163746,0.0,1.1814874510706883,1854573.257467196,728.9077833223392,765.3531724884563,147.1620866660577,19.227997211741787,High
2017-01-05,1,2017,0,0,2016-17,0.9671581842219684,2.934457522245608,0.0,749.7001308887204,0.0,0.0,0.0,0.0,618.1910858223986,697.820062715063,0.0,1.1814874510706883,2249100.392666161,728.3736657822654,764.7923490713788,15.092218182658371,1.973374629202756,Low
2017-01-06,1,2017,0,0,2016-17,0.8780777360662146,3.077219574565359,0.0,637.3477139939783,0.0,0.0,0.0,0.0,749.7001308887204,676.5817326365734,0.0,1.1814874510706883,1912043.1419819351,728.4246839296683,764.8459181261517,127.49820413217333,16.669789445244067,High
2017-01-07,1,2017,1,0,2016-17,0.9037306957433467,0.0441250577145888,0.0,978.2699307273016,0.0,0.0,0.0,0.0,637.3477139939783,688.0631450605688,0.0,1.1814874510706883,2934809.792181905,731.3284033105044,767.8948234760297,-210.37510725127186,-27.396343980933064,Low
2017-01-08,1,2017,1,0,2016-17,0.9367513715822016,1.664615992719046,0.0,847.7215782132758,0.0,0.0,0.0,0.0,978.2699307273016,738.2490791739203,0.0,1.1814874510706883,2543164.734639828,730.7178257163403,767.2537170021573,-80.46786121111859,-10.487777305990209,Low
2017-01-09,1,2017,0,0,2016-17,0.8495326596787172,1.9253766065412945,0.0,695.1715630731157,0.0,0.0,0.0,0.0,847.7215782132758,751.2891844553327,0.0,1.1814874510706883,2085514.6892193472,732.3518606709713,768.9694537045199,73.79789063140413,9.596985975955466,Medium
2017-01-10,1,2017,0,0,2016-17,0.7260760864262271,0.0767691072922267,0.0,783.9227110743723,0.0,0.0,0.0,0.0,695.1715630731157,761.4728273214103,0.0,1.1814874510706883,2351768.133223117,732.4559734469804,769.0787721193294,-14.843938955042859,-1.9300934433722334,Low
2017-01-11,1,2017,0,0,2016-17,0.8611319625455643,1.0392528349801369,0.0,865.4416629941229,0.0,0.0,0.0,0.0,783.9227110743723,758.6178162561662,0.0,1.1814874510706883,2596324.9889823687,733.7222053464001,770.4083156137201,-95.0333473804028,-12.335451922620754,Low
2017-01-12,1,2017,0,0,2016-17,0.8760523354062637,3.04115929248854,0.0,733.5587988387097,0.0,0.0,0.0,0.0,865.4416629941229,793.9393272806982,0.0,1.1814874510706883,2200676.396516129,734.8045158783669,771.5447416722853,37.98594283357568,4.923362286319652,Low
2017-01-13,1,2017,0,0,2016-17,0.9236318422552988,0.5484388229159962,0.0,970.2714702612192,0.0,0.0,0.0,0.0,733.5587988387097,791.6334227021252,0.0,1.1814874510706883,2910814.410783658,738.6197128076777,775.5506984480617,-194.7207718131575,-25.10742008263408,Low
2017-01-14,1,2017,1,0,2016-17,0.8294978638689038,2.1412405258103666,0.0,636.414995494627,0.0,0.0,0.0,0.0,970.2714702612192,839.1939593117311,0.0,1.1814874510706883,1909244.9864838808,737.7012191059061,774.5862800612015,138.1712845665745,17.83807538595408,High
2017-01-15,1,2017,1,0,2016-17,0.7382740908386691,0.86080748806895,0.0,768.942545189578,0.0,0.0,0.0,0.0,636.414995494627,790.3575399927776,0.0,1.1814874510706883,2306827.6355687343,737.1300441583583,773.9865463662762,5.0440011766982025,0.6516910662567529,Low
2017-01-16,1,2017,0,0,2016-17,0.7851327717396173,0.048483098575573,0.0,853.4877408987394,0.0,0.0,0.0,0.0,768.942545189578,779.1033924179636,0.0,1.1814874510706883,2560463.222696218,739.4620495733584,776.4351520520263,-77.05258884671309,-9.923892374407858,Low
2017-01-17,1,2017,0,0,2016-17,0.8089246889195905,0.964805830398166,0.0,887.7702713758041,0.0,0.0,0.0,0.0,853.4877408987394,801.7199892501956,0.0,1.1814874510706883,2663310.814127412,739.9300226684416,776.9265238018637,-110.84374757394039,-14.266953718033754,Low
2017-01-18,1,2017,0,0,2016-17,0.8937751723994803,3.903495019640215,0.0,684.5000204997673,0.0,0.0,0.0,0.0,887.7702713758041,816.555355007543,0.0,1.1814874510706883,2053500.0614993016,739.8075384787306,776.7979154026672,92.29789490289988,11.88184121929004,Medium
2017-01-19,1,2017,0,0,2016-17,0.8712334914006735,3.2061484475319584,0.0,738.6529729233664,0.0,0.0,0.0,0.0,684.5000204997673,790.7065489369206,0.0,1.1814874510706883,2215958.918770099,741.6025093990957,778.6826348690505,40.0296619456841,5.140690205890594,Medium
2017-01-20,1,2017,0,0,2016-17,0.8068290177693538,3.8383065772841336,0.0,520.9171586807546,0.0,0.0,0.0,0.0,738.6529729233664,791.4342880918715,0.0,1.1814874510706883,1562751.4760422637,737.1991316442026,774.0590882264128,253.14192954565817,32.703179046147184,High
2017-01-21,1,2017,1,0,2016-17,0.995954574637894,1.9514161757054496,0.0,1000.7078191535232,0.0,0.0,0.0,0.0,520.9171586807546,727.2408150089481,0.0,1.1814874510706883,3002123.457460569,740.7867109812807,777.8260465303448,-222.88177262317845,-28.654449618573334,Low
2017-01-22,1,2017,1,0,2016-17,0.8817324458070661,0.438944794710014,0.0,955.7098657144136,0.0,0.0,0.0,0.0,1000.7078191535232,779.2826469602189,0.0,1.1814874510706883,2867129.5971432403,741.4581608439981,778.5310688861981,-177.17879682821547,-22.758089421106277,Low
2017-01-23,1,2017,0,0,2016-17,0.7711680375207983,2.191837955894772,0.0,759.0133987856485,0.0,0.0,0.0,0.0,955.7098657144136,805.9636927494812,0.0,1.1814874510706883,2277040.1963569457,742.4191712948527,779.5401298595954,20.52673107394685,2.6331846543479376,Low
2017-01-24,1,2017,0,0,2016-17,0.7305347417861211,1.8175093382398435,0.0,635.9303035629162,0.0,0.0,0.0,0.0,759.0133987856485,792.4673581618969,0.0,1.1814874510706883,1907790.9106887484,740.0189697996864,777.0199182896707,141.08961472675458,18.157786101199633,High
2017-01-25,1,2017,0,0,2016-17,0.7458577417552996,3.377428330958464,0.0,531.9736344751819,0.0,0.0,0.0,0.0,635.9303035629162,756.4902199029128,0.0,1.1814874510706883,1595920.903425546,738.6794018802734,775.6133719742871,243.6397374991052,31.41252411351957,High
2017-01-26,1,2017,0,0,2016-17,0.7737873185153524,0.3923303231369783,0.0,840.8286094315688,0.0,0.0,0.0,0.0,531.9736344751819,734.7007361851148,0.0,1.1814874510706883,2522485.8282947065,742.0880455798991,779.1924478588941,-61.63616157267472,-7.910261674383754,Low
2017-01-27,1,2017,0,0,2016-17,0.7482044119778667,1.9529645480871127,0.0,677.07408015383,0.0,0.0,0.0,0.0,840.8286094315688,749.2972556862867,0.0,1.1814874510706883,2031222.24046149,741.3418227265379,778.4089138628648,101.3348337090348,13.018200576116131,Medium
2017-01-28,1,2017,1,0,2016-17,0.7559701072153917,0.600194658775937,0.0,858.8273645213342,0.0,0.0,0.0,0.0,677.07408015383,771.6053873252974,0.0,1.1814874510706883,2576482.0935640023,744.1495043014538,781.3569795165265,-77.47038500480767,-9.914851602495872,Low
2017-01-29,1,2017,1,0,2016-17,0.7855285506081541,1.29870370756024,0.0,746.181792482877,0.0,0.0,0.0,0.0,858.8273645213342,751.3367509492704,0.0,1.1814874510706883,2238545.377448631,743.7548500643481,780.9425925675656,34.76080008468864,4.451133849724197,Low
2017-01-30,1,2017,0,0,2016-17,0.7520120785884264,2.9494283095511986,0.0,653.4923342257861,0.0,0.0,0.0,0.0,746.181792482877,721.4041690590509,0.0,1.1814874510706883,1960477.0026773585,739.7294776263839,776.715951507703,123.22361728191697,15.8646950719532,High
2017-01-31,1,2017,0,0,2016-17,0.9690296273879276,1.904072517475066,0.0,911.9040364563714,0.0,0.0,0.0,0.0,653.4923342257861,706.3297312647848,0.0,1.1814874510706883,2735712.109369114,740.6495570679507,777.6820349213483,-134.22200153502308,-17.259239060163935,Low
2017-02-01,2,2017,0,0,2016-17,0.7240701236984927,1.503553140583077,0.0,671.3615397990617,0.0,0.0,0.0,0.0,911.9040364563714,745.7545502495642,0.0,1.1814874510706883,2014084.619397185,738.0148440151094,774.9155862158649,103.5540464168032,13.363267981547168,Medium
2017-02-02,2,2017,0,0,2016-17,0.8573534168710764,1.5779051142801412,0.0,838.2458679571821,0.0,0.0,0.0,0.0,671.3615397990617,765.6671081529756,0.0,1.1814874510706883,2514737.603871546,740.254205237636,777.2669154995178,-60.97895245766426,-7.845304005828625,Low
2017-02-03,2,2017,0,0,2016-17,0.8231190480968984,1.8377870736239463,0.0,719.8383480686774,0.0,0.0,0.0,0.0,838.2458679571821,765.298145085206,0.0,1.1814874510706883,2159515.044206032,738.5124407321006,775.4380627687057,55.599714700028244,7.170103889601339,Medium
2017-02-04,2,2017,1,0,2016-17,0.994713585072582,3.1400661753482275,0.0,888.3006447283454,0.0,0.0,0.0,0.0,719.8383480686774,771.4073262158985,0.0,1.1814874510706883,2664901.9341850365,742.8393109326103,779.9812764792408,-108.31936824910463,-13.887431854524465,Low
2017-02-05,2,2017,1,0,2016-17,0.7336116706504157,3.5683387557609376,0.0,376.05045610309406,0.0,0.0,0.0,0.0,888.3006447283454,775.6177948169001,0.0,1.1814874510706883,1128151.3683092822,740.4759314417975,777.4997280138873,401.44927191079324,51.6333649320097,High
2017-02-06,2,2017,0,0,2016-17,0.8193566797137225,3.821338746015713,0.0,599.5837995284395,0.0,0.0,0.0,0.0,376.05045610309406,722.7418896197881,0.0,1.1814874510706883,1798751.3985853186,740.9420603217296,777.9891633378162,178.4053638093767,22.93160010660843,High
2017-02-07,2,2017,0,0,2016-17,0.9908411299826106,3.1476135450211804,0.0,656.0361310216565,0.0,0.0,0.0,0.0,599.5837995284395,715.0406703773103,0.0,1.1814874510706883,1968108.3930649692,739.788869073555,776.7783125272329,120.74218150557635,15.5439691812126,High
2017-02-08,2,2017,0,0,2016-17,0.959652137768194,1.261627582992051,0.0,918.751506156534,0.0,0.0,0.0,0.0,656.0361310216565,678.4881124580653,0.0,1.1814874510706883,2756254.518469602,744.9076275838369,782.1530089630287,-136.5984971935053,-17.464421363616093,Low
2017-02-09,2,2017,0,0,2016-17,0.945121621284784,2.7525388243461686,0.0,755.9408514836898,0.0,0.0,0.0,0.0,918.751506156534,713.8295362234185,0.0,1.1814874510706883,2267822.5544510693,747.6776369894644,785.0615188389377,29.12066735524786,3.709348459508716,Low
2017-02-10,2,2017,0,0,2016-17,0.7773708481134819,1.7504124962215677,0.0,795.9069009669872,0.0,0.0,0.0,0.0,755.9408514836898,702.0716767272052,0.0,1.1814874510706883,2387720.702900961,748.5299767670086,785.9564756053591,-9.950425361628163,-1.266027530845668,Low
2017-02-11,2,2017,1,0,2016-17,0.7512662762170197,1.0186824881842047,0.0,710.8922812923262,0.0,0.0,0.0,0.0,795.9069009669872,712.9386128555352,0.0,1.1814874510706883,2132676.8438769784,748.9728066799058,786.4214470139011,75.52916572157494,9.60415894154014,Medium
2017-02-12,2,2017,1,0,2016-17,0.9005929659773293,3.3634863177036904,0.0,736.3813877390211,0.0,0.0,0.0,0.0,710.8922812923262,687.594560936104,0.0,1.1814874510706883,2209144.163217063,751.4225301632412,788.9936566714033,52.61226893238222,6.668275275411238,Medium
2017-02-13,2,2017,0,0,2016-17,0.9788127967382758,0.1537053958492999,0.0,1004.8523136394964,0.0,0.0,0.0,0.0,736.3813877390211,739.0704083126649,0.0,1.1814874510706883,3014556.940918489,750.831816405988,788.3734072262874,-216.47890641320896,-27.45893055612324,Low
2017-02-14,2,2017,0,0,2016-17,0.8670288679041789,3.607047968541694,0.0,690.3387321584578,0.0,0.0,0.0,0.0,1004.8523136394964,796.9659103285302,0.0,1.1814874510706883,2071016.196475373,749.9342036730426,787.4309138566947,97.09218169823691,12.330247643275385,Medium
2017-02-15,2,2017,0,0,2016-17,0.8714838068409699,1.8459098584989369,0.0,762.8325221924682,0.0,0.0,0.0,0.0,690.3387321584578,801.8662819195017,0.0,1.1814874510706883,2288497.5665774047,748.8054327033434,786.2457043385106,23.413182146042345,2.9778454771642258,Low
2017-02-16,2,2017,0,0,2016-17,0.7839937280980852,2.5488059072331217,0.0,652.8242438092793,0.0,0.0,0.0,0.0,762.8325221924682,779.5921413532067,0.0,1.1814874510706883,1958472.7314278376,748.6619463912762,786.09504371084,133.27079990156062,16.95352247387829,High
2017-02-17,2,2017,0,0,2016-17,0.930847879957581,2.637415688823131,0.0,742.4286636895021,0.0,0.0,0.0,0.0,652.8242438092793,764.8611973997195,0.0,1.1814874510706883,2227285.991068506,749.1389791963021,786.5959281561172,44.167264466615165,5.6149876811781825,Medium
2017-02-18,2,2017,1,0,2016-17,0.756113124567257,3.580470962826145,0.0,610.2531418693522,0.0,0.0,0.0,0.0,742.4286636895021,757.2214492172216,0.0,1.1814874510706883,1830759.4256080568,746.6586483694778,783.9915807879516,173.7384389185994,22.160753147882453,High
2017-02-19,2,2017,1,0,2016-17,0.797103770921273,2.5466787286688293,0.0,720.1826176217991,0.0,0.0,0.0,0.0,610.2531418693522,742.8444292996539,0.0,1.1814874510706883,2160547.852865397,745.8133316638116,783.1039982470022,62.92138062520314,8.034869029663264,Medium
2017-02-20,2,2017,0,0,2016-17,0.8276309315849251,2.455734339040247,0.0,718.0368273461803,0.0,0.0,0.0,0.0,720.1826176217991,740.530319282908,0.0,1.1814874510706883,2154110.4820385408,745.3105397170633,782.5760667029165,64.53923935673618,8.247024423919257,Medium
2017-02-21,2,2017,0,0,2016-17,0.8522831136053365,0.2666081622427598,0.0,857.3051927424897,0.0,0.0,0.0,0.0,718.0368273461803,699.5566783838627,0.0,1.1814874510706883,2571915.578227469,749.5161474491964,786.9919548216562,-70.31323792083344,-8.934429061192557,Low
2017-02-22,2,2017,0,0,2016-17,0.772722919724524,2.0736320877808163,0.0,640.4936853208783,0.0,0.0,0.0,0.0,857.3051927424897,723.4090298958672,0.0,1.1814874510706883,1921481.0559626347,749.6797466145048,787.1637339452301,146.6700486243518,18.63272433668253,High
2017-02-23,2,2017,0,0,2016-17,0.734451047421761,0.6006760032681666,0.0,709.5341093546418,0.0,0.0,0.0,0.0,640.4936853208783,705.9320531999258,0.0,1.1814874510706883,2128602.3280639253,752.5140458420464,790.1397481341487,80.60563877950688,10.20144081725424,Medium
2017-02-24,2,2017,0,0,2016-17,0.8831860127324898,2.9497350748859423,0.0,566.6699800976509,0.0,0.0,0.0,0.0,709.5341093546418,714.033462563549,0.0,1.1814874510706883,1700009.9402929526,749.4952308171878,786.9699923580472,220.30001226039633,27.993445035978777,High
2017-02-25,2,2017,1,0,2016-17,0.7865891659720767,2.048887683250698,0.0,764.6019621559367,0.0,0.0,0.0,0.0,566.6699800976509,688.9250791932845,0.0,1.1814874510706883,2293805.8864678103,749.8019161291776,787.2920119356365,22.690049779699848,2.8820373426518175,Low
2017-02-26,2,2017,1,0,2016-17,0.8743714664267837,2.720911116833413,0.0,688.6181666013434,0.0,0.0,0.0,0.0,764.6019621559367,710.9749106627967,0.0,1.1814874510706883,2065854.4998040304,749.8316970749498,787.3232819286974,98.70511532735395,12.536796204674285,Medium
2017-02-27,2,2017,0,0,2016-17,0.7463088145822606,0.166691602409537,0.0,796.1992120207026,0.0,0.0,0.0,0.0,688.6181666013434,706.4657033741603,0.0,1.1814874510706883,2388597.636062108,750.8262526318669,788.3675652634603,-7.831646757242311,-0.993400426693746,Low
2017-02-28,2,2017,0,0,2016-17,0.8443420305564452,0.3391680641832129,0.0,988.952260161176,0.0,0.0,0.0,0.0,796.1992120207026,717.6317583276633,0.0,1.1814874510706883,2966856.7804835285,750.7955168081627,788.3352926485709,-200.61696751260513,-25.448177873477174,Low
2017-03-01,3,2017,0,0,2016-17,0.8597768297654758,2.865293552250729,0.0,654.8070457750038,0.0,0.0,0.0,0.0,988.952260161176,736.4384822446185,0.0,1.1814874510706883,1964421.1373250112,751.2545867718353,788.8173161104271,134.01027033542334,16.988758689554825,High
2017-03-02,3,2017,0,0,2016-17,0.715547061046728,0.2883373439946934,0.0,725.0663325074223,0.0,0.0,0.0,0.0,654.8070457750038,738.4832480237793,0.0,1.1814874510706883,2175198.997522267,749.2049381723708,786.6651850809894,61.598852573567115,7.830377362794483,Medium
2017-03-03,3,2017,0,0,2016-17,0.8009812834581761,0.2850269110610344,0.0,851.6933243181065,0.0,0.0,0.0,0.0,725.0663325074223,740.7021370456051,0.0,1.1814874510706883,2555079.97295432,751.80274748243,789.3928848565516,-62.3004394615549,-7.892196732033647,Low
2017-03-04,3,2017,1,0,2016-17,0.7403244030816922,0.0484339009395498,0.0,755.288349406548,0.0,0.0,0.0,0.0,851.6933243181065,781.4197576485274,0.0,1.1814874510706883,2265865.048219644,753.3263544193159,790.9926721402817,35.70432273373365,4.51386264263666,Low
2017-03-05,3,2017,1,0,2016-17,0.7190124911418303,3.82600559319792,0.0,512.1125147854563,0.0,0.0,0.0,0.0,755.288349406548,780.0892415414718,0.0,1.1814874510706883,1536337.5443563687,747.9822321729773,785.3813437816262,273.26882899617,34.79441307841301,High
2017-03-06,3,2017,0,0,2016-17,0.9969880697169836,2.950033437836028,0.0,759.8247985400192,0.0,0.0,0.0,0.0,512.1125147854563,754.8741484249165,0.0,1.1814874510706883,2279474.3956200574,744.4665165958504,781.689842425643,21.865043885623777,2.7971508261863662,Low
2017-03-07,3,2017,0,0,2016-17,0.7967061534924169,1.4130056340082566,0.0,731.591829186867,0.0,0.0,0.0,0.0,759.8247985400192,749.6778036419618,0.0,1.1814874510706883,2194775.487560601,745.2922837717853,782.5568979603746,50.965068773507596,6.512634276988797,Medium
2017-03-08,3,2017,0,0,2016-17,0.9429623337563904,1.186142325150621,0.0,890.0122128569626,0.0,0.0,0.0,0.0,731.591829186867,712.9120277884891,0.0,1.1814874510706883,2670036.638570888,747.3124642821296,784.6780874962361,-105.33412536072649,-13.423864771963794,Low
2017-03-09,3,2017,0,0,2016-17,0.7763921964291292,1.3988129189833982,0.0,735.7128704533143,0.0,0.0,0.0,0.0,890.0122128569626,746.5127659430545,0.0,1.1814874510706883,2207138.6113599427,744.4524720281349,781.6750956295417,45.962225176227435,5.879965401636674,Medium
2017-03-10,3,2017,0,0,2016-17,0.9044508166671787,3.0986141247247274,0.0,697.8344561096235,0.0,0.0,0.0,0.0,735.7128704533143,748.0336999353249,0.0,1.1814874510706883,2093503.3683288705,746.0461235113823,783.3484296869515,85.51397357732799,10.916467096449255,Medium
2017-03-11,3,2017,1,0,2016-17,0.928068357966906,2.6454824442816576,0.0,729.1299637660335,0.0,0.0,0.0,0.0,697.8344561096235,726.0538616198272,0.0,1.1814874510706883,2187389.8912981004,745.2350977261161,782.496852612422,53.36688884638852,6.8200771246835465,Medium
2017-03-12,3,2017,1,0,2016-17,0.8786916221823533,0.7407822714698717,0.0,883.6187827876585,0.0,0.0,0.0,0.0,729.1299637660335,722.3169493854681,0.0,1.1814874510706883,2650856.3483629758,748.1582803210206,785.5661943370717,-98.05258845058677,-12.481772911999094,Low
2017-03-13,3,2017,0,0,2016-17,0.8414728565650476,0.6964373413363374,0.0,864.8860838812856,0.0,0.0,0.0,0.0,883.6187827876585,775.3892733857826,0.0,1.1814874510706883,2594658.2516438565,751.6644916273052,789.2477162086705,-75.63836767261512,-9.583602982845624,Low
2017-03-14,3,2017,0,0,2016-17,0.8235522742441805,0.3935825988535892,0.0,868.4669066338913,0.0,0.0,0.0,0.0,864.8860838812856,790.398028434535,0.0,1.1814874510706883,2605400.719901674,750.8175722926087,788.3584509072392,-80.1084557266521,-10.161425381368547,Low
2017-03-15,3,2017,0,0,2016-17,0.8046604799628986,2.6412108788053525,0.0,659.316283272998,0.0,0.0,0.0,0.0,868.4669066338913,809.9516109269671,0.0,1.1814874510706883,1977948.849818994,747.5308385488928,784.9073804763375,125.59109720333947,16.00075376117904,High
2017-03-16,3,2017,0,0,2016-17,0.9788587432743476,3.057490648886944,0.0,717.1241915070295,0.0,0.0,0.0,0.0,659.316283272998,776.9950495578292,0.0,1.1814874510706883,2151372.5745210885,746.0645159864278,783.3677417857492,66.24355027871968,8.456251993184226,Medium
2017-03-17,3,2017,0,0,2016-17,0.9491858223363188,1.060185713300016,0.0,998.1413483518874,0.0,0.0,0.0,0.0,717.1241915070295,774.3395239940744,0.0,1.1814874510706883,2994424.0450556623,748.4966348588167,785.9214666017576,-212.21988175012973,-27.00268293570684,Low
2017-03-18,3,2017,1,0,2016-17,0.9895080731999536,0.0837798441236512,0.0,1095.0645553949198,0.0,0.0,0.0,0.0,998.1413483518874,817.240508600112,0.0,1.1814874510706883,3285193.6661847592,749.5558585984297,787.0336515283512,-308.03090386656856,-39.13821261243394,Low
2017-03-19,3,2017,1,0,2016-17,0.7372891670456634,0.3286866699057094,0.0,763.9037968588882,0.0,0.0,0.0,0.0,1095.0645553949198,869.5168788328101,0.0,1.1814874510706883,2291711.390576665,752.2589358331783,789.8718826248372,25.968085765949013,3.287632632225622,Low
2017-03-20,3,2017,0,0,2016-17,0.9192602425610932,3.871440139380122,0.0,644.7757640179537,0.0,0.0,0.0,0.0,763.9037968588882,852.4147379858429,0.0,1.1814874510706883,1934327.2920538613,749.9786066935619,787.47753702824,142.70177301028627,18.12137696635895,High
2017-03-21,3,2017,0,0,2016-17,0.9815021370463112,1.181779109909681,0.0,957.0596798113978,0.0,0.0,0.0,0.0,644.7757640179537,820.9704065767954,0.0,1.1814874510706883,2871179.0394341936,751.3317700978132,788.8983586027039,-168.16132120869395,-21.31596794123658,Low
2017-03-22,3,2017,0,0,2016-17,0.754369919849698,3.0768925913525345,0.0,483.7173823059082,0.0,0.0,0.0,0.0,957.0596798113978,833.6265170307249,0.0,1.1814874510706883,1451152.1469177245,749.6532749658146,787.1359387141054,303.41855640819716,38.547160850497185,High
2017-03-23,3,2017,0,0,2016-17,0.7199488802100332,2.498654275417055,0.0,618.6921720657618,0.0,0.0,0.0,0.0,483.7173823059082,808.5409597497121,0.0,1.1814874510706883,1856076.5161972856,749.8137831025141,787.3044722576399,168.61230019187803,21.41640320019684,High
2017-03-24,3,2017,0,0,2016-17,0.9223361947870176,1.5277585586115836,0.0,811.198702573797,0.0,0.0,0.0,0.0,618.6921720657618,794.4792426866737,0.0,1.1814874510706883,2433596.107721391,752.1783385287179,789.7872554551537,-21.41144711864331,-2.7110398364562,Low
2017-03-25,3,2017,1,0,2016-17,0.8723419339539735,0.8227490487822204,0.0,940.9563579735452,0.0,0.0,0.0,0.0,811.198702573797,767.7731504326609,0.0,1.1814874510706883,2822869.0739206355,754.0000991287728,791.7001040852115,-149.25625388833373,-18.85262527037247,Low
2017-03-26,3,2017,1,0,2016-17,0.9525486330274816,0.4855456726376257,0.0,993.0621778751092,0.0,0.0,0.0,0.0,940.9563579735452,745.7576936581789,0.0,1.1814874510706883,2979186.533625328,757.0603859192302,794.9134052151917,-198.14877265991754,-24.927089084159615,Low
2017-03-27,3,2017,0,0,2016-17,0.7419317129878868,2.4600518721554665,0.0,664.568834854763,0.0,0.0,0.0,0.0,993.0621778751092,778.4946052319248,0.0,1.1814874510706883,1993706.5045642888,755.8080242825162,793.598425496642,129.02959064187894,16.258801239572886,High
2017-03-28,3,2017,0,0,2016-17,0.9385801935579672,3.098535122551152,0.0,684.3706721847025,0.0,0.0,0.0,0.0,664.568834854763,781.3221867800403,0.0,1.1814874510706883,2053112.0165541077,756.4653964308841,794.2886662524284,109.91799406772589,13.83854494441363,Medium
2017-03-29,3,2017,0,0,2016-17,0.7604881960143233,2.5756170141645227,0.0,630.91467264276,0.0,0.0,0.0,0.0,684.3706721847025,742.3666142619411,0.0,1.1814874510706883,1892744.01792828,753.4936878887131,791.1683722831488,160.25369964038873,20.255321781624005,High
2017-03-30,3,2017,0,0,2016-17,0.7490967828597113,2.1212085329966333,0.0,722.6434412839214,0.0,0.0,0.0,0.0,630.91467264276,763.3947985957769,0.0,1.1814874510706883,2167930.323851764,755.3344169360231,793.1011377828243,70.4576964989028,8.883822395700095,Medium
2017-03-31,3,2017,0,0,2016-17,0.7492797393792978,0.167804893726545,0.0,803.2088201828764,0.0,0.0,0.0,0.0,722.6434412839214,778.244979912657,0.0,1.1814874510706883,2409626.460548629,757.2926439165681,795.1572761123965,-8.05154407047985,-1.0125725202245088,Low
2017-04-01,4,2017,1,0,2017-18,0.9443724160694148,3.873955110377535,0.0,739.0066843937087,0.0,0.0,0.2037,0.1,803.2088201828764,777.1035681425254,0.0,1.1814874510706883,2217020.0531811262,757.0989310626827,794.9538776158169,55.947193222108126,7.037791096749155,Medium
2017-04-02,4,2017,1,0,2017-18,0.89955916620886,3.1948567666182983,0.0,868.1396366050856,0.0,0.0,0.2037,0.1,739.0066843937087,748.2536147739773,0.0,1.1814874510706883,2604418.9098152565,759.8128596581774,797.8035026410863,-70.33613396399926,-8.816222758004347,Low
2017-04-03,4,2017,0,0,2017-18,0.8569196274307358,1.171288146803859,0.0,1061.1987061728455,0.0,0.0,0.2037,0.1,868.1396366050856,730.4075374496882,0.0,1.1814874510706883,3183596.1185185364,762.6716476319748,800.8052300135736,-260.3934761592719,-32.516455487542,Low
2017-04-04,4,2017,0,0,2017-18,0.8076491452370507,3.9198813174354026,0.0,624.0967908789175,0.0,0.0,0.2037,0.1,1061.1987061728455,787.0689476379856,0.0,1.1814874510706883,1872290.372636753,762.7372665770472,800.8741299058996,176.77733902698208,22.073048988079176,High
2017-04-05,4,2017,0,0,2017-18,0.9631601622439324,2.4075263585452884,0.0,850.7595245422661,0.0,0.0,0.2037,0.1,624.0967908789175,778.4583931657307,0.0,1.1814874510706883,2552278.5736267986,763.8601487287532,802.0531561651909,-48.70636837707525,-6.072710767694265,Low
2017-04-06,4,2017,0,0,2017-18,0.8177335322267906,2.329690632828986,0.0,803.2707403648685,0.0,0.0,0.2037,0.1,850.7595245422661,809.864800579946,0.0,1.1814874510706883,2409812.221094605,765.703737910652,803.9889248061846,0.7181844413161116,0.0893276535481185,Low
2017-04-07,4,2017,0,0,2017-18,0.9449798318414732,2.9922927177181284,0.0,937.017435080142,0.0,0.0,0.2037,0.1,803.2707403648685,821.3829861629383,0.0,1.1814874510706883,2811052.305240426,765.2453768479057,803.507645690301,-133.509789389841,-16.615870440802272,Low
2017-04-08,4,2017,1,0,2017-18,0.8317404725710655,3.2470791523605502,0.0,703.9132269857066,0.0,0.0,0.2037,0.1,937.017435080142,840.4985025768334,0.0,1.1814874510706883,2111739.68095712,763.6475062787106,801.8298815926462,97.91665460693957,12.211649485106642,Medium
2017-04-09,4,2017,1,0,2017-18,0.8130833288274723,2.6259144293260106,0.0,806.3694574653531,0.0,0.0,0.2037,0.1,703.9132269857066,835.4851515185475,0.0,1.1814874510706883,2419108.37239606,764.8830384386242,803.1271903605555,-3.2422671047976337,-0.4037053089115377,Low
2017-04-10,4,2017,0,0,2017-18,0.8388039357008819,0.5123829854648001,0.0,1027.0313238778826,0.0,0.0,0.2037,0.1,806.3694574653531,826.6608402128713,0.0,1.1814874510706883,3081093.971633648,767.5842452475523,805.96345750993,-221.06786636795266,-27.429018562572853,Low
2017-04-11,4,2017,0,0,2017-18,0.7904133622492426,1.3530700239779936,0.0,789.9854732803134,0.0,0.0,0.2037,0.1,1027.0313238778826,821.7797855993052,0.0,1.1814874510706883,2369956.4198409403,766.745843139621,805.0831352966021,15.097662016288723,1.8752922964566345,Low
2017-04-12,4,2017,0,0,2017-18,0.9242828140528754,3.712334561304199,0.0,736.8503520453698,0.0,0.0,0.2037,0.1,789.9854732803134,845.4781687995046,0.0,1.1814874510706883,2210551.0561361094,766.7824159530282,805.1215367506796,68.27118470530979,8.479612280754475,Medium
2017-04-13,4,2017,0,0,2017-18,0.8508161170277437,0.8984624473754077,0.0,1087.7139199388507,0.0,0.0,0.2037,0.1,736.8503520453698,829.2054298713765,0.0,1.1814874510706883,3263141.759816552,768.0873320605576,806.4916986635856,-281.22222127526516,-34.86982218679628,Low
2017-04-14,4,2017,0,0,2017-18,0.7696638085440451,1.4886680953500533,0.0,722.2983279441728,0.0,0.0,0.2037,0.1,1087.7139199388507,869.840169810517,0.0,1.1814874510706883,2166894.9838325186,769.041591309997,807.4936708754968,85.19534293132403,10.550589559290781,Medium
2017-04-15,4,2017,1,0,2017-18,0.9698723719823704,1.728307531776784,0.0,1096.9037938098395,0.0,0.0,0.2037,0.1,722.2983279441728,839.1660116482354,0.0,1.1814874510706883,3290711.3814295186,772.6856051835554,811.3198854427332,-285.58390836710635,-35.19991479208779,Low
2017-04-16,4,2017,1,0,2017-18,0.8151673664119634,1.7576199587778087,0.0,824.623995071751,0.0,0.0,0.2037,0.1,1096.9037938098395,895.3075211945403,0.0,1.1814874510706883,2473871.9852152527,772.3648968965889,810.9831417414184,-13.640853330332561,-1.6820144129064942,Low
2017-04-17,4,2017,0,0,2017-18,0.8630658583341966,2.451758329978102,0.0,917.9062727631858,0.0,0.0,0.2037,0.1,824.623995071751,897.9153122811686,0.0,1.1814874510706883,2753718.818289557,772.6997413564486,811.3347284242711,-106.57154433891469,-13.135336206536108,Low
2017-04-18,4,2017,0,0,2017-18,0.971941633289364,3.7723033509788304,0.0,862.8853987116221,0.0,0.0,0.2037,0.1,917.9062727631858,882.3260192647833,0.0,1.1814874510706883,2588656.196134866,774.6818011143581,813.4158911700761,-49.46950754154602,-6.081699174869269,Low
2017-04-19,4,2017,0,0,2017-18,0.8872713987741976,0.9627708473300198,0.0,1067.8181295997697,0.0,0.0,0.2037,0.1,862.8853987116221,892.7402943263988,0.0,1.1814874510706883,3203454.3887993093,778.339191744096,817.2561513313008,-250.56197826846892,-30.65892839843498,Low
2017-04-20,4,2017,0,0,2017-18,0.7350694122125092,0.4860055052036722,0.0,929.9893486814284,0.0,0.0,0.2037,0.1,1067.8181295997697,940.0214054055988,0.0,1.1814874510706883,2789968.0460442854,782.884438299659,822.028660214642,-107.96068846678645,-13.133445789906714,Low
2017-04-21,4,2017,0,0,2017-18,0.9819496370840426,0.7898819594397493,0.0,1163.1497078434809,0.0,0.0,0.2037,0.1,929.9893486814284,917.4893237973956,0.0,1.1814874510706883,3489449.123530442,784.6893481739918,823.9238155826914,-339.22589226078946,-41.17199744018612,Low
2017-04-22,4,2017,1,0,2017-18,0.8883124159214253,3.547699600837078,0.0,680.9894829904985,0.0,0.0,0.2037,0.1,1163.1497078434809,980.4680923544396,0.0,1.1814874510706883,2042968.4489714955,781.6368994770596,820.7187444509126,139.72926146041414,17.025230921696267,High
2017-04-23,4,2017,1,0,2017-18,0.8004716843971258,2.583243250620824,0.0,913.4774376185898,0.0,0.0,0.2037,0.1,680.9894829904985,921.0517622373908,0.0,1.1814874510706883,2740432.3128557694,783.3531665752032,822.5208249039634,-90.95661271462632,-11.058274752526334,Low
2017-04-24,4,2017,0,0,2017-18,0.7417816217990162,1.1436271569566403,0.0,826.1147378791612,0.0,0.0,0.2037,0.1,913.4774376185898,933.7451111726537,0.0,1.1814874510706883,2478344.213637484,785.4663269564949,824.7396433043197,-1.3750945748415688,-0.16673074781906347,Low
2017-04-25,4,2017,0,0,2017-18,0.9382075567810888,3.263787755874469,0.0,956.2726855350252,0.0,0.0,0.2037,0.1,826.1147378791612,920.63203476065,0.0,1.1814874510706883,2868818.0566050755,790.1807608571597,829.6897989000178,-126.58288663500741,-15.256652161184563,Low
2017-04-26,4,2017,0,0,2017-18,0.886021826778554,3.445479985453744,0.0,723.9082848534787,0.0,0.0,0.2037,0.1,956.2726855350252,933.9730757354218,0.0,1.1814874510706883,2171724.854560436,788.8816461396254,828.3257284466067,104.41744359312804,12.60584333037033,Medium
2017-04-27,4,2017,0,0,2017-18,0.8600383275928964,3.386057354761112,0.0,801.0606207148202,0.0,0.0,0.2037,0.1,723.9082848534787,884.8430979145231,0.0,1.1814874510706883,2403181.8621444604,790.2592743680809,829.772238086485,28.71161737166483,3.46018052349834,Low
2017-04-28,4,2017,0,0,2017-18,0.9681677749152872,3.675706134558218,0.0,747.6508175792401,0.0,0.0,0.2037,0.1,801.0606207148202,866.4247082050077,0.0,1.1814874510706883,2242952.45273772,789.0239794020576,828.4751783721606,80.82436079292052,9.755797506417661,Medium
2017-04-29,4,2017,1,0,2017-18,0.9365791633673592,1.0089640806934463,0.0,1168.7797220257914,0.0,0.0,0.2037,0.1,747.6508175792401,807.0677238815448,0.0,1.1814874510706883,3506339.1660773745,793.7195119525345,833.4054875501613,-335.37423447563015,-40.24142383097094,Low
2017-04-30,4,2017,1,0,2017-18,0.7455024639198253,3.020167714985113,0.0,678.5424374629021,0.0,0.0,0.2037,0.1,1168.7797220257914,876.7520437437295,0.0,1.1814874510706883,2035627.3123887065,793.997846432947,833.6977387545944,155.15530129169235,18.61049803535134,High
2017-05-01,5,2017,0,0,2017-18,0.7935166203386644,1.84215798909656,0.0,850.3674650226767,0.0,0.0,0.2037,0.1,678.5424374629021,843.1899008643455,0.0,1.1814874510706883,2551102.39506803,793.3141067503502,832.9798120878678,-17.387652934808898,-2.087403882121304,Low
2017-05-02,5,2017,0,0,2017-18,0.7745467419443397,3.367994211560246,0.0,732.5386347460247,0.0,0.0,0.2037,0.1,850.3674650226767,846.654576170562,0.0,1.1814874510706883,2197615.904238074,793.9938522497611,833.6935448622492,101.15491011622441,12.133344529246438,Medium
2017-05-03,5,2017,0,0,2017-18,0.923183887771803,2.913962708646453,0.0,849.0239772167935,0.0,0.0,0.2037,0.1,732.5386347460247,814.6925689149905,0.0,1.1814874510706883,2547071.9316503806,794.1136090193122,833.8192894702779,-15.20468774651556,-1.8234991608523519,Low
2017-05-04,5,2017,0,0,2017-18,0.7100597304207338,3.1057897859988985,0.0,562.8476804809276,0.0,0.0,0.2037,0.1,849.0239772167935,832.566239252607,0.0,1.1814874510706883,1688543.0414427829,792.3692682683372,831.9877316817541,269.1400512008265,32.34904085145525,High
2017-05-05,5,2017,0,0,2017-18,0.8709669054613949,2.624647350724286,0.0,915.9530569320845,0.0,0.0,0.2037,0.1,562.8476804809276,798.5358192191936,0.0,1.1814874510706883,2747859.1707962533,792.6765172928232,832.3103431574643,-83.64271377462012,-10.049462254345167,Low
2017-05-06,5,2017,1,0,2017-18,0.9287376057222072,0.7097150778788275,0.0,1084.3466863188912,0.0,0.0,0.2037,0.1,915.9530569320845,822.5789962696001,0.0,1.1814874510706883,3253040.058956674,800.5464754063321,840.5737991766488,-243.77288714224244,-29.00077154213237,Low
2017-05-07,5,2017,1,0,2017-18,0.9630296910285248,2.1801076755877533,0.0,1048.5073693612385,0.0,0.0,0.2037,0.1,1084.3466863188912,810.5171340257572,0.0,1.1814874510706883,3145522.108083716,805.534515071141,845.8112408246981,-202.6961285365404,-23.964700249065498,Low
2017-05-08,5,2017,0,0,2017-18,0.8026245246147722,3.938678958098033,0.0,720.3767674797698,0.0,0.0,0.2037,0.1,1048.5073693612385,863.3692671540911,0.0,1.1814874510706883,2161130.302439309,806.2494110317865,846.5618815833759,126.18511410360611,14.905598379600374,Medium
2017-05-09,5,2017,0,0,2017-18,0.9463771914016038,3.749552265988476,0.0,771.0008355947162,0.0,0.0,0.2037,0.1,720.3767674797698,844.7991675051043,0.0,1.1814874510706883,2313002.506784149,804.6077369144332,844.8381237601549,73.83728816543862,8.739814893391417,Medium
2017-05-10,5,2017,0,0,2017-18,0.7331895210865621,0.1726949431880466,0.0,1049.504364602983,0.0,0.0,0.2037,0.1,771.0008355947162,850.293767626346,0.0,1.1814874510706883,3148513.093808949,807.8695537268696,848.2630314132132,-201.24133318976988,-23.72393063676253,Low
2017-05-11,5,2017,0,0,2017-18,0.9539356875203556,0.6592592629177485,0.0,1231.8921585321352,0.0,0.0,0.2037,0.1,1049.504364602983,878.9338229672301,0.0,1.1814874510706883,3695676.4755964056,812.7138343664824,853.3495260848066,-378.54263244732863,-44.3596229770108,Low
2017-05-12,5,2017,0,0,2017-18,0.7382465986995946,0.5269150938182476,0.0,894.5766592685073,0.0,0.0,0.2037,0.1,1231.8921585321352,974.511605545974,0.0,1.1814874510706883,2683729.977805522,814.7547718995511,855.4925104945287,-39.084148773978654,-4.568613786155247,Low
2017-05-13,5,2017,1,0,2017-18,0.8191861871681101,2.903919639941182,0.0,876.832440415419,0.0,0.0,0.2037,0.1,894.5766592685073,971.4578344511772,0.0,1.1814874510706883,2630497.321246257,816.315339151511,857.1311061090865,-19.701334306332456,-2.298520514063,Low
2017-05-14,5,2017,1,0,2017-18,0.939188609733866,3.2711413194277803,0.0,773.8677287118024,0.0,0.0,0.2037,0.1,876.832440415419,941.8129421792528,0.0,1.1814874510706883,2321603.1861354075,813.7488437634256,854.4362859515969,80.56855723979447,9.429440037189456,Medium
2017-05-15,5,2017,0,0,2017-18,0.7449752282046321,0.8540454652426877,0.0,891.8328887247613,0.0,0.0,0.2037,0.1,773.8677287118024,902.5787078007618,0.0,1.1814874510706883,2675498.666174284,815.9876677252734,856.787051111537,-35.04583761322431,-4.090378999981177,Low
2017-05-16,5,2017,0,0,2017-18,0.7687754185697924,2.023410771807316,0.0,811.5885663709053,0.0,0.0,0.2037,0.1,891.8328887247613,927.0724394071892,0.0,1.1814874510706883,2434765.699112716,816.5294015494783,857.3558716269522,45.76730525604694,5.338192315543031,Medium
2017-05-17,5,2017,0,0,2017-18,0.9166757705179198,3.3628121120448,0.0,859.7413832667016,0.0,0.0,0.2037,0.1,811.5885663709053,932.8706866609306,0.0,1.1814874510706883,2579224.149800105,818.828480876783,859.7699049206223,0.028521653920620338,0.00331735895352764,Low
2017-05-18,5,2017,0,0,2017-18,0.9160109609638224,2.9312061790650024,0.0,946.707886354006,0.0,0.0,0.2037,0.1,859.7413832667016,905.761689327176,0.0,1.1814874510706883,2840123.6590620177,821.0982500174998,862.1531625183749,-84.55472383563108,-9.807390091644997,Low
2017-05-19,5,2017,0,0,2017-18,0.8923442898655891,2.168948821967393,0.0,1011.534879551596,0.0,0.0,0.2037,0.1,946.707886354006,865.0210790160147,0.0,1.1814874510706883,3034604.638654788,825.5569359917469,866.8347827913342,-144.70009676026177,-16.692926914435343,Low
2017-05-20,5,2017,1,0,2017-18,0.90818453334013,2.361390761835092,0.0,948.9063404229552,0.0,0.0,0.2037,0.1,1011.534879551596,881.7293961993131,0.0,1.1814874510706883,2846719.0212688656,828.0983106895375,869.5032262240144,-79.40311419894078,-9.132009152371307,Low
2017-05-21,5,2017,1,0,2017-18,0.8628173330042788,2.03344218766512,0.0,906.4236320350612,0.0,0.0,0.2037,0.1,948.9063404229552,892.0256676289612,0.0,1.1814874510706883,2719270.8961051838,830.1914974083028,871.7010722787179,-34.722559756343344,-3.9833104329647013,Low
2017-05-22,5,2017,0,0,2017-18,0.7755397176720857,1.1901938052752823,0.0,796.8234221978821,0.0,0.0,0.2037,0.1,906.4236320350612,910.9622252465696,0.0,1.1814874510706883,2390470.2665936463,829.5194777355849,870.9954516223642,74.17202942448205,8.515776894853484,Medium
2017-05-23,5,2017,0,0,2017-18,0.8037087980511758,2.2600879714360644,0.0,748.9280970428448,0.0,0.0,0.2037,0.1,796.8234221978821,897.3894443141581,0.0,1.1814874510706883,2246784.2911285344,830.7243045324958,872.2605197591206,123.3324227162758,14.139402153651837,Medium
2017-05-24,5,2017,0,0,2017-18,0.7544793150404276,2.7555412082003627,0.0,854.6746666215088,0.0,0.0,0.2037,0.1,748.9280970428448,888.4379486958638,0.0,1.1814874510706883,2564023.9998645266,832.3369773910164,873.9538262605672,19.279159639058435,2.2059700478169653,Low
2017-05-25,5,2017,0,0,2017-18,0.9725351684000884,3.4932916634432307,0.0,728.2521021053765,0.0,0.0,0.2037,0.1,854.6746666215088,887.714132032265,0.0,1.1814874510706883,2184756.3063161294,834.1323343022135,875.8389510173242,147.58684891194775,16.850911773279705,High
2017-05-26,5,2017,0,0,2017-18,0.8750175384298361,2.5451654159169923,0.0,825.2945120930098,0.0,0.0,0.2037,0.1,728.2521021053765,856.5061628538891,0.0,1.1814874510706883,2475883.536279029,834.8066959681809,876.54703076659,51.2525186735802,5.847092839816818,Medium
2017-05-27,5,2017,1,0,2017-18,0.8202554250290919,3.044486148172632,0.0,845.047014964825,0.0,0.0,0.2037,0.1,825.2945120930098,829.9003960740912,0.0,1.1814874510706883,2535141.044894475,836.5447942833306,878.3720339974972,33.32501903267212,3.79395264680832,Low
2017-05-28,5,2017,1,0,2017-18,0.8386017410932398,0.640286539818292,0.0,1070.7025734948425,0.0,0.0,0.2037,0.1,845.047014964825,815.0633495800724,0.0,1.1814874510706883,3212107.7204845278,839.5948316330434,881.5745732146956,-189.1280002801468,-21.45343185097595,Low
2017-05-29,5,2017,0,0,2017-18,0.9841850018835444,1.84622989767916,0.0,1142.70872471879,0.0,0.0,0.2037,0.1,1070.7025734948425,838.5317697886128,0.0,1.1814874510706883,3428126.1741563696,841.3032367947947,883.3683986345344,-259.3403260842557,-29.358116781756138,Low
2017-05-30,5,2017,0,0,2017-18,0.746005420934824,0.0373264793083731,0.0,1037.0081168147767,0.0,0.0,0.2037,0.1,1142.70872471879,887.9439558630282,0.0,1.1814874510706883,3111024.3504443304,845.5499153619032,887.8274111299984,-149.18070568477833,-16.802894776013495,Low
2017-05-31,5,2017,0,0,2017-18,0.8758689496050391,0.986715458086492,0.0,1161.6092787882817,0.0,0.0,0.2037,0.1,1037.0081168147767,929.0982444018756,0.0,1.1814874510706883,3484827.8363648453,850.4003925428016,892.9204121699416,-268.68886661834006,-30.091020762464428,Low
2017-06-01,6,2017,0,1,2017-18,0.8517666036653397,2.90584686045202,2.545946801484112,651.3363009675388,0.0,0.0,0.2037,0.1,1161.6092787882817,972.946046139986,0.0,1.1814874510706883,1954008.9029026164,848.1742033944621,890.5829135641852,239.2466125966464,26.864047013788085,High
2017-06-02,6,2017,0,1,2017-18,0.8834362706303943,3.967239805397454,11.093620053187168,542.0436990482284,0.0,0.0,0.2037,0.1,651.3363009675388,961.9580745488664,0.0,1.1814874510706883,1626131.0971446852,845.8048183904807,888.0950593100048,346.0513602617764,38.965576560085466,High
2017-06-03,6,2017,1,1,2017-18,0.7054330551462521,0.3967123983488636,2.377257957988833,662.4021076138979,0.0,0.0,0.2037,0.1,542.0436990482284,921.493672685326,0.0,1.1814874510706883,1987206.3228416936,847.4747027552412,889.8484378930033,227.44633027910538,25.56012019503639,High
2017-06-04,6,2017,1,1,2017-18,0.9616371726832454,1.605977263445153,1.1640396226790588,898.0505996616326,0.0,0.0,0.2037,0.1,662.4021076138979,895.4015430637652,0.0,1.1814874510706883,2694151.798984898,849.0105449899256,891.4610722394219,-6.589527422210722,-0.739182856931408,Low
2017-06-05,6,2017,0,1,2017-18,0.9796354847450836,3.200283874796638,3.836611029578505,662.5102792631443,0.0,0.0,0.2037,0.1,898.0505996616326,870.7369753733066,0.0,1.1814874510706883,1987530.8377894328,848.2429722129956,890.6551208236455,228.14484156050116,25.615396602617757,High
2017-06-06,6,2017,0,1,2017-18,0.8695399550767626,0.8161425385155954,4.656767768560997,795.3209662862549,0.0,0.0,0.2037,0.1,662.5102792631443,802.1371974510714,0.0,1.1814874510706883,2385962.8988587647,847.1908472510987,889.5503896136537,94.22942332739876,10.592926991839569,Medium
2017-06-07,6,2017,0,1,2017-18,0.9089952471630676,2.220339797209145,0.0,819.2700272337803,0.0,0.0,0.2037,0.1,795.3209662862549,767.6104616612827,0.0,1.1814874510706883,2457810.081701341,848.119260104215,890.5252231094257,71.25519587564543,8.001479803889817,Medium
2017-06-08,6,2017,0,1,2017-18,0.9767498143531888,2.932285184118699,0.0,801.671295469463,0.0,0.0,0.2037,0.1,819.2700272337803,718.7048542963539,0.0,1.1814874510706883,2405013.886408389,849.2730027637689,891.7366529019573,90.06535743249435,10.09999500854841,Medium
2017-06-09,6,2017,0,1,2017-18,0.9121715902940196,2.463941801040716,9.579548880107852,787.0173163783692,0.0,0.0,0.2037,0.1,801.671295469463,740.1812820823432,0.0,1.1814874510706883,2361051.9491351075,849.9161955705724,892.412005349101,105.39468897073186,11.810093134000669,Medium
2017-06-10,6,2017,1,1,2017-18,0.7457617128742784,0.7520989384616645,4.132249997549595,821.7149130039132,0.0,0.0,0.2037,0.1,787.0173163783692,775.1775131295061,0.0,1.1814874510706883,2465144.73901174,849.2283747951975,891.6897935349574,69.97488053104416,7.8474466163440395,Medium
2017-06-11,6,2017,1,1,2017-18,0.872886508050044,1.4215382747429577,17.460201714781594,747.9615587589343,0.0,0.0,0.2037,0.1,821.7149130039132,797.9364853280797,0.0,1.1814874510706883,2243884.676276803,847.9292134049492,890.3256740751967,142.36411531626243,15.990116814741926,High
2017-06-12,6,2017,0,1,2017-18,0.8820145139148567,3.135167137941589,7.29274562360707,485.0281838906698,0.0,0.0,0.2037,0.1,747.9615587589343,776.4951937705513,0.0,1.1814874510706883,1455084.5516720095,843.6687831522469,885.8522223098593,400.82403841918943,45.24728033915645,High
2017-06-13,6,2017,0,1,2017-18,0.8272392013907157,2.2169060565280665,3.3848221467909183,791.3172422002473,0.0,0.0,0.2037,0.1,485.0281838906698,751.1406087173407,0.0,1.1814874510706883,2373951.726600742,845.1354604736607,887.3922334973438,96.07499129709652,10.826665782103005,Medium
2017-06-14,6,2017,0,1,2017-18,0.9209332706874168,0.0209184541716509,9.292998146763248,985.6677378441456,0.0,0.0,0.2037,0.1,791.3172422002473,750.5686481336254,0.0,1.1814874510706883,2957003.213532437,848.1192776551842,890.5252415379434,-95.14249630620213,-10.683862946084535,Low
2017-06-15,6,2017,0,1,2017-18,0.9803101044307044,3.0439630401123754,17.255541253359226,564.2475596293023,0.0,0.0,0.2037,0.1,985.6677378441456,774.3397496493918,0.0,1.1814874510706883,1692742.6788879067,843.2982355582665,885.4631473361799,321.2155877068776,36.27656200861888,High
2017-06-16,6,2017,0,1,2017-18,0.9776705538720328,0.1412454197609562,0.0,1083.636181998102,0.0,0.0,0.2037,0.1,564.2475596293023,740.4220731007974,0.0,1.1814874510706883,3250908.5459943064,843.1712536316352,885.329816313217,-198.30636568488512,-22.399151370581105,Low
2017-06-17,6,2017,1,1,2017-18,0.8352518114212396,2.982935130924929,10.88351220738921,486.0335231585038,0.0,0.0,0.2037,0.1,1083.636181998102,782.7961967607591,0.0,1.1814874510706883,1458100.569475511,840.0838061460755,882.0879964533793,396.05447329487555,44.89965569050888,High
2017-06-18,6,2017,1,1,2017-18,0.7339714137522265,0.8099222406609496,1.565150819152264,755.1158723364953,0.0,0.0,0.2037,0.1,486.0335231585038,734.8417124971293,0.0,1.1814874510706883,2265347.6170094856,841.3098073496147,883.3752977170955,128.2594253806002,14.519245185150718,Medium
2017-06-19,6,2017,0,1,2017-18,0.9954523596887004,3.832293920477521,4.994268343617678,536.8015838944831,0.0,0.0,0.2037,0.1,755.1158723364953,735.8637572939236,0.0,1.1814874510706883,1610404.7516834494,836.6402729505379,878.4722865980648,341.6707027035817,38.89373722041039,High
2017-06-20,6,2017,0,1,2017-18,0.9516694259337802,1.471763005208338,8.242566556158197,761.2741370271314,0.0,0.0,0.2037,0.1,536.8015838944831,743.2599572944684,0.0,1.1814874510706883,2283822.411081394,839.7242368918849,881.7104487364792,120.43631170934782,13.659394859382365,Medium
2017-06-21,6,2017,0,1,2017-18,0.73739880436098,1.3077264653523164,10.570927922072505,664.6258858379447,0.0,0.0,0.2037,0.1,761.2741370271314,738.9680851268805,0.0,1.1814874510706883,1993877.657513834,840.2346114893535,882.2463420638212,217.62045622587652,24.666631738795463,High
2017-06-22,6,2017,0,1,2017-18,0.9762525647852116,0.5955522013297787,0.0,1057.681873233896,0.0,0.0,0.2037,0.1,664.6258858379447,693.1049634117089,0.0,1.1814874510706883,3173045.619701688,842.973313385577,885.1219790548558,-172.55989417904027,-19.495606059099543,Low
2017-06-23,6,2017,0,1,2017-18,0.9609689086186384,1.2224168619608595,5.907017387664477,887.5283064466715,0.0,0.0,0.2037,0.1,1057.681873233896,763.5955796409368,0.0,1.1814874510706883,2662584.9193400145,842.3796683686116,884.4986517870423,-3.029654659629273,-0.34252790024135754,Low
2017-06-24,6,2017,1,1,2017-18,0.8556514171378216,3.5066030473128023,5.271074198554531,541.6322875115875,0.0,0.0,0.2037,0.1,887.5283064466715,735.580168847875,0.0,1.1814874510706883,1624896.8625347624,837.3637806979058,879.2319697328011,337.5996822212136,38.3971117797059,High
2017-06-25,6,2017,1,1,2017-18,0.8773826307234788,3.985337350508989,0.0,424.0880510297533,0.0,0.0,0.2037,0.1,541.6322875115875,743.5228494697442,0.0,1.1814874510706883,1272264.1530892598,834.691771988739,876.426360588176,452.3383095584227,51.61167325625112,High
2017-06-26,6,2017,0,1,2017-18,0.8197008111610391,1.4732381220273931,0.0,736.1491048034746,0.0,0.0,0.2037,0.1,424.0880510297533,696.2331607116382,0.0,1.1814874510706883,2208447.314410424,835.2670879067255,877.0304423020618,140.8813374985872,16.063448964074347,High
2017-06-27,6,2017,0,1,2017-18,0.7164284916466094,1.7944425238181705,0.0,666.9060431290167,0.0,0.0,0.2037,0.1,736.1491048034746,724.7113779843513,0.0,1.1814874510706883,2000718.12938705,835.6669920232392,877.4503416244012,210.5442984953845,23.995010145600865,High
2017-06-28,6,2017,0,1,2017-18,0.8005591724937703,2.888283752810948,21.41404621906517,445.653807676777,0.0,0.0,0.2037,0.1,666.9060431290167,711.230221713192,0.0,1.1814874510706883,1336961.423030331,832.5893294276044,874.2187958989847,428.5649882222077,49.02262342478027,High
2017-06-29,6,2017,0,1,2017-18,0.9408560345794036,3.544783121860298,0.0,650.3815186681582,0.0,0.0,0.2037,0.1,445.653807676777,679.9484962615967,0.0,1.1814874510706883,1951144.5560044744,830.8912482996632,872.4358107146463,222.05429204648817,25.452221162791886,High
2017-06-30,6,2017,0,1,2017-18,0.7013896069013809,2.3721773367471366,10.995588566626491,487.758045245143,0.0,0.0,0.2037,0.1,650.3815186681582,621.7627313236342,0.0,1.1814874510706883,1463274.1357354291,828.099596753568,869.5045765912464,381.7465313461034,43.90391282846142,High
2017-07-01,7,2017,1,1,2017-18,0.8000497515073433,1.5661027927113174,9.313726939296036,639.917179582447,0.0,0.0,0.2037,0.1,487.758045245143,564.6526940091301,0.0,1.1814874510706883,1919751.538747341,825.5637916755386,866.8419812593156,226.92480167686858,26.17833545015906,High
2017-07-02,7,2017,1,1,2017-18,0.819450608077283,1.650487363394495,4.282426380556719,710.6817985902607,0.0,0.0,0.2037,0.1,639.917179582447,578.6933928763957,0.0,1.1814874510706883,2132045.395770782,821.6691593690654,862.7526173375187,152.07081874725804,17.626236732442877,High
2017-07-03,7,2017,0,1,2017-18,0.8612186808813769,2.7824725859872275,2.50688130730853,631.9630786435097,0.0,0.0,0.2037,0.1,710.6817985902607,619.635356813611,0.0,1.1814874510706883,1895889.235930529,821.7565625664498,862.8443906947723,230.88131205126263,26.75816341175427,High
2017-07-04,7,2017,0,1,2017-18,0.975956684923828,0.0128730544171147,9.4307692956542,1079.877545107538,0.0,0.0,0.2037,0.1,631.9630786435097,604.7516387907589,0.0,1.1814874510706883,3239632.635322614,824.3023183505084,865.5174342680339,-214.36011083950416,-24.766700513755453,Low
2017-07-05,7,2017,0,1,2017-18,0.8039037983097883,2.4783573498393627,11.8375309245088,420.8489348236928,0.0,0.0,0.2037,0.1,1079.877545107538,663.7475676448333,0.0,1.1814874510706883,1262546.8044710786,820.0531871778286,861.0558465367201,440.2069117130273,51.12408370300224,High
2017-07-06,7,2017,0,1,2017-18,0.8040859605688683,1.4219720417654296,0.0,703.6122525321091,0.0,0.0,0.2037,0.1,420.8489348236928,660.204014380107,0.0,1.1814874510706883,2110836.7575963275,817.4597962606283,858.3327860736598,154.7205335415507,18.025704721044296,High
2017-07-07,7,2017,0,1,2017-18,0.9212503744329246,3.176789325108337,0.0,616.1315009658172,0.0,0.0,0.2037,0.1,703.6122525321091,667.8084049321,0.0,1.1814874510706883,1848394.5028974516,816.4844437492961,857.308665936761,241.17716497094386,28.131893978630817,High
2017-07-08,7,2017,1,1,2017-18,0.8356653822669421,0.3719625592925286,0.0,878.3580930901157,0.0,0.0,0.2037,0.1,616.1315009658172,686.1474700350535,0.0,1.1814874510706883,2635074.279270347,817.2843174784603,858.1485333523833,-20.209559737732434,-2.3550188518977215,Low
2017-07-09,7,2017,1,1,2017-18,0.7673814468819946,2.352809067793562,6.801699888713761,589.2970411246064,0.0,0.0,0.2037,0.1,878.3580930901157,720.2104576790063,0.0,1.1814874510706883,1767891.123373819,812.420603225646,853.0416333869283,263.74459226232193,30.918138334602354,High
2017-07-10,7,2017,0,1,2017-18,0.835731854839808,1.923891559544495,0.0,833.6482289702193,0.0,0.0,0.2037,0.1,589.2970411246064,702.8697780410556,0.0,1.1814874510706883,2500944.6869106577,812.905744955534,853.5510322033108,19.902803233091504,2.3317648836667066,Low
2017-07-11,7,2017,0,1,2017-18,0.7422571061139399,2.5693021036209096,11.01607691728146,649.1928414911251,0.0,0.0,0.2037,0.1,833.6482289702193,731.6819423734427,0.0,1.1814874510706883,1947578.5244733756,811.9317726160424,852.5283612468445,203.33551975571936,23.850880392804292,High
2017-07-12,7,2017,0,1,2017-18,0.7529160959518669,0.2594143779318734,0.0,735.1561201341485,0.0,0.0,0.2037,0.1,649.1928414911251,670.1555561425265,0.0,1.1814874510706883,2205468.360402446,808.0144637293232,848.4151869157894,113.25906678164085,13.349486021504061,Medium
2017-07-13,7,2017,0,1,2017-18,0.8495103318218439,2.319935149712525,11.212213593941946,624.8635791814886,0.0,0.0,0.2037,0.1,735.1561201341485,715.0565826154489,0.0,1.1814874510706883,1874590.7375444656,806.9318554097379,847.2784481802248,222.4148689987362,26.250504716181126,High
2017-07-14,7,2017,0,1,2017-18,0.8256776348513644,2.245938351838095,0.0,700.4194695618289,0.0,0.0,0.2037,0.1,624.8635791814886,703.8067721367887,0.0,1.1814874510706883,2101258.4086854868,802.5264740292046,842.6527977306648,142.2333281688359,16.87923288831204,High
2017-07-15,7,2017,1,1,2017-18,0.97445377032043,2.242640377664684,12.381292491504682,674.3451561241254,0.0,0.0,0.2037,0.1,700.4194695618289,715.8479105076476,0.0,1.1814874510706883,2023035.468372376,800.8567091520086,840.8995446096092,166.55438848548374,19.806692672524548,High
2017-07-16,7,2017,1,1,2017-18,0.8087181697349899,2.4139506663858192,0.0,700.8015278552575,0.0,0.0,0.2037,0.1,674.3451561241254,686.7032052267916,0.0,1.1814874510706883,2102404.5835657725,798.4444342085874,838.3666559190168,137.5651280637593,16.40870698906322,High
2017-07-17,7,2017,0,1,2017-18,0.874176505083413,2.705871748905449,0.0,668.295770220881,0.0,0.0,0.2037,0.1,700.8015278552575,702.6324176168847,0.0,1.1814874510706883,2004887.3106626428,796.282327225357,836.0964435866249,167.80067336574393,20.06953559638706,High
2017-07-18,7,2017,0,1,2017-18,0.8896792863758591,3.219955998723079,1.5360233730184647,565.2639493509104,0.0,0.0,0.2037,0.1,668.295770220881,679.0106377955508,0.0,1.1814874510706883,1695791.848052731,790.6983918892583,830.2333114837213,264.96936213281094,31.915048272308006,High
2017-07-19,7,2017,0,1,2017-18,0.7039283369765,1.0792828805128574,5.110860928381218,620.8087283260057,0.0,0.0,0.2037,0.1,565.2639493509104,667.0207960612343,0.0,1.1814874510706883,1862426.184978017,787.263051663087,826.6262042462414,205.81747592023567,24.898494006479048,High
2017-07-20,7,2017,0,1,2017-18,0.8990612116050132,3.300197640720248,0.0,579.3953458421474,0.0,0.0,0.2037,0.1,620.8087283260057,650.6854543743567,0.0,1.1814874510706883,1738186.0375264422,780.7768920852945,819.8157366895593,240.4203908474119,29.326149778270505,High
2017-07-21,7,2017,0,1,2017-18,0.7534107900609254,1.9930227290538145,9.83776073666585,651.0710716015026,0.0,0.0,0.2037,0.1,579.3953458421474,644.1899924687366,0.0,1.1814874510706883,1953213.214804508,780.4444652920834,819.4666885566876,168.395616955185,20.549415773297298,High
2017-07-22,7,2017,1,1,2017-18,0.9883210952408366,0.3082331165373246,0.0,1156.1190830231142,0.0,0.0,0.2037,0.1,651.0710716015026,637.1402213315471,0.0,1.1814874510706883,3468357.2490693424,783.1404835743558,822.2975077530737,-333.8215752700405,-40.59620418675563,Low
2017-07-23,7,2017,1,1,2017-18,0.7445988183259339,0.2342037169759168,7.09804397291727,749.2121689179849,0.0,0.0,0.2037,0.1,1156.1190830231142,705.9650680314027,0.0,1.1814874510706883,2247636.5067539546,782.2860105858983,821.4003111151933,72.18814219720844,8.78842401449794,Medium
2017-07-24,7,2017,0,1,2017-18,0.8243872371181071,1.3369532747842432,11.236459204360942,698.4271380762885,0.0,0.0,0.2037,0.1,749.2121689179849,712.8808738975066,0.0,1.1814874510706883,2095281.4142288656,779.4210600585792,818.3921130615082,119.96497498521967,14.658618169772538,Medium
2017-07-25,7,2017,0,1,2017-18,0.7256049004235932,3.13958790844587,9.3097348960616,481.91523252371513,0.0,0.0,0.2037,0.1,698.4271380762885,717.1853550197077,0.0,1.1814874510706883,1445745.6975711454,776.732248366026,815.5688607843274,333.65362826061227,40.91054039750116,High
2017-07-26,7,2017,0,1,2017-18,0.999062275553784,2.830723738963663,0.5979672446138078,844.3513245047718,0.0,0.0,0.2037,0.1,481.91523252371513,705.2783954729656,0.0,1.1814874510706883,2533053.973514315,777.2132561859145,816.0739189952102,-28.277405509561618,-3.4650544333506126,Low
2017-07-27,7,2017,0,1,2017-18,0.8506585030993727,3.1544598586896258,0.0,703.1667881159685,0.0,0.0,0.2037,0.1,844.3513245047718,737.2130520699321,0.0,1.1814874510706883,2109500.3643479054,776.7189891918782,815.5549386514722,112.38815053550366,13.780573841087703,Medium
2017-07-28,7,2017,0,1,2017-18,0.8786155051960132,2.069076225766437,14.436745133278816,642.9932835535911,0.0,0.0,0.2037,0.1,703.1667881159685,754.8946866804779,0.0,1.1814874510706883,1928979.8506607732,770.8769176532982,809.4207635359631,166.427479982372,20.56130599557785,High
2017-07-29,7,2017,1,1,2017-18,0.7201229432165283,1.7607959918219622,4.5978624325048,622.9079921266355,0.0,0.0,0.2037,0.1,642.9932835535911,753.7407169593478,0.0,1.1814874510706883,1868723.9763799063,770.2587571495618,808.77169500704,185.8637028804045,22.98098511951344,High
2017-07-30,7,2017,1,1,2017-18,0.9249881411197534,0.5898101068251358,3.207404928524832,956.6307105699714,0.0,0.0,0.2037,0.1,622.9079921266355,677.5677039741365,0.0,1.1814874510706883,2869892.131709914,771.4394598778651,810.0114328717584,-146.61927769821295,-18.10088990699787,Low
2017-07-31,7,2017,0,1,2017-18,0.7629716779286757,1.3127710144372462,14.114860879029283,539.8625961960997,0.0,0.0,0.2037,0.1,956.6307105699714,707.1989242101346,0.0,1.1814874510706883,1619587.7885882992,769.298615005088,807.7635457553424,267.9009495592427,33.16576378904641,High
2017-08-01,8,2017,0,1,2017-18,0.969416286832214,1.736077464695501,0.0,941.5092030524468,0.0,0.0,0.2037,0.1,539.8625961960997,684.5468467986791,0.0,1.1814874510706883,2824527.60915734,770.3262286254843,808.8425400567586,-132.66666299568817,-16.40203827389922,Low
2017-08-02,8,2017,0,1,2017-18,0.7615418921446021,0.3544017187184689,0.0,905.2092470208364,0.0,0.0,0.2037,0.1,941.5092030524468,750.2031283027835,0.0,1.1814874510706883,2715627.7410625094,774.1302460314832,812.8367583330574,-92.37248868777897,-11.364211539499498,Low
2017-08-03,8,2017,0,1,2017-18,0.7572063161991,0.882447810844845,10.643889889794762,747.8115098419541,0.0,0.0,0.2037,0.1,905.2092470208364,758.8971172336499,0.0,1.1814874510706883,2243434.5295258625,772.2620066193707,810.8751069503393,63.063597108385125,7.77722692037793,Medium
2017-08-04,8,2017,0,1,2017-18,0.7109649003544284,2.3929011762549552,0.0,496.6804287112277,0.0,0.0,0.2037,0.1,747.8115098419541,765.2749346230765,0.0,1.1814874510706883,1490041.286133683,765.7323815348411,804.0190006115832,307.33857190035553,38.22528717189222,High
2017-08-05,8,2017,1,1,2017-18,0.8416200835329998,2.94265245695676,0.0,504.9430341673103,0.0,0.0,0.2037,0.1,496.6804287112277,744.3730982170246,0.0,1.1814874510706883,1514829.102501931,759.6927778104642,797.6774167009875,292.73438253367715,36.69834151057705,High
2017-08-06,8,2017,1,1,2017-18,0.8694523399787849,3.993390045571799,15.460328186056012,504.2043923735525,0.0,0.0,0.2037,0.1,504.9430341673103,727.5209613656924,0.0,1.1814874510706883,1512613.1771206576,757.2908625315061,795.1554056580815,290.951013284529,36.59045907431566,High
2017-08-07,8,2017,0,1,2017-18,0.7197125918285057,3.732453325374231,0.0,433.01158596256414,0.0,0.0,0.2037,0.1,504.2043923735525,662.8886301947753,0.0,1.1814874510706883,1299034.7578876924,753.5354264244822,791.2121977457064,358.2006117831422,45.272382403066416,High
2017-08-08,8,2017,0,1,2017-18,0.9326582850085032,2.570260798140766,8.309015718209517,707.1797689162192,0.0,0.0,0.2037,0.1,433.01158596256414,647.6242001614131,0.0,1.1814874510706883,2121539.306748658,749.7318198057404,787.2184107960275,80.03864187980821,10.167272612294969,Medium
2017-08-09,8,2017,0,1,2017-18,0.8359866504244082,1.684992213176288,5.057635231832315,815.4061654521821,0.0,0.0,0.2037,0.1,707.1797689162192,614.1485667133805,0.0,1.1814874510706883,2446218.4963565464,745.1041976604075,782.3594075434279,-33.046757908754216,-4.2239867751471785,Low
2017-08-10,8,2017,0,1,2017-18,0.857317080798274,2.544709458832931,0.0,641.8295076825934,0.0,0.0,0.2037,0.1,815.4061654521821,601.3195550607159,0.0,1.1814874510706883,1925488.5230477804,742.2958959761197,779.4106907749257,137.58118309233225,17.651949700041037,High
2017-08-11,8,2017,0,1,2017-18,0.8322288240814684,3.142606472320928,7.618442393545621,535.8723394167237,0.0,0.0,0.2037,0.1,641.8295076825934,586.1792690379499,0.0,1.1814874510706883,1607617.018250171,738.5074504094675,775.4328229299409,239.56048351321726,30.893776537346955,High
2017-08-12,8,2017,1,1,2017-18,0.8202289182625978,0.4733447636935493,0.0,857.3573667226839,0.0,0.0,0.2037,0.1,535.8723394167237,591.7781134244493,0.0,1.1814874510706883,2572072.100168052,739.4351130540329,776.4068687067345,-80.95049801594939,-10.426298539938102,Low
2017-08-13,8,2017,1,1,2017-18,0.8678920993924654,1.639619558785153,0.0,691.4934798750759,0.0,0.0,0.2037,0.1,857.3573667226839,642.123018075217,0.0,1.1814874510706883,2074480.439625228,737.2091196223697,774.0695756034883,82.57609572841238,10.667787280495238,Medium
2017-08-14,8,2017,0,1,2017-18,0.7465720737792138,3.359209142542469,2.7038051869784474,462.9493564513594,0.0,0.0,0.2037,0.1,691.4934798750759,668.8786020040061,0.0,1.1814874510706883,1388848.0693540785,733.3353506232636,770.0021181544269,307.05276170306746,39.87687234406891,High
2017-08-15,8,2017,0,1,2017-18,0.7545784391485812,1.535331807732176,0.0,687.2592806566628,0.0,0.0,0.2037,0.1,462.9493564513594,673.1554263595482,0.0,1.1814874510706883,2061777.8419699883,731.4188828164854,767.9898269573097,80.73054630064689,10.511929125479739,Medium
2017-08-16,8,2017,0,1,2017-18,0.9585356863040552,2.287489084908746,1.8824694033558145,760.6161126604127,0.0,0.0,0.2037,0.1,687.2592806566628,670.3096423224688,0.0,1.1814874510706883,2281848.337981238,729.3511964421122,765.8187562642178,5.202643603805086,0.6793570360152036,Low
2017-08-17,8,2017,0,1,2017-18,0.9838346386400898,2.351077443448793,4.013234277076789,821.6753823455228,0.0,0.0,0.2037,0.1,760.6161126604127,662.4824919236445,0.0,1.1814874510706883,2465026.1470365687,727.2416464731558,763.6037287968136,-58.071653548709264,-7.604946303786512,Low
2017-08-18,8,2017,0,1,2017-18,0.8119927948839258,0.7379050125345574,0.0,993.4205066270504,0.0,0.0,0.2037,0.1,821.6753823455228,688.1747597326345,0.0,1.1814874510706883,2980261.5198811507,727.736248319868,764.1230607358614,-229.297445891189,-30.007921194051164,Low
2017-08-19,8,2017,1,1,2017-18,0.781223401943066,1.4489417666091535,0.0,723.7117768348157,0.0,0.0,0.2037,0.1,993.4205066270504,753.538783619824,0.0,1.1814874510706883,2171135.330504447,725.7061165954208,761.9914224251919,38.27964559037616,5.023632086112393,Medium
2017-08-20,8,2017,1,1,2017-18,0.8931998629717047,1.3380451549677286,18.58505875916609,648.7054608739724,0.0,0.0,0.2037,0.1,723.7117768348157,734.4465564929857,0.0,1.1814874510706883,1946116.3826219167,724.0603614695995,760.2633795430795,111.55791866910715,14.673588347258523,Medium
2017-08-21,8,2017,0,1,2017-18,0.822620251329429,0.1047868341282591,4.370227926563245,939.7623752818726,0.0,0.0,0.2037,0.1,648.7054608739724,728.3339823499708,0.0,1.1814874510706883,2819287.1258456176,726.1807423389221,762.4897794558682,-177.27259582600436,-23.24917665814623,Low
2017-08-22,8,2017,0,1,2017-18,0.7076159066981034,0.0967670555654209,0.0,645.2430905107476,0.0,0.0,0.2037,0.1,939.7623752818726,796.4501278971871,0.0,1.1814874510706883,1935729.271532243,723.8537248265802,760.0464110679093,114.80332055716167,15.104777666913307,High
2017-08-23,8,2017,0,1,2017-18,0.7468457792098571,3.326788174703094,0.0,441.4679019623295,0.0,0.0,0.2037,0.1,645.2430905107476,790.4478150191991,0.0,1.1814874510706883,1324403.7058869884,720.6672337138797,756.7005953995737,315.23269343724417,41.65884041240729,High
2017-08-24,8,2017,0,1,2017-18,0.9147916686542192,1.0922832398912496,0.0,834.5997677305768,0.0,0.0,0.2037,0.1,441.4679019623295,744.8552134909015,0.0,1.1814874510706883,2503799.3031917303,720.7706254431861,756.8091567153455,-77.79061101523132,-10.278761868164114,Low
2017-08-25,8,2017,0,1,2017-18,0.8976771825730454,2.0723150649552617,1.1943028231700912,736.7823938919474,0.0,0.0,0.2037,0.1,834.5997677305768,746.7015542601949,0.0,1.1814874510706883,2210347.1816758425,719.567685209043,755.5460694694953,18.763675577547815,2.4834588300780496,Low
2017-08-26,8,2017,1,1,2017-18,0.708128797751045,1.1949022943550922,6.039096820363195,586.9442397191866,0.0,0.0,0.2037,0.1,736.7823938919474,710.0389667266088,0.0,1.1814874510706883,1760832.7191575598,714.1925926115357,749.9022222421125,162.95798252292593,21.730564024160675,High
2017-08-27,8,2017,1,1,2017-18,0.7665916485798848,3.762716980461362,4.3213585153313305,482.0178303699238,0.0,0.0,0.2037,0.1,586.9442397191866,690.5007471386618,0.0,1.1814874510706883,1446053.4911097714,706.8515826743261,742.1941618080424,260.1763314381186,35.05502263778375,High
2017-08-28,8,2017,0,1,2017-18,0.7693224389764214,1.037187035463095,0.0,758.60908538678,0.0,0.0,0.2037,0.1,482.0178303699238,666.6882284952263,0.0,1.1814874510706883,2275827.25616034,703.7582601029038,738.946173108049,-19.662912278730914,-2.6609397266417396,Low
2017-08-29,8,2017,0,1,2017-18,0.9015678230796184,1.7186272509557403,14.61389125666607,774.9853418493063,0.0,0.0,0.2037,0.1,758.60908538678,640.8091870816417,0.0,1.1814874510706883,2324956.025547919,699.4624385813597,734.4355605104278,-40.549781338878574,-5.521217043289237,Low
2017-08-30,8,2017,0,1,2017-18,0.7059131613263092,3.490921001938408,17.71994582290083,380.06565520293736,0.0,0.0,0.2037,0.1,774.9853418493063,659.3437944157214,0.0,1.1814874510706883,1140196.9656088122,696.4483202950864,731.2707363098408,351.20508110690344,48.02668337026099,High
2017-08-31,8,2017,0,1,2017-18,0.7312325745953722,3.3677342671672346,0.0,482.73063544495767,0.0,0.0,0.2037,0.1,380.06565520293736,650.5720448786655,0.0,1.1814874510706883,1448191.906334873,695.78928625505,730.5787505678026,247.8481151228449,33.92490062573247,High
2017-09-01,9,2017,0,1,2017-18,0.9399748256119568,0.7444056713851093,4.868680883304233,969.3538311805266,0.0,0.0,0.2037,0.1,482.73063544495767,600.3050259807198,0.0,1.1814874510706883,2908061.49354158,699.1998609613458,734.1598540094132,-235.1939771711135,-32.03579927268782,Low
2017-09-02,9,2017,1,1,2017-18,0.7535633986163001,3.2105732391828417,0.0,494.1246264003401,0.0,0.0,0.2037,0.1,969.3538311805266,633.5295170219454,0.0,1.1814874510706883,1482373.87920102,694.711794591776,729.4473843213648,235.32275792102467,32.260415621334396,High
2017-09-03,9,2017,1,1,2017-18,0.8958238323555624,1.8327475469515704,0.0,675.4345993120706,0.0,0.0,0.2037,0.1,494.1246264003401,620.2695722621103,0.0,1.1814874510706883,2026303.797936212,694.8553981478752,729.5981680552691,54.163568743198425,7.42375339120854,Medium
2017-09-04,9,2017,0,1,2017-18,0.771454834314018,1.9318754883414209,0.0,749.252350010341,0.0,0.0,0.2037,0.1,675.4345993120706,647.9005392538455,0.0,1.1814874510706883,2247757.050031023,694.3435246336984,729.0607008653833,-20.19164914495775,-2.769542936684228,Low
2017-09-05,9,2017,0,1,2017-18,0.7298324178278035,0.5339198896637751,8.30316840090642,762.5195051997275,0.0,0.0,0.2037,0.1,749.252350010341,646.563862771497,0.0,1.1814874510706883,2287558.5155991823,693.7129632777644,728.3986114416526,-34.120893758074885,-4.684371060310306,Low
2017-09-06,9,2017,0,1,2017-18,0.7729516572998362,0.3224060550284986,8.816669799038015,690.2423261372232,0.0,0.0,0.2037,0.1,762.5195051997275,644.7830289644144,0.0,1.1814874510706883,2070726.9784116696,692.4748636185174,727.0986067994432,36.85628066222,5.068952177539535,Medium
2017-09-07,9,2017,0,1,2017-18,0.9166800795566976,2.9117572278950608,0.0,670.5736558757084,0.0,0.0,0.2037,0.1,690.2423261372232,689.0939819550267,0.0,1.1814874510706883,2011720.967627125,691.1810451684878,725.7400974269123,55.16644155120389,7.601404655302181,Medium
2017-09-08,9,2017,0,1,2017-18,0.9567089404318856,1.985844609421199,0.0,761.2573135994211,0.0,0.0,0.2037,0.1,670.5736558757084,715.9286991594197,0.0,1.1814874510706883,2283771.940798263,690.5092940639934,725.034758767193,-36.22255483222807,-4.99597493695596,Low
2017-09-09,9,2017,1,1,2017-18,0.9490659593700974,1.7474028104607182,0.0,862.671820435346,0.0,0.0,0.2037,0.1,761.2573135994211,686.2006252192617,0.0,1.1814874510706883,2588015.4613060383,691.7838525270647,726.3730451534179,-136.2987752819281,-18.764294213745266,Low
2017-09-10,9,2017,1,1,2017-18,0.8191550588855364,2.918032914609587,6.577045950807323,694.9944884944349,0.0,0.0,0.2037,0.1,862.671820435346,738.8502243671197,0.0,1.1814874510706883,2084983.4654833048,694.1168114671065,728.8226520404618,33.82816354602687,4.641480811733723,Low
2017-09-11,9,2017,0,1,2017-18,0.9004255409711939,3.062051595964439,0.0,717.8514996029844,0.0,0.0,0.2037,0.1,694.9944884944349,741.6444942503147,0.0,1.1814874510706883,2153554.498808953,693.300525438248,727.9655517101604,10.114052107176008,1.3893586150355255,Low
2017-09-12,9,2017,0,1,2017-18,0.7614952886247462,0.6356326706774142,0.0,835.1197418284801,0.0,0.0,0.2037,0.1,717.8514996029844,737.1586584778352,0.0,1.1814874510706883,2505359.2254854403,691.6277699269629,726.209158423311,-108.91058340516906,-14.9971371390616,Low
2017-09-13,9,2017,0,1,2017-18,0.787944319078304,2.440900597910565,0.0,694.4857572609036,0.0,0.0,0.2037,0.1,835.1197418284801,747.5301208533712,0.0,1.1814874510706883,2083457.271782711,693.0748610117585,727.7286040623464,33.24284680144285,4.56802805549675,Low
2017-09-14,9,2017,0,1,2017-18,0.968900745556336,0.5414163291107421,0.0,983.6703963057748,0.0,0.0,0.2037,0.1,694.4857572609036,748.1363252996113,0.0,1.1814874510706883,2951011.1889173244,691.9641300596214,726.5623365626026,-257.10805974317225,-35.38692370974822,Low
2017-09-15,9,2017,0,1,2017-18,0.7039005770532207,3.0055003441161827,0.0,601.380254403104,0.0,0.0,0.2037,0.1,983.6703963057748,792.864431075335,0.0,1.1814874510706883,1804140.763209312,693.2457604067837,727.9080484271229,126.52779402401893,17.382387005806915,High
2017-09-16,9,2017,1,1,2017-18,0.7256525592563404,2.627820625068558,0.0,624.3575529315427,0.0,0.0,0.2037,0.1,601.380254403104,770.0248511901469,0.0,1.1814874510706883,1873072.658794628,691.7928901911731,726.3825347007318,102.02498176918903,14.04562704845638,Medium
2017-09-17,9,2017,1,1,2017-18,0.7623658765438082,3.826458484333832,5.683196781609492,563.8117852815764,0.0,0.0,0.2037,0.1,624.3575529315427,735.9799558324606,0.0,1.1814874510706883,1691435.355844729,692.0930035399185,726.6976537169145,162.88586843533812,22.414530665154782,High
2017-09-18,9,2017,0,1,2017-18,0.7079596611621459,0.2758320654256847,3.014938149476587,687.7160561715672,0.0,0.0,0.2037,0.1,563.8117852815764,717.239569659195,0.0,1.1814874510706883,2063148.1685147013,691.2756915304122,725.8394761069329,38.123419935365746,5.25232109719936,Medium
2017-09-19,9,2017,0,1,2017-18,0.7544306305269391,0.2282188846050172,0.9790260327978688,667.7235705935814,0.0,0.0,0.2037,0.1,687.7160561715672,712.9345063118498,0.0,1.1814874510706883,2003170.711780744,691.3101102499194,725.8756157624154,58.15204516883398,8.011296137528277,Medium
2017-09-20,9,2017,0,1,2017-18,0.8749124682909076,1.1287482987728006,2.9987785664538387,883.2686960965364,0.0,0.0,0.2037,0.1,667.7235705935814,689.0207675640071,0.0,1.1814874510706883,2649806.088289609,689.3721860595043,723.8407953624795,-159.42790073405683,-22.02527154527395,Low
2017-09-21,9,2017,0,1,2017-18,0.8264273651777494,1.046822734943624,6.399201585853171,774.6704788850554,0.0,0.0,0.2037,0.1,883.2686960965364,715.9897588262403,0.0,1.1814874510706883,2324011.4366551666,688.1182101977085,722.524120707594,-52.14635817746148,-7.217248072824568,Low
2017-09-22,9,2017,0,1,2017-18,0.9678015133230924,0.9879151962879992,1.673425958915031,904.9908094614564,0.0,0.0,0.2037,0.1,774.6704788850554,686.1326277661376,0.0,1.1814874510706883,2714972.428384369,692.1555271082626,726.7633034636758,-178.22750599778055,-24.523459721805903,Low
2017-09-23,9,2017,1,1,2017-18,0.9452330685215322,3.6250183220841463,7.987759719479002,576.8667302522231,0.0,0.0,0.2037,0.1,904.9908094614564,729.5055642030451,0.0,1.1814874510706883,1730600.1907566693,693.8530679885123,728.545721387938,151.6789911357149,20.819419657939147,High
2017-09-24,9,2017,1,1,2017-18,0.8025452055093627,0.9981847993980244,7.204811374318488,898.8924389827548,0.0,0.0,0.2037,0.1,576.8667302522231,722.7211609631423,0.0,1.1814874510706883,2696677.3169482644,695.6613272571709,730.4443936200295,-168.44804536272534,-23.06103610815726,Low
2017-09-25,9,2017,0,1,2017-18,0.7778270300293877,1.087798904514524,0.0,700.849461331346,0.0,0.0,0.2037,0.1,898.8924389827548,770.5898257775964,0.0,1.1814874510706883,2102548.3839940378,696.0384763483079,730.8404001657233,29.99093883437729,4.103623558245634,Low
2017-09-26,9,2017,0,1,2017-18,0.8139077224501801,3.037593049671855,0.0,550.8173975373652,0.0,0.0,0.2037,0.1,700.849461331346,772.4660265147077,0.0,1.1814874510706883,1652452.1926120955,697.2069606800922,732.0673087140968,181.24991117673164,24.75864022600651,High
2017-09-27,9,2017,0,1,2017-18,0.8770884827544423,1.79895936980216,4.327628589441074,748.6885303388437,0.0,0.0,0.2037,0.1,550.8173975373652,755.7651446495339,0.0,1.1814874510706883,2246065.5910165315,698.2992608097666,733.2142238502549,-15.474306488588809,-2.110475490686763,Low
2017-09-28,9,2017,0,1,2017-18,0.7804190922468628,3.106842227820725,0.0,656.8774280638919,0.0,0.0,0.2037,0.1,748.6885303388437,736.5394066841492,0.0,1.1814874510706883,1970632.284191676,700.1783650633082,735.1872833164737,78.30985525258177,10.651687948045204,Medium
2017-09-29,9,2017,0,1,2017-18,0.8872446723547402,0.2614646302575409,5.492278795302523,1043.822488192504,0.0,0.0,0.2037,0.1,656.8774280638919,719.7118279954117,0.0,1.1814874510706883,3131467.464577512,704.6662018256421,739.8995119169243,-303.9229762755796,-41.07625040705581,Low
2017-09-30,9,2017,1,1,2017-18,0.8228234956573721,1.9502847746935368,2.0039524577776446,741.7003059228645,0.0,0.0,0.2037,0.1,1043.822488192504,739.5449249569899,0.0,1.1814874510706883,2225100.9177685934,705.0108519071156,740.2613945024714,-1.438911420393083,-0.19437882767885975,Low
2017-10-01,10,2017,1,0,2017-18,0.8656141542555941,0.1344544007331305,0.0,1064.0557695474165,0.0,0.0,0.2037,0.1,741.7003059228645,763.0925786242242,0.0,1.1814874510706883,3192167.3086422496,709.8118818060478,745.3024758963503,-318.7532936510662,-42.768312726683526,Low
2017-10-02,10,2017,0,0,2017-18,0.830837958740595,0.2506128138214181,0.0,1223.039370947758,0.0,0.0,0.2037,0.1,1064.0557695474165,786.6873401334617,0.0,1.1814874510706883,3669118.112843274,711.402568759828,746.9726971978195,-476.06667374993856,-63.73280784369321,Low
2017-10-03,10,2017,0,0,2017-18,0.7883397278625752,3.625749813377644,0.0,675.1302417466344,0.0,0.0,0.2037,0.1,1223.039370947758,861.285898650092,0.0,1.1814874510706883,2025390.7252399032,714.2279166145273,749.9393124452537,74.80907069861928,9.975349932609436,Medium
2017-10-04,10,2017,0,0,2017-18,0.984535992088647,0.5569814844703807,0.0,1195.1130600294373,0.0,0.0,0.2037,0.1,675.1302417466344,879.0448763942732,0.0,1.1814874510706883,3585339.180088312,719.689036697831,755.6734885327227,-439.4395714967146,-58.15204293457037,Low
2017-10-05,10,2017,0,0,2017-18,0.9290817382479282,2.1296827291008684,0.0,911.6630692511916,0.0,0.0,0.2037,0.1,1195.1130600294373,942.8198092072151,0.0,1.1814874510706883,2734989.2077535745,722.9727207898908,759.1213568293854,-152.5417124218062,-20.09450940214957,Low
2017-10-06,10,2017,0,0,2017-18,0.7420339527299358,1.6443824104028262,0.0,890.9117256452897,0.0,0.0,0.2037,0.1,911.6630692511916,979.217757948258,0.0,1.1814874510706883,2672735.1769358693,723.1122055960593,759.2678158758623,-131.6439097694274,-17.338270767814386,Low
2017-10-07,10,2017,1,0,2017-18,0.960540392769374,1.3893733050353707,0.0,1129.4397364940974,0.0,0.0,0.2037,0.1,890.9117256452897,957.373363298656,0.0,1.1814874510706883,3388319.209482292,729.1137911001649,765.5694806551732,-363.8702558389242,-47.52935756105698,Low
2017-10-08,10,2017,1,0,2017-18,0.846229359474854,3.59933338274909,0.0,752.3482422238498,0.0,0.0,0.2037,0.1,1129.4397364940974,1012.764710523118,0.0,1.1814874510706883,2257044.726671549,728.210457914094,764.6209808097988,12.272738585949014,1.605074787897023,Low
2017-10-09,10,2017,0,0,2017-18,0.9683656680682274,0.087293587101958,0.0,1378.7574613952806,0.0,0.0,0.2037,0.1,752.3482422238498,968.2350637626084,0.0,1.1814874510706883,4136272.384185842,736.3167314685847,773.132568042014,-605.6248933532667,-78.33390008223732,Low
2017-10-10,10,2017,0,0,2017-18,0.9399565767841944,2.6551587447023564,0.0,875.3556050451302,0.0,0.0,0.2037,0.1,1378.7574613952806,990.4805052551116,0.0,1.1814874510706883,2626066.8151353905,737.8745035231511,774.7682286993087,-100.58737634582155,-12.982898965112314,Low
2017-10-11,10,2017,0,0,2017-18,0.82756405134077,3.8535777368542017,0.0,776.6682057641102,0.0,0.0,0.2037,0.1,875.3556050451302,1019.0841285834682,0.0,1.1814874510706883,2330004.6172923306,739.5612215962913,776.5392826761058,-0.12892308800439878,-0.01660226222685151,Low
2017-10-12,10,2017,0,0,2017-18,0.7067407924960352,2.240672733847368,0.0,703.2528096658674,0.0,0.0,0.2037,0.1,776.6682057641102,959.30629225985,0.0,1.1814874510706883,2109758.4289976023,739.592703153003,776.5723383106531,73.31952864478569,9.441429346335486,Medium
2017-10-13,10,2017,0,0,2017-18,0.7806032078154838,3.7472898481323673,0.0,802.6826974972705,0.0,0.0,0.2037,0.1,703.2528096658674,929.5333980333752,0.0,1.1814874510706883,2408048.092491812,741.0186758349269,778.0696096266732,-24.61308787059727,-3.1633529399004434,Low
2017-10-14,10,2017,1,0,2017-18,0.86249026439826,0.209031517144095,0.0,1177.054398952351,0.0,0.0,0.2037,0.1,802.6826974972705,916.9292511550866,0.0,1.1814874510706883,3531163.196857053,746.3103744026723,783.625893122806,-393.428505829545,-50.20616461022029,Low
2017-10-15,10,2017,1,0,2017-18,0.8900434659478442,1.6751732762966456,0.0,935.471613642648,0.0,0.0,0.2037,0.1,1177.054398952351,923.73134579198,0.0,1.1814874510706883,2806414.840927944,749.2789948851363,786.7429446293932,-148.72866901325483,-18.90435370644673,Low
2017-10-16,10,2017,0,0,2017-18,0.7773663056299607,1.0406311638482046,0.0,801.2171817059294,0.0,0.0,0.2037,0.1,935.471613642648,949.8918274232368,0.0,1.1814874510706883,2403651.5451177885,751.9006974668588,789.4957323402018,-11.721449365727608,-1.4846754561906503,Low
2017-10-17,10,2017,0,0,2017-18,0.7418068222218472,2.923283859922919,0.0,761.1046826413797,0.0,0.0,0.2037,0.1,801.2171817059294,867.386073181901,0.0,1.1814874510706883,2283314.047924139,753.4595414036962,791.1325184738811,30.02783583250141,3.795550698690281,Low
2017-10-18,10,2017,0,0,2017-18,0.9504790710397896,3.9251883619889862,0.0,752.0684468839585,0.0,0.0,0.2037,0.1,761.1046826413797,851.064512838508,0.0,1.1814874510706883,2256205.340651876,755.3781314152719,793.1470379860356,41.0785911020771,5.179189877123433,Medium
2017-10-19,10,2017,0,0,2017-18,0.9953206542110656,1.0261202497769912,0.0,1191.878056776949,0.0,0.0,0.2037,0.1,752.0684468839585,847.5502615699149,0.0,1.1814874510706883,3575634.170330847,761.3870979172214,799.4564528130825,-392.4216039638666,-49.08605122680985,Low
2017-10-20,10,2017,0,0,2017-18,0.8577070546908057,2.616698405896298,0.0,904.0353618293018,0.0,0.0,0.2037,0.1,1191.878056776949,917.3538683000694,0.0,1.1814874510706883,2712106.0854879054,758.5861676817344,796.5154760658212,-107.5198857634806,-13.49878175557201,Low
2017-10-21,10,2017,1,0,2017-18,0.7515037857544911,0.7923905310389605,0.0,999.469607163038,0.0,0.0,0.2037,0.1,904.0353618293018,931.8328203475024,0.0,1.1814874510706883,2998408.821489114,761.3668058844574,799.4351461786804,-200.03446098435757,-25.021974820662713,Low
2017-10-22,10,2017,1,0,2017-18,0.7816921979558107,2.26132101828644,0.0,896.6736817412187,0.0,0.0,0.2037,0.1,999.469607163038,906.4635643776006,0.0,1.1814874510706883,2690021.045223656,763.5695452585121,801.7480225214377,-94.92565921978098,-11.839837025259738,Low
2017-10-23,10,2017,0,0,2017-18,0.70551720296424,1.8557299467533448,0.0,694.4016698601396,0.0,0.0,0.2037,0.1,896.6736817412187,900.9210026773964,0.0,1.1814874510706883,2083205.0095804187,765.9305056733613,804.2270309570293,109.82536109688976,13.656014641313124,Medium
2017-10-24,10,2017,0,0,2017-18,0.9742896419681496,3.888021318526148,0.0,897.5708431428349,0.0,0.0,0.2037,0.1,694.4016698601396,885.6616438422836,0.0,1.1814874510706883,2692712.5294285044,766.5218336582286,804.8479253411401,-92.72291780169473,-11.520551259716985,Low
2017-10-25,10,2017,0,0,2017-18,0.7353253248670423,2.4341090907858662,0.0,709.9315125266897,0.0,0.0,0.2037,0.1,897.5708431428349,905.1568096282056,0.0,1.1814874510706883,2129794.537580069,766.5969972627921,804.9268471259318,94.99533459924203,11.801735143812378,Medium
2017-10-26,10,2017,0,0,2017-18,0.8729549426542761,1.3980254883472751,0.0,858.9673619317149,0.0,0.0,0.2037,0.1,709.9315125266897,899.1372475771674,0.0,1.1814874510706883,2576902.085795145,768.9967092447714,807.44654470701,-51.52081722470484,-6.3807093562335675,Low
2017-10-27,10,2017,0,0,2017-18,0.7822165662061618,0.4563831395517335,0.0,925.5932600622502,0.0,0.0,0.2037,0.1,858.9673619317149,851.5785768849911,0.0,1.1814874510706883,2776779.780186751,772.3598788885004,810.9778728329254,-114.61538722932482,-14.13298575322997,Low
2017-10-28,10,2017,1,0,2017-18,0.866253400754738,0.6049873149397382,0.0,1110.217638680289,0.0,0.0,0.2037,0.1,925.5932600622502,854.6582766325552,0.0,1.1814874510706883,3330652.916040866,774.0664003119484,812.7697203275459,-297.44791835274305,-36.59682575685419,Low
2017-10-29,10,2017,1,0,2017-18,0.8954261165055593,0.9012677198049404,0.0,1030.8445567341373,0.0,0.0,0.2037,0.1,1110.217638680289,870.4794239921624,0.0,1.1814874510706883,3092533.670202412,779.5217554290376,818.4978432004896,-212.34671353364774,-25.943466473085596,Low
2017-10-30,10,2017,0,0,2017-18,0.9489225411121603,1.003866645361192,0.0,1143.2163114102605,0.0,0.0,0.2037,0.1,1030.8445567341373,889.6466918482937,0.0,1.1814874510706883,3429648.934230781,781.7629455219023,820.8510927979975,-322.365218612263,-39.272070347550056,Low
2017-10-31,10,2017,0,0,2017-18,0.7619263815281809,3.4024642313645512,0.0,699.4443856655955,0.0,0.0,0.2037,0.1,1143.2163114102605,953.7630692125966,0.0,1.1814874510706883,2098333.1569967866,779.4766692846218,818.450502748853,119.00611708325744,14.540417127677575,Medium
2017-11-01,11,2017,0,0,2017-18,0.7032987485975442,2.2448911531301,0.0,721.9924542827811,0.0,0.0,0.2037,0.1,699.4443856655955,925.459289572991,0.0,1.1814874510706883,2165977.362848344,779.1897908895199,818.149280433996,96.15682615121489,11.75296837029637,Medium
2017-11-02,11,2017,0,0,2017-18,0.7410656890206422,2.0935636454974658,0.0,755.4499739301323,0.0,0.0,0.2037,0.1,721.9924542827811,927.1822812524326,0.0,1.1814874510706883,2266349.921790397,782.0650080586189,821.1682584615498,65.71828453141757,8.003022992454687,Medium
2017-11-03,11,2017,0,0,2017-18,0.9700055925544316,0.4590754874768699,0.0,1161.6301129701371,0.0,0.0,0.2037,0.1,755.4499739301323,912.3940829664924,0.0,1.1814874510706883,3484890.338910412,789.361531156428,828.8296077142494,-332.80050525588774,-40.15306670495118,Low
2017-11-04,11,2017,1,0,2017-18,0.9621670232687546,3.44055877339774,0.0,851.0573302367377,0.0,0.0,0.2037,0.1,1161.6301129701371,946.1136333819048,0.0,1.1814874510706883,2553171.9907102133,793.2154526882412,832.8762253226532,-18.18110491408447,-2.1829299914331424,Low
2017-11-05,11,2017,1,0,2017-18,0.8792239306510925,2.891257212833935,0.0,702.3702382839062,0.0,0.0,0.2037,0.1,851.0573302367377,909.090732175683,0.0,1.1814874510706883,2107110.714851719,796.2083266029226,836.0187429330688,133.64850464916253,15.986304826166123,High
2017-11-06,11,2017,0,0,2017-18,0.880155058130096,0.2706734476000063,0.0,1106.561914707425,0.0,0.0,0.2037,0.1,702.3702382839062,862.1658295399358,0.0,1.1814874510706883,3319685.744122275,800.6459060006028,840.6782013006331,-265.883713406792,-31.62728770597799,Low
2017-11-07,11,2017,0,0,2017-18,0.8995110023638766,2.8313403889190747,0.0,805.5777999497552,0.0,0.0,0.2037,0.1,1106.561914707425,856.9294871538165,0.0,1.1814874510706883,2416733.399849266,800.5367019394647,840.563537036438,34.985737086682775,4.1621763906190195,Low
2017-11-08,11,2017,0,0,2017-18,0.7526113835870348,2.1741528693705843,0.0,776.7352144553231,0.0,0.0,0.2037,0.1,805.5777999497552,872.091403480125,0.0,1.1814874510706883,2330205.6433659694,802.0356542369396,842.1374369487867,65.40222249346357,7.766217202078965,Medium
2017-11-09,11,2017,0,0,2017-18,0.974323583777488,0.326901382987113,0.0,1254.3328831348313,0.0,0.0,0.2037,0.1,776.7352144553231,879.9117977904881,0.0,1.1814874510706883,3762998.6494044936,810.0185491671407,850.5194766254978,-403.8134065093335,-47.478443187626304,Low
2017-11-10,11,2017,0,0,2017-18,0.825631157467622,1.8332025661146256,0.0,972.275142435901,0.0,0.0,0.2037,0.1,1254.3328831348313,951.1807848197308,0.0,1.1814874510706883,2916825.427307703,811.2954133417321,851.8601840088188,-120.41495842708218,-14.135530769898692,Low
2017-11-11,11,2017,1,0,2017-18,0.8149415584748492,1.938785148520188,0.0,990.9078601085135,0.0,0.0,0.2037,0.1,972.275142435901,924.1300747434116,0.0,1.1814874510706883,2972723.5803255406,814.6222397887702,855.3533517782088,-135.55450833030477,-15.847778938201174,Low
2017-11-12,11,2017,1,0,2017-18,0.8556753115848512,0.663098160653103,0.0,1000.2378012459332,0.0,0.0,0.2037,0.1,990.9078601085135,944.1087218679507,0.0,1.1814874510706883,3000713.4037378,820.5921113975988,861.6217169674788,-138.6160842784543,-16.087812267118874,Low
2017-11-13,11,2017,0,0,2017-18,0.7140897900325165,3.782792588001129,0.0,731.7646887656832,0.0,0.0,0.2037,0.1,1000.2378012459332,986.661230862526,0.0,1.1814874510706883,2195294.0662970496,821.0866159321434,862.1409467287507,130.37625796306747,15.122383231855341,High
2017-11-14,11,2017,0,0,2017-18,0.7498850106268238,3.399901485922648,0.0,613.7906886929161,0.0,0.0,0.2037,0.1,731.7646887656832,933.118770013706,0.0,1.1814874510706883,1841372.0660787483,819.4552223325047,860.42798344913,246.63729475621392,28.664490172383562,High
2017-11-15,11,2017,0,0,2017-18,0.9214100849279112,2.6760893493164333,0.0,920.024788067602,0.0,0.0,0.2037,0.1,613.7906886929161,905.7206112627288,0.0,1.1814874510706883,2760074.364202806,820.5479935071945,861.5753931825543,-58.449394885047695,-6.784013952527447,Low
2017-11-16,11,2017,0,0,2017-18,0.7248396003775379,1.8491822440024288,0.0,829.6830716269534,0.0,0.0,0.2037,0.1,920.024788067602,926.1905503501972,0.0,1.1814874510706883,2489049.21488086,818.72868867386,859.6651231075531,29.982051480599694,3.487643115288815,Low
2017-11-17,11,2017,0,0,2017-18,0.8809456328399164,1.647062166338034,0.0,1155.0843352662337,0.0,0.0,0.2037,0.1,829.6830716269534,865.5262915633575,0.0,1.1814874510706883,3465253.005798701,823.5217171008757,864.6978029559194,-290.38653231031424,-33.58242975958128,Low
2017-11-18,11,2017,1,0,2017-18,0.7736047329043962,2.6038938686038167,0.0,733.711313418951,0.0,0.0,0.2037,0.1,1155.0843352662337,891.6418905391192,0.0,1.1814874510706883,2201133.940256853,824.4662265735977,865.6895379022776,131.97822448332658,15.245445243930487,High
2017-11-19,11,2017,1,0,2017-18,0.8167886842125929,2.181727477627622,0.0,738.6901089514656,0.0,0.0,0.2037,0.1,733.711313418951,854.8995267263247,0.0,1.1814874510706883,2216070.326854397,822.2320902810377,863.3436947950896,124.653585843624,14.438466000867697,Medium
2017-11-20,11,2017,0,0,2017-18,0.7866081210312099,0.2490924235275424,0.0,1132.8135946529942,0.0,0.0,0.2037,0.1,738.6901089514656,817.5355706842578,0.0,1.1814874510706883,3398440.7839589827,827.6495403270625,869.0320173434156,-263.78157730957855,-30.353493547446586,Low
2017-11-21,11,2017,0,0,2017-18,0.8067018149394847,2.0500105950813268,0.0,807.2184589854417,0.0,0.0,0.2037,0.1,1132.8135946529942,874.8282715253023,0.0,1.1814874510706883,2421655.376956325,831.7134354050971,873.299107175352,66.08064818991033,7.56678297813052,Medium
2017-11-22,11,2017,0,0,2017-18,0.9157137715552736,3.225614468931358,0.0,810.7210544030262,0.0,0.0,0.2037,0.1,807.2184589854417,902.4608101385202,0.0,1.1814874510706883,2432163.1632090784,831.4481163681244,873.0205221865307,62.2994677835045,7.136082852608306,Medium
2017-11-23,11,2017,0,0,2017-18,0.7891365146869525,1.836959510387832,0.0,791.9122005997054,0.0,0.0,0.2037,0.1,810.7210544030262,886.845991043581,0.0,1.1814874510706883,2375736.6017991165,832.0606697759883,873.6637032647878,81.7515026650824,9.35731933919033,Medium
2017-11-24,11,2017,0,0,2017-18,0.8699213920890692,0.2078263102170736,0.0,1122.5475539417798,0.0,0.0,0.2037,0.1,791.9122005997054,881.4501523254027,0.0,1.1814874510706883,3367642.66182534,838.011817711795,879.9124085973847,-242.63514534439514,-27.574920295892312,Low
2017-11-25,11,2017,1,0,2017-18,0.8428151206597299,3.1451127975361324,0.0,721.1499342206881,0.0,0.0,0.2037,0.1,1122.5475539417798,876.8020407076235,0.0,1.1814874510706883,2163449.8026620643,840.6688410879146,882.7022831423104,161.5523489216223,18.302020058962125,High
2017-11-26,11,2017,1,0,2017-18,0.8991013496087944,0.8054551285438976,0.0,1158.3518151231267,0.0,0.0,0.2037,0.1,721.1499342206881,875.0075579650145,0.0,1.1814874510706883,3475055.44536938,845.110426973874,887.3659483225678,-270.98586680055894,-30.53823141543994,Low
2017-11-27,11,2017,0,0,2017-18,0.9810489217974274,1.034483339552155,0.0,1189.4417290778836,0.0,0.0,0.2037,0.1,1158.3518151231267,934.9592302752518,0.0,1.1814874510706883,3568325.1872336506,849.7154979430803,892.2012728402344,-297.24045623764914,-33.31540374196212,Low
2017-11-28,11,2017,0,0,2017-18,0.9197716291630752,0.6588254137291836,0.0,1110.7218389253055,0.0,0.0,0.2037,0.1,1189.4417290778836,943.0489637645215,0.0,1.1814874510706883,3332165.5167759163,857.8338999844402,900.7255949836623,-209.99624394164323,-23.314119762018333,Low
2017-11-29,11,2017,0,0,2017-18,0.764482113577227,1.3208602594859902,0.0,960.1925884036036,0.0,0.0,0.2037,0.1,1110.7218389253055,986.4065894702164,0.0,1.1814874510706883,2880577.765210811,863.1390327950917,906.2959844348463,-53.89660396875729,-5.946909717620173,Low
2017-11-30,11,2017,0,0,2017-18,0.7093549405183853,3.02700602275454,0.0,683.0031928837933,0.0,0.0,0.2037,0.1,960.1925884036036,1007.7596657560132,0.0,1.1814874510706883,2049009.57865138,859.9573590362392,902.9552269880511,219.9520341042578,24.35912961464793,High
2017-12-01,12,2017,0,0,2017-18,0.7786792132899475,2.0775434380157494,0.0,706.1838307930556,0.0,0.0,0.2037,0.1,683.0031928837933,992.2012360823117,0.0,1.1814874510706883,2118551.4923791667,862.3135724183804,905.4292510392995,199.24542024624395,22.00563103274381,High
2017-12-02,12,2017,1,0,2017-18,0.8785233792100764,0.8195250966028502,0.0,1147.5915051355255,0.0,0.0,0.2037,0.1,706.1838307930556,932.7207042039224,0.0,1.1814874510706883,3442774.5154065765,867.5597602608633,910.9377482739065,-236.65375686161894,-25.979136039761563,Low
2017-12-03,12,2017,1,0,2017-18,0.7154277440452751,3.511320312608164,0.0,637.3410081430891,0.0,0.0,0.2037,0.1,1147.5915051355255,993.6409286203276,0.0,1.1814874510706883,1912023.0244292675,866.3163009067828,909.6321159521219,272.29110780903284,29.934201204409185,High
2017-12-04,12,2017,0,0,2017-18,0.8489098741603709,3.5183274198061167,0.0,834.2942575270075,0.0,0.0,0.2037,0.1,637.3410081430891,919.2108133374652,0.0,1.1814874510706883,2502882.7725810227,867.1137981548635,910.4694880626067,76.17523053559921,8.366587956472097,Medium
2017-12-05,12,2017,0,0,2017-18,0.8790528546750668,3.482313700184028,0.0,779.5911985094702,0.0,0.0,0.2037,0.1,834.2942575270075,868.4754602587685,0.0,1.1814874510706883,2338773.5955284107,868.1065634034439,911.5118915736161,131.9206930641459,14.47273417754327,Medium
2017-12-06,12,2017,0,0,2017-18,0.8002731672450882,0.9551848455261572,0.0,921.0854943795376,0.0,0.0,0.2037,0.1,779.5911985094702,821.1710830565064,0.0,1.1814874510706883,2763256.4831386125,870.8900282757088,914.4345296894943,-6.650964690043338,-0.727330877619171,Low
2017-12-07,12,2017,0,0,2017-18,0.9312736611237464,1.8049573767239524,0.0,1013.5931264214048,0.0,0.0,0.2037,0.1,921.0854943795376,815.5843553387825,0.0,1.1814874510706883,3040779.3792642145,873.6937595292865,917.3784475057508,-96.21467891565396,-10.488002980367686,Low
2017-12-08,12,2017,0,0,2017-18,0.7319794759401315,3.9399586245635,0.0,651.2290581810508,0.0,0.0,0.2037,0.1,1013.5931264214048,862.8114887012987,0.0,1.1814874510706883,1953687.1745431528,871.3443955042386,914.9116152794505,263.6825570983997,28.82054973341447,High
2017-12-09,12,2017,1,0,2017-18,0.7225413345207425,3.088049905239961,0.0,620.4047622722292,0.0,0.0,0.2037,0.1,651.2290581810508,854.9608068995838,0.0,1.1814874510706883,1861214.286816688,870.5156207684364,914.0414018068583,293.6366395346291,32.125091812490574,High
2017-12-10,12,2017,1,0,2017-18,0.918456626861081,0.1086696849022392,0.0,1193.292094992052,0.0,0.0,0.2037,0.1,620.4047622722292,779.6484150619699,0.0,1.1814874510706883,3579876.284976156,875.7982940505372,919.588208753064,-273.70388623898793,-29.76374464502136,Low
2017-12-11,12,2017,0,0,2017-18,0.8486473948618596,0.2608183650419682,0.0,1097.6733985282349,0.0,0.0,0.2037,0.1,1193.292094992052,859.0699988975359,0.0,1.1814874510706883,3293020.1955847046,878.7155569027566,922.6513347478945,-175.02206378034043,-18.96946952644506,Low
2017-12-12,12,2017,0,0,2017-18,0.9065207189283208,1.855725507249331,0.0,916.4816699678828,0.0,0.0,0.2037,0.1,1097.6733985282349,896.6955904691398,0.0,1.1814874510706883,2749445.009903649,881.1821781550565,925.2412870628093,8.759617094926512,0.9467386742688528,Low
2017-12-13,12,2017,0,0,2017-18,0.8304482015811239,3.6368808234462406,0.0,660.4222662613672,0.0,0.0,0.2037,0.1,916.4816699678828,916.251372106056,0.0,1.1814874510706883,1981266.7987841016,877.590532265674,921.4700588789577,261.0477926175905,28.329492651684863,High
2017-12-14,12,2017,0,0,2017-18,0.773920609971732,2.154807191810857,0.0,828.9244624619452,0.0,0.0,0.2037,0.1,660.4222662613672,879.0137680891746,0.0,1.1814874510706883,2486773.3873858354,880.1188012441057,924.1247413063111,95.20027884436593,10.301669741012894,Medium
2017-12-15,12,2017,0,0,2017-18,0.94573069530226,1.991250032137161,0.0,1100.5100611556727,0.0,0.0,0.2037,0.1,828.9244624619452,852.6325303806804,0.0,1.1814874510706883,3301530.183467018,885.4093846688182,929.6798539022592,-170.8302072534135,-18.375165013672927,Low
2017-12-16,12,2017,1,0,2017-18,0.9398247636906938,0.4218947998265223,0.0,1233.0977742256491,0.0,0.0,0.2037,0.1,1100.5100611556727,916.8155308056264,0.0,1.1814874510706883,3699293.322676948,892.8458956570857,937.4881904399401,-295.609583785709,-31.53208614254508,Low
2017-12-17,12,2017,1,0,2017-18,0.908408941256328,2.627120418897176,0.0,898.4962012953883,0.0,0.0,0.2037,0.1,1233.0977742256491,1004.3431039418292,0.0,1.1814874510706883,2695488.603886165,895.1878972695727,939.9472921330513,41.451090837662946,4.409937789553785,Low
2017-12-18,12,2017,0,0,2017-18,0.7816435411689888,3.288412642400902,0.0,650.2393758526124,0.0,0.0,0.2037,0.1,898.4962012953883,962.2294048423056,0.0,1.1814874510706883,1950718.1275578367,894.9936284391175,939.7433098610734,289.503934008461,30.80670338065612,High
2017-12-19,12,2017,0,0,2017-18,0.8770692000607261,1.521680030030249,0.0,1074.7039283313222,0.0,0.0,0.2037,0.1,650.2393758526124,898.3102587457882,0.0,1.1814874510706883,3224111.7849939666,897.1206865750596,941.9767209038126,-132.7272074275096,-14.090285299212047,Low
2017-12-20,12,2017,0,0,2017-18,0.808292169082008,3.10244740370131,0.0,779.6774906542435,0.0,0.0,0.2037,0.1,1074.7039283313222,920.913438511994,0.0,1.1814874510706883,2339032.4719627304,897.1763200391616,942.0351360411197,162.35764538687624,17.234775983959622,High
2017-12-21,12,2017,0,0,2017-18,0.7274746219979902,3.8579066156032464,0.0,553.9127910326126,0.0,0.0,0.2037,0.1,779.6774906542435,937.9498991395476,0.0,1.1814874510706883,1661738.373097838,893.27545316773,937.9392258261165,384.0264347935039,40.94363730819145,High
2017-12-22,12,2017,0,0,2017-18,0.9751940726386727,0.8150658365107564,0.0,1266.2265343922527,0.0,0.0,0.2037,0.1,553.9127910326126,898.6625175067859,0.0,1.1814874510706883,3798679.603176758,900.9350065470637,945.981756874417,-320.2447775178357,-33.853166320663995,Low
2017-12-23,12,2017,1,0,2017-18,0.7410455892756884,2.093318524778965,0.0,826.3894920726667,0.0,0.0,0.2037,0.1,1266.2265343922527,922.336299397726,0.0,1.1814874510706883,2479168.476218,900.1294182480626,945.1358891604658,118.7463970877991,12.563949634086772,Medium
2017-12-24,12,2017,1,0,2017-18,0.9850712061462408,1.1485518323383022,0.0,1118.9765480044591,0.0,0.0,0.2037,0.1,826.3894920726667,864.2351162330141,0.0,1.1814874510706883,3356929.644013378,904.7752747666527,950.0140385049854,-168.96250949947375,-17.78526449623482,Low
2017-12-25,12,2017,0,0,2017-18,0.8338017318873867,3.1714176761353574,0.0,759.6207039753215,0.0,0.0,0.2037,0.1,1118.9765480044591,895.7323086200241,0.0,1.1814874510706883,2278862.111925964,907.0953115048522,952.450077080095,192.82937310477348,20.24561473037266,High
2017-12-26,12,2017,0,0,2017-18,0.7555398786515859,2.31037346352463,0.0,748.9106875174965,0.0,0.0,0.2037,0.1,759.6207039753215,911.358212637554,0.0,1.1814874510706883,2246732.0625524893,907.0977799179484,952.4526689138459,203.54198139634934,21.370298812692052,High
2017-12-27,12,2017,0,0,2017-18,0.8625702842135075,2.538329670201215,0.0,1043.652810402701,0.0,0.0,0.2037,0.1,748.9106875174965,864.8163210927218,0.0,1.1814874510706883,3130958.431208104,911.3952841661575,956.9650483744654,-86.68776202823574,-9.05861318294609,Low
2017-12-28,12,2017,0,0,2017-18,0.9618837507629224,3.1916566384635763,0.0,917.3485143778722,0.0,0.0,0.2037,0.1,1043.652810402701,902.5270810567872,0.0,1.1814874510706883,2752045.5431336164,909.9900177904393,955.4895186799613,38.14100430208907,3.9917763153259984,Low
2017-12-29,12,2017,0,0,2017-18,0.9196674659228684,1.5838818906498195,0.0,1054.4793305681385,0.0,0.0,0.2037,0.1,917.3485143778722,954.44647010611,0.0,1.1814874510706883,3163437.9917044155,913.4653402864978,959.1386073008227,-95.34072326731575,-9.940244563360928,Low
2017-12-30,12,2017,1,0,2017-18,0.9419683443584348,3.660360273628173,0.0,835.6874173182154,0.0,0.0,0.2037,0.1,1054.4793305681385,924.196869559808,0.0,1.1814874510706883,2507062.251954646,910.9279141506179,956.4743098581488,120.78689253993343,12.628346762167286,Medium
2017-12-31,12,2017,1,0,2017-18,0.8976350100132152,2.13211546898456,0.0,1043.5297521062305,0.0,0.0,0.2037,0.1,835.6874173182154,925.5251445948865,0.0,1.1814874510706883,3130589.2563186907,908.9333628301564,954.3800309716643,-89.14972113456622,-9.341113418289144,Low
2018-01-01,1,2018,0,0,2017-18,0.9076829693553558,0.631819291341392,0.0,1139.0482233368416,0.0,0.0,0.2037,0.1,1043.5297521062305,914.7470308951396,0.0,1.1814874510706883,3417144.670010525,914.0880070700475,959.7924074235499,-179.2558159132917,-18.676519477215173,Low
2018-01-02,1,2018,0,0,2017-18,0.9547586954695958,2.78359647267521,0.0,887.7689231266712,0.0,0.0,0.2037,0.1,1139.0482233368416,968.9509622324996,0.0,1.1814874510706883,2663306.769380013,910.6730722155726,956.2067258263512,68.43780269967999,7.157218292993727,Medium
2018-01-03,1,2018,0,0,2017-18,0.7749004026577557,3.1730454017530176,0.0,768.9570397309828,0.0,0.0,0.2037,0.1,887.7689231266712,988.7878530338102,0.0,1.1814874510706883,2306871.119192949,909.0874496653479,954.5418221486153,185.58478241763248,19.44228928596261,High
2018-01-04,1,2018,0,0,2017-18,0.8468274890929421,1.267046708270107,0.0,983.7296183567624,0.0,0.0,0.2037,0.1,768.9570397309828,949.5456000807072,0.0,1.1814874510706883,2951188.855070288,910.1187595843643,955.6246975635826,-28.104920793179872,-2.940999836529435,Low
2018-01-05,1,2018,0,0,2017-18,0.7663628325458807,3.428717027995012,0.0,605.8986249435529,0.0,0.0,0.2037,0.1,983.7296183567624,959.0286149348346,0.0,1.1814874510706883,1817695.8748306588,904.3016361226917,949.5167179288263,343.6180929852734,36.18873543741336,High
2018-01-06,1,2018,1,0,2017-18,0.996300402398994,3.6245730190630656,0.0,769.9189535433452,0.0,0.0,0.2037,0.1,605.8986249435529,894.9456569884652,0.0,1.1814874510706883,2309756.8606300354,904.4968662484638,949.721709560887,179.8027560175418,18.932151830105614,High
2018-01-07,1,2018,1,0,2017-18,0.983217801905984,1.1076179495112357,0.0,1279.873473961074,0.0,0.0,0.2037,0.1,769.9189535433452,885.5501621634838,0.0,1.1814874510706883,3839620.421883222,903.3981552769726,948.5680630408212,-331.3054109202528,-34.92689916822502,Low
2018-01-08,1,2018,0,0,2017-18,0.7118280434105517,3.934085890860888,0.0,590.1045687147989,0.0,0.0,0.2037,0.1,1279.873473961074,919.31355099989,0.0,1.1814874510706883,1770313.706144397,900.2286993177466,945.240134283634,355.1355655688351,37.570935965174655,High
2018-01-09,1,2018,0,0,2017-18,0.9116725517547064,0.5628461121950337,0.0,1118.4742967940942,0.0,0.0,0.2037,0.1,590.1045687147989,840.8930289110268,0.0,1.1814874510706883,3355422.890382283,904.0265447736354,949.2278720123171,-169.24642478177714,-17.829904680630893,Low
2018-01-10,1,2018,0,0,2017-18,0.9775744952246996,0.8080626736099599,0.0,1193.8341216476565,0.0,0.0,0.2037,0.1,1118.4742967940942,873.8509394349443,0.0,1.1814874510706883,3581502.364942969,909.4774482400995,954.9513206521045,-238.88280099555197,-25.015180965709,Low
2018-01-11,1,2018,0,0,2017-18,0.7541726035382,0.7368993569521045,0.0,994.7499123273712,0.0,0.0,0.2037,0.1,1193.8341216476565,934.5476654230406,0.0,1.1814874510706883,2984249.736982113,911.6115284048785,957.1921048251224,-37.55780750224881,-3.923748149710299,Low
2018-01-12,1,2018,0,0,2017-18,0.8703835691657889,3.5759588400314817,0.0,732.924577685625,0.0,0.0,0.2037,0.1,994.7499123273712,936.1219931331276,0.0,1.1814874510706883,2198773.733056875,906.676752613026,952.0105902436774,219.0860125580524,23.012980612114305,High
2018-01-13,1,2018,1,0,2017-18,0.9746464892764126,2.6171702092998474,0.0,871.0728538271893,0.0,0.0,0.2037,0.1,732.924577685625,954.2685578105664,0.0,1.1814874510706883,2613218.561481568,905.9612108372987,951.2592713791637,80.18641755197439,8.429501815600467,Medium
2018-01-14,1,2018,1,0,2017-18,0.7101837935757396,0.6084171328890915,0.0,919.7665798097472,0.0,0.0,0.2037,0.1,871.0728538271893,968.7191149939728,0.0,1.1814874510706883,2759299.739429241,907.2784263717856,952.6423476903749,32.87576788062768,3.451008446174268,Low
2018-01-15,1,2018,0,0,2017-18,0.909226080174052,1.761293673473396,0.0,1089.695386020906,0.0,0.0,0.2037,0.1,919.7665798097472,917.2752729723544,0.0,1.1814874510706883,3269086.158062718,910.9294341871137,956.4759058964694,-133.2194801244366,-13.928158493399255,Low
2018-01-16,1,2018,0,0,2017-18,0.7892047022117652,2.461192100279208,0.0,877.7302135136883,0.0,0.0,0.2037,0.1,1089.695386020906,988.64538973037,0.0,1.1814874510706883,2633190.640541065,912.3256760385552,957.941959840483,80.2117463267947,8.373340942300054,Medium
2018-01-17,1,2018,0,0,2017-18,0.9773188586129592,0.3338563399575331,0.0,1234.0300464740906,0.0,0.0,0.2037,0.1,877.7302135136883,954.253377833169,0.0,1.1814874510706883,3702090.139422272,912.7940314796346,958.4337330536164,-275.5963134204742,-28.754863681854243,Low
2018-01-18,1,2018,0,0,2017-18,0.9913174735496104,3.529665473629355,0.0,948.852640291916,0.0,0.0,0.2037,0.1,1234.0300464740906,959.995652808374,0.0,1.1814874510706883,2846557.9208757486,913.2920012403303,958.9566013023468,10.103961010430794,1.0536411133422234,Low
2018-01-19,1,2018,0,0,2017-18,0.9832799467340302,3.2144141417661407,0.0,912.4887407247326,0.0,0.0,0.2037,0.1,948.852640291916,953.438899660452,0.0,1.1814874510706883,2737466.222174198,912.3255471687934,957.941824527233,45.45308380250049,4.744868909438489,Low
2018-01-20,1,2018,1,0,2017-18,0.8422642649972392,2.020827094306553,0.0,988.214016349874,0.0,0.0,0.2037,0.1,912.4887407247326,979.0909229517528,0.0,1.1814874510706883,2964642.0490496224,913.3426619977786,959.0097950976675,-29.20422125220648,-3.0452474418399724,Low
2018-01-21,1,2018,1,0,2017-18,0.958612795296794,3.8685064610366817,0.0,829.8317781419092,0.0,0.0,0.2037,0.1,988.214016349874,995.8253747407078,0.0,1.1814874510706883,2489495.334425728,914.8474409786871,960.5898130276215,130.75803488571228,13.612265413640436,Medium
2018-01-22,1,2018,0,0,2017-18,0.9533648195605212,1.6710439171003988,0.0,966.4860459365694,0.0,0.0,0.2037,0.1,829.8317781419092,982.9775459310168,0.0,1.1814874510706883,2899458.137809708,915.6131654541731,961.3938237268818,-5.092222209687634,-0.5296707846475891,Low
2018-01-23,1,2018,0,0,2017-18,0.7957301419729766,3.9364412761459913,0.0,767.0690152552943,0.0,0.0,0.2037,0.1,966.4860459365694,965.3762116332545,0.0,1.1814874510706883,2301207.045765883,916.2480265956021,962.0604279253823,194.99141267008804,20.268104477654663,High
2018-01-24,1,2018,0,0,2017-18,0.9486746422452031,2.6716799952145083,0.0,939.3410547420244,0.0,0.0,0.2037,0.1,767.0690152552943,949.5674690249124,0.0,1.1814874510706883,2818023.1642260733,917.1410676268277,962.9981210081692,23.65706626614474,2.4566056516681463,Low
2018-01-25,1,2018,0,0,2017-18,0.7111022904146478,2.538685093015766,0.0,753.0462555137301,0.0,0.0,0.2037,0.1,939.3410547420244,907.4690416346172,0.0,1.1814874510706883,2259138.7665411904,915.2238786873996,960.9850726217696,207.93881710803953,21.638090229720078,High
2018-01-26,1,2018,0,0,2017-18,0.8788809635446159,0.66381958118314,0.0,1014.0897473215568,0.0,0.0,0.2037,0.1,753.0462555137301,879.4967009520191,0.0,1.1814874510706883,3042269.2419646704,914.1557910056359,959.8635805559178,-54.22616676563905,-5.649361832671393,Low
2018-01-27,1,2018,1,0,2017-18,0.7690026511863108,3.527711033218576,0.0,704.0088214180148,0.0,0.0,0.2037,0.1,1014.0897473215568,894.0111304658512,0.0,1.1814874510706883,2112026.4642540445,910.5242828354568,956.0504969772297,252.04167555921492,26.36279949187849,High
2018-01-28,1,2018,1,0,2017-18,0.7361700657331836,1.7099587516824606,0.0,895.7615335364209,0.0,0.0,0.2037,0.1,704.0088214180148,853.4103883327283,0.0,1.1814874510706883,2687284.6006092625,907.7747853035253,953.1635245687016,57.40199103228076,6.02226056208505,Medium
2018-01-29,1,2018,0,0,2017-18,0.7230859604887627,0.6489336231299174,0.0,1040.46260420817,0.0,0.0,0.2037,0.1,895.7615335364209,862.8289248176586,0.0,1.1814874510706883,3121387.81262451,911.5638766206649,957.1420704516983,-83.32053375647172,-8.705137547360211,Low
2018-01-30,1,2018,0,0,2017-18,0.908886632763442,0.0504300799030361,0.0,1311.566014717363,0.0,0.0,0.2037,0.1,1040.46260420817,873.3970045707445,0.0,1.1814874510706883,3934698.044152089,918.114693958827,964.0204286567684,-347.5455860605946,-36.05168269565119,Low
2018-01-31,1,2018,0,0,2017-18,0.8019624891304198,2.2390227345535303,0.0,875.1362463886098,0.0,0.0,0.2037,0.1,1311.566014717363,951.182290208183,0.0,1.1814874510706883,2625408.739165829,919.4445414305878,965.4167685021173,90.28052211350746,9.351455771125801,Medium
2018-02-01,2,2018,0,0,2017-18,0.9174300314586284,2.1095984884907053,0.0,870.5025465925311,0.0,0.0,0.2037,0.1,875.1362463886098,942.0101747291236,0.0,1.1814874510706883,2611507.6397775933,916.2097906930588,962.0202802277119,91.51773363518078,9.513077376447654,Medium
2018-02-02,2,2018,0,0,2017-18,0.7196069022396827,2.8774144894766343,0.0,698.8568389473977,0.0,0.0,0.2037,0.1,870.5025465925311,958.789644883238,0.0,1.1814874510706883,2096570.5168421927,914.5186741231772,960.2446078293361,261.3877688819384,27.220956696941407,High
2018-02-03,2,2018,1,0,2017-18,0.7945871013491831,3.561032212071209,0.0,648.84376776277,0.0,0.0,0.2037,0.1,698.8568389473977,913.7563722583582,0.0,1.1814874510706883,1946531.3032883096,913.9239355618315,959.6201323399231,310.7763645771531,32.3853527144497,High
2018-02-04,2,2018,1,0,2017-18,0.8618473877126012,0.3176263385721181,0.0,1139.1248684378093,0.0,0.0,0.2037,0.1,648.84376776277,905.875650307609,0.0,1.1814874510706883,3417374.605313428,914.2857461588357,960.0000334667775,-179.12483497103176,-18.65883632567922,Low
2018-02-05,2,2018,0,0,2017-18,0.9372169494516892,2.9259859613614494,0.0,810.6024747035517,0.0,0.0,0.2037,0.1,1139.1248684378093,940.6418410078074,0.0,1.1814874510706883,2431807.424110655,914.3415758783223,960.0586546722384,149.45617996868668,15.567400933405537,High
2018-02-06,2,2018,0,0,2017-18,0.795625750879621,0.7496477763903289,0.0,976.5819824970588,0.0,0.0,0.2037,0.1,810.6024747035517,907.8046796500048,0.0,1.1814874510706883,2929745.947491177,916.5620955232305,962.3902002993921,-14.191782197666726,-1.4746391009854187,Low
2018-02-07,2,2018,0,0,2017-18,0.8877674129311027,3.432708212628656,0.0,750.0149132302697,0.0,0.0,0.2037,0.1,976.5819824970588,859.949817904247,0.0,1.1814874510706883,2250044.739690809,910.9585625242908,956.5064906505054,206.49157742023567,21.588099969902338,High
2018-02-08,2,2018,0,0,2017-18,0.965793324470856,3.2762540554466244,0.0,837.248162150489,0.0,0.0,0.2037,0.1,750.0149132302697,842.0753417387697,0.0,1.1814874510706883,2511744.486451467,909.4582627433418,954.9311758805089,117.68301373001998,12.323716797863318,Medium
2018-02-09,2,2018,0,0,2017-18,0.8847589564546914,2.163175019942177,0.0,897.1398259198282,0.0,0.0,0.2037,0.1,837.248162150489,837.3247153899066,0.0,1.1814874510706883,2691419.4777594847,908.4163956968009,953.837215481641,56.69738956181277,5.944136865448615,Medium
2018-02-10,2,2018,1,0,2017-18,0.7698878424260901,2.840971194493246,0.0,732.7959909122891,0.0,0.0,0.2037,0.1,897.1398259198282,865.650856385968,0.0,1.1814874510706883,2198387.972736867,905.4448200264271,950.7170610277485,217.92107011545943,22.921758643931497,High
2018-02-11,2,2018,1,0,2017-18,0.7073202344669614,1.2574004527349936,0.0,851.6852997968109,0.0,0.0,0.2037,0.1,732.7959909122891,877.6440311216137,0.0,1.1814874510706883,2555055.8993904325,906.7772712601064,952.1161348231118,100.43083502630088,10.548170685602273,Medium
2018-02-12,2,2018,0,0,2017-18,0.961029662170279,1.8846715957312583,0.0,881.6918375735349,0.0,0.0,0.2037,0.1,851.6852997968109,836.5812356014711,0.0,1.1814874510706883,2645075.512720605,909.7539506921131,955.2416482267188,73.54981065318384,7.699602586394703,Medium
2018-02-13,2,2018,0,0,2017-18,0.7063808232551161,3.286547590841886,0.0,478.4198328558394,0.0,0.0,0.2037,0.1,881.6918375735349,846.7368588686115,0.0,1.1814874510706883,1435259.498567518,904.847228967538,950.0895904159149,471.66975756007554,49.644766379725894,High
2018-02-14,2,2018,0,0,2017-18,0.9624105018052598,1.837060788692856,0.0,1034.7372113359218,0.0,0.0,0.2037,0.1,478.4198328558394,775.5708374912945,0.0,1.1814874510706883,3104211.634007765,907.1256082976378,952.4818887125197,-82.2553226234021,-8.635893616264717,Low
2018-02-15,2,2018,0,0,2017-18,0.8586811402081636,1.4311930613017672,0.0,977.1545469887462,0.0,0.0,0.2037,0.1,1034.7372113359218,816.2454515063876,0.0,1.1814874510706883,2931463.640966239,905.14861065011,950.4060411826155,-26.748505806130765,-2.814429269919927,Low
2018-02-16,2,2018,0,0,2017-18,0.9817203095538688,1.9768497890012,0.0,1073.0066728178515,0.0,0.0,0.2037,0.1,977.1545469887462,836.2320779118529,0.0,1.1814874510706883,3219020.018453555,908.9185590878755,954.3644870422693,-118.64218577558222,-12.43153820017692,Low
2018-02-17,2,2018,1,0,2017-18,0.9396349707320996,3.312997009748873,0.0,796.842697899574,0.0,0.0,0.2037,0.1,1073.0066728178515,861.3559131829991,0.0,1.1814874510706883,2390528.093698722,909.5646989650769,955.0429339133308,158.2002360137568,16.56472503969265,High
2018-02-18,2,2018,1,0,2017-18,0.9993802331600012,1.340832189483491,0.0,1165.55161162151,0.0,0.0,0.2037,0.1,796.842697899574,870.5054427526112,0.0,1.1814874510706883,3496654.83486453,909.9284547091714,955.42487744463,-210.12673417687984,-21.993014745322807,Low
2018-02-19,2,2018,0,0,2017-18,0.805213544635513,0.6950463725429752,0.0,1017.1006868142194,0.0,0.0,0.2037,0.1,1165.55161162151,915.3434872989968,0.0,1.1814874510706883,3051302.060442658,912.2604794628246,957.8735034359659,-59.227183378253585,-6.183194666707151,Low
2018-02-20,2,2018,0,0,2017-18,0.930156486679338,2.848056081323123,0.0,846.0629218687327,0.0,0.0,0.2037,0.1,1017.1006868142194,934.6876086190948,0.0,1.1814874510706883,2538188.765606198,912.6531668791101,958.2858252230657,112.22290335433297,11.710796549475226,Medium
2018-02-21,2,2018,0,0,2017-18,0.8205792740827726,3.303912850832327,0.0,807.8665051254014,0.0,0.0,0.2037,0.1,846.0629218687327,987.2080499066508,0.0,1.1814874510706883,2423599.515376204,912.8304369293957,958.4719587758655,150.60545365046403,15.71307874701032,High
2018-02-22,2,2018,0,0,2017-18,0.8439626860911726,0.4025499140941333,0.0,1102.263175386887,0.0,0.0,0.2037,0.1,807.8665051254014,954.7979490194336,0.0,1.1814874510706883,3306789.526160661,912.6050549454525,958.2353076927252,-144.02786769416184,-15.03053232727956,Low
2018-02-23,2,2018,0,0,2017-18,0.8882516389655111,0.9594964510237788,0.0,1117.7894082224198,0.0,0.0,0.2037,0.1,1102.263175386887,972.670610219168,0.0,1.1814874510706883,3353368.224667259,917.0121602121382,962.8627682227451,-154.92663999967465,-16.090209852608456,Low
2018-02-24,2,2018,1,0,2017-18,0.9621031342559015,0.5678879590439756,0.0,1226.2020154867423,0.0,0.0,0.2037,0.1,1117.7894082224198,979.068143848392,0.0,1.1814874510706883,3678606.046460227,917.7660513272896,963.654353893654,-262.54766159308826,-27.24500341146824,Low
2018-02-25,2,2018,1,0,2017-18,0.9952250407597883,1.3917656463286665,0.0,1294.8384506048933,0.0,0.0,0.2037,0.1,1226.2020154867423,1040.4051892179873,0.0,1.1814874510706883,3884515.35181468,918.937126010923,964.8839823114691,-329.95446829342416,-34.19628414837892,Low
2018-02-26,2,2018,0,0,2017-18,0.9304820241593554,1.8014039156216506,0.0,1067.0567353930182,0.0,0.0,0.2037,0.1,1294.8384506048933,1058.874737644185,0.0,1.1814874510706883,3201170.206179055,918.4519581938976,964.3745561035925,-102.68217928942579,-10.647541314683519,Low
2018-02-27,2,2018,0,0,2017-18,0.8253300346502002,2.995305347853226,0.0,745.3777796351367,0.0,0.0,0.2037,0.1,1067.0567353930182,1066.011316012585,0.0,1.1814874510706883,2236133.33890541,916.065126985359,961.868383334627,216.4906036994903,22.507300109912727,High
2018-02-28,2,2018,0,0,2017-18,0.8264071006831211,2.6045903395266965,0.0,877.9600916144619,0.0,0.0,0.2037,0.1,745.3777796351367,1051.6277242649282,0.0,1.1814874510706883,2633880.274843386,918.2313147490331,964.1428804864848,86.18278887202291,8.938798451588111,Medium
2018-03-01,3,2018,0,0,2017-18,0.9212746904766674,2.4837142699137247,0.0,821.915141093105,0.0,0.0,0.2037,0.1,877.9600916144619,1061.6410937633657,0.0,1.1814874510706883,2465745.4232793152,919.5172181968114,965.4930791066521,143.57793801354705,14.87094429992148,Medium
2018-03-02,3,2018,0,0,2017-18,0.7716331437304906,1.4094997864386176,0.0,900.3613610096621,0.0,0.0,0.2037,0.1,821.915141093105,1021.5913745785396,0.0,1.1814874510706883,2701084.0830289866,916.770216595413,962.6087274251837,62.24736641552158,6.466528366309624,Medium
2018-03-03,3,2018,1,0,2017-18,0.7331422339394184,3.36579021233904,0.0,676.2151180818743,0.0,0.0,0.2037,0.1,900.3613610096621,990.5302249767172,0.0,1.1814874510706883,2028645.3542456229,917.2021511502884,963.0622587078028,286.84714062592855,29.784901031300738,High
2018-03-04,3,2018,1,0,2017-18,0.806386647292233,1.8851486695926585,0.0,889.6869934545949,0.0,0.0,0.2037,0.1,676.2151180818743,911.9606682045932,0.0,1.1814874510706883,2669060.980363785,917.8176259939283,963.7085072936248,74.02151383902992,7.680902812293726,Medium
2018-03-05,3,2018,0,0,2017-18,0.7861716974962245,3.916419752060618,0.0,621.3535229981093,0.0,0.0,0.2037,0.1,889.6869934545949,854.0818886116933,0.0,1.1814874510706883,1864060.568994328,916.0594295993577,961.8624010793257,340.5088780812164,35.40099682648208,High
2018-03-06,3,2018,0,0,2017-18,0.788892436136797,2.5365685531829474,0.0,724.4481047858327,0.0,0.0,0.2037,0.1,621.3535229981093,790.4100011267063,0.0,1.1814874510706883,2173344.314357498,913.8745697149831,959.5682982007322,235.12019341489952,24.502705420319618,High
2018-03-07,3,2018,0,0,2017-18,0.7700823253149729,0.5050589662580109,0.0,931.1470885003436,0.0,0.0,0.2037,0.1,724.4481047858327,787.4200475768058,0.0,1.1814874510706883,2793441.265501031,912.9585026269714,958.60642775832,27.459339257976467,2.8645060645159166,Low
2018-03-08,3,2018,0,0,2017-18,0.7126279568909085,2.704710248301736,0.0,706.7003102310401,0.0,0.0,0.2037,0.1,931.1470885003436,795.0181899890747,0.0,1.1814874510706883,2120100.93069312,913.5748498719713,959.25359236557,252.5532821345298,26.328103865810924,High
2018-03-09,3,2018,0,0,2017-18,0.7053621804200241,1.300416061726796,0.0,751.0866728452696,0.0,0.0,0.2037,0.1,706.7003102310401,778.558928437351,0.0,1.1814874510706883,2253260.0185358087,915.0268711005606,960.7782146555886,209.691541810319,21.825176571628177,High
2018-03-10,3,2018,1,0,2017-18,0.9963167169208096,2.7453087867443897,0.0,1092.1229131681098,0.0,0.0,0.2037,0.1,751.0866728452696,757.2339729852949,0.0,1.1814874510706883,3276368.7395043294,913.9027690802945,959.5979075343093,-132.52500563380045,-13.810472552438549,Low
2018-03-11,3,2018,1,0,2017-18,0.8283319401207587,0.2785645926496229,0.0,906.2320775915736,0.0,0.0,0.2037,0.1,1092.1229131681098,816.6493722833285,0.0,1.1814874510706883,2718696.232774721,911.7756432921094,957.3644254567149,51.132347865141355,5.340949225343154,Medium
2018-03-12,3,2018,0,0,2017-18,0.8152979941479045,0.6995257487038375,0.0,998.955221247518,0.0,0.0,0.2037,0.1,906.2320775915736,819.0129557314684,0.0,1.1814874510706883,2996865.663742554,912.6920160841053,958.3266168883106,-40.62860435920743,-4.239536254469132,Low
2018-03-13,3,2018,0,0,2017-18,0.9038941848079208,3.4229490356231453,0.0,807.6988710278687,0.0,0.0,0.2037,0.1,998.955221247518,872.956055481384,0.0,1.1814874510706883,2423096.613083606,914.3284228037331,960.0448439439199,152.3459729160512,15.868630916260654,High
2018-03-14,3,2018,0,0,2017-18,0.7654761663595192,0.9087182280940596,0.0,970.9464075513664,0.0,0.0,0.2037,0.1,807.6988710278687,884.849022087389,0.0,1.1814874510706883,2912839.222654098,915.9064444158378,961.7017666366297,-9.244640914736692,-0.9612793940337738,Low
2018-03-15,3,2018,0,0,2017-18,0.9849883551850676,3.34816450097176,0.0,820.3343521778478,0.0,0.0,0.2037,0.1,970.9464075513664,890.5346390946779,0.0,1.1814874510706883,2461003.0565335434,912.7933809827508,958.4330500318885,138.09869785404067,14.408799639103215,Medium
2018-03-16,3,2018,0,0,2017-18,0.9359035043246656,1.1171043538176415,0.0,1195.4554717654096,0.0,0.0,0.2037,0.1,820.3343521778478,906.7680736585075,0.0,1.1814874510706883,3586366.4152962286,912.375133177637,957.993889836519,-237.4615819288906,-24.787379590637396,Low
2018-03-17,3,2018,1,0,2017-18,0.7268233006936778,2.5715276402348306,0.0,632.9870656003621,0.0,0.0,0.2037,0.1,1195.4554717654096,970.2493306470992,0.0,1.1814874510706883,1898961.1968010864,909.4250316699146,954.8962832534104,321.90921765304824,33.71143267583753,High
2018-03-18,3,2018,1,0,2017-18,0.8252742327354785,2.776602294039324,0.0,764.3624573656,0.0,0.0,0.2037,0.1,632.9870656003621,904.658495280278,0.0,1.1814874510706883,2293087.3720968,910.6930659089477,956.2277192043952,191.86526183879516,20.06480862094562,High
2018-03-19,3,2018,0,0,2017-18,0.9637354922686494,2.050619012580212,0.0,1073.0644567796226,0.0,0.0,0.2037,0.1,764.3624573656,884.3914066765675,0.0,1.1814874510706883,3219193.370338868,910.6748495583732,956.208592036292,-116.85586474333059,-12.220750338007361,Low
2018-03-20,3,2018,0,0,2017-18,0.983419606687423,1.2212427067869251,0.0,1232.153110768072,0.0,0.0,0.2037,0.1,1073.0644567796226,894.978440324011,0.0,1.1814874510706883,3696459.332304216,915.7023564485269,961.4874742709533,-270.66563649711884,-28.15071893706683,Low
2018-03-21,3,2018,0,0,2017-18,0.8402204533749609,0.8505775054843845,0.0,940.3436505468544,0.0,0.0,0.2037,0.1,1232.153110768072,955.6147602868972,0.0,1.1814874510706883,2821030.951640563,919.9960326653519,965.9958342986196,25.652183751765165,2.655517015804777,Low
2018-03-22,3,2018,0,0,2017-18,0.8840234167632123,0.1327574182497048,0.0,1352.2408137947978,0.0,0.0,0.2037,0.1,940.3436505468544,951.2429378576812,0.0,1.1814874510706883,4056722.441384393,920.9517468809357,966.9993342249826,-385.24147956981517,-39.8388567535647,Low
2018-03-23,3,2018,0,0,2017-18,0.7501101838276225,1.2157856049628952,0.0,826.5756523976032,0.0,0.0,0.2037,0.1,1352.2408137947978,1027.2295752315313,0.0,1.1814874510706883,2479726.95719281,920.9538153289906,967.0015060954402,140.42585369783694,14.521782314988178,Medium
2018-03-24,3,2018,1,0,2017-18,0.997350587841093,2.612651162125132,0.0,903.4804328039224,0.0,0.0,0.2037,0.1,826.5756523976032,974.5324581789874,0.0,1.1814874510706883,2710441.298411767,918.5594140489846,964.487384751434,61.00695194751154,6.325323992001632,Medium
2018-03-25,3,2018,1,0,2017-18,0.769501510415033,3.7532192737939303,0.0,680.9084182266436,0.0,0.0,0.2037,0.1,903.4804328039224,1013.174367779496,0.0,1.1814874510706883,2042725.2546799304,917.6848330962215,963.5690747510326,282.6606565243891,29.334758029404696,High
2018-03-26,3,2018,0,0,2017-18,0.9828195322405378,3.484817929052208,0.0,838.5183302025501,0.0,0.0,0.2037,0.1,680.9084182266436,1001.2523621882166,0.0,1.1814874510706883,2515554.9906076505,918.6804735704999,964.6144972490249,126.09616704647476,13.072182452791994,Medium
2018-03-27,3,2018,0,0,2017-18,0.8948939946977106,3.0642591061412103,0.0,802.1223611816915,0.0,0.0,0.2037,0.1,838.5183302025501,967.7457726772062,0.0,1.1814874510706883,2406367.083545075,915.9968019124886,961.7966420081132,159.67428082642164,16.601667530575003,High
2018-03-28,3,2018,0,0,2017-18,0.8823210384636577,3.1537893730131947,0.0,853.2283365246631,0.0,0.0,0.2037,0.1,802.1223611816915,906.3128084505804,0.0,1.1814874510706883,2559685.009573989,915.2843554918975,961.0485732664924,107.82023674182938,11.219020530394308,Medium
2018-03-29,3,2018,0,0,2017-18,0.8538065533049526,2.659939613903981,0.0,740.8218807724503,0.0,0.0,0.2037,0.1,853.2283365246631,893.8677635902674,0.0,1.1814874510706883,2222465.642317351,911.79927271639,957.3892363522095,216.56735557975924,22.620617336885044,High
2018-03-30,3,2018,0,0,2017-18,0.7692009435153275,1.041147430264012,0.0,813.0750078742689,0.0,0.0,0.2037,0.1,740.8218807724503,806.522201729932,0.0,1.1814874510706883,2439225.023622806,911.5480237225681,957.1254249086966,144.0504170344277,15.0503176789154,High
2018-03-31,3,2018,1,0,2017-18,0.7529584096016524,3.62878012282332,0.0,605.5637798378361,0.0,0.0,0.2037,0.1,813.0750078742689,804.5935382265985,0.0,1.1814874510706883,1816691.3395135084,906.6817351418083,952.0158218988987,346.45204206106257,36.39141641259979,High
