{"type": "FeatureCollection", "features": [{"type": "Feature", "geometry": {"type": "Polygon", "coordinates": [[[79.00707070707071, 20.994949494949495], [79.00707070707071, 21.005050505050505], [78.99292929292929, 21.005050505050505], [78.99292929292929, 20.994949494949495], [79.00707070707071, 20.994949494949495]]]}, "properties": {"confidence_score": 0.0415, "site_id": "nagpur"}}, {"type": "Feature", "geometry": {"type": "Polygon", "coordinates": [[[79.02121212121213, 20.994949494949495], [79.02121212121213, 21.005050505050505], [79.00707070707071, 21.005050505050505], [79.00707070707071, 20.994949494949495], [79.02121212121213, 20.994949494949495]]]}, "properties": {"confidence_score": 0.0472, "site_id": "nagpur"}}, {"type": "Feature", "geometry": {"type": "Polygon", "coordinates": [[[79.03535353535354, 20.994949494949495], [79.03535353535354, 21.005050505050505], [79.02121212121212, 21.005050505050505], [79.02121212121212, 20.994949494949495], [79.03535353535354, 20.994949494949495]]]}, "properties": {"confidence_score": 0.0325, "site_id": "nagpur"}}, {"type": "Feature", "geometry": {"type": "Polygon", "coordinates": [[[79.04949494949496, 20.994949494949495], [79.04949494949496, 21.005050505050505], [79.03535353535354, 21.005050505050505], [79.03535353535354, 20.994949494949495], [79.04949494949496, 20.994949494949495]]]}, "properties": {"confidence_score": 0.0434, "site_id": "nagpur"}}, {"type": "Feature", "geometry": {"type": "Polygon", "coordinates": [[[79.06363636363636, 20.994949494949495], [79.06363636363636, 21.005050505050505], [79.04949494949494, 21.005050505050505], [79.04949494949494, 20.994949494949495], [79.06363636363636, 20.994949494949495]]]}, "properties": {"confidence_score": 0.0328, "site_id": "nagpur"}}, {"type": "Feature", "geometry": {"type": "Polygon", "coordinates": [[[79.07777777777778, 20.994949494949495], [79.07777777777778, 21.005050505050505], [79.06363636363636, 21.005050505050505], [79.06363636363636, 20.994949494949495], [79.07777777777778, 20.994949494949495]]]}, "properties": {"confidence_score": 0.0394, "site_id": "nagpur"}}, {"type": "Feature", "geometry": {"type": "Polygon", "coordinates": [[[79.09191919191919, 20.994949494949495], [79.09191919191919, 21.005050505050505], [79.07777777777777, 21.005050505050505], [79.07777777777777, 20.994949494949495], [79.09191919191919, 20.994949494949495]]]}, "properties": {"confidence_score": 0.028, "site_id": "nagpur"}}, {"type": "Feature", "geometry": {"type": "Polygon", "coordinates": [[[79.10606060606061, 20.994949494949495], [79.10606060606061, 21.005050505050505], [79.09191919191919, 21.005050505050505], [79.09191919191919, 20.994949494949495], [79.10606060606061, 20.994949494949495]]]}, "properties": {"confidence_score": 0.0437, "site_id": "nagpur"}}, {"type": "Feature", "geometry": {"type": "Polygon", "coordinates": [[[79.12020202020203, 20.994949494949495], [79.12020202020203, 21.005050505050505], [79.10606060606061, 21.005050505050505], [79.10606060606061, 20.994949494949495], [79.12020202020203, 20.994949494949495]]]}, "properties": {"confidence_score": 0.0427, "site_id": "nagpur"}}, {"type": "Feature", "geometry": {"type": "Polygon", "coordinates": [[[79.13434343434344, 20.994949494949495], [79.13434343434344, 21.005050505050505], [79.12020202020202, 21.005050505050505], [79.12020202020202, 20.994949494949495], [79.13434343434344, 20.994949494949495]]]}, "properties": {"confidence_score": 0.2401, "site_id": "nagpur"}}, {"type": "Feature", "geometry": {"type": "Polygon", "coordinates": [[[79.14848484848486, 20.994949494949495], [79.14848484848486, 21.005050505050505], [79.13434343434344, 21.005050505050505], [79.13434343434344, 20.994949494949495], [79.14848484848486, 20.994949494949495]]]}, "properties": {"confidence_score": 0.4761, "site_id": "nagpur"}}, {"type": "Feature", "geometry": {"type": "Polygon", "coordinates": [[[79.16262626262626, 20.994949494949495], [79.16262626262626, 21.005050505050505], [79.14848484848484, 21.005050505050505], [79.14848484848484, 20.994949494949495], [79.16262626262626, 20.994949494949495]]]}, "properties": {"confidence_score": 0.6591, "site_id": "nagpur"}}, {"type": "Feature", "geometry": {"type": "Polygon", "coordinates": [[[79.17676767676768, 20.994949494949495], [79.17676767676768, 21.005050505050505], [79.16262626262626, 21.005050505050505], [79.16262626262626, 20.994949494949495], [79.17676767676768, 20.994949494949495]]]}, "properties": {"confidence_score": 0.9167, "site_id": "nagpur"}}, {"type": "Feature", "geometry": {"type": "Polygon", "coordinates": [[[79.19090909090909, 20.994949494949495], [79.19090909090909, 21.005050505050505], [79.17676767676767, 21.005050505050505], [79.17676767676767, 20.994949494949495], [79.19090909090909, 20.994949494949495]]]}, "properties": {"confidence_score": 0.7611, "site_id": "nagpur"}}, {"type": "Feature", "geometry": {"type": "Polygon", "coordinates": [[[79.20505050505051, 20.994949494949495], [79.20505050505051, 21.005050505050505], [79.19090909090909, 21.005050505050505], [79.19090909090909, 20.994949494949495], [79.20505050505051, 20.994949494949495]]]}, "properties": {"confidence_score": 0.5743, "site_id": "nagpur"}}, {"type": "Feature", "geometry": {"type": "Polygon", "coordinates": [[[79.21919191919193, 20.994949494949495], [79.21919191919193, 21.005050505050505], [79.20505050505051, 21.005050505050505], [79.20505050505051, 20.994949494949495], [79.21919191919193, 20.994949494949495]]]}, "properties": {"confidence_score": 0.3801, "site_id": "nagpur"}}, {"type": "Feature", "geometry": {"type": "Polygon", "coordinates": [[[79.23333333333333, 20.994949494949495], [79.23333333333333, 21.005050505050505], [79.21919191919191, 21.005050505050505], [79.21919191919191, 20.994949494949495], [79.23333333333333, 20.994949494949495]]]}, "properties": {"confidence_score": 0.1281, "site_id": "nagpur"}}, {"type": "Feature", "geometry": {"type": "Polygon", "coordinates": [[[79.24747474747475, 20.994949494949495], [79.24747474747475, 21.005050505050505], [79.23333333333333, 21.005050505050505], [79.23333333333333, 20.994949494949495], [79.24747474747475, 20.994949494949495]]]}, "properties": {"confidence_score": 0.1017, "site_id": "nagpur"}}, {"type": "Feature", "geometry": {"type": "Polygon", "coordinates": [[[79.26161616161616, 20.994949494949495], [79.26161616161616, 21.005050505050505], [79.24747474747474, 21.005050505050505], [79.24747474747474, 20.994949494949495], [79.26161616161616, 20.994949494949495]]]}, "properties": {"confidence_score": 0.0741, "site_id": "nagpur"}}, {"type": "Feature", "geometry": {"type": "Polygon", "coordinates": [[[79.27575757575758, 20.994949494949495], [79.27575757575758, 21.005050505050505], [79.26161616161616, 21.005050505050505], [79.26161616161616, 20.994949494949495], [79.27575757575758, 20.994949494949495]]]}, "properties": {"confidence_score": 0.0939, "site_id": "nagpur"}}, {"type": "Feature", "geometry": {"type": "Polygon", "coordinates": [[[79.289898989899, 20.994949494949495], [79.289898989899, 21.005050505050505], [79.27575757575758, 21.005050505050505], [79.27575757575758, 20.994949494949495], [79.289898989899, 20.994949494949495]]]}, "properties": {"confidence_score": 0.1107, "site_id": "nagpur"}}, {"type": "Feature", "geometry": {"type": "Polygon", "coordinates": [[[79.3040404040404, 20.994949494949495], [79.3040404040404, 21.005050505050505], [79.28989898989899, 21.005050505050505], [79.28989898989899, 20.994949494949495], [79.3040404040404, 20.994949494949495]]]}, "properties": {"confidence_score": 0.1203, "site_id": "nagpur"}}, {"type": "Feature", "geometry": {"type": "Polygon", "coordinates": [[[79.00707070707071, 21.005050505050505], [79.00707070707071, 21.015151515151516], [78.99292929292929, 21.015151515151516], [78.99292929292929, 21.005050505050505], [79.00707070707071, 21.005050505050505]]]}, "properties": {"confidence_score": 0.0419, "site_id": "nagpur"}}, {"type": "Feature", "geometry": {"type": "Polygon", "coordinates": [[[79.02121212121213, 21.005050505050505], [79.02121212121213, 21.015151515151516], [79.00707070707071, 21.015151515151516], [79.00707070707071, 21.005050505050505], [79.02121212121213, 21.005050505050505]]]}, "properties": {"confidence_score": 0.0342, "site_id": "nagpur"}}, {"type": "Feature", "geometry": {"type": "Polygon", "coordinates": [[[79.03535353535354, 21.005050505050505], [79.03535353535354, 21.015151515151516], [79.02121212121212, 21.015151515151516], [79.02121212121212, 21.005050505050505], [79.03535353535354, 21.005050505050505]]]}, "properties": {"confidence_score": 0.0294, "site_id": "nagpur"}}, {"type": "Feature", "geometry": {"type": "Polygon", "coordinates": [[[79.04949494949496, 21.005050505050505], [79.04949494949496, 21.015151515151516], [79.03535353535354, 21.015151515151516], [79.03535353535354, 21.005050505050505], [79.04949494949496, 21.005050505050505]]]}, "properties": {"confidence_score": 0.0309, "site_id": "nagpur"}}, {"type": "Feature", "geometry": {"type": "Polygon", "coordinates": [[[79.06363636363636, 21.005050505050505], [79.06363636363636, 21.015151515151516], [79.04949494949494, 21.015151515151516], [79.04949494949494, 21.005050505050505], [79.06363636363636, 21.005050505050505]]]}, "properties": {"confidence_score": 0.0294, "site_id": "nagpur"}}, {"type": "Feature", "geometry": {"type": "Polygon", "coordinates": [[[79.07777777777778, 21.005050505050505], [79.07777777777778, 21.015151515151516], [79.06363636363636, 21.015151515151516], [79.06363636363636, 21.005050505050505], [79.07777777777778, 21.005050505050505]]]}, "properties": {"confidence_score": 0.0312, "site_id": "nagpur"}}, {"type": "Feature", "geometry": {"type": "Polygon", "coordinates": [[[79.09191919191919, 21.005050505050505], [79.09191919191919, 21.015151515151516], [79.07777777777777, 21.015151515151516], [79.07777777777777, 21.005050505050505], [79.09191919191919, 21.005050505050505]]]}, "properties": {"confidence_score": 0.0244, "site_id": "nagpur"}}, {"type": "Feature", "geometry": {"type": "Polygon", "coordinates": [[[79.10606060606061, 21.005050505050505], [79.10606060606061, 21.015151515151516], [79.09191919191919, 21.015151515151516], [79.09191919191919, 21.005050505050505], [79.10606060606061, 21.005050505050505]]]}, "properties": {"confidence_score": 0.0522, "site_id": "nagpur"}}, {"type": "Feature", "geometry": {"type": "Polygon", "coordinates": [[[79.12020202020203, 21.005050505050505], [79.12020202020203, 21.015151515151516], [79.10606060606061, 21.015151515151516], [79.10606060606061, 21.005050505050505], [79.12020202020203, 21.005050505050505]]]}, "properties": {"confidence_score": 0.0947, "site_id": "nagpur"}}, {"type": "Feature", "geometry": {"type": "Polygon", "coordinates": [[[79.13434343434344, 21.005050505050505], [79.13434343434344, 21.015151515151516], [79.12020202020202, 21.015151515151516], [79.12020202020202, 21.005050505050505], [79.13434343434344, 21.005050505050505]]]}, "properties": {"confidence_score": 0.2619, "site_id": "nagpur"}}, {"type": "Feature", "geometry": {"type": "Polygon", "coordinates": [[[79.14848484848486, 21.005050505050505], [79.14848484848486, 21.015151515151516], [79.13434343434344, 21.015151515151516], [79.13434343434344, 21.005050505050505], [79.14848484848486, 21.005050505050505]]]}, "properties": {"confidence_score": 0.4859, "site_id": "nagpur"}}, {"type": "Feature", "geometry": {"type": "Polygon", "coordinates": [[[79.16262626262626, 21.005050505050505], [79.16262626262626, 21.015151515151516], [79.14848484848484, 21.015151515151516], [79.14848484848484, 21.005050505050505], [79.16262626262626, 21.005050505050505]]]}, "properties": {"confidence_score": 0.6963, "site_id": "nagpur"}}, {"type": "Feature", "geometry": {"type": "Polygon", "coordinates": [[[79.17676767676768, 21.005050505050505], [79.17676767676768, 21.015151515151516], [79.16262626262626, 21.015151515151516], [79.16262626262626, 21.005050505050505], [79.17676767676768, 21.005050505050505]]]}, "properties": {"confidence_score": 0.9055, "site_id": "nagpur"}}, {"type": "Feature", "geometry": {"type": "Polygon", "coordinates": [[[79.19090909090909, 21.005050505050505], [79.19090909090909, 21.015151515151516], [79.17676767676767, 21.015151515151516], [79.17676767676767, 21.005050505050505], [79.19090909090909, 21.005050505050505]]]}, "properties": {"confidence_score": 0.8655, "site_id": "nagpur"}}, {"type": "Feature", "geometry": {"type": "Polygon", "coordinates": [[[79.20505050505051, 21.005050505050505], [79.20505050505051, 21.015151515151516], [79.19090909090909, 21.015151515151516], [79.19090909090909, 21.005050505050505], [79.20505050505051, 21.005050505050505]]]}, "properties": {"confidence_score": 0.7529, "site_id": "nagpur"}}, {"type": "Feature", "geometry": {"type": "Polygon", "coordinates": [[[79.21919191919193, 21.005050505050505], [79.21919191919193, 21.015151515151516], [79.20505050505051, 21.015151515151516], [79.20505050505051, 21.005050505050505], [79.21919191919193, 21.005050505050505]]]}, "properties": {"confidence_score": 0.5299, "site_id": "nagpur"}}, {"type": "Feature", "geometry": {"type": "Polygon", "coordinates": [[[79.23333333333333, 21.005050505050505], [79.23333333333333, 21.015151515151516], [79.21919191919191, 21.015151515151516], [79.21919191919191, 21.005050505050505], [79.23333333333333, 21.005050505050505]]]}, "properties": {"confidence_score": 0.2873, "site_id": "nagpur"}}, {"type": "Feature", "geometry": {"type": "Polygon", "coordinates": [[[79.24747474747475, 21.005050505050505], [79.24747474747475, 21.015151515151516], [79.23333333333333, 21.015151515151516], [79.23333333333333, 21.005050505050505], [79.24747474747475, 21.005050505050505]]]}, "properties": {"confidence_score": 0.1868, "site_id": "nagpur"}}, {"type": "Feature", "geometry": {"type": "Polygon", "coordinates": [[[79.26161616161616, 21.005050505050505], [79.26161616161616, 21.015151515151516], [79.24747474747474, 21.015151515151516], [79.24747474747474, 21.005050505050505], [79.26161616161616, 21.005050505050505]]]}, "properties": {"confidence_score": 0.133, "site_id": "nagpur"}}, {"type": "Feature", "geometry": {"type": "Polygon", "coordinates": [[[79.27575757575758, 21.005050505050505], [79.27575757575758, 21.015151515151516], [79.26161616161616, 21.015151515151516], [79.26161616161616, 21.005050505050505], [79.27575757575758, 21.005050505050505]]]}, "properties": {"confidence_score": 0.1116, "site_id": "nagpur"}}, {"type": "Feature", "geometry": {"type": "Polygon", "coordinates": [[[79.289898989899, 21.005050505050505], [79.289898989899, 21.015151515151516], [79.27575757575758, 21.015151515151516], [79.27575757575758, 21.005050505050505], [79.289898989899, 21.005050505050505]]]}, "properties": {"confidence_score": 0.1048, "site_id": "nagpur"}}, {"type": "Feature", "geometry": {"type": "Polygon", "coordinates": [[[79.3040404040404, 21.005050505050505], [79.3040404040404, 21.015151515151516], [79.28989898989899, 21.015151515151516], [79.28989898989899, 21.005050505050505], [79.3040404040404, 21.005050505050505]]]}, "properties": {"confidence_score": 0.1034, "site_id": "nagpur"}}, {"type": "Feature", "geometry": {"type": "Polygon", "coordinates": [[[79.00707070707071, 21.015151515151516], [79.00707070707071, 21.025252525252526], [78.99292929292929, 21.025252525252526], [78.99292929292929, 21.015151515151516], [79.00707070707071, 21.015151515151516]]]}, "properties": {"confidence_score": 0.0274, "site_id": "nagpur"}}, {"type": "Feature", "geometry": {"type": "Polygon", "coordinates": [[[79.02121212121213, 21.015151515151516], [79.02121212121213, 21.025252525252526], [79.00707070707071, 21.025252525252526], [79.00707070707071, 21.015151515151516], [79.02121212121213, 21.015151515151516]]]}, "properties": {"confidence_score": 0.0269, "site_id": "nagpur"}}, {"type": "Feature", "geometry": {"type": "Polygon", "coordinates": [[[79.03535353535354, 21.015151515151516], [79.03535353535354, 21.025252525252526], [79.02121212121212, 21.025252525252526], [79.02121212121212, 21.015151515151516], [79.03535353535354, 21.015151515151516]]]}, "properties": {"confidence_score": 0.0219, "site_id": "nagpur"}}, {"type": "Feature", "geometry": {"type": "Polygon", "coordinates": [[[79.04949494949496, 21.015151515151516], [79.04949494949496, 21.025252525252526], [79.03535353535354, 21.025252525252526], [79.03535353535354, 21.015151515151516], [79.04949494949496, 21.015151515151516]]]}, "properties": {"confidence_score": 0.0244, "site_id": "nagpur"}}, {"type": "Feature", "geometry": {"type": "Polygon", "coordinates": [[[79.06363636363636, 21.015151515151516], [79.06363636363636, 21.025252525252526], [79.04949494949494, 21.025252525252526], [79.04949494949494, 21.015151515151516], [79.06363636363636, 21.015151515151516]]]}, "properties": {"confidence_score": 0.0265, "site_id": "nagpur"}}, {"type": "Feature", "geometry": {"type": "Polygon", "coordinates": [[[79.07777777777778, 21.015151515151516], [79.07777777777778, 21.025252525252526], [79.06363636363636, 21.025252525252526], [79.06363636363636, 21.015151515151516], [79.07777777777778, 21.015151515151516]]]}, "properties": {"confidence_score": 0.0498, "site_id": "nagpur"}}, {"type": "Feature", "geometry": {"type": "Polygon", "coordinates": [[[79.09191919191919, 21.015151515151516], [79.09191919191919, 21.025252525252526], [79.07777777777777, 21.025252525252526], [79.07777777777777, 21.015151515151516], [79.09191919191919, 21.015151515151516]]]}, "properties": {"confidence_score": 0.0273, "site_id": "nagpur"}}, {"type": "Feature", "geometry": {"type": "Polygon", "coordinates": [[[79.10606060606061, 21.015151515151516], [79.10606060606061, 21.025252525252526], [79.09191919191919, 21.025252525252526], [79.09191919191919, 21.015151515151516], [79.10606060606061, 21.015151515151516]]]}, "properties": {"confidence_score": 0.1095, "site_id": "nagpur"}}, {"type": "Feature", "geometry": {"type": "Polygon", "coordinates": [[[79.12020202020203, 21.015151515151516], [79.12020202020203, 21.025252525252526], [79.10606060606061, 21.025252525252526], [79.10606060606061, 21.015151515151516], [79.12020202020203, 21.015151515151516]]]}, "properties": {"confidence_score": 0.1281, "site_id": "nagpur"}}, {"type": "Feature", "geometry": {"type": "Polygon", "coordinates": [[[79.13434343434344, 21.015151515151516], [79.13434343434344, 21.025252525252526], [79.12020202020202, 21.025252525252526], [79.12020202020202, 21.015151515151516], [79.13434343434344, 21.015151515151516]]]}, "properties": {"confidence_score": 0.288, "site_id": "nagpur"}}, {"type": "Feature", "geometry": {"type": "Polygon", "coordinates": [[[79.14848484848486, 21.015151515151516], [79.14848484848486, 21.025252525252526], [79.13434343434344, 21.025252525252526], [79.13434343434344, 21.015151515151516], [79.14848484848486, 21.015151515151516]]]}, "properties": {"confidence_score": 0.4927, "site_id": "nagpur"}}, {"type": "Feature", "geometry": {"type": "Polygon", "coordinates": [[[79.16262626262626, 21.015151515151516], [79.16262626262626, 21.025252525252526], [79.14848484848484, 21.025252525252526], [79.14848484848484, 21.015151515151516], [79.16262626262626, 21.015151515151516]]]}, "properties": {"confidence_score": 0.664, "site_id": "nagpur"}}, {"type": "Feature", "geometry": {"type": "Polygon", "coordinates": [[[79.17676767676768, 21.015151515151516], [79.17676767676768, 21.025252525252526], [79.16262626262626, 21.025252525252526], [79.16262626262626, 21.015151515151516], [79.17676767676768, 21.015151515151516]]]}, "properties": {"confidence_score": 0.94, "site_id": "nagpur"}}, {"type": "Feature", "geometry": {"type": "Polygon", "coordinates": [[[79.19090909090909, 21.015151515151516], [79.19090909090909, 21.025252525252526], [79.17676767676767, 21.025252525252526], [79.17676767676767, 21.015151515151516], [79.19090909090909, 21.015151515151516]]]}, "properties": {"confidence_score": 0.901, "site_id": "nagpur"}}, {"type": "Feature", "geometry": {"type": "Polygon", "coordinates": [[[79.20505050505051, 21.015151515151516], [79.20505050505051, 21.025252525252526], [79.19090909090909, 21.025252525252526], [79.19090909090909, 21.015151515151516], [79.20505050505051, 21.015151515151516]]]}, "properties": {"confidence_score": 0.9553, "site_id": "nagpur"}}, {"type": "Feature", "geometry": {"type": "Polygon", "coordinates": [[[79.21919191919193, 21.015151515151516], [79.21919191919193, 21.025252525252526], [79.20505050505051, 21.025252525252526], [79.20505050505051, 21.015151515151516], [79.21919191919193, 21.015151515151516]]]}, "properties": {"confidence_score": 0.6916, "site_id": "nagpur"}}, {"type": "Feature", "geometry": {"type": "Polygon", "coordinates": [[[79.23333333333333, 21.015151515151516], [79.23333333333333, 21.025252525252526], [79.21919191919191, 21.025252525252526], [79.21919191919191, 21.015151515151516], [79.23333333333333, 21.015151515151516]]]}, "properties": {"confidence_score": 0.4449, "site_id": "nagpur"}}, {"type": "Feature", "geometry": {"type": "Polygon", "coordinates": [[[79.24747474747475, 21.015151515151516], [79.24747474747475, 21.025252525252526], [79.23333333333333, 21.025252525252526], [79.23333333333333, 21.015151515151516], [79.24747474747475, 21.015151515151516]]]}, "properties": {"confidence_score": 0.3226, "site_id": "nagpur"}}, {"type": "Feature", "geometry": {"type": "Polygon", "coordinates": [[[79.26161616161616, 21.015151515151516], [79.26161616161616, 21.025252525252526], [79.24747474747474, 21.025252525252526], [79.24747474747474, 21.015151515151516], [79.26161616161616, 21.015151515151516]]]}, "properties": {"confidence_score": 0.2092, "site_id": "nagpur"}}, {"type": "Feature", "geometry": {"type": "Polygon", "coordinates": [[[79.27575757575758, 21.015151515151516], [79.27575757575758, 21.025252525252526], [79.26161616161616, 21.025252525252526], [79.26161616161616, 21.015151515151516], [79.27575757575758, 21.015151515151516]]]}, "properties": {"confidence_score": 0.1432, "site_id": "nagpur"}}, {"type": "Feature", "geometry": {"type": "Polygon", "coordinates": [[[79.289898989899, 21.015151515151516], [79.289898989899, 21.025252525252526], [79.27575757575758, 21.025252525252526], [79.27575757575758, 21.015151515151516], [79.289898989899, 21.015151515151516]]]}, "properties": {"confidence_score": 0.0979, "site_id": "nagpur"}}, {"type": "Feature", "geometry": {"type": "Polygon", "coordinates": [[[79.3040404040404, 21.015151515151516], [79.3040404040404, 21.025252525252526], [79.28989898989899, 21.025252525252526], [79.28989898989899, 21.015151515151516], [79.3040404040404, 21.015151515151516]]]}, "properties": {"confidence_score": 0.0837, "site_id": "nagpur"}}, {"type": "Feature", "geometry": {"type": "Polygon", "coordinates": [[[79.00707070707071, 21.025252525252526], [79.00707070707071, 21.035353535353536], [78.99292929292929, 21.035353535353536], [78.99292929292929, 21.025252525252526], [79.00707070707071, 21.025252525252526]]]}, "properties": {"confidence_score": 0.0326, "site_id": "nagpur"}}, {"type": "Feature", "geometry": {"type": "Polygon", "coordinates": [[[79.02121212121213, 21.025252525252526], [79.02121212121213, 21.035353535353536], [79.00707070707071, 21.035353535353536], [79.00707070707071, 21.025252525252526], [79.02121212121213, 21.025252525252526]]]}, "properties": {"confidence_score": 0.0259, "site_id": "nagpur"}}, {"type": "Feature", "geometry": {"type": "Polygon", "coordinates": [[[79.03535353535354, 21.025252525252526], [79.03535353535354, 21.035353535353536], [79.02121212121212, 21.035353535353536], [79.02121212121212, 21.025252525252526], [79.03535353535354, 21.025252525252526]]]}, "properties": {"confidence_score": 0.0195, "site_id": "nagpur"}}, {"type": "Feature", "geometry": {"type": "Polygon", "coordinates": [[[79.04949494949496, 21.025252525252526], [79.04949494949496, 21.035353535353536], [79.03535353535354, 21.035353535353536], [79.03535353535354, 21.025252525252526], [79.04949494949496, 21.025252525252526]]]}, "properties": {"confidence_score": 0.0226, "site_id": "nagpur"}}, {"type": "Feature", "geometry": {"type": "Polygon", "coordinates": [[[79.06363636363636, 21.025252525252526], [79.06363636363636, 21.035353535353536], [79.04949494949494, 21.035353535353536], [79.04949494949494, 21.025252525252526], [79.06363636363636, 21.025252525252526]]]}, "properties": {"confidence_score": 0.0388, "site_id": "nagpur"}}, {"type": "Feature", "geometry": {"type": "Polygon", "coordinates": [[[79.07777777777778, 21.025252525252526], [79.07777777777778, 21.035353535353536], [79.06363636363636, 21.035353535353536], [79.06363636363636, 21.025252525252526], [79.07777777777778, 21.025252525252526]]]}, "properties": {"confidence_score": 0.112, "site_id": "nagpur"}}, {"type": "Feature", "geometry": {"type": "Polygon", "coordinates": [[[79.09191919191919, 21.025252525252526], [79.09191919191919, 21.035353535353536], [79.07777777777777, 21.035353535353536], [79.07777777777777, 21.025252525252526], [79.09191919191919, 21.025252525252526]]]}, "properties": {"confidence_score": 0.1779, "site_id": "nagpur"}}, {"type": "Feature", "geometry": {"type": "Polygon", "coordinates": [[[79.10606060606061, 21.025252525252526], [79.10606060606061, 21.035353535353536], [79.09191919191919, 21.035353535353536], [79.09191919191919, 21.025252525252526], [79.10606060606061, 21.025252525252526]]]}, "properties": {"confidence_score": 0.2396, "site_id": "nagpur"}}, {"type": "Feature", "geometry": {"type": "Polygon", "coordinates": [[[79.12020202020203, 21.025252525252526], [79.12020202020203, 21.035353535353536], [79.10606060606061, 21.035353535353536], [79.10606060606061, 21.025252525252526], [79.12020202020203, 21.025252525252526]]]}, "properties": {"confidence_score": 0.2842, "site_id": "nagpur"}}, {"type": "Feature", "geometry": {"type": "Polygon", "coordinates": [[[79.13434343434344, 21.025252525252526], [79.13434343434344, 21.035353535353536], [79.12020202020202, 21.035353535353536], [79.12020202020202, 21.025252525252526], [79.13434343434344, 21.025252525252526]]]}, "properties": {"confidence_score": 0.3196, "site_id": "nagpur"}}, {"type": "Feature", "geometry": {"type": "Polygon", "coordinates": [[[79.14848484848486, 21.025252525252526], [79.14848484848486, 21.035353535353536], [79.13434343434344, 21.035353535353536], [79.13434343434344, 21.025252525252526], [79.14848484848486, 21.025252525252526]]]}, "properties": {"confidence_score": 0.4001, "site_id": "nagpur"}}, {"type": "Feature", "geometry": {"type": "Polygon", "coordinates": [[[79.16262626262626, 21.025252525252526], [79.16262626262626, 21.035353535353536], [79.14848484848484, 21.035353535353536], [79.14848484848484, 21.025252525252526], [79.16262626262626, 21.025252525252526]]]}, "properties": {"confidence_score": 0.5479, "site_id": "nagpur"}}, {"type": "Feature", "geometry": {"type": "Polygon", "coordinates": [[[79.17676767676768, 21.025252525252526], [79.17676767676768, 21.035353535353536], [79.16262626262626, 21.035353535353536], [79.16262626262626, 21.025252525252526], [79.17676767676768, 21.025252525252526]]]}, "properties": {"confidence_score": 0.7306, "site_id": "nagpur"}}, {"type": "Feature", "geometry": {"type": "Polygon", "coordinates": [[[79.19090909090909, 21.025252525252526], [79.19090909090909, 21.035353535353536], [79.17676767676767, 21.035353535353536], [79.17676767676767, 21.025252525252526], [79.19090909090909, 21.025252525252526]]]}, "properties": {"confidence_score": 0.8073, "site_id": "nagpur"}}, {"type": "Feature", "geometry": {"type": "Polygon", "coordinates": [[[79.20505050505051, 21.025252525252526], [79.20505050505051, 21.035353535353536], [79.19090909090909, 21.035353535353536], [79.19090909090909, 21.025252525252526], [79.20505050505051, 21.025252525252526]]]}, "properties": {"confidence_score": 0.8646, "site_id": "nagpur"}}, {"type": "Feature", "geometry": {"type": "Polygon", "coordinates": [[[79.21919191919193, 21.025252525252526], [79.21919191919193, 21.035353535353536], [79.20505050505051, 21.035353535353536], [79.20505050505051, 21.025252525252526], [79.21919191919193, 21.025252525252526]]]}, "properties": {"confidence_score": 0.7832, "site_id": "nagpur"}}, {"type": "Feature", "geometry": {"type": "Polygon", "coordinates": [[[79.23333333333333, 21.025252525252526], [79.23333333333333, 21.035353535353536], [79.21919191919191, 21.035353535353536], [79.21919191919191, 21.025252525252526], [79.23333333333333, 21.025252525252526]]]}, "properties": {"confidence_score": 0.6736, "site_id": "nagpur"}}, {"type": "Feature", "geometry": {"type": "Polygon", "coordinates": [[[79.24747474747475, 21.025252525252526], [79.24747474747475, 21.035353535353536], [79.23333333333333, 21.035353535353536], [79.23333333333333, 21.025252525252526], [79.24747474747475, 21.025252525252526]]]}, "properties": {"confidence_score": 0.4962, "site_id": "nagpur"}}, {"type": "Feature", "geometry": {"type": "Polygon", "coordinates": [[[79.26161616161616, 21.025252525252526], [79.26161616161616, 21.035353535353536], [79.24747474747474, 21.035353535353536], [79.24747474747474, 21.025252525252526], [79.26161616161616, 21.025252525252526]]]}, "properties": {"confidence_score": 0.3176, "site_id": "nagpur"}}, {"type": "Feature", "geometry": {"type": "Polygon", "coordinates": [[[79.27575757575758, 21.025252525252526], [79.27575757575758, 21.035353535353536], [79.26161616161616, 21.035353535353536], [79.26161616161616, 21.025252525252526], [79.27575757575758, 21.025252525252526]]]}, "properties": {"confidence_score": 0.1813, "site_id": "nagpur"}}, {"type": "Feature", "geometry": {"type": "Polygon", "coordinates": [[[79.289898989899, 21.025252525252526], [79.289898989899, 21.035353535353536], [79.27575757575758, 21.035353535353536], [79.27575757575758, 21.025252525252526], [79.289898989899, 21.025252525252526]]]}, "properties": {"confidence_score": 0.0887, "site_id": "nagpur"}}, {"type": "Feature", "geometry": {"type": "Polygon", "coordinates": [[[79.3040404040404, 21.025252525252526], [79.3040404040404, 21.035353535353536], [79.28989898989899, 21.035353535353536], [79.28989898989899, 21.025252525252526], [79.3040404040404, 21.025252525252526]]]}, "properties": {"confidence_score": 0.0658, "site_id": "nagpur"}}, {"type": "Feature", "geometry": {"type": "Polygon", "coordinates": [[[79.00707070707071, 21.035353535353536], [79.00707070707071, 21.045454545454547], [78.99292929292929, 21.045454545454547], [78.99292929292929, 21.035353535353536], [79.00707070707071, 21.035353535353536]]]}, "properties": {"confidence_score": 0.0261, "site_id": "nagpur"}}, {"type": "Feature", "geometry": {"type": "Polygon", "coordinates": [[[79.02121212121213, 21.035353535353536], [79.02121212121213, 21.045454545454547], [79.00707070707071, 21.045454545454547], [79.00707070707071, 21.035353535353536], [79.02121212121213, 21.035353535353536]]]}, "properties": {"confidence_score": 0.0427, "site_id": "nagpur"}}, {"type": "Feature", "geometry": {"type": "Polygon", "coordinates": [[[79.03535353535354, 21.035353535353536], [79.03535353535354, 21.045454545454547], [79.02121212121212, 21.045454545454547], [79.02121212121212, 21.035353535353536], [79.03535353535354, 21.035353535353536]]]}, "properties": {"confidence_score": 0.0207, "site_id": "nagpur"}}, {"type": "Feature", "geometry": {"type": "Polygon", "coordinates": [[[79.04949494949496, 21.035353535353536], [79.04949494949496, 21.045454545454547], [79.03535353535354, 21.045454545454547], [79.03535353535354, 21.035353535353536], [79.04949494949496, 21.035353535353536]]]}, "properties": {"confidence_score": 0.0382, "site_id": "nagpur"}}, {"type": "Feature", "geometry": {"type": "Polygon", "coordinates": [[[79.06363636363636, 21.035353535353536], [79.06363636363636, 21.045454545454547], [79.04949494949494, 21.045454545454547], [79.04949494949494, 21.035353535353536], [79.06363636363636, 21.035353535353536]]]}, "properties": {"confidence_score": 0.0362, "site_id": "nagpur"}}, {"type": "Feature", "geometry": {"type": "Polygon", "coordinates": [[[79.07777777777778, 21.035353535353536], [79.07777777777778, 21.045454545454547], [79.06363636363636, 21.045454545454547], [79.06363636363636, 21.035353535353536], [79.07777777777778, 21.035353535353536]]]}, "properties": {"confidence_score": 0.2133, "site_id": "nagpur"}}, {"type": "Feature", "geometry": {"type": "Polygon", "coordinates": [[[79.09191919191919, 21.035353535353536], [79.09191919191919, 21.045454545454547], [79.07777777777777, 21.045454545454547], [79.07777777777777, 21.035353535353536], [79.09191919191919, 21.035353535353536]]]}, "properties": {"confidence_score": 0.3608, "site_id": "nagpur"}}, {"type": "Feature", "geometry": {"type": "Polygon", "coordinates": [[[79.10606060606061, 21.035353535353536], [79.10606060606061, 21.045454545454547], [79.09191919191919, 21.045454545454547], [79.09191919191919, 21.035353535353536], [79.10606060606061, 21.035353535353536]]]}, "properties": {"confidence_score": 0.3977, "site_id": "nagpur"}}, {"type": "Feature", "geometry": {"type": "Polygon", "coordinates": [[[79.12020202020203, 21.035353535353536], [79.12020202020203, 21.045454545454547], [79.10606060606061, 21.045454545454547], [79.10606060606061, 21.035353535353536], [79.12020202020203, 21.035353535353536]]]}, "properties": {"confidence_score": 0.4532, "site_id": "nagpur"}}, {"type": "Feature", "geometry": {"type": "Polygon", "coordinates": [[[79.13434343434344, 21.035353535353536], [79.13434343434344, 21.045454545454547], [79.12020202020202, 21.045454545454547], [79.12020202020202, 21.035353535353536], [79.13434343434344, 21.035353535353536]]]}, "properties": {"confidence_score": 0.333, "site_id": "nagpur"}}, {"type": "Feature", "geometry": {"type": "Polygon", "coordinates": [[[79.14848484848486, 21.035353535353536], [79.14848484848486, 21.045454545454547], [79.13434343434344, 21.045454545454547], [79.13434343434344, 21.035353535353536], [79.14848484848486, 21.035353535353536]]]}, "properties": {"confidence_score": 0.284, "site_id": "nagpur"}}, {"type": "Feature", "geometry": {"type": "Polygon", "coordinates": [[[79.16262626262626, 21.035353535353536], [79.16262626262626, 21.045454545454547], [79.14848484848484, 21.045454545454547], [79.14848484848484, 21.035353535353536], [79.16262626262626, 21.035353535353536]]]}, "properties": {"confidence_score": 0.4042, "site_id": "nagpur"}}, {"type": "Feature", "geometry": {"type": "Polygon", "coordinates": [[[79.17676767676768, 21.035353535353536], [79.17676767676768, 21.045454545454547], [79.16262626262626, 21.045454545454547], [79.16262626262626, 21.035353535353536], [79.17676767676768, 21.035353535353536]]]}, "properties": {"confidence_score": 0.5455, "site_id": "nagpur"}}, {"type": "Feature", "geometry": {"type": "Polygon", "coordinates": [[[79.19090909090909, 21.035353535353536], [79.19090909090909, 21.045454545454547], [79.17676767676767, 21.045454545454547], [79.17676767676767, 21.035353535353536], [79.19090909090909, 21.035353535353536]]]}, "properties": {"confidence_score": 0.6587, "site_id": "nagpur"}}, {"type": "Feature", "geometry": {"type": "Polygon", "coordinates": [[[79.20505050505051, 21.035353535353536], [79.20505050505051, 21.045454545454547], [79.19090909090909, 21.045454545454547], [79.19090909090909, 21.035353535353536], [79.20505050505051, 21.035353535353536]]]}, "properties": {"confidence_score": 0.7863, "site_id": "nagpur"}}, {"type": "Feature", "geometry": {"type": "Polygon", "coordinates": [[[79.21919191919193, 21.035353535353536], [79.21919191919193, 21.045454545454547], [79.20505050505051, 21.045454545454547], [79.20505050505051, 21.035353535353536], [79.21919191919193, 21.035353535353536]]]}, "properties": {"confidence_score": 0.8203, "site_id": "nagpur"}}, {"type": "Feature", "geometry": {"type": "Polygon", "coordinates": [[[79.23333333333333, 21.035353535353536], [79.23333333333333, 21.045454545454547], [79.21919191919191, 21.045454545454547], [79.21919191919191, 21.035353535353536], [79.23333333333333, 21.035353535353536]]]}, "properties": {"confidence_score": 0.9168, "site_id": "nagpur"}}, {"type": "Feature", "geometry": {"type": "Polygon", "coordinates": [[[79.24747474747475, 21.035353535353536], [79.24747474747475, 21.045454545454547], [79.23333333333333, 21.045454545454547], [79.23333333333333, 21.035353535353536], [79.24747474747475, 21.035353535353536]]]}, "properties": {"confidence_score": 0.6452, "site_id": "nagpur"}}, {"type": "Feature", "geometry": {"type": "Polygon", "coordinates": [[[79.26161616161616, 21.035353535353536], [79.26161616161616, 21.045454545454547], [79.24747474747474, 21.045454545454547], [79.24747474747474, 21.035353535353536], [79.26161616161616, 21.035353535353536]]]}, "properties": {"confidence_score": 0.4067, "site_id": "nagpur"}}, {"type": "Feature", "geometry": {"type": "Polygon", "coordinates": [[[79.27575757575758, 21.035353535353536], [79.27575757575758, 21.045454545454547], [79.26161616161616, 21.045454545454547], [79.26161616161616, 21.035353535353536], [79.27575757575758, 21.035353535353536]]]}, "properties": {"confidence_score": 0.2054, "site_id": "nagpur"}}, {"type": "Feature", "geometry": {"type": "Polygon", "coordinates": [[[79.289898989899, 21.035353535353536], [79.289898989899, 21.045454545454547], [79.27575757575758, 21.045454545454547], [79.27575757575758, 21.035353535353536], [79.289898989899, 21.035353535353536]]]}, "properties": {"confidence_score": 0.0612, "site_id": "nagpur"}}, {"type": "Feature", "geometry": {"type": "Polygon", "coordinates": [[[79.3040404040404, 21.035353535353536], [79.3040404040404, 21.045454545454547], [79.28989898989899, 21.045454545454547], [79.28989898989899, 21.035353535353536], [79.3040404040404, 21.035353535353536]]]}, "properties": {"confidence_score": 0.0528, "site_id": "nagpur"}}, {"type": "Feature", "geometry": {"type": "Polygon", "coordinates": [[[79.00707070707071, 21.045454545454547], [79.00707070707071, 21.055555555555557], [78.99292929292929, 21.055555555555557], [78.99292929292929, 21.045454545454547], [79.00707070707071, 21.045454545454547]]]}, "properties": {"confidence_score": 0.08, "site_id": "nagpur"}}, {"type": "Feature", "geometry": {"type": "Polygon", "coordinates": [[[79.02121212121213, 21.045454545454547], [79.02121212121213, 21.055555555555557], [79.00707070707071, 21.055555555555557], [79.00707070707071, 21.045454545454547], [79.02121212121213, 21.045454545454547]]]}, "properties": {"confidence_score": 0.1017, "site_id": "nagpur"}}, {"type": "Feature", "geometry": {"type": "Polygon", "coordinates": [[[79.03535353535354, 21.045454545454547], [79.03535353535354, 21.055555555555557], [79.02121212121212, 21.055555555555557], [79.02121212121212, 21.045454545454547], [79.03535353535354, 21.045454545454547]]]}, "properties": {"confidence_score": 0.1013, "site_id": "nagpur"}}, {"type": "Feature", "geometry": {"type": "Polygon", "coordinates": [[[79.04949494949496, 21.045454545454547], [79.04949494949496, 21.055555555555557], [79.03535353535354, 21.055555555555557], [79.03535353535354, 21.045454545454547], [79.04949494949496, 21.045454545454547]]]}, "properties": {"confidence_score": 0.0974, "site_id": "nagpur"}}, {"type": "Feature", "geometry": {"type": "Polygon", "coordinates": [[[79.06363636363636, 21.045454545454547], [79.06363636363636, 21.055555555555557], [79.04949494949494, 21.055555555555557], [79.04949494949494, 21.045454545454547], [79.06363636363636, 21.045454545454547]]]}, "properties": {"confidence_score": 0.1227, "site_id": "nagpur"}}, {"type": "Feature", "geometry": {"type": "Polygon", "coordinates": [[[79.07777777777778, 21.045454545454547], [79.07777777777778, 21.055555555555557], [79.06363636363636, 21.055555555555557], [79.06363636363636, 21.045454545454547], [79.07777777777778, 21.045454545454547]]]}, "properties": {"confidence_score": 0.3528, "site_id": "nagpur"}}, {"type": "Feature", "geometry": {"type": "Polygon", "coordinates": [[[79.09191919191919, 21.045454545454547], [79.09191919191919, 21.055555555555557], [79.07777777777777, 21.055555555555557], [79.07777777777777, 21.045454545454547], [79.09191919191919, 21.045454545454547]]]}, "properties": {"confidence_score": 0.5843, "site_id": "nagpur"}}, {"type": "Feature", "geometry": {"type": "Polygon", "coordinates": [[[79.10606060606061, 21.045454545454547], [79.10606060606061, 21.055555555555557], [79.09191919191919, 21.055555555555557], [79.09191919191919, 21.045454545454547], [79.10606060606061, 21.045454545454547]]]}, "properties": {"confidence_score": 0.5367, "site_id": "nagpur"}}, {"type": "Feature", "geometry": {"type": "Polygon", "coordinates": [[[79.12020202020203, 21.045454545454547], [79.12020202020203, 21.055555555555557], [79.10606060606061, 21.055555555555557], [79.10606060606061, 21.045454545454547], [79.12020202020203, 21.045454545454547]]]}, "properties": {"confidence_score": 0.418, "site_id": "nagpur"}}, {"type": "Feature", "geometry": {"type": "Polygon", "coordinates": [[[79.13434343434344, 21.045454545454547], [79.13434343434344, 21.055555555555557], [79.12020202020202, 21.055555555555557], [79.12020202020202, 21.045454545454547], [79.13434343434344, 21.045454545454547]]]}, "properties": {"confidence_score": 0.3041, "site_id": "nagpur"}}, {"type": "Feature", "geometry": {"type": "Polygon", "coordinates": [[[79.14848484848486, 21.045454545454547], [79.14848484848486, 21.055555555555557], [79.13434343434344, 21.055555555555557], [79.13434343434344, 21.045454545454547], [79.14848484848486, 21.045454545454547]]]}, "properties": {"confidence_score": 0.2323, "site_id": "nagpur"}}, {"type": "Feature", "geometry": {"type": "Polygon", "coordinates": [[[79.16262626262626, 21.045454545454547], [79.16262626262626, 21.055555555555557], [79.14848484848484, 21.055555555555557], [79.14848484848484, 21.045454545454547], [79.16262626262626, 21.045454545454547]]]}, "properties": {"confidence_score": 0.2906, "site_id": "nagpur"}}, {"type": "Feature", "geometry": {"type": "Polygon", "coordinates": [[[79.17676767676768, 21.045454545454547], [79.17676767676768, 21.055555555555557], [79.16262626262626, 21.055555555555557], [79.16262626262626, 21.045454545454547], [79.17676767676768, 21.045454545454547]]]}, "properties": {"confidence_score": 0.3875, "site_id": "nagpur"}}, {"type": "Feature", "geometry": {"type": "Polygon", "coordinates": [[[79.19090909090909, 21.045454545454547], [79.19090909090909, 21.055555555555557], [79.17676767676767, 21.055555555555557], [79.17676767676767, 21.045454545454547], [79.19090909090909, 21.045454545454547]]]}, "properties": {"confidence_score": 0.5108, "site_id": "nagpur"}}, {"type": "Feature", "geometry": {"type": "Polygon", "coordinates": [[[79.20505050505051, 21.045454545454547], [79.20505050505051, 21.055555555555557], [79.19090909090909, 21.055555555555557], [79.19090909090909, 21.045454545454547], [79.20505050505051, 21.045454545454547]]]}, "properties": {"confidence_score": 0.6497, "site_id": "nagpur"}}, {"type": "Feature", "geometry": {"type": "Polygon", "coordinates": [[[79.21919191919193, 21.045454545454547], [79.21919191919193, 21.055555555555557], [79.20505050505051, 21.055555555555557], [79.20505050505051, 21.045454545454547], [79.21919191919193, 21.045454545454547]]]}, "properties": {"confidence_score": 0.7928, "site_id": "nagpur"}}, {"type": "Feature", "geometry": {"type": "Polygon", "coordinates": [[[79.23333333333333, 21.045454545454547], [79.23333333333333, 21.055555555555557], [79.21919191919191, 21.055555555555557], [79.21919191919191, 21.045454545454547], [79.23333333333333, 21.045454545454547]]]}, "properties": {"confidence_score": 0.8976, "site_id": "nagpur"}}, {"type": "Feature", "geometry": {"type": "Polygon", "coordinates": [[[79.24747474747475, 21.045454545454547], [79.24747474747475, 21.055555555555557], [79.23333333333333, 21.055555555555557], [79.23333333333333, 21.045454545454547], [79.24747474747475, 21.045454545454547]]]}, "properties": {"confidence_score": 0.6898, "site_id": "nagpur"}}, {"type": "Feature", "geometry": {"type": "Polygon", "coordinates": [[[79.26161616161616, 21.045454545454547], [79.26161616161616, 21.055555555555557], [79.24747474747474, 21.055555555555557], [79.24747474747474, 21.045454545454547], [79.26161616161616, 21.045454545454547]]]}, "properties": {"confidence_score": 0.3975, "site_id": "nagpur"}}, {"type": "Feature", "geometry": {"type": "Polygon", "coordinates": [[[79.27575757575758, 21.045454545454547], [79.27575757575758, 21.055555555555557], [79.26161616161616, 21.055555555555557], [79.26161616161616, 21.045454545454547], [79.27575757575758, 21.045454545454547]]]}, "properties": {"confidence_score": 0.1963, "site_id": "nagpur"}}, {"type": "Feature", "geometry": {"type": "Polygon", "coordinates": [[[79.289898989899, 21.045454545454547], [79.289898989899, 21.055555555555557], [79.27575757575758, 21.055555555555557], [79.27575757575758, 21.045454545454547], [79.289898989899, 21.045454545454547]]]}, "properties": {"confidence_score": 0.0755, "site_id": "nagpur"}}, {"type": "Feature", "geometry": {"type": "Polygon", "coordinates": [[[79.3040404040404, 21.045454545454547], [79.3040404040404, 21.055555555555557], [79.28989898989899, 21.055555555555557], [79.28989898989899, 21.045454545454547], [79.3040404040404, 21.045454545454547]]]}, "properties": {"confidence_score": 0.0589, "site_id": "nagpur"}}, {"type": "Feature", "geometry": {"type": "Polygon", "coordinates": [[[79.00707070707071, 21.055555555555557], [79.00707070707071, 21.065656565656568], [78.99292929292929, 21.065656565656568], [78.99292929292929, 21.055555555555557], [79.00707070707071, 21.055555555555557]]]}, "properties": {"confidence_score": 0.1294, "site_id": "nagpur"}}, {"type": "Feature", "geometry": {"type": "Polygon", "coordinates": [[[79.02121212121213, 21.055555555555557], [79.02121212121213, 21.065656565656568], [79.00707070707071, 21.065656565656568], [79.00707070707071, 21.055555555555557], [79.02121212121213, 21.055555555555557]]]}, "properties": {"confidence_score": 0.2196, "site_id": "nagpur"}}, {"type": "Feature", "geometry": {"type": "Polygon", "coordinates": [[[79.03535353535354, 21.055555555555557], [79.03535353535354, 21.065656565656568], [79.02121212121212, 21.065656565656568], [79.02121212121212, 21.055555555555557], [79.03535353535354, 21.055555555555557]]]}, "properties": {"confidence_score": 0.2189, "site_id": "nagpur"}}, {"type": "Feature", "geometry": {"type": "Polygon", "coordinates": [[[79.04949494949496, 21.055555555555557], [79.04949494949496, 21.065656565656568], [79.03535353535354, 21.065656565656568], [79.03535353535354, 21.055555555555557], [79.04949494949496, 21.055555555555557]]]}, "properties": {"confidence_score": 0.215, "site_id": "nagpur"}}, {"type": "Feature", "geometry": {"type": "Polygon", "coordinates": [[[79.06363636363636, 21.055555555555557], [79.06363636363636, 21.065656565656568], [79.04949494949494, 21.065656565656568], [79.04949494949494, 21.055555555555557], [79.06363636363636, 21.055555555555557]]]}, "properties": {"confidence_score": 0.1469, "site_id": "nagpur"}}, {"type": "Feature", "geometry": {"type": "Polygon", "coordinates": [[[79.07777777777778, 21.055555555555557], [79.07777777777778, 21.065656565656568], [79.06363636363636, 21.065656565656568], [79.06363636363636, 21.055555555555557], [79.07777777777778, 21.055555555555557]]]}, "properties": {"confidence_score": 0.4956, "site_id": "nagpur"}}, {"type": "Feature", "geometry": {"type": "Polygon", "coordinates": [[[79.09191919191919, 21.055555555555557], [79.09191919191919, 21.065656565656568], [79.07777777777777, 21.065656565656568], [79.07777777777777, 21.055555555555557], [79.09191919191919, 21.055555555555557]]]}, "properties": {"confidence_score": 0.9239, "site_id": "nagpur"}}, {"type": "Feature", "geometry": {"type": "Polygon", "coordinates": [[[79.10606060606061, 21.055555555555557], [79.10606060606061, 21.065656565656568], [79.09191919191919, 21.065656565656568], [79.09191919191919, 21.055555555555557], [79.10606060606061, 21.055555555555557]]]}, "properties": {"confidence_score": 0.6487, "site_id": "nagpur"}}, {"type": "Feature", "geometry": {"type": "Polygon", "coordinates": [[[79.12020202020203, 21.055555555555557], [79.12020202020203, 21.065656565656568], [79.10606060606061, 21.065656565656568], [79.10606060606061, 21.055555555555557], [79.12020202020203, 21.055555555555557]]]}, "properties": {"confidence_score": 0.3692, "site_id": "nagpur"}}, {"type": "Feature", "geometry": {"type": "Polygon", "coordinates": [[[79.13434343434344, 21.055555555555557], [79.13434343434344, 21.065656565656568], [79.12020202020202, 21.065656565656568], [79.12020202020202, 21.055555555555557], [79.13434343434344, 21.055555555555557]]]}, "properties": {"confidence_score": 0.2901, "site_id": "nagpur"}}, {"type": "Feature", "geometry": {"type": "Polygon", "coordinates": [[[79.14848484848486, 21.055555555555557], [79.14848484848486, 21.065656565656568], [79.13434343434344, 21.065656565656568], [79.13434343434344, 21.055555555555557], [79.14848484848486, 21.055555555555557]]]}, "properties": {"confidence_score": 0.1772, "site_id": "nagpur"}}, {"type": "Feature", "geometry": {"type": "Polygon", "coordinates": [[[79.16262626262626, 21.055555555555557], [79.16262626262626, 21.065656565656568], [79.14848484848484, 21.065656565656568], [79.14848484848484, 21.055555555555557], [79.16262626262626, 21.055555555555557]]]}, "properties": {"confidence_score": 0.2312, "site_id": "nagpur"}}, {"type": "Feature", "geometry": {"type": "Polygon", "coordinates": [[[79.17676767676768, 21.055555555555557], [79.17676767676768, 21.065656565656568], [79.16262626262626, 21.065656565656568], [79.16262626262626, 21.055555555555557], [79.17676767676768, 21.055555555555557]]]}, "properties": {"confidence_score": 0.2585, "site_id": "nagpur"}}, {"type": "Feature", "geometry": {"type": "Polygon", "coordinates": [[[79.19090909090909, 21.055555555555557], [79.19090909090909, 21.065656565656568], [79.17676767676767, 21.065656565656568], [79.17676767676767, 21.055555555555557], [79.19090909090909, 21.055555555555557]]]}, "properties": {"confidence_score": 0.3947, "site_id": "nagpur"}}, {"type": "Feature", "geometry": {"type": "Polygon", "coordinates": [[[79.20505050505051, 21.055555555555557], [79.20505050505051, 21.065656565656568], [79.19090909090909, 21.065656565656568], [79.19090909090909, 21.055555555555557], [79.20505050505051, 21.055555555555557]]]}, "properties": {"confidence_score": 0.5321, "site_id": "nagpur"}}, {"type": "Feature", "geometry": {"type": "Polygon", "coordinates": [[[79.21919191919193, 21.055555555555557], [79.21919191919193, 21.065656565656568], [79.20505050505051, 21.065656565656568], [79.20505050505051, 21.055555555555557], [79.21919191919193, 21.055555555555557]]]}, "properties": {"confidence_score": 0.7513, "site_id": "nagpur"}}, {"type": "Feature", "geometry": {"type": "Polygon", "coordinates": [[[79.23333333333333, 21.055555555555557], [79.23333333333333, 21.065656565656568], [79.21919191919191, 21.065656565656568], [79.21919191919191, 21.055555555555557], [79.23333333333333, 21.055555555555557]]]}, "properties": {"confidence_score": 0.9488, "site_id": "nagpur"}}, {"type": "Feature", "geometry": {"type": "Polygon", "coordinates": [[[79.24747474747475, 21.055555555555557], [79.24747474747475, 21.065656565656568], [79.23333333333333, 21.065656565656568], [79.23333333333333, 21.055555555555557], [79.24747474747475, 21.055555555555557]]]}, "properties": {"confidence_score": 0.6949, "site_id": "nagpur"}}, {"type": "Feature", "geometry": {"type": "Polygon", "coordinates": [[[79.26161616161616, 21.055555555555557], [79.26161616161616, 21.065656565656568], [79.24747474747474, 21.065656565656568], [79.24747474747474, 21.055555555555557], [79.26161616161616, 21.055555555555557]]]}, "properties": {"confidence_score": 0.3445, "site_id": "nagpur"}}, {"type": "Feature", "geometry": {"type": "Polygon", "coordinates": [[[79.27575757575758, 21.055555555555557], [79.27575757575758, 21.065656565656568], [79.26161616161616, 21.065656565656568], [79.26161616161616, 21.055555555555557], [79.27575757575758, 21.055555555555557]]]}, "properties": {"confidence_score": 0.1715, "site_id": "nagpur"}}, {"type": "Feature", "geometry": {"type": "Polygon", "coordinates": [[[79.289898989899, 21.055555555555557], [79.289898989899, 21.065656565656568], [79.27575757575758, 21.065656565656568], [79.27575757575758, 21.055555555555557], [79.289898989899, 21.055555555555557]]]}, "properties": {"confidence_score": 0.0675, "site_id": "nagpur"}}, {"type": "Feature", "geometry": {"type": "Polygon", "coordinates": [[[79.3040404040404, 21.055555555555557], [79.3040404040404, 21.065656565656568], [79.28989898989899, 21.065656565656568], [79.28989898989899, 21.055555555555557], [79.3040404040404, 21.055555555555557]]]}, "properties": {"confidence_score": 0.0724, "site_id": "nagpur"}}, {"type": "Feature", "geometry": {"type": "Polygon", "coordinates": [[[79.00707070707071, 21.065656565656564], [79.00707070707071, 21.075757575757574], [78.99292929292929, 21.075757575757574], [78.99292929292929, 21.065656565656564], [79.00707070707071, 21.065656565656564]]]}, "properties": {"confidence_score": 0.2905, "site_id": "nagpur"}}, {"type": "Feature", "geometry": {"type": "Polygon", "coordinates": [[[79.02121212121213, 21.065656565656564], [79.02121212121213, 21.075757575757574], [79.00707070707071, 21.075757575757574], [79.00707070707071, 21.065656565656564], [79.02121212121213, 21.065656565656564]]]}, "properties": {"confidence_score": 0.4162, "site_id": "nagpur"}}, {"type": "Feature", "geometry": {"type": "Polygon", "coordinates": [[[79.03535353535354, 21.065656565656564], [79.03535353535354, 21.075757575757574], [79.02121212121212, 21.075757575757574], [79.02121212121212, 21.065656565656564], [79.03535353535354, 21.065656565656564]]]}, "properties": {"confidence_score": 0.5021, "site_id": "nagpur"}}, {"type": "Feature", "geometry": {"type": "Polygon", "coordinates": [[[79.04949494949496, 21.065656565656564], [79.04949494949496, 21.075757575757574], [79.03535353535354, 21.075757575757574], [79.03535353535354, 21.065656565656564], [79.04949494949496, 21.065656565656564]]]}, "properties": {"confidence_score": 0.4153, "site_id": "nagpur"}}, {"type": "Feature", "geometry": {"type": "Polygon", "coordinates": [[[79.06363636363636, 21.065656565656564], [79.06363636363636, 21.075757575757574], [79.04949494949494, 21.075757575757574], [79.04949494949494, 21.065656565656564], [79.06363636363636, 21.065656565656564]]]}, "properties": {"confidence_score": 0.3678, "site_id": "nagpur"}}, {"type": "Feature", "geometry": {"type": "Polygon", "coordinates": [[[79.07777777777778, 21.065656565656564], [79.07777777777778, 21.075757575757574], [79.06363636363636, 21.075757575757574], [79.06363636363636, 21.065656565656564], [79.07777777777778, 21.065656565656564]]]}, "properties": {"confidence_score": 0.5962, "site_id": "nagpur"}}, {"type": "Feature", "geometry": {"type": "Polygon", "coordinates": [[[79.09191919191919, 21.065656565656564], [79.09191919191919, 21.075757575757574], [79.07777777777777, 21.075757575757574], [79.07777777777777, 21.065656565656564], [79.09191919191919, 21.065656565656564]]]}, "properties": {"confidence_score": 0.8696, "site_id": "nagpur"}}, {"type": "Feature", "geometry": {"type": "Polygon", "coordinates": [[[79.10606060606061, 21.065656565656564], [79.10606060606061, 21.075757575757574], [79.09191919191919, 21.075757575757574], [79.09191919191919, 21.065656565656564], [79.10606060606061, 21.065656565656564]]]}, "properties": {"confidence_score": 0.6938, "site_id": "nagpur"}}, {"type": "Feature", "geometry": {"type": "Polygon", "coordinates": [[[79.12020202020203, 21.065656565656564], [79.12020202020203, 21.075757575757574], [79.10606060606061, 21.075757575757574], [79.10606060606061, 21.065656565656564], [79.12020202020203, 21.065656565656564]]]}, "properties": {"confidence_score": 0.4376, "site_id": "nagpur"}}, {"type": "Feature", "geometry": {"type": "Polygon", "coordinates": [[[79.13434343434344, 21.065656565656564], [79.13434343434344, 21.075757575757574], [79.12020202020202, 21.075757575757574], [79.12020202020202, 21.065656565656564], [79.13434343434344, 21.065656565656564]]]}, "properties": {"confidence_score": 0.3598, "site_id": "nagpur"}}, {"type": "Feature", "geometry": {"type": "Polygon", "coordinates": [[[79.14848484848486, 21.065656565656564], [79.14848484848486, 21.075757575757574], [79.13434343434344, 21.075757575757574], [79.13434343434344, 21.065656565656564], [79.14848484848486, 21.065656565656564]]]}, "properties": {"confidence_score": 0.316, "site_id": "nagpur"}}, {"type": "Feature", "geometry": {"type": "Polygon", "coordinates": [[[79.16262626262626, 21.065656565656564], [79.16262626262626, 21.075757575757574], [79.14848484848484, 21.075757575757574], [79.14848484848484, 21.065656565656564], [79.16262626262626, 21.065656565656564]]]}, "properties": {"confidence_score": 0.2637, "site_id": "nagpur"}}, {"type": "Feature", "geometry": {"type": "Polygon", "coordinates": [[[79.17676767676768, 21.065656565656564], [79.17676767676768, 21.075757575757574], [79.16262626262626, 21.075757575757574], [79.16262626262626, 21.065656565656564], [79.17676767676768, 21.065656565656564]]]}, "properties": {"confidence_score": 0.2211, "site_id": "nagpur"}}, {"type": "Feature", "geometry": {"type": "Polygon", "coordinates": [[[79.19090909090909, 21.065656565656564], [79.19090909090909, 21.075757575757574], [79.17676767676767, 21.075757575757574], [79.17676767676767, 21.065656565656564], [79.19090909090909, 21.065656565656564]]]}, "properties": {"confidence_score": 0.3336, "site_id": "nagpur"}}, {"type": "Feature", "geometry": {"type": "Polygon", "coordinates": [[[79.20505050505051, 21.065656565656564], [79.20505050505051, 21.075757575757574], [79.19090909090909, 21.075757575757574], [79.19090909090909, 21.065656565656564], [79.20505050505051, 21.065656565656564]]]}, "properties": {"confidence_score": 0.5236, "site_id": "nagpur"}}, {"type": "Feature", "geometry": {"type": "Polygon", "coordinates": [[[79.21919191919193, 21.065656565656564], [79.21919191919193, 21.075757575757574], [79.20505050505051, 21.075757575757574], [79.20505050505051, 21.065656565656564], [79.21919191919193, 21.065656565656564]]]}, "properties": {"confidence_score": 0.725, "site_id": "nagpur"}}, {"type": "Feature", "geometry": {"type": "Polygon", "coordinates": [[[79.23333333333333, 21.065656565656564], [79.23333333333333, 21.075757575757574], [79.21919191919191, 21.075757575757574], [79.21919191919191, 21.065656565656564], [79.23333333333333, 21.065656565656564]]]}, "properties": {"confidence_score": 0.8862, "site_id": "nagpur"}}, {"type": "Feature", "geometry": {"type": "Polygon", "coordinates": [[[79.24747474747475, 21.065656565656564], [79.24747474747475, 21.075757575757574], [79.23333333333333, 21.075757575757574], [79.23333333333333, 21.065656565656564], [79.24747474747475, 21.065656565656564]]]}, "properties": {"confidence_score": 0.6755, "site_id": "nagpur"}}, {"type": "Feature", "geometry": {"type": "Polygon", "coordinates": [[[79.26161616161616, 21.065656565656564], [79.26161616161616, 21.075757575757574], [79.24747474747474, 21.075757575757574], [79.24747474747474, 21.065656565656564], [79.26161616161616, 21.065656565656564]]]}, "properties": {"confidence_score": 0.3512, "site_id": "nagpur"}}, {"type": "Feature", "geometry": {"type": "Polygon", "coordinates": [[[79.27575757575758, 21.065656565656564], [79.27575757575758, 21.075757575757574], [79.26161616161616, 21.075757575757574], [79.26161616161616, 21.065656565656564], [79.27575757575758, 21.065656565656564]]]}, "properties": {"confidence_score": 0.1639, "site_id": "nagpur"}}, {"type": "Feature", "geometry": {"type": "Polygon", "coordinates": [[[79.289898989899, 21.065656565656564], [79.289898989899, 21.075757575757574], [79.27575757575758, 21.075757575757574], [79.27575757575758, 21.065656565656564], [79.289898989899, 21.065656565656564]]]}, "properties": {"confidence_score": 0.0678, "site_id": "nagpur"}}, {"type": "Feature", "geometry": {"type": "Polygon", "coordinates": [[[79.3040404040404, 21.065656565656564], [79.3040404040404, 21.075757575757574], [79.28989898989899, 21.075757575757574], [79.28989898989899, 21.065656565656564], [79.3040404040404, 21.065656565656564]]]}, "properties": {"confidence_score": 0.0943, "site_id": "nagpur"}}, {"type": "Feature", "geometry": {"type": "Polygon", "coordinates": [[[79.00707070707071, 21.075757575757574], [79.00707070707071, 21.085858585858585], [78.99292929292929, 21.085858585858585], [78.99292929292929, 21.075757575757574], [79.00707070707071, 21.075757575757574]]]}, "properties": {"confidence_score": 0.4414, "site_id": "nagpur"}}, {"type": "Feature", "geometry": {"type": "Polygon", "coordinates": [[[79.02121212121213, 21.075757575757574], [79.02121212121213, 21.085858585858585], [79.00707070707071, 21.085858585858585], [79.00707070707071, 21.075757575757574], [79.02121212121213, 21.075757575757574]]]}, "properties": {"confidence_score": 0.6365, "site_id": "nagpur"}}, {"type": "Feature", "geometry": {"type": "Polygon", "coordinates": [[[79.03535353535354, 21.075757575757574], [79.03535353535354, 21.085858585858585], [79.02121212121212, 21.085858585858585], [79.02121212121212, 21.075757575757574], [79.03535353535354, 21.075757575757574]]]}, "properties": {"confidence_score": 0.8861, "site_id": "nagpur"}}, {"type": "Feature", "geometry": {"type": "Polygon", "coordinates": [[[79.04949494949496, 21.075757575757574], [79.04949494949496, 21.085858585858585], [79.03535353535354, 21.085858585858585], [79.03535353535354, 21.075757575757574], [79.04949494949496, 21.075757575757574]]]}, "properties": {"confidence_score": 0.6083, "site_id": "nagpur"}}, {"type": "Feature", "geometry": {"type": "Polygon", "coordinates": [[[79.06363636363636, 21.075757575757574], [79.06363636363636, 21.085858585858585], [79.04949494949494, 21.085858585858585], [79.04949494949494, 21.075757575757574], [79.06363636363636, 21.075757575757574]]]}, "properties": {"confidence_score": 0.4952, "site_id": "nagpur"}}, {"type": "Feature", "geometry": {"type": "Polygon", "coordinates": [[[79.07777777777778, 21.075757575757574], [79.07777777777778, 21.085858585858585], [79.06363636363636, 21.085858585858585], [79.06363636363636, 21.075757575757574], [79.07777777777778, 21.075757575757574]]]}, "properties": {"confidence_score": 0.6222, "site_id": "nagpur"}}, {"type": "Feature", "geometry": {"type": "Polygon", "coordinates": [[[79.09191919191919, 21.075757575757574], [79.09191919191919, 21.085858585858585], [79.07777777777777, 21.085858585858585], [79.07777777777777, 21.075757575757574], [79.09191919191919, 21.075757575757574]]]}, "properties": {"confidence_score": 0.9422, "site_id": "nagpur"}}, {"type": "Feature", "geometry": {"type": "Polygon", "coordinates": [[[79.10606060606061, 21.075757575757574], [79.10606060606061, 21.085858585858585], [79.09191919191919, 21.085858585858585], [79.09191919191919, 21.075757575757574], [79.10606060606061, 21.075757575757574]]]}, "properties": {"confidence_score": 0.7018, "site_id": "nagpur"}}, {"type": "Feature", "geometry": {"type": "Polygon", "coordinates": [[[79.12020202020203, 21.075757575757574], [79.12020202020203, 21.085858585858585], [79.10606060606061, 21.085858585858585], [79.10606060606061, 21.075757575757574], [79.12020202020203, 21.075757575757574]]]}, "properties": {"confidence_score": 0.475, "site_id": "nagpur"}}, {"type": "Feature", "geometry": {"type": "Polygon", "coordinates": [[[79.13434343434344, 21.075757575757574], [79.13434343434344, 21.085858585858585], [79.12020202020202, 21.085858585858585], [79.12020202020202, 21.075757575757574], [79.13434343434344, 21.075757575757574]]]}, "properties": {"confidence_score": 0.4952, "site_id": "nagpur"}}, {"type": "Feature", "geometry": {"type": "Polygon", "coordinates": [[[79.14848484848486, 21.075757575757574], [79.14848484848486, 21.085858585858585], [79.13434343434344, 21.085858585858585], [79.13434343434344, 21.075757575757574], [79.14848484848486, 21.075757575757574]]]}, "properties": {"confidence_score": 0.5207, "site_id": "nagpur"}}, {"type": "Feature", "geometry": {"type": "Polygon", "coordinates": [[[79.16262626262626, 21.075757575757574], [79.16262626262626, 21.085858585858585], [79.14848484848484, 21.085858585858585], [79.14848484848484, 21.075757575757574], [79.16262626262626, 21.075757575757574]]]}, "properties": {"confidence_score": 0.362, "site_id": "nagpur"}}, {"type": "Feature", "geometry": {"type": "Polygon", "coordinates": [[[79.17676767676768, 21.075757575757574], [79.17676767676768, 21.085858585858585], [79.16262626262626, 21.085858585858585], [79.16262626262626, 21.075757575757574], [79.17676767676768, 21.075757575757574]]]}, "properties": {"confidence_score": 0.1761, "site_id": "nagpur"}}, {"type": "Feature", "geometry": {"type": "Polygon", "coordinates": [[[79.19090909090909, 21.075757575757574], [79.19090909090909, 21.085858585858585], [79.17676767676767, 21.085858585858585], [79.17676767676767, 21.075757575757574], [79.19090909090909, 21.075757575757574]]]}, "properties": {"confidence_score": 0.2983, "site_id": "nagpur"}}, {"type": "Feature", "geometry": {"type": "Polygon", "coordinates": [[[79.20505050505051, 21.075757575757574], [79.20505050505051, 21.085858585858585], [79.19090909090909, 21.085858585858585], [79.19090909090909, 21.075757575757574], [79.20505050505051, 21.075757575757574]]]}, "properties": {"confidence_score": 0.5311, "site_id": "nagpur"}}, {"type": "Feature", "geometry": {"type": "Polygon", "coordinates": [[[79.21919191919193, 21.075757575757574], [79.21919191919193, 21.085858585858585], [79.20505050505051, 21.085858585858585], [79.20505050505051, 21.075757575757574], [79.21919191919193, 21.075757575757574]]]}, "properties": {"confidence_score": 0.6612, "site_id": "nagpur"}}, {"type": "Feature", "geometry": {"type": "Polygon", "coordinates": [[[79.23333333333333, 21.075757575757574], [79.23333333333333, 21.085858585858585], [79.21919191919191, 21.085858585858585], [79.21919191919191, 21.075757575757574], [79.23333333333333, 21.075757575757574]]]}, "properties": {"confidence_score": 0.9105, "site_id": "nagpur"}}, {"type": "Feature", "geometry": {"type": "Polygon", "coordinates": [[[79.24747474747475, 21.075757575757574], [79.24747474747475, 21.085858585858585], [79.23333333333333, 21.085858585858585], [79.23333333333333, 21.075757575757574], [79.24747474747475, 21.075757575757574]]]}, "properties": {"confidence_score": 0.625, "site_id": "nagpur"}}, {"type": "Feature", "geometry": {"type": "Polygon", "coordinates": [[[79.26161616161616, 21.075757575757574], [79.26161616161616, 21.085858585858585], [79.24747474747474, 21.085858585858585], [79.24747474747474, 21.075757575757574], [79.26161616161616, 21.075757575757574]]]}, "properties": {"confidence_score": 0.3214, "site_id": "nagpur"}}, {"type": "Feature", "geometry": {"type": "Polygon", "coordinates": [[[79.27575757575758, 21.075757575757574], [79.27575757575758, 21.085858585858585], [79.26161616161616, 21.085858585858585], [79.26161616161616, 21.075757575757574], [79.27575757575758, 21.075757575757574]]]}, "properties": {"confidence_score": 0.1668, "site_id": "nagpur"}}, {"type": "Feature", "geometry": {"type": "Polygon", "coordinates": [[[79.289898989899, 21.075757575757574], [79.289898989899, 21.085858585858585], [79.27575757575758, 21.085858585858585], [79.27575757575758, 21.075757575757574], [79.289898989899, 21.075757575757574]]]}, "properties": {"confidence_score": 0.0546, "site_id": "nagpur"}}, {"type": "Feature", "geometry": {"type": "Polygon", "coordinates": [[[79.3040404040404, 21.075757575757574], [79.3040404040404, 21.085858585858585], [79.28989898989899, 21.085858585858585], [79.28989898989899, 21.075757575757574], [79.3040404040404, 21.075757575757574]]]}, "properties": {"confidence_score": 0.128, "site_id": "nagpur"}}, {"type": "Feature", "geometry": {"type": "Polygon", "coordinates": [[[79.00707070707071, 21.085858585858585], [79.00707070707071, 21.095959595959595], [78.99292929292929, 21.095959595959595], [78.99292929292929, 21.085858585858585], [79.00707070707071, 21.085858585858585]]]}, "properties": {"confidence_score": 0.6752, "site_id": "nagpur"}}, {"type": "Feature", "geometry": {"type": "Polygon", "coordinates": [[[79.02121212121213, 21.085858585858585], [79.02121212121213, 21.095959595959595], [79.00707070707071, 21.095959595959595], [79.00707070707071, 21.085858585858585], [79.02121212121213, 21.085858585858585]]]}, "properties": {"confidence_score": 0.7967, "site_id": "nagpur"}}, {"type": "Feature", "geometry": {"type": "Polygon", "coordinates": [[[79.03535353535354, 21.085858585858585], [79.03535353535354, 21.095959595959595], [79.02121212121212, 21.095959595959595], [79.02121212121212, 21.085858585858585], [79.03535353535354, 21.085858585858585]]]}, "properties": {"confidence_score": 0.8909, "site_id": "nagpur"}}, {"type": "Feature", "geometry": {"type": "Polygon", "coordinates": [[[79.04949494949496, 21.085858585858585], [79.04949494949496, 21.095959595959595], [79.03535353535354, 21.095959595959595], [79.03535353535354, 21.085858585858585], [79.04949494949496, 21.085858585858585]]]}, "properties": {"confidence_score": 0.6888, "site_id": "nagpur"}}, {"type": "Feature", "geometry": {"type": "Polygon", "coordinates": [[[79.06363636363636, 21.085858585858585], [79.06363636363636, 21.095959595959595], [79.04949494949494, 21.095959595959595], [79.04949494949494, 21.085858585858585], [79.06363636363636, 21.085858585858585]]]}, "properties": {"confidence_score": 0.5136, "site_id": "nagpur"}}, {"type": "Feature", "geometry": {"type": "Polygon", "coordinates": [[[79.07777777777778, 21.085858585858585], [79.07777777777778, 21.095959595959595], [79.06363636363636, 21.095959595959595], [79.06363636363636, 21.085858585858585], [79.07777777777778, 21.085858585858585]]]}, "properties": {"confidence_score": 0.5421, "site_id": "nagpur"}}, {"type": "Feature", "geometry": {"type": "Polygon", "coordinates": [[[79.09191919191919, 21.085858585858585], [79.09191919191919, 21.095959595959595], [79.07777777777777, 21.095959595959595], [79.07777777777777, 21.085858585858585], [79.09191919191919, 21.085858585858585]]]}, "properties": {"confidence_score": 0.6337, "site_id": "nagpur"}}, {"type": "Feature", "geometry": {"type": "Polygon", "coordinates": [[[79.10606060606061, 21.085858585858585], [79.10606060606061, 21.095959595959595], [79.09191919191919, 21.095959595959595], [79.09191919191919, 21.085858585858585], [79.10606060606061, 21.085858585858585]]]}, "properties": {"confidence_score": 0.6637, "site_id": "nagpur"}}, {"type": "Feature", "geometry": {"type": "Polygon", "coordinates": [[[79.12020202020203, 21.085858585858585], [79.12020202020203, 21.095959595959595], [79.10606060606061, 21.095959595959595], [79.10606060606061, 21.085858585858585], [79.12020202020203, 21.085858585858585]]]}, "properties": {"confidence_score": 0.6758, "site_id": "nagpur"}}, {"type": "Feature", "geometry": {"type": "Polygon", "coordinates": [[[79.13434343434344, 21.085858585858585], [79.13434343434344, 21.095959595959595], [79.12020202020202, 21.095959595959595], [79.12020202020202, 21.085858585858585], [79.13434343434344, 21.085858585858585]]]}, "properties": {"confidence_score": 0.6826, "site_id": "nagpur"}}, {"type": "Feature", "geometry": {"type": "Polygon", "coordinates": [[[79.14848484848486, 21.085858585858585], [79.14848484848486, 21.095959595959595], [79.13434343434344, 21.095959595959595], [79.13434343434344, 21.085858585858585], [79.14848484848486, 21.085858585858585]]]}, "properties": {"confidence_score": 0.6729, "site_id": "nagpur"}}, {"type": "Feature", "geometry": {"type": "Polygon", "coordinates": [[[79.16262626262626, 21.085858585858585], [79.16262626262626, 21.095959595959595], [79.14848484848484, 21.095959595959595], [79.14848484848484, 21.085858585858585], [79.16262626262626, 21.085858585858585]]]}, "properties": {"confidence_score": 0.4952, "site_id": "nagpur"}}, {"type": "Feature", "geometry": {"type": "Polygon", "coordinates": [[[79.17676767676768, 21.085858585858585], [79.17676767676768, 21.095959595959595], [79.16262626262626, 21.095959595959595], [79.16262626262626, 21.085858585858585], [79.17676767676768, 21.085858585858585]]]}, "properties": {"confidence_score": 0.3053, "site_id": "nagpur"}}, {"type": "Feature", "geometry": {"type": "Polygon", "coordinates": [[[79.19090909090909, 21.085858585858585], [79.19090909090909, 21.095959595959595], [79.17676767676767, 21.095959595959595], [79.17676767676767, 21.085858585858585], [79.19090909090909, 21.085858585858585]]]}, "properties": {"confidence_score": 0.2796, "site_id": "nagpur"}}, {"type": "Feature", "geometry": {"type": "Polygon", "coordinates": [[[79.20505050505051, 21.085858585858585], [79.20505050505051, 21.095959595959595], [79.19090909090909, 21.095959595959595], [79.19090909090909, 21.085858585858585], [79.20505050505051, 21.085858585858585]]]}, "properties": {"confidence_score": 0.3525, "site_id": "nagpur"}}, {"type": "Feature", "geometry": {"type": "Polygon", "coordinates": [[[79.21919191919193, 21.085858585858585], [79.21919191919193, 21.095959595959595], [79.20505050505051, 21.095959595959595], [79.20505050505051, 21.085858585858585], [79.21919191919193, 21.085858585858585]]]}, "properties": {"confidence_score": 0.4754, "site_id": "nagpur"}}, {"type": "Feature", "geometry": {"type": "Polygon", "coordinates": [[[79.23333333333333, 21.085858585858585], [79.23333333333333, 21.095959595959595], [79.21919191919191, 21.095959595959595], [79.21919191919191, 21.085858585858585], [79.23333333333333, 21.085858585858585]]]}, "properties": {"confidence_score": 0.5972, "site_id": "nagpur"}}, {"type": "Feature", "geometry": {"type": "Polygon", "coordinates": [[[79.24747474747475, 21.085858585858585], [79.24747474747475, 21.095959595959595], [79.23333333333333, 21.095959595959595], [79.23333333333333, 21.085858585858585], [79.24747474747475, 21.085858585858585]]]}, "properties": {"confidence_score": 0.4748, "site_id": "nagpur"}}, {"type": "Feature", "geometry": {"type": "Polygon", "coordinates": [[[79.26161616161616, 21.085858585858585], [79.26161616161616, 21.095959595959595], [79.24747474747474, 21.095959595959595], [79.24747474747474, 21.085858585858585], [79.26161616161616, 21.085858585858585]]]}, "properties": {"confidence_score": 0.2629, "site_id": "nagpur"}}, {"type": "Feature", "geometry": {"type": "Polygon", "coordinates": [[[79.27575757575758, 21.085858585858585], [79.27575757575758, 21.095959595959595], [79.26161616161616, 21.095959595959595], [79.26161616161616, 21.085858585858585], [79.27575757575758, 21.085858585858585]]]}, "properties": {"confidence_score": 0.1949, "site_id": "nagpur"}}, {"type": "Feature", "geometry": {"type": "Polygon", "coordinates": [[[79.289898989899, 21.085858585858585], [79.289898989899, 21.095959595959595], [79.27575757575758, 21.095959595959595], [79.27575757575758, 21.085858585858585], [79.289898989899, 21.085858585858585]]]}, "properties": {"confidence_score": 0.1818, "site_id": "nagpur"}}, {"type": "Feature", "geometry": {"type": "Polygon", "coordinates": [[[79.3040404040404, 21.085858585858585], [79.3040404040404, 21.095959595959595], [79.28989898989899, 21.095959595959595], [79.28989898989899, 21.085858585858585], [79.3040404040404, 21.085858585858585]]]}, "properties": {"confidence_score": 0.1996, "site_id": "nagpur"}}, {"type": "Feature", "geometry": {"type": "Polygon", "coordinates": [[[79.00707070707071, 21.095959595959595], [79.00707070707071, 21.106060606060606], [78.99292929292929, 21.106060606060606], [78.99292929292929, 21.095959595959595], [79.00707070707071, 21.095959595959595]]]}, "properties": {"confidence_score": 0.9335, "site_id": "nagpur"}}, {"type": "Feature", "geometry": {"type": "Polygon", "coordinates": [[[79.02121212121213, 21.095959595959595], [79.02121212121213, 21.106060606060606], [79.00707070707071, 21.106060606060606], [79.00707070707071, 21.095959595959595], [79.02121212121213, 21.095959595959595]]]}, "properties": {"confidence_score": 0.8538, "site_id": "nagpur"}}, {"type": "Feature", "geometry": {"type": "Polygon", "coordinates": [[[79.03535353535354, 21.095959595959595], [79.03535353535354, 21.106060606060606], [79.02121212121212, 21.106060606060606], [79.02121212121212, 21.095959595959595], [79.03535353535354, 21.095959595959595]]]}, "properties": {"confidence_score": 0.9629, "site_id": "nagpur"}}, {"type": "Feature", "geometry": {"type": "Polygon", "coordinates": [[[79.04949494949496, 21.095959595959595], [79.04949494949496, 21.106060606060606], [79.03535353535354, 21.106060606060606], [79.03535353535354, 21.095959595959595], [79.04949494949496, 21.095959595959595]]]}, "properties": {"confidence_score": 0.7081, "site_id": "nagpur"}}, {"type": "Feature", "geometry": {"type": "Polygon", "coordinates": [[[79.06363636363636, 21.095959595959595], [79.06363636363636, 21.106060606060606], [79.04949494949494, 21.106060606060606], [79.04949494949494, 21.095959595959595], [79.06363636363636, 21.095959595959595]]]}, "properties": {"confidence_score": 0.4648, "site_id": "nagpur"}}, {"type": "Feature", "geometry": {"type": "Polygon", "coordinates": [[[79.07777777777778, 21.095959595959595], [79.07777777777778, 21.106060606060606], [79.06363636363636, 21.106060606060606], [79.06363636363636, 21.095959595959595], [79.07777777777778, 21.095959595959595]]]}, "properties": {"confidence_score": 0.489, "site_id": "nagpur"}}, {"type": "Feature", "geometry": {"type": "Polygon", "coordinates": [[[79.09191919191919, 21.095959595959595], [79.09191919191919, 21.106060606060606], [79.07777777777777, 21.106060606060606], [79.07777777777777, 21.095959595959595], [79.09191919191919, 21.095959595959595]]]}, "properties": {"confidence_score": 0.3431, "site_id": "nagpur"}}, {"type": "Feature", "geometry": {"type": "Polygon", "coordinates": [[[79.10606060606061, 21.095959595959595], [79.10606060606061, 21.106060606060606], [79.09191919191919, 21.106060606060606], [79.09191919191919, 21.095959595959595], [79.10606060606061, 21.095959595959595]]]}, "properties": {"confidence_score": 0.6544, "site_id": "nagpur"}}, {"type": "Feature", "geometry": {"type": "Polygon", "coordinates": [[[79.12020202020203, 21.095959595959595], [79.12020202020203, 21.106060606060606], [79.10606060606061, 21.106060606060606], [79.10606060606061, 21.095959595959595], [79.12020202020203, 21.095959595959595]]]}, "properties": {"confidence_score": 0.924, "site_id": "nagpur"}}, {"type": "Feature", "geometry": {"type": "Polygon", "coordinates": [[[79.13434343434344, 21.095959595959595], [79.13434343434344, 21.106060606060606], [79.12020202020202, 21.106060606060606], [79.12020202020202, 21.095959595959595], [79.13434343434344, 21.095959595959595]]]}, "properties": {"confidence_score": 0.8621, "site_id": "nagpur"}}, {"type": "Feature", "geometry": {"type": "Polygon", "coordinates": [[[79.14848484848486, 21.095959595959595], [79.14848484848486, 21.106060606060606], [79.13434343434344, 21.106060606060606], [79.13434343434344, 21.095959595959595], [79.14848484848486, 21.095959595959595]]]}, "properties": {"confidence_score": 0.8899, "site_id": "nagpur"}}, {"type": "Feature", "geometry": {"type": "Polygon", "coordinates": [[[79.16262626262626, 21.095959595959595], [79.16262626262626, 21.106060606060606], [79.14848484848484, 21.106060606060606], [79.14848484848484, 21.095959595959595], [79.16262626262626, 21.095959595959595]]]}, "properties": {"confidence_score": 0.6283, "site_id": "nagpur"}}, {"type": "Feature", "geometry": {"type": "Polygon", "coordinates": [[[79.17676767676768, 21.095959595959595], [79.17676767676768, 21.106060606060606], [79.16262626262626, 21.106060606060606], [79.16262626262626, 21.095959595959595], [79.17676767676768, 21.095959595959595]]]}, "properties": {"confidence_score": 0.4193, "site_id": "nagpur"}}, {"type": "Feature", "geometry": {"type": "Polygon", "coordinates": [[[79.19090909090909, 21.095959595959595], [79.19090909090909, 21.106060606060606], [79.17676767676767, 21.106060606060606], [79.17676767676767, 21.095959595959595], [79.19090909090909, 21.095959595959595]]]}, "properties": {"confidence_score": 0.2696, "site_id": "nagpur"}}, {"type": "Feature", "geometry": {"type": "Polygon", "coordinates": [[[79.20505050505051, 21.095959595959595], [79.20505050505051, 21.106060606060606], [79.19090909090909, 21.106060606060606], [79.19090909090909, 21.095959595959595], [79.20505050505051, 21.095959595959595]]]}, "properties": {"confidence_score": 0.1494, "site_id": "nagpur"}}, {"type": "Feature", "geometry": {"type": "Polygon", "coordinates": [[[79.21919191919193, 21.095959595959595], [79.21919191919193, 21.106060606060606], [79.20505050505051, 21.106060606060606], [79.20505050505051, 21.095959595959595], [79.21919191919193, 21.095959595959595]]]}, "properties": {"confidence_score": 0.2722, "site_id": "nagpur"}}, {"type": "Feature", "geometry": {"type": "Polygon", "coordinates": [[[79.23333333333333, 21.095959595959595], [79.23333333333333, 21.106060606060606], [79.21919191919191, 21.106060606060606], [79.21919191919191, 21.095959595959595], [79.23333333333333, 21.095959595959595]]]}, "properties": {"confidence_score": 0.3294, "site_id": "nagpur"}}, {"type": "Feature", "geometry": {"type": "Polygon", "coordinates": [[[79.24747474747475, 21.095959595959595], [79.24747474747475, 21.106060606060606], [79.23333333333333, 21.106060606060606], [79.23333333333333, 21.095959595959595], [79.24747474747475, 21.095959595959595]]]}, "properties": {"confidence_score": 0.3523, "site_id": "nagpur"}}, {"type": "Feature", "geometry": {"type": "Polygon", "coordinates": [[[79.26161616161616, 21.095959595959595], [79.26161616161616, 21.106060606060606], [79.24747474747474, 21.106060606060606], [79.24747474747474, 21.095959595959595], [79.26161616161616, 21.095959595959595]]]}, "properties": {"confidence_score": 0.1995, "site_id": "nagpur"}}, {"type": "Feature", "geometry": {"type": "Polygon", "coordinates": [[[79.27575757575758, 21.095959595959595], [79.27575757575758, 21.106060606060606], [79.26161616161616, 21.106060606060606], [79.26161616161616, 21.095959595959595], [79.27575757575758, 21.095959595959595]]]}, "properties": {"confidence_score": 0.2765, "site_id": "nagpur"}}, {"type": "Feature", "geometry": {"type": "Polygon", "coordinates": [[[79.289898989899, 21.095959595959595], [79.289898989899, 21.106060606060606], [79.27575757575758, 21.106060606060606], [79.27575757575758, 21.095959595959595], [79.289898989899, 21.095959595959595]]]}, "properties": {"confidence_score": 0.3427, "site_id": "nagpur"}}, {"type": "Feature", "geometry": {"type": "Polygon", "coordinates": [[[79.3040404040404, 21.095959595959595], [79.3040404040404, 21.106060606060606], [79.28989898989899, 21.106060606060606], [79.28989898989899, 21.095959595959595], [79.3040404040404, 21.095959595959595]]]}, "properties": {"confidence_score": 0.2791, "site_id": "nagpur"}}, {"type": "Feature", "geometry": {"type": "Polygon", "coordinates": [[[79.51616161616163, 21.095959595959595], [79.51616161616163, 21.106060606060606], [79.5020202020202, 21.106060606060606], [79.5020202020202, 21.095959595959595], [79.51616161616163, 21.095959595959595]]]}, "properties": {"confidence_score": 0.1352, "site_id": "bhandara"}}, {"type": "Feature", "geometry": {"type": "Polygon", "coordinates": [[[79.53030303030303, 21.095959595959595], [79.53030303030303, 21.106060606060606], [79.51616161616161, 21.106060606060606], [79.51616161616161, 21.095959595959595], [79.53030303030303, 21.095959595959595]]]}, "properties": {"confidence_score": 0.273, "site_id": "bhandara"}}, {"type": "Feature", "geometry": {"type": "Polygon", "coordinates": [[[79.54444444444445, 21.095959595959595], [79.54444444444445, 21.106060606060606], [79.53030303030303, 21.106060606060606], [79.53030303030303, 21.095959595959595], [79.54444444444445, 21.095959595959595]]]}, "properties": {"confidence_score": 0.4334, "site_id": "bhandara"}}, {"type": "Feature", "geometry": {"type": "Polygon", "coordinates": [[[79.55858585858586, 21.095959595959595], [79.55858585858586, 21.106060606060606], [79.54444444444444, 21.106060606060606], [79.54444444444444, 21.095959595959595], [79.55858585858586, 21.095959595959595]]]}, "properties": {"confidence_score": 0.5235, "site_id": "bhandara"}}, {"type": "Feature", "geometry": {"type": "Polygon", "coordinates": [[[79.57272727272728, 21.095959595959595], [79.57272727272728, 21.106060606060606], [79.55858585858586, 21.106060606060606], [79.55858585858586, 21.095959595959595], [79.57272727272728, 21.095959595959595]]]}, "properties": {"confidence_score": 0.5191, "site_id": "bhandara"}}, {"type": "Feature", "geometry": {"type": "Polygon", "coordinates": [[[79.5868686868687, 21.095959595959595], [79.5868686868687, 21.106060606060606], [79.57272727272728, 21.106060606060606], [79.57272727272728, 21.095959595959595], [79.5868686868687, 21.095959595959595]]]}, "properties": {"confidence_score": 0.4282, "site_id": "bhandara"}}, {"type": "Feature", "geometry": {"type": "Polygon", "coordinates": [[[79.6010101010101, 21.095959595959595], [79.6010101010101, 21.106060606060606], [79.58686868686868, 21.106060606060606], [79.58686868686868, 21.095959595959595], [79.6010101010101, 21.095959595959595]]]}, "properties": {"confidence_score": 0.2947, "site_id": "bhandara"}}, {"type": "Feature", "geometry": {"type": "Polygon", "coordinates": [[[79.61515151515152, 21.095959595959595], [79.61515151515152, 21.106060606060606], [79.6010101010101, 21.106060606060606], [79.6010101010101, 21.095959595959595], [79.61515151515152, 21.095959595959595]]]}, "properties": {"confidence_score": 0.1775, "site_id": "bhandara"}}, {"type": "Feature", "geometry": {"type": "Polygon", "coordinates": [[[79.62929292929293, 21.095959595959595], [79.62929292929293, 21.106060606060606], [79.61515151515151, 21.106060606060606], [79.61515151515151, 21.095959595959595], [79.62929292929293, 21.095959595959595]]]}, "properties": {"confidence_score": 0.0906, "site_id": "bhandara"}}, {"type": "Feature", "geometry": {"type": "Polygon", "coordinates": [[[79.64343434343435, 21.095959595959595], [79.64343434343435, 21.106060606060606], [79.62929292929293, 21.106060606060606], [79.62929292929293, 21.095959595959595], [79.64343434343435, 21.095959595959595]]]}, "properties": {"confidence_score": 0.0474, "site_id": "bhandara"}}, {"type": "Feature", "geometry": {"type": "Polygon", "coordinates": [[[79.65757575757576, 21.095959595959595], [79.65757575757576, 21.106060606060606], [79.64343434343434, 21.106060606060606], [79.64343434343434, 21.095959595959595], [79.65757575757576, 21.095959595959595]]]}, "properties": {"confidence_score": 0.022, "site_id": "bhandara"}}, {"type": "Feature", "geometry": {"type": "Polygon", "coordinates": [[[79.67171717171718, 21.095959595959595], [79.67171717171718, 21.106060606060606], [79.65757575757576, 21.106060606060606], [79.65757575757576, 21.095959595959595], [79.67171717171718, 21.095959595959595]]]}, "properties": {"confidence_score": 0.0096, "site_id": "bhandara"}}, {"type": "Feature", "geometry": {"type": "Polygon", "coordinates": [[[79.6858585858586, 21.095959595959595], [79.6858585858586, 21.106060606060606], [79.67171717171718, 21.106060606060606], [79.67171717171718, 21.095959595959595], [79.6858585858586, 21.095959595959595]]]}, "properties": {"confidence_score": 0.01, "site_id": "bhandara"}}, {"type": "Feature", "geometry": {"type": "Polygon", "coordinates": [[[79.7, 21.095959595959595], [79.7, 21.106060606060606], [79.68585858585858, 21.106060606060606], [79.68585858585858, 21.095959595959595], [79.7, 21.095959595959595]]]}, "properties": {"confidence_score": 0.0342, "site_id": "bhandara"}}, {"type": "Feature", "geometry": {"type": "Polygon", "coordinates": [[[79.71414141414142, 21.095959595959595], [79.71414141414142, 21.106060606060606], [79.7, 21.106060606060606], [79.7, 21.095959595959595], [79.71414141414142, 21.095959595959595]]]}, "properties": {"confidence_score": 0.0633, "site_id": "bhandara"}}, {"type": "Feature", "geometry": {"type": "Polygon", "coordinates": [[[79.72828282828283, 21.095959595959595], [79.72828282828283, 21.106060606060606], [79.71414141414141, 21.106060606060606], [79.71414141414141, 21.095959595959595], [79.72828282828283, 21.095959595959595]]]}, "properties": {"confidence_score": 0.07, "site_id": "bhandara"}}, {"type": "Feature", "geometry": {"type": "Polygon", "coordinates": [[[79.74242424242425, 21.095959595959595], [79.74242424242425, 21.106060606060606], [79.72828282828283, 21.106060606060606], [79.72828282828283, 21.095959595959595], [79.74242424242425, 21.095959595959595]]]}, "properties": {"confidence_score": 0.0652, "site_id": "bhandara"}}, {"type": "Feature", "geometry": {"type": "Polygon", "coordinates": [[[79.75656565656567, 21.095959595959595], [79.75656565656567, 21.106060606060606], [79.74242424242425, 21.106060606060606], [79.74242424242425, 21.095959595959595], [79.75656565656567, 21.095959595959595]]]}, "properties": {"confidence_score": 0.1305, "site_id": "bhandara"}}, {"type": "Feature", "geometry": {"type": "Polygon", "coordinates": [[[79.77070707070708, 21.095959595959595], [79.77070707070708, 21.106060606060606], [79.75656565656566, 21.106060606060606], [79.75656565656566, 21.095959595959595], [79.77070707070708, 21.095959595959595]]]}, "properties": {"confidence_score": 0.3112, "site_id": "bhandara"}}, {"type": "Feature", "geometry": {"type": "Polygon", "coordinates": [[[79.7848484848485, 21.095959595959595], [79.7848484848485, 21.106060606060606], [79.77070707070708, 21.106060606060606], [79.77070707070708, 21.095959595959595], [79.7848484848485, 21.095959595959595]]]}, "properties": {"confidence_score": 0.4415, "site_id": "bhandara"}}, {"type": "Feature", "geometry": {"type": "Polygon", "coordinates": [[[79.7989898989899, 21.095959595959595], [79.7989898989899, 21.106060606060606], [79.78484848484848, 21.106060606060606], [79.78484848484848, 21.095959595959595], [79.7989898989899, 21.095959595959595]]]}, "properties": {"confidence_score": 0.484, "site_id": "bhandara"}}, {"type": "Feature", "geometry": {"type": "Polygon", "coordinates": [[[79.00707070707071, 21.106060606060606], [79.00707070707071, 21.116161616161616], [78.99292929292929, 21.116161616161616], [78.99292929292929, 21.106060606060606], [79.00707070707071, 21.106060606060606]]]}, "properties": {"confidence_score": 0.7008, "site_id": "nagpur"}}, {"type": "Feature", "geometry": {"type": "Polygon", "coordinates": [[[79.02121212121213, 21.106060606060606], [79.02121212121213, 21.116161616161616], [79.00707070707071, 21.116161616161616], [79.00707070707071, 21.106060606060606], [79.02121212121213, 21.106060606060606]]]}, "properties": {"confidence_score": 0.7301, "site_id": "nagpur"}}, {"type": "Feature", "geometry": {"type": "Polygon", "coordinates": [[[79.03535353535354, 21.106060606060606], [79.03535353535354, 21.116161616161616], [79.02121212121212, 21.116161616161616], [79.02121212121212, 21.106060606060606], [79.03535353535354, 21.106060606060606]]]}, "properties": {"confidence_score": 0.7622, "site_id": "nagpur"}}, {"type": "Feature", "geometry": {"type": "Polygon", "coordinates": [[[79.04949494949496, 21.106060606060606], [79.04949494949496, 21.116161616161616], [79.03535353535354, 21.116161616161616], [79.03535353535354, 21.106060606060606], [79.04949494949496, 21.106060606060606]]]}, "properties": {"confidence_score": 0.7138, "site_id": "nagpur"}}, {"type": "Feature", "geometry": {"type": "Polygon", "coordinates": [[[79.06363636363636, 21.106060606060606], [79.06363636363636, 21.116161616161616], [79.04949494949494, 21.116161616161616], [79.04949494949494, 21.106060606060606], [79.06363636363636, 21.106060606060606]]]}, "properties": {"confidence_score": 0.6644, "site_id": "nagpur"}}, {"type": "Feature", "geometry": {"type": "Polygon", "coordinates": [[[79.07777777777778, 21.106060606060606], [79.07777777777778, 21.116161616161616], [79.06363636363636, 21.116161616161616], [79.06363636363636, 21.106060606060606], [79.07777777777778, 21.106060606060606]]]}, "properties": {"confidence_score": 0.6236, "site_id": "nagpur"}}, {"type": "Feature", "geometry": {"type": "Polygon", "coordinates": [[[79.09191919191919, 21.106060606060606], [79.09191919191919, 21.116161616161616], [79.07777777777777, 21.116161616161616], [79.07777777777777, 21.106060606060606], [79.09191919191919, 21.106060606060606]]]}, "properties": {"confidence_score": 0.6079, "site_id": "nagpur"}}, {"type": "Feature", "geometry": {"type": "Polygon", "coordinates": [[[79.10606060606061, 21.106060606060606], [79.10606060606061, 21.116161616161616], [79.09191919191919, 21.116161616161616], [79.09191919191919, 21.106060606060606], [79.10606060606061, 21.106060606060606]]]}, "properties": {"confidence_score": 0.7496, "site_id": "nagpur"}}, {"type": "Feature", "geometry": {"type": "Polygon", "coordinates": [[[79.12020202020203, 21.106060606060606], [79.12020202020203, 21.116161616161616], [79.10606060606061, 21.116161616161616], [79.10606060606061, 21.106060606060606], [79.12020202020203, 21.106060606060606]]]}, "properties": {"confidence_score": 0.9288, "site_id": "nagpur"}}, {"type": "Feature", "geometry": {"type": "Polygon", "coordinates": [[[79.13434343434344, 21.106060606060606], [79.13434343434344, 21.116161616161616], [79.12020202020202, 21.116161616161616], [79.12020202020202, 21.106060606060606], [79.13434343434344, 21.106060606060606]]]}, "properties": {"confidence_score": 0.942, "site_id": "nagpur"}}, {"type": "Feature", "geometry": {"type": "Polygon", "coordinates": [[[79.14848484848486, 21.106060606060606], [79.14848484848486, 21.116161616161616], [79.13434343434344, 21.116161616161616], [79.13434343434344, 21.106060606060606], [79.14848484848486, 21.106060606060606]]]}, "properties": {"confidence_score": 0.9127, "site_id": "nagpur"}}, {"type": "Feature", "geometry": {"type": "Polygon", "coordinates": [[[79.16262626262626, 21.106060606060606], [79.16262626262626, 21.116161616161616], [79.14848484848484, 21.116161616161616], [79.14848484848484, 21.106060606060606], [79.16262626262626, 21.106060606060606]]]}, "properties": {"confidence_score": 0.7054, "site_id": "nagpur"}}, {"type": "Feature", "geometry": {"type": "Polygon", "coordinates": [[[79.17676767676768, 21.106060606060606], [79.17676767676768, 21.116161616161616], [79.16262626262626, 21.116161616161616], [79.16262626262626, 21.106060606060606], [79.17676767676768, 21.106060606060606]]]}, "properties": {"confidence_score": 0.4696, "site_id": "nagpur"}}, {"type": "Feature", "geometry": {"type": "Polygon", "coordinates": [[[79.19090909090909, 21.106060606060606], [79.19090909090909, 21.116161616161616], [79.17676767676767, 21.116161616161616], [79.17676767676767, 21.106060606060606], [79.19090909090909, 21.106060606060606]]]}, "properties": {"confidence_score": 0.2858, "site_id": "nagpur"}}, {"type": "Feature", "geometry": {"type": "Polygon", "coordinates": [[[79.20505050505051, 21.106060606060606], [79.20505050505051, 21.116161616161616], [79.19090909090909, 21.116161616161616], [79.19090909090909, 21.106060606060606], [79.20505050505051, 21.106060606060606]]]}, "properties": {"confidence_score": 0.1483, "site_id": "nagpur"}}, {"type": "Feature", "geometry": {"type": "Polygon", "coordinates": [[[79.21919191919193, 21.106060606060606], [79.21919191919193, 21.116161616161616], [79.20505050505051, 21.116161616161616], [79.20505050505051, 21.106060606060606], [79.21919191919193, 21.106060606060606]]]}, "properties": {"confidence_score": 0.1814, "site_id": "nagpur"}}, {"type": "Feature", "geometry": {"type": "Polygon", "coordinates": [[[79.23333333333333, 21.106060606060606], [79.23333333333333, 21.116161616161616], [79.21919191919191, 21.116161616161616], [79.21919191919191, 21.106060606060606], [79.23333333333333, 21.106060606060606]]]}, "properties": {"confidence_score": 0.2562, "site_id": "nagpur"}}, {"type": "Feature", "geometry": {"type": "Polygon", "coordinates": [[[79.24747474747475, 21.106060606060606], [79.24747474747475, 21.116161616161616], [79.23333333333333, 21.116161616161616], [79.23333333333333, 21.106060606060606], [79.24747474747475, 21.106060606060606]]]}, "properties": {"confidence_score": 0.3815, "site_id": "nagpur"}}, {"type": "Feature", "geometry": {"type": "Polygon", "coordinates": [[[79.26161616161616, 21.106060606060606], [79.26161616161616, 21.116161616161616], [79.24747474747474, 21.116161616161616], [79.24747474747474, 21.106060606060606], [79.26161616161616, 21.106060606060606]]]}, "properties": {"confidence_score": 0.4715, "site_id": "nagpur"}}, {"type": "Feature", "geometry": {"type": "Polygon", "coordinates": [[[79.27575757575758, 21.106060606060606], [79.27575757575758, 21.116161616161616], [79.26161616161616, 21.116161616161616], [79.26161616161616, 21.106060606060606], [79.27575757575758, 21.106060606060606]]]}, "properties": {"confidence_score": 0.4744, "site_id": "nagpur"}}, {"type": "Feature", "geometry": {"type": "Polygon", "coordinates": [[[79.289898989899, 21.106060606060606], [79.289898989899, 21.116161616161616], [79.27575757575758, 21.116161616161616], [79.27575757575758, 21.106060606060606], [79.289898989899, 21.106060606060606]]]}, "properties": {"confidence_score": 0.4307, "site_id": "nagpur"}}, {"type": "Feature", "geometry": {"type": "Polygon", "coordinates": [[[79.3040404040404, 21.106060606060606], [79.3040404040404, 21.116161616161616], [79.28989898989899, 21.116161616161616], [79.28989898989899, 21.106060606060606], [79.3040404040404, 21.106060606060606]]]}, "properties": {"confidence_score": 0.328, "site_id": "nagpur"}}, {"type": "Feature", "geometry": {"type": "Polygon", "coordinates": [[[79.51616161616163, 21.106060606060606], [79.51616161616163, 21.116161616161616], [79.5020202020202, 21.116161616161616], [79.5020202020202, 21.106060606060606], [79.51616161616163, 21.106060606060606]]]}, "properties": {"confidence_score": 0.1918, "site_id": "bhandara"}}, {"type": "Feature", "geometry": {"type": "Polygon", "coordinates": [[[79.53030303030303, 21.106060606060606], [79.53030303030303, 21.116161616161616], [79.51616161616161, 21.116161616161616], [79.51616161616161, 21.106060606060606], [79.53030303030303, 21.106060606060606]]]}, "properties": {"confidence_score": 0.3688, "site_id": "bhandara"}}, {"type": "Feature", "geometry": {"type": "Polygon", "coordinates": [[[79.54444444444445, 21.106060606060606], [79.54444444444445, 21.116161616161616], [79.53030303030303, 21.116161616161616], [79.53030303030303, 21.106060606060606], [79.54444444444445, 21.106060606060606]]]}, "properties": {"confidence_score": 0.6014, "site_id": "bhandara"}}, {"type": "Feature", "geometry": {"type": "Polygon", "coordinates": [[[79.55858585858586, 21.106060606060606], [79.55858585858586, 21.116161616161616], [79.54444444444444, 21.116161616161616], [79.54444444444444, 21.106060606060606], [79.55858585858586, 21.106060606060606]]]}, "properties": {"confidence_score": 0.7035, "site_id": "bhandara"}}, {"type": "Feature", "geometry": {"type": "Polygon", "coordinates": [[[79.57272727272728, 21.106060606060606], [79.57272727272728, 21.116161616161616], [79.55858585858586, 21.116161616161616], [79.55858585858586, 21.106060606060606], [79.57272727272728, 21.106060606060606]]]}, "properties": {"confidence_score": 0.7035, "site_id": "bhandara"}}, {"type": "Feature", "geometry": {"type": "Polygon", "coordinates": [[[79.5868686868687, 21.106060606060606], [79.5868686868687, 21.116161616161616], [79.57272727272728, 21.116161616161616], [79.57272727272728, 21.106060606060606], [79.5868686868687, 21.106060606060606]]]}, "properties": {"confidence_score": 0.5491, "site_id": "bhandara"}}, {"type": "Feature", "geometry": {"type": "Polygon", "coordinates": [[[79.6010101010101, 21.106060606060606], [79.6010101010101, 21.116161616161616], [79.58686868686868, 21.116161616161616], [79.58686868686868, 21.106060606060606], [79.6010101010101, 21.106060606060606]]]}, "properties": {"confidence_score": 0.3088, "site_id": "bhandara"}}, {"type": "Feature", "geometry": {"type": "Polygon", "coordinates": [[[79.61515151515152, 21.106060606060606], [79.61515151515152, 21.116161616161616], [79.6010101010101, 21.116161616161616], [79.6010101010101, 21.106060606060606], [79.61515151515152, 21.106060606060606]]]}, "properties": {"confidence_score": 0.1577, "site_id": "bhandara"}}, {"type": "Feature", "geometry": {"type": "Polygon", "coordinates": [[[79.62929292929293, 21.106060606060606], [79.62929292929293, 21.116161616161616], [79.61515151515151, 21.116161616161616], [79.61515151515151, 21.106060606060606], [79.62929292929293, 21.106060606060606]]]}, "properties": {"confidence_score": 0.075, "site_id": "bhandara"}}, {"type": "Feature", "geometry": {"type": "Polygon", "coordinates": [[[79.64343434343435, 21.106060606060606], [79.64343434343435, 21.116161616161616], [79.62929292929293, 21.116161616161616], [79.62929292929293, 21.106060606060606], [79.64343434343435, 21.106060606060606]]]}, "properties": {"confidence_score": 0.0352, "site_id": "bhandara"}}, {"type": "Feature", "geometry": {"type": "Polygon", "coordinates": [[[79.65757575757576, 21.106060606060606], [79.65757575757576, 21.116161616161616], [79.64343434343434, 21.116161616161616], [79.64343434343434, 21.106060606060606], [79.65757575757576, 21.106060606060606]]]}, "properties": {"confidence_score": 0.0151, "site_id": "bhandara"}}, {"type": "Feature", "geometry": {"type": "Polygon", "coordinates": [[[79.67171717171718, 21.106060606060606], [79.67171717171718, 21.116161616161616], [79.65757575757576, 21.116161616161616], [79.65757575757576, 21.106060606060606], [79.67171717171718, 21.106060606060606]]]}, "properties": {"confidence_score": 0.0123, "site_id": "bhandara"}}, {"type": "Feature", "geometry": {"type": "Polygon", "coordinates": [[[79.6858585858586, 21.106060606060606], [79.6858585858586, 21.116161616161616], [79.67171717171718, 21.116161616161616], [79.67171717171718, 21.106060606060606], [79.6858585858586, 21.106060606060606]]]}, "properties": {"confidence_score": 0.0224, "site_id": "bhandara"}}, {"type": "Feature", "geometry": {"type": "Polygon", "coordinates": [[[79.7, 21.106060606060606], [79.7, 21.116161616161616], [79.68585858585858, 21.116161616161616], [79.68585858585858, 21.106060606060606], [79.7, 21.106060606060606]]]}, "properties": {"confidence_score": 0.067, "site_id": "bhandara"}}, {"type": "Feature", "geometry": {"type": "Polygon", "coordinates": [[[79.71414141414142, 21.106060606060606], [79.71414141414142, 21.116161616161616], [79.7, 21.116161616161616], [79.7, 21.106060606060606], [79.71414141414142, 21.106060606060606]]]}, "properties": {"confidence_score": 0.1173, "site_id": "bhandara"}}, {"type": "Feature", "geometry": {"type": "Polygon", "coordinates": [[[79.72828282828283, 21.106060606060606], [79.72828282828283, 21.116161616161616], [79.71414141414141, 21.116161616161616], [79.71414141414141, 21.106060606060606], [79.72828282828283, 21.106060606060606]]]}, "properties": {"confidence_score": 0.1213, "site_id": "bhandara"}}, {"type": "Feature", "geometry": {"type": "Polygon", "coordinates": [[[79.74242424242425, 21.106060606060606], [79.74242424242425, 21.116161616161616], [79.72828282828283, 21.116161616161616], [79.72828282828283, 21.106060606060606], [79.74242424242425, 21.106060606060606]]]}, "properties": {"confidence_score": 0.0968, "site_id": "bhandara"}}, {"type": "Feature", "geometry": {"type": "Polygon", "coordinates": [[[79.75656565656567, 21.106060606060606], [79.75656565656567, 21.116161616161616], [79.74242424242425, 21.116161616161616], [79.74242424242425, 21.106060606060606], [79.75656565656567, 21.106060606060606]]]}, "properties": {"confidence_score": 0.1619, "site_id": "bhandara"}}, {"type": "Feature", "geometry": {"type": "Polygon", "coordinates": [[[79.77070707070708, 21.106060606060606], [79.77070707070708, 21.116161616161616], [79.75656565656566, 21.116161616161616], [79.75656565656566, 21.106060606060606], [79.77070707070708, 21.106060606060606]]]}, "properties": {"confidence_score": 0.3665, "site_id": "bhandara"}}, {"type": "Feature", "geometry": {"type": "Polygon", "coordinates": [[[79.7848484848485, 21.106060606060606], [79.7848484848485, 21.116161616161616], [79.77070707070708, 21.116161616161616], [79.77070707070708, 21.106060606060606], [79.7848484848485, 21.106060606060606]]]}, "properties": {"confidence_score": 0.5418, "site_id": "bhandara"}}, {"type": "Feature", "geometry": {"type": "Polygon", "coordinates": [[[79.7989898989899, 21.106060606060606], [79.7989898989899, 21.116161616161616], [79.78484848484848, 21.116161616161616], [79.78484848484848, 21.106060606060606], [79.7989898989899, 21.106060606060606]]]}, "properties": {"confidence_score": 0.6573, "site_id": "bhandara"}}, {"type": "Feature", "geometry": {"type": "Polygon", "coordinates": [[[79.00707070707071, 21.116161616161616], [79.00707070707071, 21.126262626262626], [78.99292929292929, 21.126262626262626], [78.99292929292929, 21.116161616161616], [79.00707070707071, 21.116161616161616]]]}, "properties": {"confidence_score": 0.464, "site_id": "nagpur"}}, {"type": "Feature", "geometry": {"type": "Polygon", "coordinates": [[[79.02121212121213, 21.116161616161616], [79.02121212121213, 21.126262626262626], [79.00707070707071, 21.126262626262626], [79.00707070707071, 21.116161616161616], [79.02121212121213, 21.116161616161616]]]}, "properties": {"confidence_score": 0.5473, "site_id": "nagpur"}}, {"type": "Feature", "geometry": {"type": "Polygon", "coordinates": [[[79.03535353535354, 21.116161616161616], [79.03535353535354, 21.126262626262626], [79.02121212121212, 21.126262626262626], [79.02121212121212, 21.116161616161616], [79.03535353535354, 21.116161616161616]]]}, "properties": {"confidence_score": 0.565, "site_id": "nagpur"}}, {"type": "Feature", "geometry": {"type": "Polygon", "coordinates": [[[79.04949494949496, 21.116161616161616], [79.04949494949496, 21.126262626262626], [79.03535353535354, 21.126262626262626], [79.03535353535354, 21.116161616161616], [79.04949494949496, 21.116161616161616]]]}, "properties": {"confidence_score": 0.7138, "site_id": "nagpur"}}, {"type": "Feature", "geometry": {"type": "Polygon", "coordinates": [[[79.06363636363636, 21.116161616161616], [79.06363636363636, 21.126262626262626], [79.04949494949494, 21.126262626262626], [79.04949494949494, 21.116161616161616], [79.06363636363636, 21.116161616161616]]]}, "properties": {"confidence_score": 0.9284, "site_id": "nagpur"}}, {"type": "Feature", "geometry": {"type": "Polygon", "coordinates": [[[79.07777777777778, 21.116161616161616], [79.07777777777778, 21.126262626262626], [79.06363636363636, 21.126262626262626], [79.06363636363636, 21.116161616161616], [79.07777777777778, 21.116161616161616]]]}, "properties": {"confidence_score": 0.8015, "site_id": "nagpur"}}, {"type": "Feature", "geometry": {"type": "Polygon", "coordinates": [[[79.09191919191919, 21.116161616161616], [79.09191919191919, 21.126262626262626], [79.07777777777777, 21.126262626262626], [79.07777777777777, 21.116161616161616], [79.09191919191919, 21.116161616161616]]]}, "properties": {"confidence_score": 0.9187, "site_id": "nagpur"}}, {"type": "Feature", "geometry": {"type": "Polygon", "coordinates": [[[79.10606060606061, 21.116161616161616], [79.10606060606061, 21.126262626262626], [79.09191919191919, 21.126262626262626], [79.09191919191919, 21.116161616161616], [79.10606060606061, 21.116161616161616]]]}, "properties": {"confidence_score": 0.8479, "site_id": "nagpur"}}, {"type": "Feature", "geometry": {"type": "Polygon", "coordinates": [[[79.12020202020203, 21.116161616161616], [79.12020202020203, 21.126262626262626], [79.10606060606061, 21.126262626262626], [79.10606060606061, 21.116161616161616], [79.12020202020203, 21.116161616161616]]]}, "properties": {"confidence_score": 0.9699, "site_id": "nagpur"}}, {"type": "Feature", "geometry": {"type": "Polygon", "coordinates": [[[79.13434343434344, 21.116161616161616], [79.13434343434344, 21.126262626262626], [79.12020202020202, 21.126262626262626], [79.12020202020202, 21.116161616161616], [79.13434343434344, 21.116161616161616]]]}, "properties": {"confidence_score": 0.9686, "site_id": "nagpur"}}, {"type": "Feature", "geometry": {"type": "Polygon", "coordinates": [[[79.14848484848486, 21.116161616161616], [79.14848484848486, 21.126262626262626], [79.13434343434344, 21.126262626262626], [79.13434343434344, 21.116161616161616], [79.14848484848486, 21.116161616161616]]]}, "properties": {"confidence_score": 0.9774, "site_id": "nagpur"}}, {"type": "Feature", "geometry": {"type": "Polygon", "coordinates": [[[79.16262626262626, 21.116161616161616], [79.16262626262626, 21.126262626262626], [79.14848484848484, 21.126262626262626], [79.14848484848484, 21.116161616161616], [79.16262626262626, 21.116161616161616]]]}, "properties": {"confidence_score": 0.7692, "site_id": "nagpur"}}, {"type": "Feature", "geometry": {"type": "Polygon", "coordinates": [[[79.17676767676768, 21.116161616161616], [79.17676767676768, 21.126262626262626], [79.16262626262626, 21.126262626262626], [79.16262626262626, 21.116161616161616], [79.17676767676768, 21.116161616161616]]]}, "properties": {"confidence_score": 0.5194, "site_id": "nagpur"}}, {"type": "Feature", "geometry": {"type": "Polygon", "coordinates": [[[79.19090909090909, 21.116161616161616], [79.19090909090909, 21.126262626262626], [79.17676767676767, 21.126262626262626], [79.17676767676767, 21.116161616161616], [79.19090909090909, 21.116161616161616]]]}, "properties": {"confidence_score": 0.3492, "site_id": "nagpur"}}, {"type": "Feature", "geometry": {"type": "Polygon", "coordinates": [[[79.20505050505051, 21.116161616161616], [79.20505050505051, 21.126262626262626], [79.19090909090909, 21.126262626262626], [79.19090909090909, 21.116161616161616], [79.20505050505051, 21.116161616161616]]]}, "properties": {"confidence_score": 0.1649, "site_id": "nagpur"}}, {"type": "Feature", "geometry": {"type": "Polygon", "coordinates": [[[79.21919191919193, 21.116161616161616], [79.21919191919193, 21.126262626262626], [79.20505050505051, 21.126262626262626], [79.20505050505051, 21.116161616161616], [79.21919191919193, 21.116161616161616]]]}, "properties": {"confidence_score": 0.1764, "site_id": "nagpur"}}, {"type": "Feature", "geometry": {"type": "Polygon", "coordinates": [[[79.23333333333333, 21.116161616161616], [79.23333333333333, 21.126262626262626], [79.21919191919191, 21.126262626262626], [79.21919191919191, 21.116161616161616], [79.23333333333333, 21.116161616161616]]]}, "properties": {"confidence_score": 0.235, "site_id": "nagpur"}}, {"type": "Feature", "geometry": {"type": "Polygon", "coordinates": [[[79.24747474747475, 21.116161616161616], [79.24747474747475, 21.126262626262626], [79.23333333333333, 21.126262626262626], [79.23333333333333, 21.116161616161616], [79.24747474747475, 21.116161616161616]]]}, "properties": {"confidence_score": 0.4804, "site_id": "nagpur"}}, {"type": "Feature", "geometry": {"type": "Polygon", "coordinates": [[[79.26161616161616, 21.116161616161616], [79.26161616161616, 21.126262626262626], [79.24747474747474, 21.126262626262626], [79.24747474747474, 21.116161616161616], [79.26161616161616, 21.116161616161616]]]}, "properties": {"confidence_score": 0.8457, "site_id": "nagpur"}}, {"type": "Feature", "geometry": {"type": "Polygon", "coordinates": [[[79.27575757575758, 21.116161616161616], [79.27575757575758, 21.126262626262626], [79.26161616161616, 21.126262626262626], [79.26161616161616, 21.116161616161616], [79.27575757575758, 21.116161616161616]]]}, "properties": {"confidence_score": 0.6891, "site_id": "nagpur"}}, {"type": "Feature", "geometry": {"type": "Polygon", "coordinates": [[[79.289898989899, 21.116161616161616], [79.289898989899, 21.126262626262626], [79.27575757575758, 21.126262626262626], [79.27575757575758, 21.116161616161616], [79.289898989899, 21.116161616161616]]]}, "properties": {"confidence_score": 0.5144, "site_id": "nagpur"}}, {"type": "Feature", "geometry": {"type": "Polygon", "coordinates": [[[79.3040404040404, 21.116161616161616], [79.3040404040404, 21.126262626262626], [79.28989898989899, 21.126262626262626], [79.28989898989899, 21.116161616161616], [79.3040404040404, 21.116161616161616]]]}, "properties": {"confidence_score": 0.3578, "site_id": "nagpur"}}, {"type": "Feature", "geometry": {"type": "Polygon", "coordinates": [[[79.51616161616163, 21.116161616161616], [79.51616161616163, 21.126262626262626], [79.5020202020202, 21.126262626262626], [79.5020202020202, 21.116161616161616], [79.51616161616163, 21.116161616161616]]]}, "properties": {"confidence_score": 0.2629, "site_id": "bhandara"}}, {"type": "Feature", "geometry": {"type": "Polygon", "coordinates": [[[79.53030303030303, 21.116161616161616], [79.53030303030303, 21.126262626262626], [79.51616161616161, 21.126262626262626], [79.51616161616161, 21.116161616161616], [79.53030303030303, 21.116161616161616]]]}, "properties": {"confidence_score": 0.4814, "site_id": "bhandara"}}, {"type": "Feature", "geometry": {"type": "Polygon", "coordinates": [[[79.54444444444445, 21.116161616161616], [79.54444444444445, 21.126262626262626], [79.53030303030303, 21.126262626262626], [79.53030303030303, 21.116161616161616], [79.54444444444445, 21.116161616161616]]]}, "properties": {"confidence_score": 0.8115, "site_id": "bhandara"}}, {"type": "Feature", "geometry": {"type": "Polygon", "coordinates": [[[79.55858585858586, 21.116161616161616], [79.55858585858586, 21.126262626262626], [79.54444444444444, 21.126262626262626], [79.54444444444444, 21.116161616161616], [79.55858585858586, 21.116161616161616]]]}, "properties": {"confidence_score": 0.8763, "site_id": "bhandara"}}, {"type": "Feature", "geometry": {"type": "Polygon", "coordinates": [[[79.57272727272728, 21.116161616161616], [79.57272727272728, 21.126262626262626], [79.55858585858586, 21.126262626262626], [79.55858585858586, 21.116161616161616], [79.57272727272728, 21.116161616161616]]]}, "properties": {"confidence_score": 0.8853, "site_id": "bhandara"}}, {"type": "Feature", "geometry": {"type": "Polygon", "coordinates": [[[79.5868686868687, 21.116161616161616], [79.5868686868687, 21.126262626262626], [79.57272727272728, 21.126262626262626], [79.57272727272728, 21.116161616161616], [79.5868686868687, 21.116161616161616]]]}, "properties": {"confidence_score": 0.641, "site_id": "bhandara"}}, {"type": "Feature", "geometry": {"type": "Polygon", "coordinates": [[[79.6010101010101, 21.116161616161616], [79.6010101010101, 21.126262626262626], [79.58686868686868, 21.126262626262626], [79.58686868686868, 21.116161616161616], [79.6010101010101, 21.116161616161616]]]}, "properties": {"confidence_score": 0.2769, "site_id": "bhandara"}}, {"type": "Feature", "geometry": {"type": "Polygon", "coordinates": [[[79.61515151515152, 21.116161616161616], [79.61515151515152, 21.126262626262626], [79.6010101010101, 21.126262626262626], [79.6010101010101, 21.116161616161616], [79.61515151515152, 21.116161616161616]]]}, "properties": {"confidence_score": 0.1225, "site_id": "bhandara"}}, {"type": "Feature", "geometry": {"type": "Polygon", "coordinates": [[[79.62929292929293, 21.116161616161616], [79.62929292929293, 21.126262626262626], [79.61515151515151, 21.126262626262626], [79.61515151515151, 21.116161616161616], [79.62929292929293, 21.116161616161616]]]}, "properties": {"confidence_score": 0.068, "site_id": "bhandara"}}, {"type": "Feature", "geometry": {"type": "Polygon", "coordinates": [[[79.64343434343435, 21.116161616161616], [79.64343434343435, 21.126262626262626], [79.62929292929293, 21.126262626262626], [79.62929292929293, 21.116161616161616], [79.64343434343435, 21.116161616161616]]]}, "properties": {"confidence_score": 0.042, "site_id": "bhandara"}}, {"type": "Feature", "geometry": {"type": "Polygon", "coordinates": [[[79.65757575757576, 21.116161616161616], [79.65757575757576, 21.126262626262626], [79.64343434343434, 21.126262626262626], [79.64343434343434, 21.116161616161616], [79.65757575757576, 21.116161616161616]]]}, "properties": {"confidence_score": 0.0221, "site_id": "bhandara"}}, {"type": "Feature", "geometry": {"type": "Polygon", "coordinates": [[[79.67171717171718, 21.116161616161616], [79.67171717171718, 21.126262626262626], [79.65757575757576, 21.126262626262626], [79.65757575757576, 21.116161616161616], [79.67171717171718, 21.116161616161616]]]}, "properties": {"confidence_score": 0.0354, "site_id": "bhandara"}}, {"type": "Feature", "geometry": {"type": "Polygon", "coordinates": [[[79.6858585858586, 21.116161616161616], [79.6858585858586, 21.126262626262626], [79.67171717171718, 21.126262626262626], [79.67171717171718, 21.116161616161616], [79.6858585858586, 21.116161616161616]]]}, "properties": {"confidence_score": 0.065, "site_id": "bhandara"}}, {"type": "Feature", "geometry": {"type": "Polygon", "coordinates": [[[79.7, 21.116161616161616], [79.7, 21.126262626262626], [79.68585858585858, 21.126262626262626], [79.68585858585858, 21.116161616161616], [79.7, 21.116161616161616]]]}, "properties": {"confidence_score": 0.148, "site_id": "bhandara"}}, {"type": "Feature", "geometry": {"type": "Polygon", "coordinates": [[[79.71414141414142, 21.116161616161616], [79.71414141414142, 21.126262626262626], [79.7, 21.126262626262626], [79.7, 21.116161616161616], [79.71414141414142, 21.116161616161616]]]}, "properties": {"confidence_score": 0.2416, "site_id": "bhandara"}}, {"type": "Feature", "geometry": {"type": "Polygon", "coordinates": [[[79.72828282828283, 21.116161616161616], [79.72828282828283, 21.126262626262626], [79.71414141414141, 21.126262626262626], [79.71414141414141, 21.116161616161616], [79.72828282828283, 21.116161616161616]]]}, "properties": {"confidence_score": 0.2394, "site_id": "bhandara"}}, {"type": "Feature", "geometry": {"type": "Polygon", "coordinates": [[[79.74242424242425, 21.116161616161616], [79.74242424242425, 21.126262626262626], [79.72828282828283, 21.126262626262626], [79.72828282828283, 21.116161616161616], [79.74242424242425, 21.116161616161616]]]}, "properties": {"confidence_score": 0.1597, "site_id": "bhandara"}}, {"type": "Feature", "geometry": {"type": "Polygon", "coordinates": [[[79.75656565656567, 21.116161616161616], [79.75656565656567, 21.126262626262626], [79.74242424242425, 21.126262626262626], [79.74242424242425, 21.116161616161616], [79.75656565656567, 21.116161616161616]]]}, "properties": {"confidence_score": 0.1869, "site_id": "bhandara"}}, {"type": "Feature", "geometry": {"type": "Polygon", "coordinates": [[[79.77070707070708, 21.116161616161616], [79.77070707070708, 21.126262626262626], [79.75656565656566, 21.126262626262626], [79.75656565656566, 21.116161616161616], [79.77070707070708, 21.116161616161616]]]}, "properties": {"confidence_score": 0.4062, "site_id": "bhandara"}}, {"type": "Feature", "geometry": {"type": "Polygon", "coordinates": [[[79.7848484848485, 21.116161616161616], [79.7848484848485, 21.126262626262626], [79.77070707070708, 21.126262626262626], [79.77070707070708, 21.116161616161616], [79.7848484848485, 21.116161616161616]]]}, "properties": {"confidence_score": 0.6102, "site_id": "bhandara"}}, {"type": "Feature", "geometry": {"type": "Polygon", "coordinates": [[[79.7989898989899, 21.116161616161616], [79.7989898989899, 21.126262626262626], [79.78484848484848, 21.126262626262626], [79.78484848484848, 21.116161616161616], [79.7989898989899, 21.116161616161616]]]}, "properties": {"confidence_score": 0.8138, "site_id": "bhandara"}}, {"type": "Feature", "geometry": {"type": "Polygon", "coordinates": [[[79.00707070707071, 21.126262626262626], [79.00707070707071, 21.136363636363637], [78.99292929292929, 21.136363636363637], [78.99292929292929, 21.126262626262626], [79.00707070707071, 21.126262626262626]]]}, "properties": {"confidence_score": 0.4116, "site_id": "nagpur"}}, {"type": "Feature", "geometry": {"type": "Polygon", "coordinates": [[[79.02121212121213, 21.126262626262626], [79.02121212121213, 21.136363636363637], [79.00707070707071, 21.136363636363637], [79.00707070707071, 21.126262626262626], [79.02121212121213, 21.126262626262626]]]}, "properties": {"confidence_score": 0.4474, "site_id": "nagpur"}}, {"type": "Feature", "geometry": {"type": "Polygon", "coordinates": [[[79.03535353535354, 21.126262626262626], [79.03535353535354, 21.136363636363637], [79.02121212121212, 21.136363636363637], [79.02121212121212, 21.126262626262626], [79.03535353535354, 21.126262626262626]]]}, "properties": {"confidence_score": 0.4795, "site_id": "nagpur"}}, {"type": "Feature", "geometry": {"type": "Polygon", "coordinates": [[[79.04949494949496, 21.126262626262626], [79.04949494949496, 21.136363636363637], [79.03535353535354, 21.136363636363637], [79.03535353535354, 21.126262626262626], [79.04949494949496, 21.126262626262626]]]}, "properties": {"confidence_score": 0.688, "site_id": "nagpur"}}, {"type": "Feature", "geometry": {"type": "Polygon", "coordinates": [[[79.06363636363636, 21.126262626262626], [79.06363636363636, 21.136363636363637], [79.04949494949494, 21.136363636363637], [79.04949494949494, 21.126262626262626], [79.06363636363636, 21.126262626262626]]]}, "properties": {"confidence_score": 0.9018, "site_id": "nagpur"}}, {"type": "Feature", "geometry": {"type": "Polygon", "coordinates": [[[79.07777777777778, 21.126262626262626], [79.07777777777778, 21.136363636363637], [79.06363636363636, 21.136363636363637], [79.06363636363636, 21.126262626262626], [79.07777777777778, 21.126262626262626]]]}, "properties": {"confidence_score": 0.8098, "site_id": "nagpur"}}, {"type": "Feature", "geometry": {"type": "Polygon", "coordinates": [[[79.09191919191919, 21.126262626262626], [79.09191919191919, 21.136363636363637], [79.07777777777777, 21.136363636363637], [79.07777777777777, 21.126262626262626], [79.09191919191919, 21.126262626262626]]]}, "properties": {"confidence_score": 0.7654, "site_id": "nagpur"}}, {"type": "Feature", "geometry": {"type": "Polygon", "coordinates": [[[79.10606060606061, 21.126262626262626], [79.10606060606061, 21.136363636363637], [79.09191919191919, 21.136363636363637], [79.09191919191919, 21.126262626262626], [79.10606060606061, 21.126262626262626]]]}, "properties": {"confidence_score": 0.8067, "site_id": "nagpur"}}, {"type": "Feature", "geometry": {"type": "Polygon", "coordinates": [[[79.12020202020203, 21.126262626262626], [79.12020202020203, 21.136363636363637], [79.10606060606061, 21.136363636363637], [79.10606060606061, 21.126262626262626], [79.12020202020203, 21.126262626262626]]]}, "properties": {"confidence_score": 0.9394, "site_id": "nagpur"}}, {"type": "Feature", "geometry": {"type": "Polygon", "coordinates": [[[79.13434343434344, 21.126262626262626], [79.13434343434344, 21.136363636363637], [79.12020202020202, 21.136363636363637], [79.12020202020202, 21.126262626262626], [79.13434343434344, 21.126262626262626]]]}, "properties": {"confidence_score": 0.9625, "site_id": "nagpur"}}, {"type": "Feature", "geometry": {"type": "Polygon", "coordinates": [[[79.14848484848486, 21.126262626262626], [79.14848484848486, 21.136363636363637], [79.13434343434344, 21.136363636363637], [79.13434343434344, 21.126262626262626], [79.14848484848486, 21.126262626262626]]]}, "properties": {"confidence_score": 0.9603, "site_id": "nagpur"}}, {"type": "Feature", "geometry": {"type": "Polygon", "coordinates": [[[79.16262626262626, 21.126262626262626], [79.16262626262626, 21.136363636363637], [79.14848484848484, 21.136363636363637], [79.14848484848484, 21.126262626262626], [79.16262626262626, 21.126262626262626]]]}, "properties": {"confidence_score": 0.8433, "site_id": "nagpur"}}, {"type": "Feature", "geometry": {"type": "Polygon", "coordinates": [[[79.17676767676768, 21.126262626262626], [79.17676767676768, 21.136363636363637], [79.16262626262626, 21.136363636363637], [79.16262626262626, 21.126262626262626], [79.17676767676768, 21.126262626262626]]]}, "properties": {"confidence_score": 0.6963, "site_id": "nagpur"}}, {"type": "Feature", "geometry": {"type": "Polygon", "coordinates": [[[79.19090909090909, 21.126262626262626], [79.19090909090909, 21.136363636363637], [79.17676767676767, 21.136363636363637], [79.17676767676767, 21.126262626262626], [79.19090909090909, 21.126262626262626]]]}, "properties": {"confidence_score": 0.4896, "site_id": "nagpur"}}, {"type": "Feature", "geometry": {"type": "Polygon", "coordinates": [[[79.20505050505051, 21.126262626262626], [79.20505050505051, 21.136363636363637], [79.19090909090909, 21.136363636363637], [79.19090909090909, 21.126262626262626], [79.20505050505051, 21.126262626262626]]]}, "properties": {"confidence_score": 0.2812, "site_id": "nagpur"}}, {"type": "Feature", "geometry": {"type": "Polygon", "coordinates": [[[79.21919191919193, 21.126262626262626], [79.21919191919193, 21.136363636363637], [79.20505050505051, 21.136363636363637], [79.20505050505051, 21.126262626262626], [79.21919191919193, 21.126262626262626]]]}, "properties": {"confidence_score": 0.2329, "site_id": "nagpur"}}, {"type": "Feature", "geometry": {"type": "Polygon", "coordinates": [[[79.23333333333333, 21.126262626262626], [79.23333333333333, 21.136363636363637], [79.21919191919191, 21.136363636363637], [79.21919191919191, 21.126262626262626], [79.23333333333333, 21.126262626262626]]]}, "properties": {"confidence_score": 0.2959, "site_id": "nagpur"}}, {"type": "Feature", "geometry": {"type": "Polygon", "coordinates": [[[79.24747474747475, 21.126262626262626], [79.24747474747475, 21.136363636363637], [79.23333333333333, 21.136363636363637], [79.23333333333333, 21.126262626262626], [79.24747474747475, 21.126262626262626]]]}, "properties": {"confidence_score": 0.5365, "site_id": "nagpur"}}, {"type": "Feature", "geometry": {"type": "Polygon", "coordinates": [[[79.26161616161616, 21.126262626262626], [79.26161616161616, 21.136363636363637], [79.24747474747474, 21.136363636363637], [79.24747474747474, 21.126262626262626], [79.26161616161616, 21.126262626262626]]]}, "properties": {"confidence_score": 0.8517, "site_id": "nagpur"}}, {"type": "Feature", "geometry": {"type": "Polygon", "coordinates": [[[79.27575757575758, 21.126262626262626], [79.27575757575758, 21.136363636363637], [79.26161616161616, 21.136363636363637], [79.26161616161616, 21.126262626262626], [79.27575757575758, 21.126262626262626]]]}, "properties": {"confidence_score": 0.7537, "site_id": "nagpur"}}, {"type": "Feature", "geometry": {"type": "Polygon", "coordinates": [[[79.289898989899, 21.126262626262626], [79.289898989899, 21.136363636363637], [79.27575757575758, 21.136363636363637], [79.27575757575758, 21.126262626262626], [79.289898989899, 21.126262626262626]]]}, "properties": {"confidence_score": 0.5424, "site_id": "nagpur"}}, {"type": "Feature", "geometry": {"type": "Polygon", "coordinates": [[[79.3040404040404, 21.126262626262626], [79.3040404040404, 21.136363636363637], [79.28989898989899, 21.136363636363637], [79.28989898989899, 21.126262626262626], [79.3040404040404, 21.126262626262626]]]}, "properties": {"confidence_score": 0.3671, "site_id": "nagpur"}}, {"type": "Feature", "geometry": {"type": "Polygon", "coordinates": [[[79.51616161616163, 21.126262626262626], [79.51616161616163, 21.136363636363637], [79.5020202020202, 21.136363636363637], [79.5020202020202, 21.126262626262626], [79.51616161616163, 21.126262626262626]]]}, "properties": {"confidence_score": 0.3723, "site_id": "bhandara"}}, {"type": "Feature", "geometry": {"type": "Polygon", "coordinates": [[[79.53030303030303, 21.126262626262626], [79.53030303030303, 21.136363636363637], [79.51616161616161, 21.136363636363637], [79.51616161616161, 21.126262626262626], [79.53030303030303, 21.126262626262626]]]}, "properties": {"confidence_score": 0.5877, "site_id": "bhandara"}}, {"type": "Feature", "geometry": {"type": "Polygon", "coordinates": [[[79.54444444444445, 21.126262626262626], [79.54444444444445, 21.136363636363637], [79.53030303030303, 21.136363636363637], [79.53030303030303, 21.126262626262626], [79.54444444444445, 21.126262626262626]]]}, "properties": {"confidence_score": 0.8513, "site_id": "bhandara"}}, {"type": "Feature", "geometry": {"type": "Polygon", "coordinates": [[[79.55858585858586, 21.126262626262626], [79.55858585858586, 21.136363636363637], [79.54444444444444, 21.136363636363637], [79.54444444444444, 21.126262626262626], [79.55858585858586, 21.126262626262626]]]}, "properties": {"confidence_score": 0.8696, "site_id": "bhandara"}}, {"type": "Feature", "geometry": {"type": "Polygon", "coordinates": [[[79.57272727272728, 21.126262626262626], [79.57272727272728, 21.136363636363637], [79.55858585858586, 21.136363636363637], [79.55858585858586, 21.126262626262626], [79.57272727272728, 21.126262626262626]]]}, "properties": {"confidence_score": 0.7281, "site_id": "bhandara"}}, {"type": "Feature", "geometry": {"type": "Polygon", "coordinates": [[[79.5868686868687, 21.126262626262626], [79.5868686868687, 21.136363636363637], [79.57272727272728, 21.136363636363637], [79.57272727272728, 21.126262626262626], [79.5868686868687, 21.126262626262626]]]}, "properties": {"confidence_score": 0.4927, "site_id": "bhandara"}}, {"type": "Feature", "geometry": {"type": "Polygon", "coordinates": [[[79.6010101010101, 21.126262626262626], [79.6010101010101, 21.136363636363637], [79.58686868686868, 21.136363636363637], [79.58686868686868, 21.126262626262626], [79.6010101010101, 21.126262626262626]]]}, "properties": {"confidence_score": 0.2143, "site_id": "bhandara"}}, {"type": "Feature", "geometry": {"type": "Polygon", "coordinates": [[[79.61515151515152, 21.126262626262626], [79.61515151515152, 21.136363636363637], [79.6010101010101, 21.136363636363637], [79.6010101010101, 21.126262626262626], [79.61515151515152, 21.126262626262626]]]}, "properties": {"confidence_score": 0.11, "site_id": "bhandara"}}, {"type": "Feature", "geometry": {"type": "Polygon", "coordinates": [[[79.62929292929293, 21.126262626262626], [79.62929292929293, 21.136363636363637], [79.61515151515151, 21.136363636363637], [79.61515151515151, 21.126262626262626], [79.62929292929293, 21.126262626262626]]]}, "properties": {"confidence_score": 0.1063, "site_id": "bhandara"}}, {"type": "Feature", "geometry": {"type": "Polygon", "coordinates": [[[79.64343434343435, 21.126262626262626], [79.64343434343435, 21.136363636363637], [79.62929292929293, 21.136363636363637], [79.62929292929293, 21.126262626262626], [79.64343434343435, 21.126262626262626]]]}, "properties": {"confidence_score": 0.0966, "site_id": "bhandara"}}, {"type": "Feature", "geometry": {"type": "Polygon", "coordinates": [[[79.65757575757576, 21.126262626262626], [79.65757575757576, 21.136363636363637], [79.64343434343434, 21.136363636363637], [79.64343434343434, 21.126262626262626], [79.65757575757576, 21.126262626262626]]]}, "properties": {"confidence_score": 0.0699, "site_id": "bhandara"}}, {"type": "Feature", "geometry": {"type": "Polygon", "coordinates": [[[79.67171717171718, 21.126262626262626], [79.67171717171718, 21.136363636363637], [79.65757575757576, 21.136363636363637], [79.65757575757576, 21.126262626262626], [79.67171717171718, 21.126262626262626]]]}, "properties": {"confidence_score": 0.1043, "site_id": "bhandara"}}, {"type": "Feature", "geometry": {"type": "Polygon", "coordinates": [[[79.6858585858586, 21.126262626262626], [79.6858585858586, 21.136363636363637], [79.67171717171718, 21.136363636363637], [79.67171717171718, 21.126262626262626], [79.6858585858586, 21.126262626262626]]]}, "properties": {"confidence_score": 0.2158, "site_id": "bhandara"}}, {"type": "Feature", "geometry": {"type": "Polygon", "coordinates": [[[79.7, 21.126262626262626], [79.7, 21.136363636363637], [79.68585858585858, 21.136363636363637], [79.68585858585858, 21.126262626262626], [79.7, 21.126262626262626]]]}, "properties": {"confidence_score": 0.3493, "site_id": "bhandara"}}, {"type": "Feature", "geometry": {"type": "Polygon", "coordinates": [[[79.71414141414142, 21.126262626262626], [79.71414141414142, 21.136363636363637], [79.7, 21.136363636363637], [79.7, 21.126262626262626], [79.71414141414142, 21.126262626262626]]]}, "properties": {"confidence_score": 0.486, "site_id": "bhandara"}}, {"type": "Feature", "geometry": {"type": "Polygon", "coordinates": [[[79.72828282828283, 21.126262626262626], [79.72828282828283, 21.136363636363637], [79.71414141414141, 21.136363636363637], [79.71414141414141, 21.126262626262626], [79.72828282828283, 21.126262626262626]]]}, "properties": {"confidence_score": 0.4766, "site_id": "bhandara"}}, {"type": "Feature", "geometry": {"type": "Polygon", "coordinates": [[[79.74242424242425, 21.126262626262626], [79.74242424242425, 21.136363636363637], [79.72828282828283, 21.136363636363637], [79.72828282828283, 21.126262626262626], [79.74242424242425, 21.126262626262626]]]}, "properties": {"confidence_score": 0.3311, "site_id": "bhandara"}}, {"type": "Feature", "geometry": {"type": "Polygon", "coordinates": [[[79.75656565656567, 21.126262626262626], [79.75656565656567, 21.136363636363637], [79.74242424242425, 21.136363636363637], [79.74242424242425, 21.126262626262626], [79.75656565656567, 21.126262626262626]]]}, "properties": {"confidence_score": 0.2934, "site_id": "bhandara"}}, {"type": "Feature", "geometry": {"type": "Polygon", "coordinates": [[[79.77070707070708, 21.126262626262626], [79.77070707070708, 21.136363636363637], [79.75656565656566, 21.136363636363637], [79.75656565656566, 21.126262626262626], [79.77070707070708, 21.126262626262626]]]}, "properties": {"confidence_score": 0.4186, "site_id": "bhandara"}}, {"type": "Feature", "geometry": {"type": "Polygon", "coordinates": [[[79.7848484848485, 21.126262626262626], [79.7848484848485, 21.136363636363637], [79.77070707070708, 21.136363636363637], [79.77070707070708, 21.126262626262626], [79.7848484848485, 21.126262626262626]]]}, "properties": {"confidence_score": 0.6053, "site_id": "bhandara"}}, {"type": "Feature", "geometry": {"type": "Polygon", "coordinates": [[[79.7989898989899, 21.126262626262626], [79.7989898989899, 21.136363636363637], [79.78484848484848, 21.136363636363637], [79.78484848484848, 21.126262626262626], [79.7989898989899, 21.126262626262626]]]}, "properties": {"confidence_score": 0.8364, "site_id": "bhandara"}}, {"type": "Feature", "geometry": {"type": "Polygon", "coordinates": [[[79.00707070707071, 21.136363636363637], [79.00707070707071, 21.146464646464647], [78.99292929292929, 21.146464646464647], [78.99292929292929, 21.136363636363637], [79.00707070707071, 21.136363636363637]]]}, "properties": {"confidence_score": 0.4323, "site_id": "nagpur"}}, {"type": "Feature", "geometry": {"type": "Polygon", "coordinates": [[[79.02121212121213, 21.136363636363637], [79.02121212121213, 21.146464646464647], [79.00707070707071, 21.146464646464647], [79.00707070707071, 21.136363636363637], [79.02121212121213, 21.136363636363637]]]}, "properties": {"confidence_score": 0.4657, "site_id": "nagpur"}}, {"type": "Feature", "geometry": {"type": "Polygon", "coordinates": [[[79.03535353535354, 21.136363636363637], [79.03535353535354, 21.146464646464647], [79.02121212121212, 21.146464646464647], [79.02121212121212, 21.136363636363637], [79.03535353535354, 21.136363636363637]]]}, "properties": {"confidence_score": 0.3854, "site_id": "nagpur"}}, {"type": "Feature", "geometry": {"type": "Polygon", "coordinates": [[[79.04949494949496, 21.136363636363637], [79.04949494949496, 21.146464646464647], [79.03535353535354, 21.146464646464647], [79.03535353535354, 21.136363636363637], [79.04949494949496, 21.136363636363637]]]}, "properties": {"confidence_score": 0.6546, "site_id": "nagpur"}}, {"type": "Feature", "geometry": {"type": "Polygon", "coordinates": [[[79.06363636363636, 21.136363636363637], [79.06363636363636, 21.146464646464647], [79.04949494949494, 21.146464646464647], [79.04949494949494, 21.136363636363637], [79.06363636363636, 21.136363636363637]]]}, "properties": {"confidence_score": 0.9503, "site_id": "nagpur"}}, {"type": "Feature", "geometry": {"type": "Polygon", "coordinates": [[[79.07777777777778, 21.136363636363637], [79.07777777777778, 21.146464646464647], [79.06363636363636, 21.146464646464647], [79.06363636363636, 21.136363636363637], [79.07777777777778, 21.136363636363637]]]}, "properties": {"confidence_score": 0.6929, "site_id": "nagpur"}}, {"type": "Feature", "geometry": {"type": "Polygon", "coordinates": [[[79.09191919191919, 21.136363636363637], [79.09191919191919, 21.146464646464647], [79.07777777777777, 21.146464646464647], [79.07777777777777, 21.136363636363637], [79.09191919191919, 21.136363636363637]]]}, "properties": {"confidence_score": 0.4929, "site_id": "nagpur"}}, {"type": "Feature", "geometry": {"type": "Polygon", "coordinates": [[[79.10606060606061, 21.136363636363637], [79.10606060606061, 21.146464646464647], [79.09191919191919, 21.146464646464647], [79.09191919191919, 21.136363636363637], [79.10606060606061, 21.136363636363637]]]}, "properties": {"confidence_score": 0.6775, "site_id": "nagpur"}}, {"type": "Feature", "geometry": {"type": "Polygon", "coordinates": [[[79.12020202020203, 21.136363636363637], [79.12020202020203, 21.146464646464647], [79.10606060606061, 21.146464646464647], [79.10606060606061, 21.136363636363637], [79.12020202020203, 21.136363636363637]]]}, "properties": {"confidence_score": 0.9489, "site_id": "nagpur"}}, {"type": "Feature", "geometry": {"type": "Polygon", "coordinates": [[[79.13434343434344, 21.136363636363637], [79.13434343434344, 21.146464646464647], [79.12020202020202, 21.146464646464647], [79.12020202020202, 21.136363636363637], [79.13434343434344, 21.136363636363637]]]}, "properties": {"confidence_score": 0.9157, "site_id": "nagpur"}}, {"type": "Feature", "geometry": {"type": "Polygon", "coordinates": [[[79.14848484848486, 21.136363636363637], [79.14848484848486, 21.146464646464647], [79.13434343434344, 21.146464646464647], [79.13434343434344, 21.136363636363637], [79.14848484848486, 21.136363636363637]]]}, "properties": {"confidence_score": 0.9732, "site_id": "nagpur"}}, {"type": "Feature", "geometry": {"type": "Polygon", "coordinates": [[[79.16262626262626, 21.136363636363637], [79.16262626262626, 21.146464646464647], [79.14848484848484, 21.146464646464647], [79.14848484848484, 21.136363636363637], [79.16262626262626, 21.136363636363637]]]}, "properties": {"confidence_score": 0.898, "site_id": "nagpur"}}, {"type": "Feature", "geometry": {"type": "Polygon", "coordinates": [[[79.17676767676768, 21.136363636363637], [79.17676767676768, 21.146464646464647], [79.16262626262626, 21.146464646464647], [79.16262626262626, 21.136363636363637], [79.17676767676768, 21.136363636363637]]]}, "properties": {"confidence_score": 0.9369, "site_id": "nagpur"}}, {"type": "Feature", "geometry": {"type": "Polygon", "coordinates": [[[79.19090909090909, 21.136363636363637], [79.19090909090909, 21.146464646464647], [79.17676767676767, 21.146464646464647], [79.17676767676767, 21.136363636363637], [79.19090909090909, 21.136363636363637]]]}, "properties": {"confidence_score": 0.6665, "site_id": "nagpur"}}, {"type": "Feature", "geometry": {"type": "Polygon", "coordinates": [[[79.20505050505051, 21.136363636363637], [79.20505050505051, 21.146464646464647], [79.19090909090909, 21.146464646464647], [79.19090909090909, 21.136363636363637], [79.20505050505051, 21.136363636363637]]]}, "properties": {"confidence_score": 0.3956, "site_id": "nagpur"}}, {"type": "Feature", "geometry": {"type": "Polygon", "coordinates": [[[79.21919191919193, 21.136363636363637], [79.21919191919193, 21.146464646464647], [79.20505050505051, 21.146464646464647], [79.20505050505051, 21.136363636363637], [79.21919191919193, 21.136363636363637]]]}, "properties": {"confidence_score": 0.3181, "site_id": "nagpur"}}, {"type": "Feature", "geometry": {"type": "Polygon", "coordinates": [[[79.23333333333333, 21.136363636363637], [79.23333333333333, 21.146464646464647], [79.21919191919191, 21.146464646464647], [79.21919191919191, 21.136363636363637], [79.23333333333333, 21.136363636363637]]]}, "properties": {"confidence_score": 0.3196, "site_id": "nagpur"}}, {"type": "Feature", "geometry": {"type": "Polygon", "coordinates": [[[79.24747474747475, 21.136363636363637], [79.24747474747475, 21.146464646464647], [79.23333333333333, 21.146464646464647], [79.23333333333333, 21.136363636363637], [79.24747474747475, 21.136363636363637]]]}, "properties": {"confidence_score": 0.5031, "site_id": "nagpur"}}, {"type": "Feature", "geometry": {"type": "Polygon", "coordinates": [[[79.26161616161616, 21.136363636363637], [79.26161616161616, 21.146464646464647], [79.24747474747474, 21.146464646464647], [79.24747474747474, 21.136363636363637], [79.26161616161616, 21.136363636363637]]]}, "properties": {"confidence_score": 0.8626, "site_id": "nagpur"}}, {"type": "Feature", "geometry": {"type": "Polygon", "coordinates": [[[79.27575757575758, 21.136363636363637], [79.27575757575758, 21.146464646464647], [79.26161616161616, 21.146464646464647], [79.26161616161616, 21.136363636363637], [79.27575757575758, 21.136363636363637]]]}, "properties": {"confidence_score": 0.6917, "site_id": "nagpur"}}, {"type": "Feature", "geometry": {"type": "Polygon", "coordinates": [[[79.289898989899, 21.136363636363637], [79.289898989899, 21.146464646464647], [79.27575757575758, 21.146464646464647], [79.27575757575758, 21.136363636363637], [79.289898989899, 21.136363636363637]]]}, "properties": {"confidence_score": 0.5137, "site_id": "nagpur"}}, {"type": "Feature", "geometry": {"type": "Polygon", "coordinates": [[[79.3040404040404, 21.136363636363637], [79.3040404040404, 21.146464646464647], [79.28989898989899, 21.146464646464647], [79.28989898989899, 21.136363636363637], [79.3040404040404, 21.136363636363637]]]}, "properties": {"confidence_score": 0.3424, "site_id": "nagpur"}}, {"type": "Feature", "geometry": {"type": "Polygon", "coordinates": [[[79.51616161616163, 21.136363636363637], [79.51616161616163, 21.146464646464647], [79.5020202020202, 21.146464646464647], [79.5020202020202, 21.136363636363637], [79.51616161616163, 21.136363636363637]]]}, "properties": {"confidence_score": 0.4713, "site_id": "bhandara"}}, {"type": "Feature", "geometry": {"type": "Polygon", "coordinates": [[[79.53030303030303, 21.136363636363637], [79.53030303030303, 21.146464646464647], [79.51616161616161, 21.146464646464647], [79.51616161616161, 21.136363636363637], [79.53030303030303, 21.136363636363637]]]}, "properties": {"confidence_score": 0.6655, "site_id": "bhandara"}}, {"type": "Feature", "geometry": {"type": "Polygon", "coordinates": [[[79.54444444444445, 21.136363636363637], [79.54444444444445, 21.146464646464647], [79.53030303030303, 21.146464646464647], [79.53030303030303, 21.136363636363637], [79.54444444444445, 21.136363636363637]]]}, "properties": {"confidence_score": 0.8841, "site_id": "bhandara"}}, {"type": "Feature", "geometry": {"type": "Polygon", "coordinates": [[[79.55858585858586, 21.136363636363637], [79.55858585858586, 21.146464646464647], [79.54444444444444, 21.146464646464647], [79.54444444444444, 21.136363636363637], [79.55858585858586, 21.136363636363637]]]}, "properties": {"confidence_score": 0.81, "site_id": "bhandara"}}, {"type": "Feature", "geometry": {"type": "Polygon", "coordinates": [[[79.57272727272728, 21.136363636363637], [79.57272727272728, 21.146464646464647], [79.55858585858586, 21.146464646464647], [79.55858585858586, 21.136363636363637], [79.57272727272728, 21.136363636363637]]]}, "properties": {"confidence_score": 0.4881, "site_id": "bhandara"}}, {"type": "Feature", "geometry": {"type": "Polygon", "coordinates": [[[79.5868686868687, 21.136363636363637], [79.5868686868687, 21.146464646464647], [79.57272727272728, 21.146464646464647], [79.57272727272728, 21.136363636363637], [79.5868686868687, 21.136363636363637]]]}, "properties": {"confidence_score": 0.2934, "site_id": "bhandara"}}, {"type": "Feature", "geometry": {"type": "Polygon", "coordinates": [[[79.6010101010101, 21.136363636363637], [79.6010101010101, 21.146464646464647], [79.58686868686868, 21.146464646464647], [79.58686868686868, 21.136363636363637], [79.6010101010101, 21.136363636363637]]]}, "properties": {"confidence_score": 0.1423, "site_id": "bhandara"}}, {"type": "Feature", "geometry": {"type": "Polygon", "coordinates": [[[79.61515151515152, 21.136363636363637], [79.61515151515152, 21.146464646464647], [79.6010101010101, 21.146464646464647], [79.6010101010101, 21.136363636363637], [79.61515151515152, 21.136363636363637]]]}, "properties": {"confidence_score": 0.1395, "site_id": "bhandara"}}, {"type": "Feature", "geometry": {"type": "Polygon", "coordinates": [[[79.62929292929293, 21.136363636363637], [79.62929292929293, 21.146464646464647], [79.61515151515151, 21.146464646464647], [79.61515151515151, 21.136363636363637], [79.62929292929293, 21.136363636363637]]]}, "properties": {"confidence_score": 0.2107, "site_id": "bhandara"}}, {"type": "Feature", "geometry": {"type": "Polygon", "coordinates": [[[79.64343434343435, 21.136363636363637], [79.64343434343435, 21.146464646464647], [79.62929292929293, 21.146464646464647], [79.62929292929293, 21.136363636363637], [79.64343434343435, 21.136363636363637]]]}, "properties": {"confidence_score": 0.2209, "site_id": "bhandara"}}, {"type": "Feature", "geometry": {"type": "Polygon", "coordinates": [[[79.65757575757576, 21.136363636363637], [79.65757575757576, 21.146464646464647], [79.64343434343434, 21.146464646464647], [79.64343434343434, 21.136363636363637], [79.65757575757576, 21.136363636363637]]]}, "properties": {"confidence_score": 0.1614, "site_id": "bhandara"}}, {"type": "Feature", "geometry": {"type": "Polygon", "coordinates": [[[79.67171717171718, 21.136363636363637], [79.67171717171718, 21.146464646464647], [79.65757575757576, 21.146464646464647], [79.65757575757576, 21.136363636363637], [79.67171717171718, 21.136363636363637]]]}, "properties": {"confidence_score": 0.2039, "site_id": "bhandara"}}, {"type": "Feature", "geometry": {"type": "Polygon", "coordinates": [[[79.6858585858586, 21.136363636363637], [79.6858585858586, 21.146464646464647], [79.67171717171718, 21.146464646464647], [79.67171717171718, 21.136363636363637], [79.6858585858586, 21.136363636363637]]]}, "properties": {"confidence_score": 0.4015, "site_id": "bhandara"}}, {"type": "Feature", "geometry": {"type": "Polygon", "coordinates": [[[79.7, 21.136363636363637], [79.7, 21.146464646464647], [79.68585858585858, 21.146464646464647], [79.68585858585858, 21.136363636363637], [79.7, 21.136363636363637]]]}, "properties": {"confidence_score": 0.5697, "site_id": "bhandara"}}, {"type": "Feature", "geometry": {"type": "Polygon", "coordinates": [[[79.71414141414142, 21.136363636363637], [79.71414141414142, 21.146464646464647], [79.7, 21.146464646464647], [79.7, 21.136363636363637], [79.71414141414142, 21.136363636363637]]]}, "properties": {"confidence_score": 0.7692, "site_id": "bhandara"}}, {"type": "Feature", "geometry": {"type": "Polygon", "coordinates": [[[79.72828282828283, 21.136363636363637], [79.72828282828283, 21.146464646464647], [79.71414141414141, 21.146464646464647], [79.71414141414141, 21.136363636363637], [79.72828282828283, 21.136363636363637]]]}, "properties": {"confidence_score": 0.7566, "site_id": "bhandara"}}, {"type": "Feature", "geometry": {"type": "Polygon", "coordinates": [[[79.74242424242425, 21.136363636363637], [79.74242424242425, 21.146464646464647], [79.72828282828283, 21.146464646464647], [79.72828282828283, 21.136363636363637], [79.74242424242425, 21.136363636363637]]]}, "properties": {"confidence_score": 0.51, "site_id": "bhandara"}}, {"type": "Feature", "geometry": {"type": "Polygon", "coordinates": [[[79.75656565656567, 21.136363636363637], [79.75656565656567, 21.146464646464647], [79.74242424242425, 21.146464646464647], [79.74242424242425, 21.136363636363637], [79.75656565656567, 21.136363636363637]]]}, "properties": {"confidence_score": 0.394, "site_id": "bhandara"}}, {"type": "Feature", "geometry": {"type": "Polygon", "coordinates": [[[79.77070707070708, 21.136363636363637], [79.77070707070708, 21.146464646464647], [79.75656565656566, 21.146464646464647], [79.75656565656566, 21.136363636363637], [79.77070707070708, 21.136363636363637]]]}, "properties": {"confidence_score": 0.4002, "site_id": "bhandara"}}, {"type": "Feature", "geometry": {"type": "Polygon", "coordinates": [[[79.7848484848485, 21.136363636363637], [79.7848484848485, 21.146464646464647], [79.77070707070708, 21.146464646464647], [79.77070707070708, 21.136363636363637], [79.7848484848485, 21.136363636363637]]]}, "properties": {"confidence_score": 0.5366, "site_id": "bhandara"}}, {"type": "Feature", "geometry": {"type": "Polygon", "coordinates": [[[79.7989898989899, 21.136363636363637], [79.7989898989899, 21.146464646464647], [79.78484848484848, 21.146464646464647], [79.78484848484848, 21.136363636363637], [79.7989898989899, 21.136363636363637]]]}, "properties": {"confidence_score": 0.7996, "site_id": "bhandara"}}, {"type": "Feature", "geometry": {"type": "Polygon", "coordinates": [[[79.00707070707071, 21.146464646464647], [79.00707070707071, 21.156565656565657], [78.99292929292929, 21.156565656565657], [78.99292929292929, 21.146464646464647], [79.00707070707071, 21.146464646464647]]]}, "properties": {"confidence_score": 0.6288, "site_id": "nagpur"}}, {"type": "Feature", "geometry": {"type": "Polygon", "coordinates": [[[79.02121212121213, 21.146464646464647], [79.02121212121213, 21.156565656565657], [79.00707070707071, 21.156565656565657], [79.00707070707071, 21.146464646464647], [79.02121212121213, 21.146464646464647]]]}, "properties": {"confidence_score": 0.635, "site_id": "nagpur"}}, {"type": "Feature", "geometry": {"type": "Polygon", "coordinates": [[[79.03535353535354, 21.146464646464647], [79.03535353535354, 21.156565656565657], [79.02121212121212, 21.156565656565657], [79.02121212121212, 21.146464646464647], [79.03535353535354, 21.146464646464647]]]}, "properties": {"confidence_score": 0.6042, "site_id": "nagpur"}}, {"type": "Feature", "geometry": {"type": "Polygon", "coordinates": [[[79.04949494949496, 21.146464646464647], [79.04949494949496, 21.156565656565657], [79.03535353535354, 21.156565656565657], [79.03535353535354, 21.146464646464647], [79.04949494949496, 21.146464646464647]]]}, "properties": {"confidence_score": 0.6303, "site_id": "nagpur"}}, {"type": "Feature", "geometry": {"type": "Polygon", "coordinates": [[[79.06363636363636, 21.146464646464647], [79.06363636363636, 21.156565656565657], [79.04949494949494, 21.156565656565657], [79.04949494949494, 21.146464646464647], [79.06363636363636, 21.146464646464647]]]}, "properties": {"confidence_score": 0.6446, "site_id": "nagpur"}}, {"type": "Feature", "geometry": {"type": "Polygon", "coordinates": [[[79.07777777777778, 21.146464646464647], [79.07777777777778, 21.156565656565657], [79.06363636363636, 21.156565656565657], [79.06363636363636, 21.146464646464647], [79.07777777777778, 21.146464646464647]]]}, "properties": {"confidence_score": 0.5088, "site_id": "nagpur"}}, {"type": "Feature", "geometry": {"type": "Polygon", "coordinates": [[[79.09191919191919, 21.146464646464647], [79.09191919191919, 21.156565656565657], [79.07777777777777, 21.156565656565657], [79.07777777777777, 21.146464646464647], [79.09191919191919, 21.146464646464647]]]}, "properties": {"confidence_score": 0.4075, "site_id": "nagpur"}}, {"type": "Feature", "geometry": {"type": "Polygon", "coordinates": [[[79.10606060606061, 21.146464646464647], [79.10606060606061, 21.156565656565657], [79.09191919191919, 21.156565656565657], [79.09191919191919, 21.146464646464647], [79.10606060606061, 21.146464646464647]]]}, "properties": {"confidence_score": 0.5442, "site_id": "nagpur"}}, {"type": "Feature", "geometry": {"type": "Polygon", "coordinates": [[[79.12020202020203, 21.146464646464647], [79.12020202020203, 21.156565656565657], [79.10606060606061, 21.156565656565657], [79.10606060606061, 21.146464646464647], [79.12020202020203, 21.146464646464647]]]}, "properties": {"confidence_score": 0.7383, "site_id": "nagpur"}}, {"type": "Feature", "geometry": {"type": "Polygon", "coordinates": [[[79.13434343434344, 21.146464646464647], [79.13434343434344, 21.156565656565657], [79.12020202020202, 21.156565656565657], [79.12020202020202, 21.146464646464647], [79.13434343434344, 21.146464646464647]]]}, "properties": {"confidence_score": 0.7832, "site_id": "nagpur"}}, {"type": "Feature", "geometry": {"type": "Polygon", "coordinates": [[[79.14848484848486, 21.146464646464647], [79.14848484848486, 21.156565656565657], [79.13434343434344, 21.156565656565657], [79.13434343434344, 21.146464646464647], [79.14848484848486, 21.146464646464647]]]}, "properties": {"confidence_score": 0.8079, "site_id": "nagpur"}}, {"type": "Feature", "geometry": {"type": "Polygon", "coordinates": [[[79.16262626262626, 21.146464646464647], [79.16262626262626, 21.156565656565657], [79.14848484848484, 21.156565656565657], [79.14848484848484, 21.146464646464647], [79.16262626262626, 21.146464646464647]]]}, "properties": {"confidence_score": 0.8561, "site_id": "nagpur"}}, {"type": "Feature", "geometry": {"type": "Polygon", "coordinates": [[[79.17676767676768, 21.146464646464647], [79.17676767676768, 21.156565656565657], [79.16262626262626, 21.156565656565657], [79.16262626262626, 21.146464646464647], [79.17676767676768, 21.146464646464647]]]}, "properties": {"confidence_score": 0.9366, "site_id": "nagpur"}}, {"type": "Feature", "geometry": {"type": "Polygon", "coordinates": [[[79.19090909090909, 21.146464646464647], [79.19090909090909, 21.156565656565657], [79.17676767676767, 21.156565656565657], [79.17676767676767, 21.146464646464647], [79.19090909090909, 21.146464646464647]]]}, "properties": {"confidence_score": 0.8031, "site_id": "nagpur"}}, {"type": "Feature", "geometry": {"type": "Polygon", "coordinates": [[[79.20505050505051, 21.146464646464647], [79.20505050505051, 21.156565656565657], [79.19090909090909, 21.156565656565657], [79.19090909090909, 21.146464646464647], [79.20505050505051, 21.146464646464647]]]}, "properties": {"confidence_score": 0.6293, "site_id": "nagpur"}}, {"type": "Feature", "geometry": {"type": "Polygon", "coordinates": [[[79.21919191919193, 21.146464646464647], [79.21919191919193, 21.156565656565657], [79.20505050505051, 21.156565656565657], [79.20505050505051, 21.146464646464647], [79.21919191919193, 21.146464646464647]]]}, "properties": {"confidence_score": 0.4346, "site_id": "nagpur"}}, {"type": "Feature", "geometry": {"type": "Polygon", "coordinates": [[[79.23333333333333, 21.146464646464647], [79.23333333333333, 21.156565656565657], [79.21919191919191, 21.156565656565657], [79.21919191919191, 21.146464646464647], [79.23333333333333, 21.146464646464647]]]}, "properties": {"confidence_score": 0.2894, "site_id": "nagpur"}}, {"type": "Feature", "geometry": {"type": "Polygon", "coordinates": [[[79.24747474747475, 21.146464646464647], [79.24747474747475, 21.156565656565657], [79.23333333333333, 21.156565656565657], [79.23333333333333, 21.146464646464647], [79.24747474747475, 21.146464646464647]]]}, "properties": {"confidence_score": 0.3554, "site_id": "nagpur"}}, {"type": "Feature", "geometry": {"type": "Polygon", "coordinates": [[[79.26161616161616, 21.146464646464647], [79.26161616161616, 21.156565656565657], [79.24747474747474, 21.156565656565657], [79.24747474747474, 21.146464646464647], [79.26161616161616, 21.146464646464647]]]}, "properties": {"confidence_score": 0.5128, "site_id": "nagpur"}}, {"type": "Feature", "geometry": {"type": "Polygon", "coordinates": [[[79.27575757575758, 21.146464646464647], [79.27575757575758, 21.156565656565657], [79.26161616161616, 21.156565656565657], [79.26161616161616, 21.146464646464647], [79.27575757575758, 21.146464646464647]]]}, "properties": {"confidence_score": 0.4581, "site_id": "nagpur"}}, {"type": "Feature", "geometry": {"type": "Polygon", "coordinates": [[[79.289898989899, 21.146464646464647], [79.289898989899, 21.156565656565657], [79.27575757575758, 21.156565656565657], [79.27575757575758, 21.146464646464647], [79.289898989899, 21.146464646464647]]]}, "properties": {"confidence_score": 0.3396, "site_id": "nagpur"}}, {"type": "Feature", "geometry": {"type": "Polygon", "coordinates": [[[79.3040404040404, 21.146464646464647], [79.3040404040404, 21.156565656565657], [79.28989898989899, 21.156565656565657], [79.28989898989899, 21.146464646464647], [79.3040404040404, 21.146464646464647]]]}, "properties": {"confidence_score": 0.261, "site_id": "nagpur"}}, {"type": "Feature", "geometry": {"type": "Polygon", "coordinates": [[[79.51616161616163, 21.146464646464647], [79.51616161616163, 21.156565656565657], [79.5020202020202, 21.156565656565657], [79.5020202020202, 21.146464646464647], [79.51616161616163, 21.146464646464647]]]}, "properties": {"confidence_score": 0.5039, "site_id": "bhandara"}}, {"type": "Feature", "geometry": {"type": "Polygon", "coordinates": [[[79.53030303030303, 21.146464646464647], [79.53030303030303, 21.156565656565657], [79.51616161616161, 21.156565656565657], [79.51616161616161, 21.146464646464647], [79.53030303030303, 21.146464646464647]]]}, "properties": {"confidence_score": 0.6877, "site_id": "bhandara"}}, {"type": "Feature", "geometry": {"type": "Polygon", "coordinates": [[[79.54444444444445, 21.146464646464647], [79.54444444444445, 21.156565656565657], [79.53030303030303, 21.156565656565657], [79.53030303030303, 21.146464646464647], [79.54444444444445, 21.146464646464647]]]}, "properties": {"confidence_score": 0.8641, "site_id": "bhandara"}}, {"type": "Feature", "geometry": {"type": "Polygon", "coordinates": [[[79.55858585858586, 21.146464646464647], [79.55858585858586, 21.156565656565657], [79.54444444444444, 21.156565656565657], [79.54444444444444, 21.146464646464647], [79.55858585858586, 21.146464646464647]]]}, "properties": {"confidence_score": 0.7497, "site_id": "bhandara"}}, {"type": "Feature", "geometry": {"type": "Polygon", "coordinates": [[[79.57272727272728, 21.146464646464647], [79.57272727272728, 21.156565656565657], [79.55858585858586, 21.156565656565657], [79.55858585858586, 21.146464646464647], [79.57272727272728, 21.146464646464647]]]}, "properties": {"confidence_score": 0.4135, "site_id": "bhandara"}}, {"type": "Feature", "geometry": {"type": "Polygon", "coordinates": [[[79.5868686868687, 21.146464646464647], [79.5868686868687, 21.156565656565657], [79.57272727272728, 21.156565656565657], [79.57272727272728, 21.146464646464647], [79.5868686868687, 21.146464646464647]]]}, "properties": {"confidence_score": 0.25, "site_id": "bhandara"}}, {"type": "Feature", "geometry": {"type": "Polygon", "coordinates": [[[79.6010101010101, 21.146464646464647], [79.6010101010101, 21.156565656565657], [79.58686868686868, 21.156565656565657], [79.58686868686868, 21.146464646464647], [79.6010101010101, 21.146464646464647]]]}, "properties": {"confidence_score": 0.2357, "site_id": "bhandara"}}, {"type": "Feature", "geometry": {"type": "Polygon", "coordinates": [[[79.61515151515152, 21.146464646464647], [79.61515151515152, 21.156565656565657], [79.6010101010101, 21.156565656565657], [79.6010101010101, 21.146464646464647], [79.61515151515152, 21.146464646464647]]]}, "properties": {"confidence_score": 0.3144, "site_id": "bhandara"}}, {"type": "Feature", "geometry": {"type": "Polygon", "coordinates": [[[79.62929292929293, 21.146464646464647], [79.62929292929293, 21.156565656565657], [79.61515151515151, 21.156565656565657], [79.61515151515151, 21.146464646464647], [79.62929292929293, 21.146464646464647]]]}, "properties": {"confidence_score": 0.4485, "site_id": "bhandara"}}, {"type": "Feature", "geometry": {"type": "Polygon", "coordinates": [[[79.64343434343435, 21.146464646464647], [79.64343434343435, 21.156565656565657], [79.62929292929293, 21.156565656565657], [79.62929292929293, 21.146464646464647], [79.64343434343435, 21.146464646464647]]]}, "properties": {"confidence_score": 0.469, "site_id": "bhandara"}}, {"type": "Feature", "geometry": {"type": "Polygon", "coordinates": [[[79.65757575757576, 21.146464646464647], [79.65757575757576, 21.156565656565657], [79.64343434343434, 21.156565656565657], [79.64343434343434, 21.146464646464647], [79.65757575757576, 21.146464646464647]]]}, "properties": {"confidence_score": 0.3895, "site_id": "bhandara"}}, {"type": "Feature", "geometry": {"type": "Polygon", "coordinates": [[[79.67171717171718, 21.146464646464647], [79.67171717171718, 21.156565656565657], [79.65757575757576, 21.156565656565657], [79.65757575757576, 21.146464646464647], [79.67171717171718, 21.146464646464647]]]}, "properties": {"confidence_score": 0.3937, "site_id": "bhandara"}}, {"type": "Feature", "geometry": {"type": "Polygon", "coordinates": [[[79.6858585858586, 21.146464646464647], [79.6858585858586, 21.156565656565657], [79.67171717171718, 21.156565656565657], [79.67171717171718, 21.146464646464647], [79.6858585858586, 21.146464646464647]]]}, "properties": {"confidence_score": 0.5115, "site_id": "bhandara"}}, {"type": "Feature", "geometry": {"type": "Polygon", "coordinates": [[[79.7, 21.146464646464647], [79.7, 21.156565656565657], [79.68585858585858, 21.156565656565657], [79.68585858585858, 21.146464646464647], [79.7, 21.146464646464647]]]}, "properties": {"confidence_score": 0.6632, "site_id": "bhandara"}}, {"type": "Feature", "geometry": {"type": "Polygon", "coordinates": [[[79.71414141414142, 21.146464646464647], [79.71414141414142, 21.156565656565657], [79.7, 21.156565656565657], [79.7, 21.146464646464647], [79.71414141414142, 21.146464646464647]]]}, "properties": {"confidence_score": 0.8561, "site_id": "bhandara"}}, {"type": "Feature", "geometry": {"type": "Polygon", "coordinates": [[[79.72828282828283, 21.146464646464647], [79.72828282828283, 21.156565656565657], [79.71414141414141, 21.156565656565657], [79.71414141414141, 21.146464646464647], [79.72828282828283, 21.146464646464647]]]}, "properties": {"confidence_score": 0.8404, "site_id": "bhandara"}}, {"type": "Feature", "geometry": {"type": "Polygon", "coordinates": [[[79.74242424242425, 21.146464646464647], [79.74242424242425, 21.156565656565657], [79.72828282828283, 21.156565656565657], [79.72828282828283, 21.146464646464647], [79.74242424242425, 21.146464646464647]]]}, "properties": {"confidence_score": 0.6138, "site_id": "bhandara"}}, {"type": "Feature", "geometry": {"type": "Polygon", "coordinates": [[[79.75656565656567, 21.146464646464647], [79.75656565656567, 21.156565656565657], [79.74242424242425, 21.156565656565657], [79.74242424242425, 21.146464646464647], [79.75656565656567, 21.146464646464647]]]}, "properties": {"confidence_score": 0.4421, "site_id": "bhandara"}}, {"type": "Feature", "geometry": {"type": "Polygon", "coordinates": [[[79.77070707070708, 21.146464646464647], [79.77070707070708, 21.156565656565657], [79.75656565656566, 21.156565656565657], [79.75656565656566, 21.146464646464647], [79.77070707070708, 21.146464646464647]]]}, "properties": {"confidence_score": 0.3357, "site_id": "bhandara"}}, {"type": "Feature", "geometry": {"type": "Polygon", "coordinates": [[[79.7848484848485, 21.146464646464647], [79.7848484848485, 21.156565656565657], [79.77070707070708, 21.156565656565657], [79.77070707070708, 21.146464646464647], [79.7848484848485, 21.146464646464647]]]}, "properties": {"confidence_score": 0.401, "site_id": "bhandara"}}, {"type": "Feature", "geometry": {"type": "Polygon", "coordinates": [[[79.7989898989899, 21.146464646464647], [79.7989898989899, 21.156565656565657], [79.78484848484848, 21.156565656565657], [79.78484848484848, 21.146464646464647], [79.7989898989899, 21.146464646464647]]]}, "properties": {"confidence_score": 0.6153, "site_id": "bhandara"}}, {"type": "Feature", "geometry": {"type": "Polygon", "coordinates": [[[79.00707070707071, 21.156565656565657], [79.00707070707071, 21.166666666666668], [78.99292929292929, 21.166666666666668], [78.99292929292929, 21.156565656565657], [79.00707070707071, 21.156565656565657]]]}, "properties": {"confidence_score": 0.9192, "site_id": "nagpur"}}, {"type": "Feature", "geometry": {"type": "Polygon", "coordinates": [[[79.02121212121213, 21.156565656565657], [79.02121212121213, 21.166666666666668], [79.00707070707071, 21.166666666666668], [79.00707070707071, 21.156565656565657], [79.02121212121213, 21.156565656565657]]]}, "properties": {"confidence_score": 0.8487, "site_id": "nagpur"}}, {"type": "Feature", "geometry": {"type": "Polygon", "coordinates": [[[79.03535353535354, 21.156565656565657], [79.03535353535354, 21.166666666666668], [79.02121212121212, 21.166666666666668], [79.02121212121212, 21.156565656565657], [79.03535353535354, 21.156565656565657]]]}, "properties": {"confidence_score": 0.8975, "site_id": "nagpur"}}, {"type": "Feature", "geometry": {"type": "Polygon", "coordinates": [[[79.04949494949496, 21.156565656565657], [79.04949494949496, 21.166666666666668], [79.03535353535354, 21.166666666666668], [79.03535353535354, 21.156565656565657], [79.04949494949496, 21.156565656565657]]]}, "properties": {"confidence_score": 0.6276, "site_id": "nagpur"}}, {"type": "Feature", "geometry": {"type": "Polygon", "coordinates": [[[79.06363636363636, 21.156565656565657], [79.06363636363636, 21.166666666666668], [79.04949494949494, 21.166666666666668], [79.04949494949494, 21.156565656565657], [79.06363636363636, 21.156565656565657]]]}, "properties": {"confidence_score": 0.3387, "site_id": "nagpur"}}, {"type": "Feature", "geometry": {"type": "Polygon", "coordinates": [[[79.07777777777778, 21.156565656565657], [79.07777777777778, 21.166666666666668], [79.06363636363636, 21.166666666666668], [79.06363636363636, 21.156565656565657], [79.07777777777778, 21.156565656565657]]]}, "properties": {"confidence_score": 0.3406, "site_id": "nagpur"}}, {"type": "Feature", "geometry": {"type": "Polygon", "coordinates": [[[79.09191919191919, 21.156565656565657], [79.09191919191919, 21.166666666666668], [79.07777777777777, 21.166666666666668], [79.07777777777777, 21.156565656565657], [79.09191919191919, 21.156565656565657]]]}, "properties": {"confidence_score": 0.3095, "site_id": "nagpur"}}, {"type": "Feature", "geometry": {"type": "Polygon", "coordinates": [[[79.10606060606061, 21.156565656565657], [79.10606060606061, 21.166666666666668], [79.09191919191919, 21.166666666666668], [79.09191919191919, 21.156565656565657], [79.10606060606061, 21.156565656565657]]]}, "properties": {"confidence_score": 0.4389, "site_id": "nagpur"}}, {"type": "Feature", "geometry": {"type": "Polygon", "coordinates": [[[79.12020202020203, 21.156565656565657], [79.12020202020203, 21.166666666666668], [79.10606060606061, 21.166666666666668], [79.10606060606061, 21.156565656565657], [79.12020202020203, 21.156565656565657]]]}, "properties": {"confidence_score": 0.5677, "site_id": "nagpur"}}, {"type": "Feature", "geometry": {"type": "Polygon", "coordinates": [[[79.13434343434344, 21.156565656565657], [79.13434343434344, 21.166666666666668], [79.12020202020202, 21.166666666666668], [79.12020202020202, 21.156565656565657], [79.13434343434344, 21.156565656565657]]]}, "properties": {"confidence_score": 0.6592, "site_id": "nagpur"}}, {"type": "Feature", "geometry": {"type": "Polygon", "coordinates": [[[79.14848484848486, 21.156565656565657], [79.14848484848486, 21.166666666666668], [79.13434343434344, 21.166666666666668], [79.13434343434344, 21.156565656565657], [79.14848484848486, 21.156565656565657]]]}, "properties": {"confidence_score": 0.6258, "site_id": "nagpur"}}, {"type": "Feature", "geometry": {"type": "Polygon", "coordinates": [[[79.16262626262626, 21.156565656565657], [79.16262626262626, 21.166666666666668], [79.14848484848484, 21.166666666666668], [79.14848484848484, 21.156565656565657], [79.16262626262626, 21.156565656565657]]]}, "properties": {"confidence_score": 0.7695, "site_id": "nagpur"}}, {"type": "Feature", "geometry": {"type": "Polygon", "coordinates": [[[79.17676767676768, 21.156565656565657], [79.17676767676768, 21.166666666666668], [79.16262626262626, 21.166666666666668], [79.16262626262626, 21.156565656565657], [79.17676767676768, 21.156565656565657]]]}, "properties": {"confidence_score": 0.9522, "site_id": "nagpur"}}, {"type": "Feature", "geometry": {"type": "Polygon", "coordinates": [[[79.19090909090909, 21.156565656565657], [79.19090909090909, 21.166666666666668], [79.17676767676767, 21.166666666666668], [79.17676767676767, 21.156565656565657], [79.19090909090909, 21.156565656565657]]]}, "properties": {"confidence_score": 0.8747, "site_id": "nagpur"}}, {"type": "Feature", "geometry": {"type": "Polygon", "coordinates": [[[79.20505050505051, 21.156565656565657], [79.20505050505051, 21.166666666666668], [79.19090909090909, 21.166666666666668], [79.19090909090909, 21.156565656565657], [79.20505050505051, 21.156565656565657]]]}, "properties": {"confidence_score": 0.9063, "site_id": "nagpur"}}, {"type": "Feature", "geometry": {"type": "Polygon", "coordinates": [[[79.21919191919193, 21.156565656565657], [79.21919191919193, 21.166666666666668], [79.20505050505051, 21.166666666666668], [79.20505050505051, 21.156565656565657], [79.21919191919193, 21.156565656565657]]]}, "properties": {"confidence_score": 0.5482, "site_id": "nagpur"}}, {"type": "Feature", "geometry": {"type": "Polygon", "coordinates": [[[79.23333333333333, 21.156565656565657], [79.23333333333333, 21.166666666666668], [79.21919191919191, 21.166666666666668], [79.21919191919191, 21.156565656565657], [79.23333333333333, 21.156565656565657]]]}, "properties": {"confidence_score": 0.1902, "site_id": "nagpur"}}, {"type": "Feature", "geometry": {"type": "Polygon", "coordinates": [[[79.24747474747475, 21.156565656565657], [79.24747474747475, 21.166666666666668], [79.23333333333333, 21.166666666666668], [79.23333333333333, 21.156565656565657], [79.24747474747475, 21.156565656565657]]]}, "properties": {"confidence_score": 0.1765, "site_id": "nagpur"}}, {"type": "Feature", "geometry": {"type": "Polygon", "coordinates": [[[79.26161616161616, 21.156565656565657], [79.26161616161616, 21.166666666666668], [79.24747474747474, 21.166666666666668], [79.24747474747474, 21.156565656565657], [79.26161616161616, 21.156565656565657]]]}, "properties": {"confidence_score": 0.1482, "site_id": "nagpur"}}, {"type": "Feature", "geometry": {"type": "Polygon", "coordinates": [[[79.27575757575758, 21.156565656565657], [79.27575757575758, 21.166666666666668], [79.26161616161616, 21.166666666666668], [79.26161616161616, 21.156565656565657], [79.27575757575758, 21.156565656565657]]]}, "properties": {"confidence_score": 0.191, "site_id": "nagpur"}}, {"type": "Feature", "geometry": {"type": "Polygon", "coordinates": [[[79.289898989899, 21.156565656565657], [79.289898989899, 21.166666666666668], [79.27575757575758, 21.166666666666668], [79.27575757575758, 21.156565656565657], [79.289898989899, 21.156565656565657]]]}, "properties": {"confidence_score": 0.1246, "site_id": "nagpur"}}, {"type": "Feature", "geometry": {"type": "Polygon", "coordinates": [[[79.3040404040404, 21.156565656565657], [79.3040404040404, 21.166666666666668], [79.28989898989899, 21.166666666666668], [79.28989898989899, 21.156565656565657], [79.3040404040404, 21.156565656565657]]]}, "properties": {"confidence_score": 0.1568, "site_id": "nagpur"}}, {"type": "Feature", "geometry": {"type": "Polygon", "coordinates": [[[79.51616161616163, 21.156565656565657], [79.51616161616163, 21.166666666666668], [79.5020202020202, 21.166666666666668], [79.5020202020202, 21.156565656565657], [79.51616161616163, 21.156565656565657]]]}, "properties": {"confidence_score": 0.5087, "site_id": "bhandara"}}, {"type": "Feature", "geometry": {"type": "Polygon", "coordinates": [[[79.53030303030303, 21.156565656565657], [79.53030303030303, 21.166666666666668], [79.51616161616161, 21.166666666666668], [79.51616161616161, 21.156565656565657], [79.53030303030303, 21.156565656565657]]]}, "properties": {"confidence_score": 0.6684, "site_id": "bhandara"}}, {"type": "Feature", "geometry": {"type": "Polygon", "coordinates": [[[79.54444444444445, 21.156565656565657], [79.54444444444445, 21.166666666666668], [79.53030303030303, 21.166666666666668], [79.53030303030303, 21.156565656565657], [79.54444444444445, 21.156565656565657]]]}, "properties": {"confidence_score": 0.8672, "site_id": "bhandara"}}, {"type": "Feature", "geometry": {"type": "Polygon", "coordinates": [[[79.55858585858586, 21.156565656565657], [79.55858585858586, 21.166666666666668], [79.54444444444444, 21.166666666666668], [79.54444444444444, 21.156565656565657], [79.55858585858586, 21.156565656565657]]]}, "properties": {"confidence_score": 0.7121, "site_id": "bhandara"}}, {"type": "Feature", "geometry": {"type": "Polygon", "coordinates": [[[79.57272727272728, 21.156565656565657], [79.57272727272728, 21.166666666666668], [79.55858585858586, 21.166666666666668], [79.55858585858586, 21.156565656565657], [79.57272727272728, 21.156565656565657]]]}, "properties": {"confidence_score": 0.365, "site_id": "bhandara"}}, {"type": "Feature", "geometry": {"type": "Polygon", "coordinates": [[[79.5868686868687, 21.156565656565657], [79.5868686868687, 21.166666666666668], [79.57272727272728, 21.166666666666668], [79.57272727272728, 21.156565656565657], [79.5868686868687, 21.156565656565657]]]}, "properties": {"confidence_score": 0.2599, "site_id": "bhandara"}}, {"type": "Feature", "geometry": {"type": "Polygon", "coordinates": [[[79.6010101010101, 21.156565656565657], [79.6010101010101, 21.166666666666668], [79.58686868686868, 21.166666666666668], [79.58686868686868, 21.156565656565657], [79.6010101010101, 21.156565656565657]]]}, "properties": {"confidence_score": 0.3768, "site_id": "bhandara"}}, {"type": "Feature", "geometry": {"type": "Polygon", "coordinates": [[[79.61515151515152, 21.156565656565657], [79.61515151515152, 21.166666666666668], [79.6010101010101, 21.166666666666668], [79.6010101010101, 21.156565656565657], [79.61515151515152, 21.156565656565657]]]}, "properties": {"confidence_score": 0.519, "site_id": "bhandara"}}, {"type": "Feature", "geometry": {"type": "Polygon", "coordinates": [[[79.62929292929293, 21.156565656565657], [79.62929292929293, 21.166666666666668], [79.61515151515151, 21.166666666666668], [79.61515151515151, 21.156565656565657], [79.62929292929293, 21.156565656565657]]]}, "properties": {"confidence_score": 0.737, "site_id": "bhandara"}}, {"type": "Feature", "geometry": {"type": "Polygon", "coordinates": [[[79.64343434343435, 21.156565656565657], [79.64343434343435, 21.166666666666668], [79.62929292929293, 21.166666666666668], [79.62929292929293, 21.156565656565657], [79.64343434343435, 21.156565656565657]]]}, "properties": {"confidence_score": 0.7624, "site_id": "bhandara"}}, {"type": "Feature", "geometry": {"type": "Polygon", "coordinates": [[[79.65757575757576, 21.156565656565657], [79.65757575757576, 21.166666666666668], [79.64343434343434, 21.166666666666668], [79.64343434343434, 21.156565656565657], [79.65757575757576, 21.156565656565657]]]}, "properties": {"confidence_score": 0.6461, "site_id": "bhandara"}}, {"type": "Feature", "geometry": {"type": "Polygon", "coordinates": [[[79.67171717171718, 21.156565656565657], [79.67171717171718, 21.166666666666668], [79.65757575757576, 21.166666666666668], [79.65757575757576, 21.156565656565657], [79.67171717171718, 21.156565656565657]]]}, "properties": {"confidence_score": 0.6032, "site_id": "bhandara"}}, {"type": "Feature", "geometry": {"type": "Polygon", "coordinates": [[[79.6858585858586, 21.156565656565657], [79.6858585858586, 21.166666666666668], [79.67171717171718, 21.166666666666668], [79.67171717171718, 21.156565656565657], [79.6858585858586, 21.156565656565657]]]}, "properties": {"confidence_score": 0.5998, "site_id": "bhandara"}}, {"type": "Feature", "geometry": {"type": "Polygon", "coordinates": [[[79.7, 21.156565656565657], [79.7, 21.166666666666668], [79.68585858585858, 21.166666666666668], [79.68585858585858, 21.156565656565657], [79.7, 21.156565656565657]]]}, "properties": {"confidence_score": 0.6931, "site_id": "bhandara"}}, {"type": "Feature", "geometry": {"type": "Polygon", "coordinates": [[[79.71414141414142, 21.156565656565657], [79.71414141414142, 21.166666666666668], [79.7, 21.166666666666668], [79.7, 21.156565656565657], [79.71414141414142, 21.156565656565657]]]}, "properties": {"confidence_score": 0.875, "site_id": "bhandara"}}, {"type": "Feature", "geometry": {"type": "Polygon", "coordinates": [[[79.72828282828283, 21.156565656565657], [79.72828282828283, 21.166666666666668], [79.71414141414141, 21.166666666666668], [79.71414141414141, 21.156565656565657], [79.72828282828283, 21.156565656565657]]]}, "properties": {"confidence_score": 0.8501, "site_id": "bhandara"}}, {"type": "Feature", "geometry": {"type": "Polygon", "coordinates": [[[79.74242424242425, 21.156565656565657], [79.74242424242425, 21.166666666666668], [79.72828282828283, 21.166666666666668], [79.72828282828283, 21.156565656565657], [79.74242424242425, 21.156565656565657]]]}, "properties": {"confidence_score": 0.6441, "site_id": "bhandara"}}, {"type": "Feature", "geometry": {"type": "Polygon", "coordinates": [[[79.75656565656567, 21.156565656565657], [79.75656565656567, 21.166666666666668], [79.74242424242425, 21.166666666666668], [79.74242424242425, 21.156565656565657], [79.75656565656567, 21.156565656565657]]]}, "properties": {"confidence_score": 0.452, "site_id": "bhandara"}}, {"type": "Feature", "geometry": {"type": "Polygon", "coordinates": [[[79.77070707070708, 21.156565656565657], [79.77070707070708, 21.166666666666668], [79.75656565656566, 21.166666666666668], [79.75656565656566, 21.156565656565657], [79.77070707070708, 21.156565656565657]]]}, "properties": {"confidence_score": 0.2342, "site_id": "bhandara"}}, {"type": "Feature", "geometry": {"type": "Polygon", "coordinates": [[[79.7848484848485, 21.156565656565657], [79.7848484848485, 21.166666666666668], [79.77070707070708, 21.166666666666668], [79.77070707070708, 21.156565656565657], [79.7848484848485, 21.156565656565657]]]}, "properties": {"confidence_score": 0.2249, "site_id": "bhandara"}}, {"type": "Feature", "geometry": {"type": "Polygon", "coordinates": [[[79.7989898989899, 21.156565656565657], [79.7989898989899, 21.166666666666668], [79.78484848484848, 21.166666666666668], [79.78484848484848, 21.156565656565657], [79.7989898989899, 21.156565656565657]]]}, "properties": {"confidence_score": 0.408, "site_id": "bhandara"}}, {"type": "Feature", "geometry": {"type": "Polygon", "coordinates": [[[79.00707070707071, 21.166666666666668], [79.00707070707071, 21.17676767676768], [78.99292929292929, 21.17676767676768], [78.99292929292929, 21.166666666666668], [79.00707070707071, 21.166666666666668]]]}, "properties": {"confidence_score": 0.9258, "site_id": "nagpur"}}, {"type": "Feature", "geometry": {"type": "Polygon", "coordinates": [[[79.02121212121213, 21.166666666666668], [79.02121212121213, 21.17676767676768], [79.00707070707071, 21.17676767676768], [79.00707070707071, 21.166666666666668], [79.02121212121213, 21.166666666666668]]]}, "properties": {"confidence_score": 0.9392, "site_id": "nagpur"}}, {"type": "Feature", "geometry": {"type": "Polygon", "coordinates": [[[79.03535353535354, 21.166666666666668], [79.03535353535354, 21.17676767676768], [79.02121212121212, 21.17676767676768], [79.02121212121212, 21.166666666666668], [79.03535353535354, 21.166666666666668]]]}, "properties": {"confidence_score": 0.9164, "site_id": "nagpur"}}, {"type": "Feature", "geometry": {"type": "Polygon", "coordinates": [[[79.04949494949496, 21.166666666666668], [79.04949494949496, 21.17676767676768], [79.03535353535354, 21.17676767676768], [79.03535353535354, 21.166666666666668], [79.04949494949496, 21.166666666666668]]]}, "properties": {"confidence_score": 0.641, "site_id": "nagpur"}}, {"type": "Feature", "geometry": {"type": "Polygon", "coordinates": [[[79.06363636363636, 21.166666666666668], [79.06363636363636, 21.17676767676768], [79.04949494949494, 21.17676767676768], [79.04949494949494, 21.166666666666668], [79.06363636363636, 21.166666666666668]]]}, "properties": {"confidence_score": 0.3622, "site_id": "nagpur"}}, {"type": "Feature", "geometry": {"type": "Polygon", "coordinates": [[[79.07777777777778, 21.166666666666668], [79.07777777777778, 21.17676767676768], [79.06363636363636, 21.17676767676768], [79.06363636363636, 21.166666666666668], [79.07777777777778, 21.166666666666668]]]}, "properties": {"confidence_score": 0.2785, "site_id": "nagpur"}}, {"type": "Feature", "geometry": {"type": "Polygon", "coordinates": [[[79.09191919191919, 21.166666666666668], [79.09191919191919, 21.17676767676768], [79.07777777777777, 21.17676767676768], [79.07777777777777, 21.166666666666668], [79.09191919191919, 21.166666666666668]]]}, "properties": {"confidence_score": 0.2742, "site_id": "nagpur"}}, {"type": "Feature", "geometry": {"type": "Polygon", "coordinates": [[[79.10606060606061, 21.166666666666668], [79.10606060606061, 21.17676767676768], [79.09191919191919, 21.17676767676768], [79.09191919191919, 21.166666666666668], [79.10606060606061, 21.166666666666668]]]}, "properties": {"confidence_score": 0.3899, "site_id": "nagpur"}}, {"type": "Feature", "geometry": {"type": "Polygon", "coordinates": [[[79.12020202020203, 21.166666666666668], [79.12020202020203, 21.17676767676768], [79.10606060606061, 21.17676767676768], [79.10606060606061, 21.166666666666668], [79.12020202020203, 21.166666666666668]]]}, "properties": {"confidence_score": 0.5408, "site_id": "nagpur"}}, {"type": "Feature", "geometry": {"type": "Polygon", "coordinates": [[[79.13434343434344, 21.166666666666668], [79.13434343434344, 21.17676767676768], [79.12020202020202, 21.17676767676768], [79.12020202020202, 21.166666666666668], [79.13434343434344, 21.166666666666668]]]}, "properties": {"confidence_score": 0.6565, "site_id": "nagpur"}}, {"type": "Feature", "geometry": {"type": "Polygon", "coordinates": [[[79.14848484848486, 21.166666666666668], [79.14848484848486, 21.17676767676768], [79.13434343434344, 21.17676767676768], [79.13434343434344, 21.166666666666668], [79.14848484848486, 21.166666666666668]]]}, "properties": {"confidence_score": 0.7093, "site_id": "nagpur"}}, {"type": "Feature", "geometry": {"type": "Polygon", "coordinates": [[[79.16262626262626, 21.166666666666668], [79.16262626262626, 21.17676767676768], [79.14848484848484, 21.17676767676768], [79.14848484848484, 21.166666666666668], [79.16262626262626, 21.166666666666668]]]}, "properties": {"confidence_score": 0.7199, "site_id": "nagpur"}}, {"type": "Feature", "geometry": {"type": "Polygon", "coordinates": [[[79.17676767676768, 21.166666666666668], [79.17676767676768, 21.17676767676768], [79.16262626262626, 21.17676767676768], [79.16262626262626, 21.166666666666668], [79.17676767676768, 21.166666666666668]]]}, "properties": {"confidence_score": 0.7337, "site_id": "nagpur"}}, {"type": "Feature", "geometry": {"type": "Polygon", "coordinates": [[[79.19090909090909, 21.166666666666668], [79.19090909090909, 21.17676767676768], [79.17676767676767, 21.17676767676768], [79.17676767676767, 21.166666666666668], [79.19090909090909, 21.166666666666668]]]}, "properties": {"confidence_score": 0.8101, "site_id": "nagpur"}}, {"type": "Feature", "geometry": {"type": "Polygon", "coordinates": [[[79.20505050505051, 21.166666666666668], [79.20505050505051, 21.17676767676768], [79.19090909090909, 21.17676767676768], [79.19090909090909, 21.166666666666668], [79.20505050505051, 21.166666666666668]]]}, "properties": {"confidence_score": 0.8902, "site_id": "nagpur"}}, {"type": "Feature", "geometry": {"type": "Polygon", "coordinates": [[[79.21919191919193, 21.166666666666668], [79.21919191919193, 21.17676767676768], [79.20505050505051, 21.17676767676768], [79.20505050505051, 21.166666666666668], [79.21919191919193, 21.166666666666668]]]}, "properties": {"confidence_score": 0.5976, "site_id": "nagpur"}}, {"type": "Feature", "geometry": {"type": "Polygon", "coordinates": [[[79.23333333333333, 21.166666666666668], [79.23333333333333, 21.17676767676768], [79.21919191919191, 21.17676767676768], [79.21919191919191, 21.166666666666668], [79.23333333333333, 21.166666666666668]]]}, "properties": {"confidence_score": 0.2269, "site_id": "nagpur"}}, {"type": "Feature", "geometry": {"type": "Polygon", "coordinates": [[[79.24747474747475, 21.166666666666668], [79.24747474747475, 21.17676767676768], [79.23333333333333, 21.17676767676768], [79.23333333333333, 21.166666666666668], [79.24747474747475, 21.166666666666668]]]}, "properties": {"confidence_score": 0.0961, "site_id": "nagpur"}}, {"type": "Feature", "geometry": {"type": "Polygon", "coordinates": [[[79.26161616161616, 21.166666666666668], [79.26161616161616, 21.17676767676768], [79.24747474747474, 21.17676767676768], [79.24747474747474, 21.166666666666668], [79.26161616161616, 21.166666666666668]]]}, "properties": {"confidence_score": 0.0444, "site_id": "nagpur"}}, {"type": "Feature", "geometry": {"type": "Polygon", "coordinates": [[[79.27575757575758, 21.166666666666668], [79.27575757575758, 21.17676767676768], [79.26161616161616, 21.17676767676768], [79.26161616161616, 21.166666666666668], [79.27575757575758, 21.166666666666668]]]}, "properties": {"confidence_score": 0.0575, "site_id": "nagpur"}}, {"type": "Feature", "geometry": {"type": "Polygon", "coordinates": [[[79.289898989899, 21.166666666666668], [79.289898989899, 21.17676767676768], [79.27575757575758, 21.17676767676768], [79.27575757575758, 21.166666666666668], [79.289898989899, 21.166666666666668]]]}, "properties": {"confidence_score": 0.0439, "site_id": "nagpur"}}, {"type": "Feature", "geometry": {"type": "Polygon", "coordinates": [[[79.3040404040404, 21.166666666666668], [79.3040404040404, 21.17676767676768], [79.28989898989899, 21.17676767676768], [79.28989898989899, 21.166666666666668], [79.3040404040404, 21.166666666666668]]]}, "properties": {"confidence_score": 0.0864, "site_id": "nagpur"}}, {"type": "Feature", "geometry": {"type": "Polygon", "coordinates": [[[79.51616161616163, 21.166666666666668], [79.51616161616163, 21.17676767676768], [79.5020202020202, 21.17676767676768], [79.5020202020202, 21.166666666666668], [79.51616161616163, 21.166666666666668]]]}, "properties": {"confidence_score": 0.4866, "site_id": "bhandara"}}, {"type": "Feature", "geometry": {"type": "Polygon", "coordinates": [[[79.53030303030303, 21.166666666666668], [79.53030303030303, 21.17676767676768], [79.51616161616161, 21.17676767676768], [79.51616161616161, 21.166666666666668], [79.53030303030303, 21.166666666666668]]]}, "properties": {"confidence_score": 0.5981, "site_id": "bhandara"}}, {"type": "Feature", "geometry": {"type": "Polygon", "coordinates": [[[79.54444444444445, 21.166666666666668], [79.54444444444445, 21.17676767676768], [79.53030303030303, 21.17676767676768], [79.53030303030303, 21.166666666666668], [79.54444444444445, 21.166666666666668]]]}, "properties": {"confidence_score": 0.6831, "site_id": "bhandara"}}, {"type": "Feature", "geometry": {"type": "Polygon", "coordinates": [[[79.55858585858586, 21.166666666666668], [79.55858585858586, 21.17676767676768], [79.54444444444444, 21.17676767676768], [79.54444444444444, 21.166666666666668], [79.55858585858586, 21.166666666666668]]]}, "properties": {"confidence_score": 0.5642, "site_id": "bhandara"}}, {"type": "Feature", "geometry": {"type": "Polygon", "coordinates": [[[79.57272727272728, 21.166666666666668], [79.57272727272728, 21.17676767676768], [79.55858585858586, 21.17676767676768], [79.55858585858586, 21.166666666666668], [79.57272727272728, 21.166666666666668]]]}, "properties": {"confidence_score": 0.3186, "site_id": "bhandara"}}, {"type": "Feature", "geometry": {"type": "Polygon", "coordinates": [[[79.5868686868687, 21.166666666666668], [79.5868686868687, 21.17676767676768], [79.57272727272728, 21.17676767676768], [79.57272727272728, 21.166666666666668], [79.5868686868687, 21.166666666666668]]]}, "properties": {"confidence_score": 0.2633, "site_id": "bhandara"}}, {"type": "Feature", "geometry": {"type": "Polygon", "coordinates": [[[79.6010101010101, 21.166666666666668], [79.6010101010101, 21.17676767676768], [79.58686868686868, 21.17676767676768], [79.58686868686868, 21.166666666666668], [79.6010101010101, 21.166666666666668]]]}, "properties": {"confidence_score": 0.4087, "site_id": "bhandara"}}, {"type": "Feature", "geometry": {"type": "Polygon", "coordinates": [[[79.61515151515152, 21.166666666666668], [79.61515151515152, 21.17676767676768], [79.6010101010101, 21.17676767676768], [79.6010101010101, 21.166666666666668], [79.61515151515152, 21.166666666666668]]]}, "properties": {"confidence_score": 0.5935, "site_id": "bhandara"}}, {"type": "Feature", "geometry": {"type": "Polygon", "coordinates": [[[79.62929292929293, 21.166666666666668], [79.62929292929293, 21.17676767676768], [79.61515151515151, 21.17676767676768], [79.61515151515151, 21.166666666666668], [79.62929292929293, 21.166666666666668]]]}, "properties": {"confidence_score": 0.8273, "site_id": "bhandara"}}, {"type": "Feature", "geometry": {"type": "Polygon", "coordinates": [[[79.64343434343435, 21.166666666666668], [79.64343434343435, 21.17676767676768], [79.62929292929293, 21.17676767676768], [79.62929292929293, 21.166666666666668], [79.64343434343435, 21.166666666666668]]]}, "properties": {"confidence_score": 0.8935, "site_id": "bhandara"}}, {"type": "Feature", "geometry": {"type": "Polygon", "coordinates": [[[79.65757575757576, 21.166666666666668], [79.65757575757576, 21.17676767676768], [79.64343434343434, 21.17676767676768], [79.64343434343434, 21.166666666666668], [79.65757575757576, 21.166666666666668]]]}, "properties": {"confidence_score": 0.8214, "site_id": "bhandara"}}, {"type": "Feature", "geometry": {"type": "Polygon", "coordinates": [[[79.67171717171718, 21.166666666666668], [79.67171717171718, 21.17676767676768], [79.65757575757576, 21.17676767676768], [79.65757575757576, 21.166666666666668], [79.67171717171718, 21.166666666666668]]]}, "properties": {"confidence_score": 0.7724, "site_id": "bhandara"}}, {"type": "Feature", "geometry": {"type": "Polygon", "coordinates": [[[79.6858585858586, 21.166666666666668], [79.6858585858586, 21.17676767676768], [79.67171717171718, 21.17676767676768], [79.67171717171718, 21.166666666666668], [79.6858585858586, 21.166666666666668]]]}, "properties": {"confidence_score": 0.7396, "site_id": "bhandara"}}, {"type": "Feature", "geometry": {"type": "Polygon", "coordinates": [[[79.7, 21.166666666666668], [79.7, 21.17676767676768], [79.68585858585858, 21.17676767676768], [79.68585858585858, 21.166666666666668], [79.7, 21.166666666666668]]]}, "properties": {"confidence_score": 0.7582, "site_id": "bhandara"}}, {"type": "Feature", "geometry": {"type": "Polygon", "coordinates": [[[79.71414141414142, 21.166666666666668], [79.71414141414142, 21.17676767676768], [79.7, 21.17676767676768], [79.7, 21.166666666666668], [79.71414141414142, 21.166666666666668]]]}, "properties": {"confidence_score": 0.7943, "site_id": "bhandara"}}, {"type": "Feature", "geometry": {"type": "Polygon", "coordinates": [[[79.72828282828283, 21.166666666666668], [79.72828282828283, 21.17676767676768], [79.71414141414141, 21.17676767676768], [79.71414141414141, 21.166666666666668], [79.72828282828283, 21.166666666666668]]]}, "properties": {"confidence_score": 0.7312, "site_id": "bhandara"}}, {"type": "Feature", "geometry": {"type": "Polygon", "coordinates": [[[79.74242424242425, 21.166666666666668], [79.74242424242425, 21.17676767676768], [79.72828282828283, 21.17676767676768], [79.72828282828283, 21.166666666666668], [79.74242424242425, 21.166666666666668]]]}, "properties": {"confidence_score": 0.5697, "site_id": "bhandara"}}, {"type": "Feature", "geometry": {"type": "Polygon", "coordinates": [[[79.75656565656567, 21.166666666666668], [79.75656565656567, 21.17676767676768], [79.74242424242425, 21.17676767676768], [79.74242424242425, 21.166666666666668], [79.75656565656567, 21.166666666666668]]]}, "properties": {"confidence_score": 0.387, "site_id": "bhandara"}}, {"type": "Feature", "geometry": {"type": "Polygon", "coordinates": [[[79.77070707070708, 21.166666666666668], [79.77070707070708, 21.17676767676768], [79.75656565656566, 21.17676767676768], [79.75656565656566, 21.166666666666668], [79.77070707070708, 21.166666666666668]]]}, "properties": {"confidence_score": 0.1948, "site_id": "bhandara"}}, {"type": "Feature", "geometry": {"type": "Polygon", "coordinates": [[[79.7848484848485, 21.166666666666668], [79.7848484848485, 21.17676767676768], [79.77070707070708, 21.17676767676768], [79.77070707070708, 21.166666666666668], [79.7848484848485, 21.166666666666668]]]}, "properties": {"confidence_score": 0.1493, "site_id": "bhandara"}}, {"type": "Feature", "geometry": {"type": "Polygon", "coordinates": [[[79.7989898989899, 21.166666666666668], [79.7989898989899, 21.17676767676768], [79.78484848484848, 21.17676767676768], [79.78484848484848, 21.166666666666668], [79.7989898989899, 21.166666666666668]]]}, "properties": {"confidence_score": 0.2349, "site_id": "bhandara"}}, {"type": "Feature", "geometry": {"type": "Polygon", "coordinates": [[[79.00707070707071, 21.17676767676768], [79.00707070707071, 21.18686868686869], [78.99292929292929, 21.18686868686869], [78.99292929292929, 21.17676767676768], [79.00707070707071, 21.17676767676768]]]}, "properties": {"confidence_score": 0.9396, "site_id": "nagpur"}}, {"type": "Feature", "geometry": {"type": "Polygon", "coordinates": [[[79.02121212121213, 21.17676767676768], [79.02121212121213, 21.18686868686869], [79.00707070707071, 21.18686868686869], [79.00707070707071, 21.17676767676768], [79.02121212121213, 21.17676767676768]]]}, "properties": {"confidence_score": 0.9059, "site_id": "nagpur"}}, {"type": "Feature", "geometry": {"type": "Polygon", "coordinates": [[[79.03535353535354, 21.17676767676768], [79.03535353535354, 21.18686868686869], [79.02121212121212, 21.18686868686869], [79.02121212121212, 21.17676767676768], [79.03535353535354, 21.17676767676768]]]}, "properties": {"confidence_score": 0.9589, "site_id": "nagpur"}}, {"type": "Feature", "geometry": {"type": "Polygon", "coordinates": [[[79.04949494949496, 21.17676767676768], [79.04949494949496, 21.18686868686869], [79.03535353535354, 21.18686868686869], [79.03535353535354, 21.17676767676768], [79.04949494949496, 21.17676767676768]]]}, "properties": {"confidence_score": 0.6297, "site_id": "nagpur"}}, {"type": "Feature", "geometry": {"type": "Polygon", "coordinates": [[[79.06363636363636, 21.17676767676768], [79.06363636363636, 21.18686868686869], [79.04949494949494, 21.18686868686869], [79.04949494949494, 21.17676767676768], [79.06363636363636, 21.17676767676768]]]}, "properties": {"confidence_score": 0.408, "site_id": "nagpur"}}, {"type": "Feature", "geometry": {"type": "Polygon", "coordinates": [[[79.07777777777778, 21.17676767676768], [79.07777777777778, 21.18686868686869], [79.06363636363636, 21.18686868686869], [79.06363636363636, 21.17676767676768], [79.07777777777778, 21.17676767676768]]]}, "properties": {"confidence_score": 0.2646, "site_id": "nagpur"}}, {"type": "Feature", "geometry": {"type": "Polygon", "coordinates": [[[79.09191919191919, 21.17676767676768], [79.09191919191919, 21.18686868686869], [79.07777777777777, 21.18686868686869], [79.07777777777777, 21.17676767676768], [79.09191919191919, 21.17676767676768]]]}, "properties": {"confidence_score": 0.2353, "site_id": "nagpur"}}, {"type": "Feature", "geometry": {"type": "Polygon", "coordinates": [[[79.10606060606061, 21.17676767676768], [79.10606060606061, 21.18686868686869], [79.09191919191919, 21.18686868686869], [79.09191919191919, 21.17676767676768], [79.10606060606061, 21.17676767676768]]]}, "properties": {"confidence_score": 0.3732, "site_id": "nagpur"}}, {"type": "Feature", "geometry": {"type": "Polygon", "coordinates": [[[79.12020202020203, 21.17676767676768], [79.12020202020203, 21.18686868686869], [79.10606060606061, 21.18686868686869], [79.10606060606061, 21.17676767676768], [79.12020202020203, 21.17676767676768]]]}, "properties": {"confidence_score": 0.5864, "site_id": "nagpur"}}, {"type": "Feature", "geometry": {"type": "Polygon", "coordinates": [[[79.13434343434344, 21.17676767676768], [79.13434343434344, 21.18686868686869], [79.12020202020202, 21.18686868686869], [79.12020202020202, 21.17676767676768], [79.13434343434344, 21.17676767676768]]]}, "properties": {"confidence_score": 0.7251, "site_id": "nagpur"}}, {"type": "Feature", "geometry": {"type": "Polygon", "coordinates": [[[79.14848484848486, 21.17676767676768], [79.14848484848486, 21.18686868686869], [79.13434343434344, 21.18686868686869], [79.13434343434344, 21.17676767676768], [79.14848484848486, 21.17676767676768]]]}, "properties": {"confidence_score": 0.9178, "site_id": "nagpur"}}, {"type": "Feature", "geometry": {"type": "Polygon", "coordinates": [[[79.16262626262626, 21.17676767676768], [79.16262626262626, 21.18686868686869], [79.14848484848484, 21.18686868686869], [79.14848484848484, 21.17676767676768], [79.16262626262626, 21.17676767676768]]]}, "properties": {"confidence_score": 0.7269, "site_id": "nagpur"}}, {"type": "Feature", "geometry": {"type": "Polygon", "coordinates": [[[79.17676767676768, 21.17676767676768], [79.17676767676768, 21.18686868686869], [79.16262626262626, 21.18686868686869], [79.16262626262626, 21.17676767676768], [79.17676767676768, 21.17676767676768]]]}, "properties": {"confidence_score": 0.459, "site_id": "nagpur"}}, {"type": "Feature", "geometry": {"type": "Polygon", "coordinates": [[[79.19090909090909, 21.17676767676768], [79.19090909090909, 21.18686868686869], [79.17676767676767, 21.18686868686869], [79.17676767676767, 21.17676767676768], [79.19090909090909, 21.17676767676768]]]}, "properties": {"confidence_score": 0.7158, "site_id": "nagpur"}}, {"type": "Feature", "geometry": {"type": "Polygon", "coordinates": [[[79.20505050505051, 21.17676767676768], [79.20505050505051, 21.18686868686869], [79.19090909090909, 21.18686868686869], [79.19090909090909, 21.17676767676768], [79.20505050505051, 21.17676767676768]]]}, "properties": {"confidence_score": 0.9379, "site_id": "nagpur"}}, {"type": "Feature", "geometry": {"type": "Polygon", "coordinates": [[[79.21919191919193, 21.17676767676768], [79.21919191919193, 21.18686868686869], [79.20505050505051, 21.18686868686869], [79.20505050505051, 21.17676767676768], [79.21919191919193, 21.17676767676768]]]}, "properties": {"confidence_score": 0.6215, "site_id": "nagpur"}}, {"type": "Feature", "geometry": {"type": "Polygon", "coordinates": [[[79.23333333333333, 21.17676767676768], [79.23333333333333, 21.18686868686869], [79.21919191919191, 21.18686868686869], [79.21919191919191, 21.17676767676768], [79.23333333333333, 21.17676767676768]]]}, "properties": {"confidence_score": 0.2365, "site_id": "nagpur"}}, {"type": "Feature", "geometry": {"type": "Polygon", "coordinates": [[[79.24747474747475, 21.17676767676768], [79.24747474747475, 21.18686868686869], [79.23333333333333, 21.18686868686869], [79.23333333333333, 21.17676767676768], [79.24747474747475, 21.17676767676768]]]}, "properties": {"confidence_score": 0.0766, "site_id": "nagpur"}}, {"type": "Feature", "geometry": {"type": "Polygon", "coordinates": [[[79.26161616161616, 21.17676767676768], [79.26161616161616, 21.18686868686869], [79.24747474747474, 21.18686868686869], [79.24747474747474, 21.17676767676768], [79.26161616161616, 21.17676767676768]]]}, "properties": {"confidence_score": 0.0187, "site_id": "nagpur"}}, {"type": "Feature", "geometry": {"type": "Polygon", "coordinates": [[[79.27575757575758, 21.17676767676768], [79.27575757575758, 21.18686868686869], [79.26161616161616, 21.18686868686869], [79.26161616161616, 21.17676767676768], [79.27575757575758, 21.17676767676768]]]}, "properties": {"confidence_score": 0.0278, "site_id": "nagpur"}}, {"type": "Feature", "geometry": {"type": "Polygon", "coordinates": [[[79.289898989899, 21.17676767676768], [79.289898989899, 21.18686868686869], [79.27575757575758, 21.18686868686869], [79.27575757575758, 21.17676767676768], [79.289898989899, 21.17676767676768]]]}, "properties": {"confidence_score": 0.0153, "site_id": "nagpur"}}, {"type": "Feature", "geometry": {"type": "Polygon", "coordinates": [[[79.3040404040404, 21.17676767676768], [79.3040404040404, 21.18686868686869], [79.28989898989899, 21.18686868686869], [79.28989898989899, 21.17676767676768], [79.3040404040404, 21.17676767676768]]]}, "properties": {"confidence_score": 0.0602, "site_id": "nagpur"}}, {"type": "Feature", "geometry": {"type": "Polygon", "coordinates": [[[79.51616161616163, 21.17676767676768], [79.51616161616163, 21.18686868686869], [79.5020202020202, 21.18686868686869], [79.5020202020202, 21.17676767676768], [79.51616161616163, 21.17676767676768]]]}, "properties": {"confidence_score": 0.4579, "site_id": "bhandara"}}, {"type": "Feature", "geometry": {"type": "Polygon", "coordinates": [[[79.53030303030303, 21.17676767676768], [79.53030303030303, 21.18686868686869], [79.51616161616161, 21.18686868686869], [79.51616161616161, 21.17676767676768], [79.53030303030303, 21.17676767676768]]]}, "properties": {"confidence_score": 0.5102, "site_id": "bhandara"}}, {"type": "Feature", "geometry": {"type": "Polygon", "coordinates": [[[79.54444444444445, 21.17676767676768], [79.54444444444445, 21.18686868686869], [79.53030303030303, 21.18686868686869], [79.53030303030303, 21.17676767676768], [79.54444444444445, 21.17676767676768]]]}, "properties": {"confidence_score": 0.4896, "site_id": "bhandara"}}, {"type": "Feature", "geometry": {"type": "Polygon", "coordinates": [[[79.55858585858586, 21.17676767676768], [79.55858585858586, 21.18686868686869], [79.54444444444444, 21.18686868686869], [79.54444444444444, 21.17676767676768], [79.55858585858586, 21.17676767676768]]]}, "properties": {"confidence_score": 0.4172, "site_id": "bhandara"}}, {"type": "Feature", "geometry": {"type": "Polygon", "coordinates": [[[79.57272727272728, 21.17676767676768], [79.57272727272728, 21.18686868686869], [79.55858585858586, 21.18686868686869], [79.55858585858586, 21.17676767676768], [79.57272727272728, 21.17676767676768]]]}, "properties": {"confidence_score": 0.259, "site_id": "bhandara"}}, {"type": "Feature", "geometry": {"type": "Polygon", "coordinates": [[[79.5868686868687, 21.17676767676768], [79.5868686868687, 21.18686868686869], [79.57272727272728, 21.18686868686869], [79.57272727272728, 21.17676767676768], [79.5868686868687, 21.17676767676768]]]}, "properties": {"confidence_score": 0.2423, "site_id": "bhandara"}}, {"type": "Feature", "geometry": {"type": "Polygon", "coordinates": [[[79.6010101010101, 21.17676767676768], [79.6010101010101, 21.18686868686869], [79.58686868686868, 21.18686868686869], [79.58686868686868, 21.17676767676768], [79.6010101010101, 21.17676767676768]]]}, "properties": {"confidence_score": 0.3857, "site_id": "bhandara"}}, {"type": "Feature", "geometry": {"type": "Polygon", "coordinates": [[[79.61515151515152, 21.17676767676768], [79.61515151515152, 21.18686868686869], [79.6010101010101, 21.18686868686869], [79.6010101010101, 21.17676767676768], [79.61515151515152, 21.17676767676768]]]}, "properties": {"confidence_score": 0.5687, "site_id": "bhandara"}}, {"type": "Feature", "geometry": {"type": "Polygon", "coordinates": [[[79.62929292929293, 21.17676767676768], [79.62929292929293, 21.18686868686869], [79.61515151515151, 21.18686868686869], [79.61515151515151, 21.17676767676768], [79.62929292929293, 21.17676767676768]]]}, "properties": {"confidence_score": 0.8334, "site_id": "bhandara"}}, {"type": "Feature", "geometry": {"type": "Polygon", "coordinates": [[[79.64343434343435, 21.17676767676768], [79.64343434343435, 21.18686868686869], [79.62929292929293, 21.18686868686869], [79.62929292929293, 21.17676767676768], [79.64343434343435, 21.17676767676768]]]}, "properties": {"confidence_score": 0.9366, "site_id": "bhandara"}}, {"type": "Feature", "geometry": {"type": "Polygon", "coordinates": [[[79.65757575757576, 21.17676767676768], [79.65757575757576, 21.18686868686869], [79.64343434343434, 21.18686868686869], [79.64343434343434, 21.17676767676768], [79.65757575757576, 21.17676767676768]]]}, "properties": {"confidence_score": 0.933, "site_id": "bhandara"}}, {"type": "Feature", "geometry": {"type": "Polygon", "coordinates": [[[79.67171717171718, 21.17676767676768], [79.67171717171718, 21.18686868686869], [79.65757575757576, 21.18686868686869], [79.65757575757576, 21.17676767676768], [79.67171717171718, 21.17676767676768]]]}, "properties": {"confidence_score": 0.9108, "site_id": "bhandara"}}, {"type": "Feature", "geometry": {"type": "Polygon", "coordinates": [[[79.6858585858586, 21.17676767676768], [79.6858585858586, 21.18686868686869], [79.67171717171718, 21.18686868686869], [79.67171717171718, 21.17676767676768], [79.6858585858586, 21.17676767676768]]]}, "properties": {"confidence_score": 0.8876, "site_id": "bhandara"}}, {"type": "Feature", "geometry": {"type": "Polygon", "coordinates": [[[79.7, 21.17676767676768], [79.7, 21.18686868686869], [79.68585858585858, 21.18686868686869], [79.68585858585858, 21.17676767676768], [79.7, 21.17676767676768]]]}, "properties": {"confidence_score": 0.8501, "site_id": "bhandara"}}, {"type": "Feature", "geometry": {"type": "Polygon", "coordinates": [[[79.71414141414142, 21.17676767676768], [79.71414141414142, 21.18686868686869], [79.7, 21.18686868686869], [79.7, 21.17676767676768], [79.71414141414142, 21.17676767676768]]]}, "properties": {"confidence_score": 0.7253, "site_id": "bhandara"}}, {"type": "Feature", "geometry": {"type": "Polygon", "coordinates": [[[79.72828282828283, 21.17676767676768], [79.72828282828283, 21.18686868686869], [79.71414141414141, 21.18686868686869], [79.71414141414141, 21.17676767676768], [79.72828282828283, 21.17676767676768]]]}, "properties": {"confidence_score": 0.616, "site_id": "bhandara"}}, {"type": "Feature", "geometry": {"type": "Polygon", "coordinates": [[[79.74242424242425, 21.17676767676768], [79.74242424242425, 21.18686868686869], [79.72828282828283, 21.18686868686869], [79.72828282828283, 21.17676767676768], [79.74242424242425, 21.17676767676768]]]}, "properties": {"confidence_score": 0.4859, "site_id": "bhandara"}}, {"type": "Feature", "geometry": {"type": "Polygon", "coordinates": [[[79.75656565656567, 21.17676767676768], [79.75656565656567, 21.18686868686869], [79.74242424242425, 21.18686868686869], [79.74242424242425, 21.17676767676768], [79.75656565656567, 21.17676767676768]]]}, "properties": {"confidence_score": 0.3189, "site_id": "bhandara"}}, {"type": "Feature", "geometry": {"type": "Polygon", "coordinates": [[[79.77070707070708, 21.17676767676768], [79.77070707070708, 21.18686868686869], [79.75656565656566, 21.18686868686869], [79.75656565656566, 21.17676767676768], [79.77070707070708, 21.17676767676768]]]}, "properties": {"confidence_score": 0.1761, "site_id": "bhandara"}}, {"type": "Feature", "geometry": {"type": "Polygon", "coordinates": [[[79.7848484848485, 21.17676767676768], [79.7848484848485, 21.18686868686869], [79.77070707070708, 21.18686868686869], [79.77070707070708, 21.17676767676768], [79.7848484848485, 21.17676767676768]]]}, "properties": {"confidence_score": 0.1107, "site_id": "bhandara"}}, {"type": "Feature", "geometry": {"type": "Polygon", "coordinates": [[[79.7989898989899, 21.17676767676768], [79.7989898989899, 21.18686868686869], [79.78484848484848, 21.18686868686869], [79.78484848484848, 21.17676767676768], [79.7989898989899, 21.17676767676768]]]}, "properties": {"confidence_score": 0.1135, "site_id": "bhandara"}}, {"type": "Feature", "geometry": {"type": "Polygon", "coordinates": [[[79.00707070707071, 21.186868686868685], [79.00707070707071, 21.196969696969695], [78.99292929292929, 21.196969696969695], [78.99292929292929, 21.186868686868685], [79.00707070707071, 21.186868686868685]]]}, "properties": {"confidence_score": 0.714, "site_id": "nagpur"}}, {"type": "Feature", "geometry": {"type": "Polygon", "coordinates": [[[79.02121212121213, 21.186868686868685], [79.02121212121213, 21.196969696969695], [79.00707070707071, 21.196969696969695], [79.00707070707071, 21.186868686868685], [79.02121212121213, 21.186868686868685]]]}, "properties": {"confidence_score": 0.7302, "site_id": "nagpur"}}, {"type": "Feature", "geometry": {"type": "Polygon", "coordinates": [[[79.03535353535354, 21.186868686868685], [79.03535353535354, 21.196969696969695], [79.02121212121212, 21.196969696969695], [79.02121212121212, 21.186868686868685], [79.03535353535354, 21.186868686868685]]]}, "properties": {"confidence_score": 0.7129, "site_id": "nagpur"}}, {"type": "Feature", "geometry": {"type": "Polygon", "coordinates": [[[79.04949494949496, 21.186868686868685], [79.04949494949496, 21.196969696969695], [79.03535353535354, 21.196969696969695], [79.03535353535354, 21.186868686868685], [79.04949494949496, 21.186868686868685]]]}, "properties": {"confidence_score": 0.5187, "site_id": "nagpur"}}, {"type": "Feature", "geometry": {"type": "Polygon", "coordinates": [[[79.06363636363636, 21.186868686868685], [79.06363636363636, 21.196969696969695], [79.04949494949494, 21.196969696969695], [79.04949494949494, 21.186868686868685], [79.06363636363636, 21.186868686868685]]]}, "properties": {"confidence_score": 0.3427, "site_id": "nagpur"}}, {"type": "Feature", "geometry": {"type": "Polygon", "coordinates": [[[79.07777777777778, 21.186868686868685], [79.07777777777778, 21.196969696969695], [79.06363636363636, 21.196969696969695], [79.06363636363636, 21.186868686868685], [79.07777777777778, 21.186868686868685]]]}, "properties": {"confidence_score": 0.227, "site_id": "nagpur"}}, {"type": "Feature", "geometry": {"type": "Polygon", "coordinates": [[[79.09191919191919, 21.186868686868685], [79.09191919191919, 21.196969696969695], [79.07777777777777, 21.196969696969695], [79.07777777777777, 21.186868686868685], [79.09191919191919, 21.186868686868685]]]}, "properties": {"confidence_score": 0.2087, "site_id": "nagpur"}}, {"type": "Feature", "geometry": {"type": "Polygon", "coordinates": [[[79.10606060606061, 21.186868686868685], [79.10606060606061, 21.196969696969695], [79.09191919191919, 21.196969696969695], [79.09191919191919, 21.186868686868685], [79.10606060606061, 21.186868686868685]]]}, "properties": {"confidence_score": 0.3516, "site_id": "nagpur"}}, {"type": "Feature", "geometry": {"type": "Polygon", "coordinates": [[[79.12020202020203, 21.186868686868685], [79.12020202020203, 21.196969696969695], [79.10606060606061, 21.196969696969695], [79.10606060606061, 21.186868686868685], [79.12020202020203, 21.186868686868685]]]}, "properties": {"confidence_score": 0.5697, "site_id": "nagpur"}}, {"type": "Feature", "geometry": {"type": "Polygon", "coordinates": [[[79.13434343434344, 21.186868686868685], [79.13434343434344, 21.196969696969695], [79.12020202020202, 21.196969696969695], [79.12020202020202, 21.186868686868685], [79.13434343434344, 21.186868686868685]]]}, "properties": {"confidence_score": 0.7554, "site_id": "nagpur"}}, {"type": "Feature", "geometry": {"type": "Polygon", "coordinates": [[[79.14848484848486, 21.186868686868685], [79.14848484848486, 21.196969696969695], [79.13434343434344, 21.196969696969695], [79.13434343434344, 21.186868686868685], [79.14848484848486, 21.186868686868685]]]}, "properties": {"confidence_score": 0.911, "site_id": "nagpur"}}, {"type": "Feature", "geometry": {"type": "Polygon", "coordinates": [[[79.16262626262626, 21.186868686868685], [79.16262626262626, 21.196969696969695], [79.14848484848484, 21.196969696969695], [79.14848484848484, 21.186868686868685], [79.16262626262626, 21.186868686868685]]]}, "properties": {"confidence_score": 0.7852, "site_id": "nagpur"}}, {"type": "Feature", "geometry": {"type": "Polygon", "coordinates": [[[79.17676767676768, 21.186868686868685], [79.17676767676768, 21.196969696969695], [79.16262626262626, 21.196969696969695], [79.16262626262626, 21.186868686868685], [79.17676767676768, 21.186868686868685]]]}, "properties": {"confidence_score": 0.6184, "site_id": "nagpur"}}, {"type": "Feature", "geometry": {"type": "Polygon", "coordinates": [[[79.19090909090909, 21.186868686868685], [79.19090909090909, 21.196969696969695], [79.17676767676767, 21.196969696969695], [79.17676767676767, 21.186868686868685], [79.19090909090909, 21.186868686868685]]]}, "properties": {"confidence_score": 0.7513, "site_id": "nagpur"}}, {"type": "Feature", "geometry": {"type": "Polygon", "coordinates": [[[79.20505050505051, 21.186868686868685], [79.20505050505051, 21.196969696969695], [79.19090909090909, 21.196969696969695], [79.19090909090909, 21.186868686868685], [79.20505050505051, 21.186868686868685]]]}, "properties": {"confidence_score": 0.8837, "site_id": "nagpur"}}, {"type": "Feature", "geometry": {"type": "Polygon", "coordinates": [[[79.21919191919193, 21.186868686868685], [79.21919191919193, 21.196969696969695], [79.20505050505051, 21.196969696969695], [79.20505050505051, 21.186868686868685], [79.21919191919193, 21.186868686868685]]]}, "properties": {"confidence_score": 0.6153, "site_id": "nagpur"}}, {"type": "Feature", "geometry": {"type": "Polygon", "coordinates": [[[79.23333333333333, 21.186868686868685], [79.23333333333333, 21.196969696969695], [79.21919191919191, 21.196969696969695], [79.21919191919191, 21.186868686868685], [79.23333333333333, 21.186868686868685]]]}, "properties": {"confidence_score": 0.2426, "site_id": "nagpur"}}, {"type": "Feature", "geometry": {"type": "Polygon", "coordinates": [[[79.24747474747475, 21.186868686868685], [79.24747474747475, 21.196969696969695], [79.23333333333333, 21.196969696969695], [79.23333333333333, 21.186868686868685], [79.24747474747475, 21.186868686868685]]]}, "properties": {"confidence_score": 0.0707, "site_id": "nagpur"}}, {"type": "Feature", "geometry": {"type": "Polygon", "coordinates": [[[79.26161616161616, 21.186868686868685], [79.26161616161616, 21.196969696969695], [79.24747474747474, 21.196969696969695], [79.24747474747474, 21.186868686868685], [79.26161616161616, 21.186868686868685]]]}, "properties": {"confidence_score": 0.0204, "site_id": "nagpur"}}, {"type": "Feature", "geometry": {"type": "Polygon", "coordinates": [[[79.27575757575758, 21.186868686868685], [79.27575757575758, 21.196969696969695], [79.26161616161616, 21.196969696969695], [79.26161616161616, 21.186868686868685], [79.27575757575758, 21.186868686868685]]]}, "properties": {"confidence_score": 0.0601, "site_id": "nagpur"}}, {"type": "Feature", "geometry": {"type": "Polygon", "coordinates": [[[79.289898989899, 21.186868686868685], [79.289898989899, 21.196969696969695], [79.27575757575758, 21.196969696969695], [79.27575757575758, 21.186868686868685], [79.289898989899, 21.186868686868685]]]}, "properties": {"confidence_score": 0.0929, "site_id": "nagpur"}}, {"type": "Feature", "geometry": {"type": "Polygon", "coordinates": [[[79.3040404040404, 21.186868686868685], [79.3040404040404, 21.196969696969695], [79.28989898989899, 21.196969696969695], [79.28989898989899, 21.186868686868685], [79.3040404040404, 21.186868686868685]]]}, "properties": {"confidence_score": 0.1077, "site_id": "nagpur"}}, {"type": "Feature", "geometry": {"type": "Polygon", "coordinates": [[[79.51616161616163, 21.186868686868685], [79.51616161616163, 21.196969696969695], [79.5020202020202, 21.196969696969695], [79.5020202020202, 21.186868686868685], [79.51616161616163, 21.186868686868685]]]}, "properties": {"confidence_score": 0.3643, "site_id": "bhandara"}}, {"type": "Feature", "geometry": {"type": "Polygon", "coordinates": [[[79.53030303030303, 21.186868686868685], [79.53030303030303, 21.196969696969695], [79.51616161616161, 21.196969696969695], [79.51616161616161, 21.186868686868685], [79.53030303030303, 21.186868686868685]]]}, "properties": {"confidence_score": 0.4138, "site_id": "bhandara"}}, {"type": "Feature", "geometry": {"type": "Polygon", "coordinates": [[[79.54444444444445, 21.186868686868685], [79.54444444444445, 21.196969696969695], [79.53030303030303, 21.196969696969695], [79.53030303030303, 21.186868686868685], [79.54444444444445, 21.186868686868685]]]}, "properties": {"confidence_score": 0.4312, "site_id": "bhandara"}}, {"type": "Feature", "geometry": {"type": "Polygon", "coordinates": [[[79.55858585858586, 21.186868686868685], [79.55858585858586, 21.196969696969695], [79.54444444444444, 21.196969696969695], [79.54444444444444, 21.186868686868685], [79.55858585858586, 21.186868686868685]]]}, "properties": {"confidence_score": 0.4011, "site_id": "bhandara"}}, {"type": "Feature", "geometry": {"type": "Polygon", "coordinates": [[[79.57272727272728, 21.186868686868685], [79.57272727272728, 21.196969696969695], [79.55858585858586, 21.196969696969695], [79.55858585858586, 21.186868686868685], [79.57272727272728, 21.186868686868685]]]}, "properties": {"confidence_score": 0.3059, "site_id": "bhandara"}}, {"type": "Feature", "geometry": {"type": "Polygon", "coordinates": [[[79.5868686868687, 21.186868686868685], [79.5868686868687, 21.196969696969695], [79.57272727272728, 21.196969696969695], [79.57272727272728, 21.186868686868685], [79.5868686868687, 21.186868686868685]]]}, "properties": {"confidence_score": 0.2688, "site_id": "bhandara"}}, {"type": "Feature", "geometry": {"type": "Polygon", "coordinates": [[[79.6010101010101, 21.186868686868685], [79.6010101010101, 21.196969696969695], [79.58686868686868, 21.196969696969695], [79.58686868686868, 21.186868686868685], [79.6010101010101, 21.186868686868685]]]}, "properties": {"confidence_score": 0.3261, "site_id": "bhandara"}}, {"type": "Feature", "geometry": {"type": "Polygon", "coordinates": [[[79.61515151515152, 21.186868686868685], [79.61515151515152, 21.196969696969695], [79.6010101010101, 21.196969696969695], [79.6010101010101, 21.186868686868685], [79.61515151515152, 21.186868686868685]]]}, "properties": {"confidence_score": 0.4643, "site_id": "bhandara"}}, {"type": "Feature", "geometry": {"type": "Polygon", "coordinates": [[[79.62929292929293, 21.186868686868685], [79.62929292929293, 21.196969696969695], [79.61515151515151, 21.196969696969695], [79.61515151515151, 21.186868686868685], [79.62929292929293, 21.186868686868685]]]}, "properties": {"confidence_score": 0.6975, "site_id": "bhandara"}}, {"type": "Feature", "geometry": {"type": "Polygon", "coordinates": [[[79.64343434343435, 21.186868686868685], [79.64343434343435, 21.196969696969695], [79.62929292929293, 21.196969696969695], [79.62929292929293, 21.186868686868685], [79.64343434343435, 21.186868686868685]]]}, "properties": {"confidence_score": 0.8466, "site_id": "bhandara"}}, {"type": "Feature", "geometry": {"type": "Polygon", "coordinates": [[[79.65757575757576, 21.186868686868685], [79.65757575757576, 21.196969696969695], [79.64343434343434, 21.196969696969695], [79.64343434343434, 21.186868686868685], [79.65757575757576, 21.186868686868685]]]}, "properties": {"confidence_score": 0.9323, "site_id": "bhandara"}}, {"type": "Feature", "geometry": {"type": "Polygon", "coordinates": [[[79.67171717171718, 21.186868686868685], [79.67171717171718, 21.196969696969695], [79.65757575757576, 21.196969696969695], [79.65757575757576, 21.186868686868685], [79.67171717171718, 21.186868686868685]]]}, "properties": {"confidence_score": 0.9598, "site_id": "bhandara"}}, {"type": "Feature", "geometry": {"type": "Polygon", "coordinates": [[[79.6858585858586, 21.186868686868685], [79.6858585858586, 21.196969696969695], [79.67171717171718, 21.196969696969695], [79.67171717171718, 21.186868686868685], [79.6858585858586, 21.186868686868685]]]}, "properties": {"confidence_score": 0.944, "site_id": "bhandara"}}, {"type": "Feature", "geometry": {"type": "Polygon", "coordinates": [[[79.7, 21.186868686868685], [79.7, 21.196969696969695], [79.68585858585858, 21.196969696969695], [79.68585858585858, 21.186868686868685], [79.7, 21.186868686868685]]]}, "properties": {"confidence_score": 0.9023, "site_id": "bhandara"}}, {"type": "Feature", "geometry": {"type": "Polygon", "coordinates": [[[79.71414141414142, 21.186868686868685], [79.71414141414142, 21.196969696969695], [79.7, 21.196969696969695], [79.7, 21.186868686868685], [79.71414141414142, 21.186868686868685]]]}, "properties": {"confidence_score": 0.7967, "site_id": "bhandara"}}, {"type": "Feature", "geometry": {"type": "Polygon", "coordinates": [[[79.72828282828283, 21.186868686868685], [79.72828282828283, 21.196969696969695], [79.71414141414141, 21.196969696969695], [79.71414141414141, 21.186868686868685], [79.72828282828283, 21.186868686868685]]]}, "properties": {"confidence_score": 0.6651, "site_id": "bhandara"}}, {"type": "Feature", "geometry": {"type": "Polygon", "coordinates": [[[79.74242424242425, 21.186868686868685], [79.74242424242425, 21.196969696969695], [79.72828282828283, 21.196969696969695], [79.72828282828283, 21.186868686868685], [79.74242424242425, 21.186868686868685]]]}, "properties": {"confidence_score": 0.4862, "site_id": "bhandara"}}, {"type": "Feature", "geometry": {"type": "Polygon", "coordinates": [[[79.75656565656567, 21.186868686868685], [79.75656565656567, 21.196969696969695], [79.74242424242425, 21.196969696969695], [79.74242424242425, 21.186868686868685], [79.75656565656567, 21.186868686868685]]]}, "properties": {"confidence_score": 0.3109, "site_id": "bhandara"}}, {"type": "Feature", "geometry": {"type": "Polygon", "coordinates": [[[79.77070707070708, 21.186868686868685], [79.77070707070708, 21.196969696969695], [79.75656565656566, 21.196969696969695], [79.75656565656566, 21.186868686868685], [79.77070707070708, 21.186868686868685]]]}, "properties": {"confidence_score": 0.1728, "site_id": "bhandara"}}, {"type": "Feature", "geometry": {"type": "Polygon", "coordinates": [[[79.7848484848485, 21.186868686868685], [79.7848484848485, 21.196969696969695], [79.77070707070708, 21.196969696969695], [79.77070707070708, 21.186868686868685], [79.7848484848485, 21.186868686868685]]]}, "properties": {"confidence_score": 0.0961, "site_id": "bhandara"}}, {"type": "Feature", "geometry": {"type": "Polygon", "coordinates": [[[79.7989898989899, 21.186868686868685], [79.7989898989899, 21.196969696969695], [79.78484848484848, 21.196969696969695], [79.78484848484848, 21.186868686868685], [79.7989898989899, 21.186868686868685]]]}, "properties": {"confidence_score": 0.0737, "site_id": "bhandara"}}, {"type": "Feature", "geometry": {"type": "Polygon", "coordinates": [[[79.00707070707071, 21.196969696969695], [79.00707070707071, 21.207070707070706], [78.99292929292929, 21.207070707070706], [78.99292929292929, 21.196969696969695], [79.00707070707071, 21.196969696969695]]]}, "properties": {"confidence_score": 0.4785, "site_id": "nagpur"}}, {"type": "Feature", "geometry": {"type": "Polygon", "coordinates": [[[79.02121212121213, 21.196969696969695], [79.02121212121213, 21.207070707070706], [79.00707070707071, 21.207070707070706], [79.00707070707071, 21.196969696969695], [79.02121212121213, 21.196969696969695]]]}, "properties": {"confidence_score": 0.4949, "site_id": "nagpur"}}, {"type": "Feature", "geometry": {"type": "Polygon", "coordinates": [[[79.03535353535354, 21.196969696969695], [79.03535353535354, 21.207070707070706], [79.02121212121212, 21.207070707070706], [79.02121212121212, 21.196969696969695], [79.03535353535354, 21.196969696969695]]]}, "properties": {"confidence_score": 0.4511, "site_id": "nagpur"}}, {"type": "Feature", "geometry": {"type": "Polygon", "coordinates": [[[79.04949494949496, 21.196969696969695], [79.04949494949496, 21.207070707070706], [79.03535353535354, 21.207070707070706], [79.03535353535354, 21.196969696969695], [79.04949494949496, 21.196969696969695]]]}, "properties": {"confidence_score": 0.3552, "site_id": "nagpur"}}, {"type": "Feature", "geometry": {"type": "Polygon", "coordinates": [[[79.06363636363636, 21.196969696969695], [79.06363636363636, 21.207070707070706], [79.04949494949494, 21.207070707070706], [79.04949494949494, 21.196969696969695], [79.06363636363636, 21.196969696969695]]]}, "properties": {"confidence_score": 0.2375, "site_id": "nagpur"}}, {"type": "Feature", "geometry": {"type": "Polygon", "coordinates": [[[79.07777777777778, 21.196969696969695], [79.07777777777778, 21.207070707070706], [79.06363636363636, 21.207070707070706], [79.06363636363636, 21.196969696969695], [79.07777777777778, 21.196969696969695]]]}, "properties": {"confidence_score": 0.167, "site_id": "nagpur"}}, {"type": "Feature", "geometry": {"type": "Polygon", "coordinates": [[[79.09191919191919, 21.196969696969695], [79.09191919191919, 21.207070707070706], [79.07777777777777, 21.207070707070706], [79.07777777777777, 21.196969696969695], [79.09191919191919, 21.196969696969695]]]}, "properties": {"confidence_score": 0.1416, "site_id": "nagpur"}}, {"type": "Feature", "geometry": {"type": "Polygon", "coordinates": [[[79.10606060606061, 21.196969696969695], [79.10606060606061, 21.207070707070706], [79.09191919191919, 21.207070707070706], [79.09191919191919, 21.196969696969695], [79.10606060606061, 21.196969696969695]]]}, "properties": {"confidence_score": 0.318, "site_id": "nagpur"}}, {"type": "Feature", "geometry": {"type": "Polygon", "coordinates": [[[79.12020202020203, 21.196969696969695], [79.12020202020203, 21.207070707070706], [79.10606060606061, 21.207070707070706], [79.10606060606061, 21.196969696969695], [79.12020202020203, 21.196969696969695]]]}, "properties": {"confidence_score": 0.5565, "site_id": "nagpur"}}, {"type": "Feature", "geometry": {"type": "Polygon", "coordinates": [[[79.13434343434344, 21.196969696969695], [79.13434343434344, 21.207070707070706], [79.12020202020202, 21.207070707070706], [79.12020202020202, 21.196969696969695], [79.13434343434344, 21.196969696969695]]]}, "properties": {"confidence_score": 0.7518, "site_id": "nagpur"}}, {"type": "Feature", "geometry": {"type": "Polygon", "coordinates": [[[79.14848484848486, 21.196969696969695], [79.14848484848486, 21.207070707070706], [79.13434343434344, 21.207070707070706], [79.13434343434344, 21.196969696969695], [79.14848484848486, 21.196969696969695]]]}, "properties": {"confidence_score": 0.9525, "site_id": "nagpur"}}, {"type": "Feature", "geometry": {"type": "Polygon", "coordinates": [[[79.16262626262626, 21.196969696969695], [79.16262626262626, 21.207070707070706], [79.14848484848484, 21.207070707070706], [79.14848484848484, 21.196969696969695], [79.16262626262626, 21.196969696969695]]]}, "properties": {"confidence_score": 0.8715, "site_id": "nagpur"}}, {"type": "Feature", "geometry": {"type": "Polygon", "coordinates": [[[79.17676767676768, 21.196969696969695], [79.17676767676768, 21.207070707070706], [79.16262626262626, 21.207070707070706], [79.16262626262626, 21.196969696969695], [79.17676767676768, 21.196969696969695]]]}, "properties": {"confidence_score": 0.8367, "site_id": "nagpur"}}, {"type": "Feature", "geometry": {"type": "Polygon", "coordinates": [[[79.19090909090909, 21.196969696969695], [79.19090909090909, 21.207070707070706], [79.17676767676767, 21.207070707070706], [79.17676767676767, 21.196969696969695], [79.19090909090909, 21.196969696969695]]]}, "properties": {"confidence_score": 0.8572, "site_id": "nagpur"}}, {"type": "Feature", "geometry": {"type": "Polygon", "coordinates": [[[79.20505050505051, 21.196969696969695], [79.20505050505051, 21.207070707070706], [79.19090909090909, 21.207070707070706], [79.19090909090909, 21.196969696969695], [79.20505050505051, 21.196969696969695]]]}, "properties": {"confidence_score": 0.9432, "site_id": "nagpur"}}, {"type": "Feature", "geometry": {"type": "Polygon", "coordinates": [[[79.21919191919193, 21.196969696969695], [79.21919191919193, 21.207070707070706], [79.20505050505051, 21.207070707070706], [79.20505050505051, 21.196969696969695], [79.21919191919193, 21.196969696969695]]]}, "properties": {"confidence_score": 0.6134, "site_id": "nagpur"}}, {"type": "Feature", "geometry": {"type": "Polygon", "coordinates": [[[79.23333333333333, 21.196969696969695], [79.23333333333333, 21.207070707070706], [79.21919191919191, 21.207070707070706], [79.21919191919191, 21.196969696969695], [79.23333333333333, 21.196969696969695]]]}, "properties": {"confidence_score": 0.1988, "site_id": "nagpur"}}, {"type": "Feature", "geometry": {"type": "Polygon", "coordinates": [[[79.24747474747475, 21.196969696969695], [79.24747474747475, 21.207070707070706], [79.23333333333333, 21.207070707070706], [79.23333333333333, 21.196969696969695], [79.24747474747475, 21.196969696969695]]]}, "properties": {"confidence_score": 0.0787, "site_id": "nagpur"}}, {"type": "Feature", "geometry": {"type": "Polygon", "coordinates": [[[79.26161616161616, 21.196969696969695], [79.26161616161616, 21.207070707070706], [79.24747474747474, 21.207070707070706], [79.24747474747474, 21.196969696969695], [79.26161616161616, 21.196969696969695]]]}, "properties": {"confidence_score": 0.0266, "site_id": "nagpur"}}, {"type": "Feature", "geometry": {"type": "Polygon", "coordinates": [[[79.27575757575758, 21.196969696969695], [79.27575757575758, 21.207070707070706], [79.26161616161616, 21.207070707070706], [79.26161616161616, 21.196969696969695], [79.27575757575758, 21.196969696969695]]]}, "properties": {"confidence_score": 0.1546, "site_id": "nagpur"}}, {"type": "Feature", "geometry": {"type": "Polygon", "coordinates": [[[79.289898989899, 21.196969696969695], [79.289898989899, 21.207070707070706], [79.27575757575758, 21.207070707070706], [79.27575757575758, 21.196969696969695], [79.289898989899, 21.196969696969695]]]}, "properties": {"confidence_score": 0.2409, "site_id": "nagpur"}}, {"type": "Feature", "geometry": {"type": "Polygon", "coordinates": [[[79.3040404040404, 21.196969696969695], [79.3040404040404, 21.207070707070706], [79.28989898989899, 21.207070707070706], [79.28989898989899, 21.196969696969695], [79.3040404040404, 21.196969696969695]]]}, "properties": {"confidence_score": 0.2239, "site_id": "nagpur"}}, {"type": "Feature", "geometry": {"type": "Polygon", "coordinates": [[[79.51616161616163, 21.196969696969695], [79.51616161616163, 21.207070707070706], [79.5020202020202, 21.207070707070706], [79.5020202020202, 21.196969696969695], [79.51616161616163, 21.196969696969695]]]}, "properties": {"confidence_score": 0.2609, "site_id": "bhandara"}}, {"type": "Feature", "geometry": {"type": "Polygon", "coordinates": [[[79.53030303030303, 21.196969696969695], [79.53030303030303, 21.207070707070706], [79.51616161616161, 21.207070707070706], [79.51616161616161, 21.196969696969695], [79.53030303030303, 21.196969696969695]]]}, "properties": {"confidence_score": 0.3522, "site_id": "bhandara"}}, {"type": "Feature", "geometry": {"type": "Polygon", "coordinates": [[[79.54444444444445, 21.196969696969695], [79.54444444444445, 21.207070707070706], [79.53030303030303, 21.207070707070706], [79.53030303030303, 21.196969696969695], [79.54444444444445, 21.196969696969695]]]}, "properties": {"confidence_score": 0.4713, "site_id": "bhandara"}}, {"type": "Feature", "geometry": {"type": "Polygon", "coordinates": [[[79.55858585858586, 21.196969696969695], [79.55858585858586, 21.207070707070706], [79.54444444444444, 21.207070707070706], [79.54444444444444, 21.196969696969695], [79.55858585858586, 21.196969696969695]]]}, "properties": {"confidence_score": 0.497, "site_id": "bhandara"}}, {"type": "Feature", "geometry": {"type": "Polygon", "coordinates": [[[79.57272727272728, 21.196969696969695], [79.57272727272728, 21.207070707070706], [79.55858585858586, 21.207070707070706], [79.55858585858586, 21.196969696969695], [79.57272727272728, 21.196969696969695]]]}, "properties": {"confidence_score": 0.4285, "site_id": "bhandara"}}, {"type": "Feature", "geometry": {"type": "Polygon", "coordinates": [[[79.5868686868687, 21.196969696969695], [79.5868686868687, 21.207070707070706], [79.57272727272728, 21.207070707070706], [79.57272727272728, 21.196969696969695], [79.5868686868687, 21.196969696969695]]]}, "properties": {"confidence_score": 0.3393, "site_id": "bhandara"}}, {"type": "Feature", "geometry": {"type": "Polygon", "coordinates": [[[79.6010101010101, 21.196969696969695], [79.6010101010101, 21.207070707070706], [79.58686868686868, 21.207070707070706], [79.58686868686868, 21.196969696969695], [79.6010101010101, 21.196969696969695]]]}, "properties": {"confidence_score": 0.2559, "site_id": "bhandara"}}, {"type": "Feature", "geometry": {"type": "Polygon", "coordinates": [[[79.61515151515152, 21.196969696969695], [79.61515151515152, 21.207070707070706], [79.6010101010101, 21.207070707070706], [79.6010101010101, 21.196969696969695], [79.61515151515152, 21.196969696969695]]]}, "properties": {"confidence_score": 0.3174, "site_id": "bhandara"}}, {"type": "Feature", "geometry": {"type": "Polygon", "coordinates": [[[79.62929292929293, 21.196969696969695], [79.62929292929293, 21.207070707070706], [79.61515151515151, 21.207070707070706], [79.61515151515151, 21.196969696969695], [79.62929292929293, 21.196969696969695]]]}, "properties": {"confidence_score": 0.5157, "site_id": "bhandara"}}, {"type": "Feature", "geometry": {"type": "Polygon", "coordinates": [[[79.64343434343435, 21.196969696969695], [79.64343434343435, 21.207070707070706], [79.62929292929293, 21.207070707070706], [79.62929292929293, 21.196969696969695], [79.64343434343435, 21.196969696969695]]]}, "properties": {"confidence_score": 0.6916, "site_id": "bhandara"}}, {"type": "Feature", "geometry": {"type": "Polygon", "coordinates": [[[79.65757575757576, 21.196969696969695], [79.65757575757576, 21.207070707070706], [79.64343434343434, 21.207070707070706], [79.64343434343434, 21.196969696969695], [79.65757575757576, 21.196969696969695]]]}, "properties": {"confidence_score": 0.8812, "site_id": "bhandara"}}, {"type": "Feature", "geometry": {"type": "Polygon", "coordinates": [[[79.67171717171718, 21.196969696969695], [79.67171717171718, 21.207070707070706], [79.65757575757576, 21.207070707070706], [79.65757575757576, 21.196969696969695], [79.67171717171718, 21.196969696969695]]]}, "properties": {"confidence_score": 0.9618, "site_id": "bhandara"}}, {"type": "Feature", "geometry": {"type": "Polygon", "coordinates": [[[79.6858585858586, 21.196969696969695], [79.6858585858586, 21.207070707070706], [79.67171717171718, 21.207070707070706], [79.67171717171718, 21.196969696969695], [79.6858585858586, 21.196969696969695]]]}, "properties": {"confidence_score": 0.9616, "site_id": "bhandara"}}, {"type": "Feature", "geometry": {"type": "Polygon", "coordinates": [[[79.7, 21.196969696969695], [79.7, 21.207070707070706], [79.68585858585858, 21.207070707070706], [79.68585858585858, 21.196969696969695], [79.7, 21.196969696969695]]]}, "properties": {"confidence_score": 0.9511, "site_id": "bhandara"}}, {"type": "Feature", "geometry": {"type": "Polygon", "coordinates": [[[79.71414141414142, 21.196969696969695], [79.71414141414142, 21.207070707070706], [79.7, 21.207070707070706], [79.7, 21.196969696969695], [79.71414141414142, 21.196969696969695]]]}, "properties": {"confidence_score": 0.9304, "site_id": "bhandara"}}, {"type": "Feature", "geometry": {"type": "Polygon", "coordinates": [[[79.72828282828283, 21.196969696969695], [79.72828282828283, 21.207070707070706], [79.71414141414141, 21.207070707070706], [79.71414141414141, 21.196969696969695], [79.72828282828283, 21.196969696969695]]]}, "properties": {"confidence_score": 0.7984, "site_id": "bhandara"}}, {"type": "Feature", "geometry": {"type": "Polygon", "coordinates": [[[79.74242424242425, 21.196969696969695], [79.74242424242425, 21.207070707070706], [79.72828282828283, 21.207070707070706], [79.72828282828283, 21.196969696969695], [79.74242424242425, 21.196969696969695]]]}, "properties": {"confidence_score": 0.535, "site_id": "bhandara"}}, {"type": "Feature", "geometry": {"type": "Polygon", "coordinates": [[[79.75656565656567, 21.196969696969695], [79.75656565656567, 21.207070707070706], [79.74242424242425, 21.207070707070706], [79.74242424242425, 21.196969696969695], [79.75656565656567, 21.196969696969695]]]}, "properties": {"confidence_score": 0.3353, "site_id": "bhandara"}}, {"type": "Feature", "geometry": {"type": "Polygon", "coordinates": [[[79.77070707070708, 21.196969696969695], [79.77070707070708, 21.207070707070706], [79.75656565656566, 21.207070707070706], [79.75656565656566, 21.196969696969695], [79.77070707070708, 21.196969696969695]]]}, "properties": {"confidence_score": 0.1785, "site_id": "bhandara"}}, {"type": "Feature", "geometry": {"type": "Polygon", "coordinates": [[[79.7848484848485, 21.196969696969695], [79.7848484848485, 21.207070707070706], [79.77070707070708, 21.207070707070706], [79.77070707070708, 21.196969696969695], [79.7848484848485, 21.196969696969695]]]}, "properties": {"confidence_score": 0.0906, "site_id": "bhandara"}}, {"type": "Feature", "geometry": {"type": "Polygon", "coordinates": [[[79.7989898989899, 21.196969696969695], [79.7989898989899, 21.207070707070706], [79.78484848484848, 21.207070707070706], [79.78484848484848, 21.196969696969695], [79.7989898989899, 21.196969696969695]]]}, "properties": {"confidence_score": 0.0706, "site_id": "bhandara"}}, {"type": "Feature", "geometry": {"type": "Polygon", "coordinates": [[[79.00707070707071, 21.207070707070706], [79.00707070707071, 21.217171717171716], [78.99292929292929, 21.217171717171716], [78.99292929292929, 21.207070707070706], [79.00707070707071, 21.207070707070706]]]}, "properties": {"confidence_score": 0.2942, "site_id": "nagpur"}}, {"type": "Feature", "geometry": {"type": "Polygon", "coordinates": [[[79.02121212121213, 21.207070707070706], [79.02121212121213, 21.217171717171716], [79.00707070707071, 21.217171717171716], [79.00707070707071, 21.207070707070706], [79.02121212121213, 21.207070707070706]]]}, "properties": {"confidence_score": 0.2971, "site_id": "nagpur"}}, {"type": "Feature", "geometry": {"type": "Polygon", "coordinates": [[[79.03535353535354, 21.207070707070706], [79.03535353535354, 21.217171717171716], [79.02121212121212, 21.217171717171716], [79.02121212121212, 21.207070707070706], [79.03535353535354, 21.207070707070706]]]}, "properties": {"confidence_score": 0.2576, "site_id": "nagpur"}}, {"type": "Feature", "geometry": {"type": "Polygon", "coordinates": [[[79.04949494949496, 21.207070707070706], [79.04949494949496, 21.217171717171716], [79.03535353535354, 21.217171717171716], [79.03535353535354, 21.207070707070706], [79.04949494949496, 21.207070707070706]]]}, "properties": {"confidence_score": 0.2153, "site_id": "nagpur"}}, {"type": "Feature", "geometry": {"type": "Polygon", "coordinates": [[[79.06363636363636, 21.207070707070706], [79.06363636363636, 21.217171717171716], [79.04949494949494, 21.217171717171716], [79.04949494949494, 21.207070707070706], [79.06363636363636, 21.207070707070706]]]}, "properties": {"confidence_score": 0.1523, "site_id": "nagpur"}}, {"type": "Feature", "geometry": {"type": "Polygon", "coordinates": [[[79.07777777777778, 21.207070707070706], [79.07777777777778, 21.217171717171716], [79.06363636363636, 21.217171717171716], [79.06363636363636, 21.207070707070706], [79.07777777777778, 21.207070707070706]]]}, "properties": {"confidence_score": 0.1161, "site_id": "nagpur"}}, {"type": "Feature", "geometry": {"type": "Polygon", "coordinates": [[[79.09191919191919, 21.207070707070706], [79.09191919191919, 21.217171717171716], [79.07777777777777, 21.217171717171716], [79.07777777777777, 21.207070707070706], [79.09191919191919, 21.207070707070706]]]}, "properties": {"confidence_score": 0.13, "site_id": "nagpur"}}, {"type": "Feature", "geometry": {"type": "Polygon", "coordinates": [[[79.10606060606061, 21.207070707070706], [79.10606060606061, 21.217171717171716], [79.09191919191919, 21.217171717171716], [79.09191919191919, 21.207070707070706], [79.10606060606061, 21.207070707070706]]]}, "properties": {"confidence_score": 0.2852, "site_id": "nagpur"}}, {"type": "Feature", "geometry": {"type": "Polygon", "coordinates": [[[79.12020202020203, 21.207070707070706], [79.12020202020203, 21.217171717171716], [79.10606060606061, 21.217171717171716], [79.10606060606061, 21.207070707070706], [79.12020202020203, 21.207070707070706]]]}, "properties": {"confidence_score": 0.506, "site_id": "nagpur"}}, {"type": "Feature", "geometry": {"type": "Polygon", "coordinates": [[[79.13434343434344, 21.207070707070706], [79.13434343434344, 21.217171717171716], [79.12020202020202, 21.217171717171716], [79.12020202020202, 21.207070707070706], [79.13434343434344, 21.207070707070706]]]}, "properties": {"confidence_score": 0.7192, "site_id": "nagpur"}}, {"type": "Feature", "geometry": {"type": "Polygon", "coordinates": [[[79.14848484848486, 21.207070707070706], [79.14848484848486, 21.217171717171716], [79.13434343434344, 21.217171717171716], [79.13434343434344, 21.207070707070706], [79.14848484848486, 21.207070707070706]]]}, "properties": {"confidence_score": 0.9186, "site_id": "nagpur"}}, {"type": "Feature", "geometry": {"type": "Polygon", "coordinates": [[[79.16262626262626, 21.207070707070706], [79.16262626262626, 21.217171717171716], [79.14848484848484, 21.217171717171716], [79.14848484848484, 21.207070707070706], [79.16262626262626, 21.207070707070706]]]}, "properties": {"confidence_score": 0.9131, "site_id": "nagpur"}}, {"type": "Feature", "geometry": {"type": "Polygon", "coordinates": [[[79.17676767676768, 21.207070707070706], [79.17676767676768, 21.217171717171716], [79.16262626262626, 21.217171717171716], [79.16262626262626, 21.207070707070706], [79.17676767676768, 21.207070707070706]]]}, "properties": {"confidence_score": 0.9109, "site_id": "nagpur"}}, {"type": "Feature", "geometry": {"type": "Polygon", "coordinates": [[[79.19090909090909, 21.207070707070706], [79.19090909090909, 21.217171717171716], [79.17676767676767, 21.217171717171716], [79.17676767676767, 21.207070707070706], [79.19090909090909, 21.207070707070706]]]}, "properties": {"confidence_score": 0.9163, "site_id": "nagpur"}}, {"type": "Feature", "geometry": {"type": "Polygon", "coordinates": [[[79.20505050505051, 21.207070707070706], [79.20505050505051, 21.217171717171716], [79.19090909090909, 21.217171717171716], [79.19090909090909, 21.207070707070706], [79.20505050505051, 21.207070707070706]]]}, "properties": {"confidence_score": 0.9179, "site_id": "nagpur"}}, {"type": "Feature", "geometry": {"type": "Polygon", "coordinates": [[[79.21919191919193, 21.207070707070706], [79.21919191919193, 21.217171717171716], [79.20505050505051, 21.217171717171716], [79.20505050505051, 21.207070707070706], [79.21919191919193, 21.207070707070706]]]}, "properties": {"confidence_score": 0.6127, "site_id": "nagpur"}}, {"type": "Feature", "geometry": {"type": "Polygon", "coordinates": [[[79.23333333333333, 21.207070707070706], [79.23333333333333, 21.217171717171716], [79.21919191919191, 21.217171717171716], [79.21919191919191, 21.207070707070706], [79.23333333333333, 21.207070707070706]]]}, "properties": {"confidence_score": 0.2469, "site_id": "nagpur"}}, {"type": "Feature", "geometry": {"type": "Polygon", "coordinates": [[[79.24747474747475, 21.207070707070706], [79.24747474747475, 21.217171717171716], [79.23333333333333, 21.217171717171716], [79.23333333333333, 21.207070707070706], [79.24747474747475, 21.207070707070706]]]}, "properties": {"confidence_score": 0.1445, "site_id": "nagpur"}}, {"type": "Feature", "geometry": {"type": "Polygon", "coordinates": [[[79.26161616161616, 21.207070707070706], [79.26161616161616, 21.217171717171716], [79.24747474747474, 21.217171717171716], [79.24747474747474, 21.207070707070706], [79.26161616161616, 21.207070707070706]]]}, "properties": {"confidence_score": 0.1859, "site_id": "nagpur"}}, {"type": "Feature", "geometry": {"type": "Polygon", "coordinates": [[[79.27575757575758, 21.207070707070706], [79.27575757575758, 21.217171717171716], [79.26161616161616, 21.217171717171716], [79.26161616161616, 21.207070707070706], [79.27575757575758, 21.207070707070706]]]}, "properties": {"confidence_score": 0.3426, "site_id": "nagpur"}}, {"type": "Feature", "geometry": {"type": "Polygon", "coordinates": [[[79.289898989899, 21.207070707070706], [79.289898989899, 21.217171717171716], [79.27575757575758, 21.217171717171716], [79.27575757575758, 21.207070707070706], [79.289898989899, 21.207070707070706]]]}, "properties": {"confidence_score": 0.4836, "site_id": "nagpur"}}, {"type": "Feature", "geometry": {"type": "Polygon", "coordinates": [[[79.3040404040404, 21.207070707070706], [79.3040404040404, 21.217171717171716], [79.28989898989899, 21.217171717171716], [79.28989898989899, 21.207070707070706], [79.3040404040404, 21.207070707070706]]]}, "properties": {"confidence_score": 0.4029, "site_id": "nagpur"}}, {"type": "Feature", "geometry": {"type": "Polygon", "coordinates": [[[79.51616161616163, 21.207070707070706], [79.51616161616163, 21.217171717171716], [79.5020202020202, 21.217171717171716], [79.5020202020202, 21.207070707070706], [79.51616161616163, 21.207070707070706]]]}, "properties": {"confidence_score": 0.256, "site_id": "bhandara"}}, {"type": "Feature", "geometry": {"type": "Polygon", "coordinates": [[[79.53030303030303, 21.207070707070706], [79.53030303030303, 21.217171717171716], [79.51616161616161, 21.217171717171716], [79.51616161616161, 21.207070707070706], [79.53030303030303, 21.207070707070706]]]}, "properties": {"confidence_score": 0.3836, "site_id": "bhandara"}}, {"type": "Feature", "geometry": {"type": "Polygon", "coordinates": [[[79.54444444444445, 21.207070707070706], [79.54444444444445, 21.217171717171716], [79.53030303030303, 21.217171717171716], [79.53030303030303, 21.207070707070706], [79.54444444444445, 21.207070707070706]]]}, "properties": {"confidence_score": 0.5965, "site_id": "bhandara"}}, {"type": "Feature", "geometry": {"type": "Polygon", "coordinates": [[[79.55858585858586, 21.207070707070706], [79.55858585858586, 21.217171717171716], [79.54444444444444, 21.217171717171716], [79.54444444444444, 21.207070707070706], [79.55858585858586, 21.207070707070706]]]}, "properties": {"confidence_score": 0.6762, "site_id": "bhandara"}}, {"type": "Feature", "geometry": {"type": "Polygon", "coordinates": [[[79.57272727272728, 21.207070707070706], [79.57272727272728, 21.217171717171716], [79.55858585858586, 21.217171717171716], [79.55858585858586, 21.207070707070706], [79.57272727272728, 21.207070707070706]]]}, "properties": {"confidence_score": 0.6323, "site_id": "bhandara"}}, {"type": "Feature", "geometry": {"type": "Polygon", "coordinates": [[[79.5868686868687, 21.207070707070706], [79.5868686868687, 21.217171717171716], [79.57272727272728, 21.217171717171716], [79.57272727272728, 21.207070707070706], [79.5868686868687, 21.207070707070706]]]}, "properties": {"confidence_score": 0.4695, "site_id": "bhandara"}}, {"type": "Feature", "geometry": {"type": "Polygon", "coordinates": [[[79.6010101010101, 21.207070707070706], [79.6010101010101, 21.217171717171716], [79.58686868686868, 21.217171717171716], [79.58686868686868, 21.207070707070706], [79.6010101010101, 21.207070707070706]]]}, "properties": {"confidence_score": 0.2458, "site_id": "bhandara"}}, {"type": "Feature", "geometry": {"type": "Polygon", "coordinates": [[[79.61515151515152, 21.207070707070706], [79.61515151515152, 21.217171717171716], [79.6010101010101, 21.217171717171716], [79.6010101010101, 21.207070707070706], [79.61515151515152, 21.207070707070706]]]}, "properties": {"confidence_score": 0.2003, "site_id": "bhandara"}}, {"type": "Feature", "geometry": {"type": "Polygon", "coordinates": [[[79.62929292929293, 21.207070707070706], [79.62929292929293, 21.217171717171716], [79.61515151515151, 21.217171717171716], [79.61515151515151, 21.207070707070706], [79.62929292929293, 21.207070707070706]]]}, "properties": {"confidence_score": 0.3177, "site_id": "bhandara"}}, {"type": "Feature", "geometry": {"type": "Polygon", "coordinates": [[[79.64343434343435, 21.207070707070706], [79.64343434343435, 21.217171717171716], [79.62929292929293, 21.217171717171716], [79.62929292929293, 21.207070707070706], [79.64343434343435, 21.207070707070706]]]}, "properties": {"confidence_score": 0.4948, "site_id": "bhandara"}}, {"type": "Feature", "geometry": {"type": "Polygon", "coordinates": [[[79.65757575757576, 21.207070707070706], [79.65757575757576, 21.217171717171716], [79.64343434343434, 21.217171717171716], [79.64343434343434, 21.207070707070706], [79.65757575757576, 21.207070707070706]]]}, "properties": {"confidence_score": 0.7252, "site_id": "bhandara"}}, {"type": "Feature", "geometry": {"type": "Polygon", "coordinates": [[[79.67171717171718, 21.207070707070706], [79.67171717171718, 21.217171717171716], [79.65757575757576, 21.217171717171716], [79.65757575757576, 21.207070707070706], [79.67171717171718, 21.207070707070706]]]}, "properties": {"confidence_score": 0.8642, "site_id": "bhandara"}}, {"type": "Feature", "geometry": {"type": "Polygon", "coordinates": [[[79.6858585858586, 21.207070707070706], [79.6858585858586, 21.217171717171716], [79.67171717171718, 21.217171717171716], [79.67171717171718, 21.207070707070706], [79.6858585858586, 21.207070707070706]]]}, "properties": {"confidence_score": 0.936, "site_id": "bhandara"}}, {"type": "Feature", "geometry": {"type": "Polygon", "coordinates": [[[79.7, 21.207070707070706], [79.7, 21.217171717171716], [79.68585858585858, 21.217171717171716], [79.68585858585858, 21.207070707070706], [79.7, 21.207070707070706]]]}, "properties": {"confidence_score": 0.9664, "site_id": "bhandara"}}, {"type": "Feature", "geometry": {"type": "Polygon", "coordinates": [[[79.71414141414142, 21.207070707070706], [79.71414141414142, 21.217171717171716], [79.7, 21.217171717171716], [79.7, 21.207070707070706], [79.71414141414142, 21.207070707070706]]]}, "properties": {"confidence_score": 0.954, "site_id": "bhandara"}}, {"type": "Feature", "geometry": {"type": "Polygon", "coordinates": [[[79.72828282828283, 21.207070707070706], [79.72828282828283, 21.217171717171716], [79.71414141414141, 21.217171717171716], [79.71414141414141, 21.207070707070706], [79.72828282828283, 21.207070707070706]]]}, "properties": {"confidence_score": 0.8321, "site_id": "bhandara"}}, {"type": "Feature", "geometry": {"type": "Polygon", "coordinates": [[[79.74242424242425, 21.207070707070706], [79.74242424242425, 21.217171717171716], [79.72828282828283, 21.217171717171716], [79.72828282828283, 21.207070707070706], [79.74242424242425, 21.207070707070706]]]}, "properties": {"confidence_score": 0.5821, "site_id": "bhandara"}}, {"type": "Feature", "geometry": {"type": "Polygon", "coordinates": [[[79.75656565656567, 21.207070707070706], [79.75656565656567, 21.217171717171716], [79.74242424242425, 21.217171717171716], [79.74242424242425, 21.207070707070706], [79.75656565656567, 21.207070707070706]]]}, "properties": {"confidence_score": 0.3718, "site_id": "bhandara"}}, {"type": "Feature", "geometry": {"type": "Polygon", "coordinates": [[[79.77070707070708, 21.207070707070706], [79.77070707070708, 21.217171717171716], [79.75656565656566, 21.217171717171716], [79.75656565656566, 21.207070707070706], [79.77070707070708, 21.207070707070706]]]}, "properties": {"confidence_score": 0.1965, "site_id": "bhandara"}}, {"type": "Feature", "geometry": {"type": "Polygon", "coordinates": [[[79.7848484848485, 21.207070707070706], [79.7848484848485, 21.217171717171716], [79.77070707070708, 21.217171717171716], [79.77070707070708, 21.207070707070706], [79.7848484848485, 21.207070707070706]]]}, "properties": {"confidence_score": 0.0951, "site_id": "bhandara"}}, {"type": "Feature", "geometry": {"type": "Polygon", "coordinates": [[[79.7989898989899, 21.207070707070706], [79.7989898989899, 21.217171717171716], [79.78484848484848, 21.217171717171716], [79.78484848484848, 21.207070707070706], [79.7989898989899, 21.207070707070706]]]}, "properties": {"confidence_score": 0.0734, "site_id": "bhandara"}}, {"type": "Feature", "geometry": {"type": "Polygon", "coordinates": [[[79.00707070707071, 21.217171717171716], [79.00707070707071, 21.227272727272727], [78.99292929292929, 21.227272727272727], [78.99292929292929, 21.217171717171716], [79.00707070707071, 21.217171717171716]]]}, "properties": {"confidence_score": 0.1453, "site_id": "nagpur"}}, {"type": "Feature", "geometry": {"type": "Polygon", "coordinates": [[[79.02121212121213, 21.217171717171716], [79.02121212121213, 21.227272727272727], [79.00707070707071, 21.227272727272727], [79.00707070707071, 21.217171717171716], [79.02121212121213, 21.217171717171716]]]}, "properties": {"confidence_score": 0.176, "site_id": "nagpur"}}, {"type": "Feature", "geometry": {"type": "Polygon", "coordinates": [[[79.03535353535354, 21.217171717171716], [79.03535353535354, 21.227272727272727], [79.02121212121212, 21.227272727272727], [79.02121212121212, 21.217171717171716], [79.03535353535354, 21.217171717171716]]]}, "properties": {"confidence_score": 0.1093, "site_id": "nagpur"}}, {"type": "Feature", "geometry": {"type": "Polygon", "coordinates": [[[79.04949494949496, 21.217171717171716], [79.04949494949496, 21.227272727272727], [79.03535353535354, 21.227272727272727], [79.03535353535354, 21.217171717171716], [79.04949494949496, 21.217171717171716]]]}, "properties": {"confidence_score": 0.1349, "site_id": "nagpur"}}, {"type": "Feature", "geometry": {"type": "Polygon", "coordinates": [[[79.06363636363636, 21.217171717171716], [79.06363636363636, 21.227272727272727], [79.04949494949494, 21.227272727272727], [79.04949494949494, 21.217171717171716], [79.06363636363636, 21.217171717171716]]]}, "properties": {"confidence_score": 0.084, "site_id": "nagpur"}}, {"type": "Feature", "geometry": {"type": "Polygon", "coordinates": [[[79.07777777777778, 21.217171717171716], [79.07777777777778, 21.227272727272727], [79.06363636363636, 21.227272727272727], [79.06363636363636, 21.217171717171716], [79.07777777777778, 21.217171717171716]]]}, "properties": {"confidence_score": 0.0831, "site_id": "nagpur"}}, {"type": "Feature", "geometry": {"type": "Polygon", "coordinates": [[[79.09191919191919, 21.217171717171716], [79.09191919191919, 21.227272727272727], [79.07777777777777, 21.227272727272727], [79.07777777777777, 21.217171717171716], [79.09191919191919, 21.217171717171716]]]}, "properties": {"confidence_score": 0.1036, "site_id": "nagpur"}}, {"type": "Feature", "geometry": {"type": "Polygon", "coordinates": [[[79.10606060606061, 21.217171717171716], [79.10606060606061, 21.227272727272727], [79.09191919191919, 21.227272727272727], [79.09191919191919, 21.217171717171716], [79.10606060606061, 21.217171717171716]]]}, "properties": {"confidence_score": 0.2494, "site_id": "nagpur"}}, {"type": "Feature", "geometry": {"type": "Polygon", "coordinates": [[[79.12020202020203, 21.217171717171716], [79.12020202020203, 21.227272727272727], [79.10606060606061, 21.227272727272727], [79.10606060606061, 21.217171717171716], [79.12020202020203, 21.217171717171716]]]}, "properties": {"confidence_score": 0.4529, "site_id": "nagpur"}}, {"type": "Feature", "geometry": {"type": "Polygon", "coordinates": [[[79.13434343434344, 21.217171717171716], [79.13434343434344, 21.227272727272727], [79.12020202020202, 21.227272727272727], [79.12020202020202, 21.217171717171716], [79.13434343434344, 21.217171717171716]]]}, "properties": {"confidence_score": 0.6492, "site_id": "nagpur"}}, {"type": "Feature", "geometry": {"type": "Polygon", "coordinates": [[[79.14848484848486, 21.217171717171716], [79.14848484848486, 21.227272727272727], [79.13434343434344, 21.227272727272727], [79.13434343434344, 21.217171717171716], [79.14848484848486, 21.217171717171716]]]}, "properties": {"confidence_score": 0.9226, "site_id": "nagpur"}}, {"type": "Feature", "geometry": {"type": "Polygon", "coordinates": [[[79.16262626262626, 21.217171717171716], [79.16262626262626, 21.227272727272727], [79.14848484848484, 21.227272727272727], [79.14848484848484, 21.217171717171716], [79.16262626262626, 21.217171717171716]]]}, "properties": {"confidence_score": 0.8823, "site_id": "nagpur"}}, {"type": "Feature", "geometry": {"type": "Polygon", "coordinates": [[[79.17676767676768, 21.217171717171716], [79.17676767676768, 21.227272727272727], [79.16262626262626, 21.227272727272727], [79.16262626262626, 21.217171717171716], [79.17676767676768, 21.217171717171716]]]}, "properties": {"confidence_score": 0.9401, "site_id": "nagpur"}}, {"type": "Feature", "geometry": {"type": "Polygon", "coordinates": [[[79.19090909090909, 21.217171717171716], [79.19090909090909, 21.227272727272727], [79.17676767676767, 21.227272727272727], [79.17676767676767, 21.217171717171716], [79.19090909090909, 21.217171717171716]]]}, "properties": {"confidence_score": 0.9082, "site_id": "nagpur"}}, {"type": "Feature", "geometry": {"type": "Polygon", "coordinates": [[[79.20505050505051, 21.217171717171716], [79.20505050505051, 21.227272727272727], [79.19090909090909, 21.227272727272727], [79.19090909090909, 21.217171717171716], [79.20505050505051, 21.217171717171716]]]}, "properties": {"confidence_score": 0.9538, "site_id": "nagpur"}}, {"type": "Feature", "geometry": {"type": "Polygon", "coordinates": [[[79.21919191919193, 21.217171717171716], [79.21919191919193, 21.227272727272727], [79.20505050505051, 21.227272727272727], [79.20505050505051, 21.217171717171716], [79.21919191919193, 21.217171717171716]]]}, "properties": {"confidence_score": 0.604, "site_id": "nagpur"}}, {"type": "Feature", "geometry": {"type": "Polygon", "coordinates": [[[79.23333333333333, 21.217171717171716], [79.23333333333333, 21.227272727272727], [79.21919191919191, 21.227272727272727], [79.21919191919191, 21.217171717171716], [79.23333333333333, 21.217171717171716]]]}, "properties": {"confidence_score": 0.2561, "site_id": "nagpur"}}, {"type": "Feature", "geometry": {"type": "Polygon", "coordinates": [[[79.24747474747475, 21.217171717171716], [79.24747474747475, 21.227272727272727], [79.23333333333333, 21.227272727272727], [79.23333333333333, 21.217171717171716], [79.24747474747475, 21.217171717171716]]]}, "properties": {"confidence_score": 0.2261, "site_id": "nagpur"}}, {"type": "Feature", "geometry": {"type": "Polygon", "coordinates": [[[79.26161616161616, 21.217171717171716], [79.26161616161616, 21.227272727272727], [79.24747474747474, 21.227272727272727], [79.24747474747474, 21.217171717171716], [79.26161616161616, 21.217171717171716]]]}, "properties": {"confidence_score": 0.3751, "site_id": "nagpur"}}, {"type": "Feature", "geometry": {"type": "Polygon", "coordinates": [[[79.27575757575758, 21.217171717171716], [79.27575757575758, 21.227272727272727], [79.26161616161616, 21.227272727272727], [79.26161616161616, 21.217171717171716], [79.27575757575758, 21.217171717171716]]]}, "properties": {"confidence_score": 0.5538, "site_id": "nagpur"}}, {"type": "Feature", "geometry": {"type": "Polygon", "coordinates": [[[79.289898989899, 21.217171717171716], [79.289898989899, 21.227272727272727], [79.27575757575758, 21.227272727272727], [79.27575757575758, 21.217171717171716], [79.289898989899, 21.217171717171716]]]}, "properties": {"confidence_score": 0.8234, "site_id": "nagpur"}}, {"type": "Feature", "geometry": {"type": "Polygon", "coordinates": [[[79.3040404040404, 21.217171717171716], [79.3040404040404, 21.227272727272727], [79.28989898989899, 21.227272727272727], [79.28989898989899, 21.217171717171716], [79.3040404040404, 21.217171717171716]]]}, "properties": {"confidence_score": 0.607, "site_id": "nagpur"}}, {"type": "Feature", "geometry": {"type": "Polygon", "coordinates": [[[79.51616161616163, 21.217171717171716], [79.51616161616163, 21.227272727272727], [79.5020202020202, 21.227272727272727], [79.5020202020202, 21.217171717171716], [79.51616161616163, 21.217171717171716]]]}, "properties": {"confidence_score": 0.2617, "site_id": "bhandara"}}, {"type": "Feature", "geometry": {"type": "Polygon", "coordinates": [[[79.53030303030303, 21.217171717171716], [79.53030303030303, 21.227272727272727], [79.51616161616161, 21.227272727272727], [79.51616161616161, 21.217171717171716], [79.53030303030303, 21.217171717171716]]]}, "properties": {"confidence_score": 0.4383, "site_id": "bhandara"}}, {"type": "Feature", "geometry": {"type": "Polygon", "coordinates": [[[79.54444444444445, 21.217171717171716], [79.54444444444445, 21.227272727272727], [79.53030303030303, 21.227272727272727], [79.53030303030303, 21.217171717171716], [79.54444444444445, 21.217171717171716]]]}, "properties": {"confidence_score": 0.7786, "site_id": "bhandara"}}, {"type": "Feature", "geometry": {"type": "Polygon", "coordinates": [[[79.55858585858586, 21.217171717171716], [79.55858585858586, 21.227272727272727], [79.54444444444444, 21.227272727272727], [79.54444444444444, 21.217171717171716], [79.55858585858586, 21.217171717171716]]]}, "properties": {"confidence_score": 0.8811, "site_id": "bhandara"}}, {"type": "Feature", "geometry": {"type": "Polygon", "coordinates": [[[79.57272727272728, 21.217171717171716], [79.57272727272728, 21.227272727272727], [79.55858585858586, 21.227272727272727], [79.55858585858586, 21.217171717171716], [79.57272727272728, 21.217171717171716]]]}, "properties": {"confidence_score": 0.8777, "site_id": "bhandara"}}, {"type": "Feature", "geometry": {"type": "Polygon", "coordinates": [[[79.5868686868687, 21.217171717171716], [79.5868686868687, 21.227272727272727], [79.57272727272728, 21.227272727272727], [79.57272727272728, 21.217171717171716], [79.5868686868687, 21.217171717171716]]]}, "properties": {"confidence_score": 0.6298, "site_id": "bhandara"}}, {"type": "Feature", "geometry": {"type": "Polygon", "coordinates": [[[79.6010101010101, 21.217171717171716], [79.6010101010101, 21.227272727272727], [79.58686868686868, 21.227272727272727], [79.58686868686868, 21.217171717171716], [79.6010101010101, 21.217171717171716]]]}, "properties": {"confidence_score": 0.2333, "site_id": "bhandara"}}, {"type": "Feature", "geometry": {"type": "Polygon", "coordinates": [[[79.61515151515152, 21.217171717171716], [79.61515151515152, 21.227272727272727], [79.6010101010101, 21.227272727272727], [79.6010101010101, 21.217171717171716], [79.61515151515152, 21.217171717171716]]]}, "properties": {"confidence_score": 0.0999, "site_id": "bhandara"}}, {"type": "Feature", "geometry": {"type": "Polygon", "coordinates": [[[79.62929292929293, 21.217171717171716], [79.62929292929293, 21.227272727272727], [79.61515151515151, 21.227272727272727], [79.61515151515151, 21.217171717171716], [79.62929292929293, 21.217171717171716]]]}, "properties": {"confidence_score": 0.1304, "site_id": "bhandara"}}, {"type": "Feature", "geometry": {"type": "Polygon", "coordinates": [[[79.64343434343435, 21.217171717171716], [79.64343434343435, 21.227272727272727], [79.62929292929293, 21.227272727272727], [79.62929292929293, 21.217171717171716], [79.64343434343435, 21.217171717171716]]]}, "properties": {"confidence_score": 0.2901, "site_id": "bhandara"}}, {"type": "Feature", "geometry": {"type": "Polygon", "coordinates": [[[79.65757575757576, 21.217171717171716], [79.65757575757576, 21.227272727272727], [79.64343434343434, 21.227272727272727], [79.64343434343434, 21.217171717171716], [79.65757575757576, 21.217171717171716]]]}, "properties": {"confidence_score": 0.5494, "site_id": "bhandara"}}, {"type": "Feature", "geometry": {"type": "Polygon", "coordinates": [[[79.67171717171718, 21.217171717171716], [79.67171717171718, 21.227272727272727], [79.65757575757576, 21.227272727272727], [79.65757575757576, 21.217171717171716], [79.67171717171718, 21.217171717171716]]]}, "properties": {"confidence_score": 0.7241, "site_id": "bhandara"}}, {"type": "Feature", "geometry": {"type": "Polygon", "coordinates": [[[79.6858585858586, 21.217171717171716], [79.6858585858586, 21.227272727272727], [79.67171717171718, 21.227272727272727], [79.67171717171718, 21.217171717171716], [79.6858585858586, 21.217171717171716]]]}, "properties": {"confidence_score": 0.8838, "site_id": "bhandara"}}, {"type": "Feature", "geometry": {"type": "Polygon", "coordinates": [[[79.7, 21.217171717171716], [79.7, 21.227272727272727], [79.68585858585858, 21.227272727272727], [79.68585858585858, 21.217171717171716], [79.7, 21.217171717171716]]]}, "properties": {"confidence_score": 0.9562, "site_id": "bhandara"}}, {"type": "Feature", "geometry": {"type": "Polygon", "coordinates": [[[79.71414141414142, 21.217171717171716], [79.71414141414142, 21.227272727272727], [79.7, 21.227272727272727], [79.7, 21.217171717171716], [79.71414141414142, 21.217171717171716]]]}, "properties": {"confidence_score": 0.9402, "site_id": "bhandara"}}, {"type": "Feature", "geometry": {"type": "Polygon", "coordinates": [[[79.72828282828283, 21.217171717171716], [79.72828282828283, 21.227272727272727], [79.71414141414141, 21.227272727272727], [79.71414141414141, 21.217171717171716], [79.72828282828283, 21.217171717171716]]]}, "properties": {"confidence_score": 0.8501, "site_id": "bhandara"}}, {"type": "Feature", "geometry": {"type": "Polygon", "coordinates": [[[79.74242424242425, 21.217171717171716], [79.74242424242425, 21.227272727272727], [79.72828282828283, 21.227272727272727], [79.72828282828283, 21.217171717171716], [79.74242424242425, 21.217171717171716]]]}, "properties": {"confidence_score": 0.6349, "site_id": "bhandara"}}, {"type": "Feature", "geometry": {"type": "Polygon", "coordinates": [[[79.75656565656567, 21.217171717171716], [79.75656565656567, 21.227272727272727], [79.74242424242425, 21.227272727272727], [79.74242424242425, 21.217171717171716], [79.75656565656567, 21.217171717171716]]]}, "properties": {"confidence_score": 0.4341, "site_id": "bhandara"}}, {"type": "Feature", "geometry": {"type": "Polygon", "coordinates": [[[79.77070707070708, 21.217171717171716], [79.77070707070708, 21.227272727272727], [79.75656565656566, 21.227272727272727], [79.75656565656566, 21.217171717171716], [79.77070707070708, 21.217171717171716]]]}, "properties": {"confidence_score": 0.2361, "site_id": "bhandara"}}, {"type": "Feature", "geometry": {"type": "Polygon", "coordinates": [[[79.7848484848485, 21.217171717171716], [79.7848484848485, 21.227272727272727], [79.77070707070708, 21.227272727272727], [79.77070707070708, 21.217171717171716], [79.7848484848485, 21.217171717171716]]]}, "properties": {"confidence_score": 0.1095, "site_id": "bhandara"}}, {"type": "Feature", "geometry": {"type": "Polygon", "coordinates": [[[79.7989898989899, 21.217171717171716], [79.7989898989899, 21.227272727272727], [79.78484848484848, 21.227272727272727], [79.78484848484848, 21.217171717171716], [79.7989898989899, 21.217171717171716]]]}, "properties": {"confidence_score": 0.0855, "site_id": "bhandara"}}, {"type": "Feature", "geometry": {"type": "Polygon", "coordinates": [[[79.00707070707071, 21.227272727272727], [79.00707070707071, 21.237373737373737], [78.99292929292929, 21.237373737373737], [78.99292929292929, 21.227272727272727], [79.00707070707071, 21.227272727272727]]]}, "properties": {"confidence_score": 0.1318, "site_id": "nagpur"}}, {"type": "Feature", "geometry": {"type": "Polygon", "coordinates": [[[79.02121212121213, 21.227272727272727], [79.02121212121213, 21.237373737373737], [79.00707070707071, 21.237373737373737], [79.00707070707071, 21.227272727272727], [79.02121212121213, 21.227272727272727]]]}, "properties": {"confidence_score": 0.177, "site_id": "nagpur"}}, {"type": "Feature", "geometry": {"type": "Polygon", "coordinates": [[[79.03535353535354, 21.227272727272727], [79.03535353535354, 21.237373737373737], [79.02121212121212, 21.237373737373737], [79.02121212121212, 21.227272727272727], [79.03535353535354, 21.227272727272727]]]}, "properties": {"confidence_score": 0.1752, "site_id": "nagpur"}}, {"type": "Feature", "geometry": {"type": "Polygon", "coordinates": [[[79.04949494949496, 21.227272727272727], [79.04949494949496, 21.237373737373737], [79.03535353535354, 21.237373737373737], [79.03535353535354, 21.227272727272727], [79.04949494949496, 21.227272727272727]]]}, "properties": {"confidence_score": 0.1574, "site_id": "nagpur"}}, {"type": "Feature", "geometry": {"type": "Polygon", "coordinates": [[[79.06363636363636, 21.227272727272727], [79.06363636363636, 21.237373737373737], [79.04949494949494, 21.237373737373737], [79.04949494949494, 21.227272727272727], [79.06363636363636, 21.227272727272727]]]}, "properties": {"confidence_score": 0.0932, "site_id": "nagpur"}}, {"type": "Feature", "geometry": {"type": "Polygon", "coordinates": [[[79.07777777777778, 21.227272727272727], [79.07777777777778, 21.237373737373737], [79.06363636363636, 21.237373737373737], [79.06363636363636, 21.227272727272727], [79.07777777777778, 21.227272727272727]]]}, "properties": {"confidence_score": 0.0816, "site_id": "nagpur"}}, {"type": "Feature", "geometry": {"type": "Polygon", "coordinates": [[[79.09191919191919, 21.227272727272727], [79.09191919191919, 21.237373737373737], [79.07777777777777, 21.237373737373737], [79.07777777777777, 21.227272727272727], [79.09191919191919, 21.227272727272727]]]}, "properties": {"confidence_score": 0.0994, "site_id": "nagpur"}}, {"type": "Feature", "geometry": {"type": "Polygon", "coordinates": [[[79.10606060606061, 21.227272727272727], [79.10606060606061, 21.237373737373737], [79.09191919191919, 21.237373737373737], [79.09191919191919, 21.227272727272727], [79.10606060606061, 21.227272727272727]]]}, "properties": {"confidence_score": 0.2117, "site_id": "nagpur"}}, {"type": "Feature", "geometry": {"type": "Polygon", "coordinates": [[[79.12020202020203, 21.227272727272727], [79.12020202020203, 21.237373737373737], [79.10606060606061, 21.237373737373737], [79.10606060606061, 21.227272727272727], [79.12020202020203, 21.227272727272727]]]}, "properties": {"confidence_score": 0.36, "site_id": "nagpur"}}, {"type": "Feature", "geometry": {"type": "Polygon", "coordinates": [[[79.13434343434344, 21.227272727272727], [79.13434343434344, 21.237373737373737], [79.12020202020202, 21.237373737373737], [79.12020202020202, 21.227272727272727], [79.13434343434344, 21.227272727272727]]]}, "properties": {"confidence_score": 0.5106, "site_id": "nagpur"}}, {"type": "Feature", "geometry": {"type": "Polygon", "coordinates": [[[79.14848484848486, 21.227272727272727], [79.14848484848486, 21.237373737373737], [79.13434343434344, 21.237373737373737], [79.13434343434344, 21.227272727272727], [79.14848484848486, 21.227272727272727]]]}, "properties": {"confidence_score": 0.6799, "site_id": "nagpur"}}, {"type": "Feature", "geometry": {"type": "Polygon", "coordinates": [[[79.16262626262626, 21.227272727272727], [79.16262626262626, 21.237373737373737], [79.14848484848484, 21.237373737373737], [79.14848484848484, 21.227272727272727], [79.16262626262626, 21.227272727272727]]]}, "properties": {"confidence_score": 0.7234, "site_id": "nagpur"}}, {"type": "Feature", "geometry": {"type": "Polygon", "coordinates": [[[79.17676767676768, 21.227272727272727], [79.17676767676768, 21.237373737373737], [79.16262626262626, 21.237373737373737], [79.16262626262626, 21.227272727272727], [79.17676767676768, 21.227272727272727]]]}, "properties": {"confidence_score": 0.7835, "site_id": "nagpur"}}, {"type": "Feature", "geometry": {"type": "Polygon", "coordinates": [[[79.19090909090909, 21.227272727272727], [79.19090909090909, 21.237373737373737], [79.17676767676767, 21.237373737373737], [79.17676767676767, 21.227272727272727], [79.19090909090909, 21.227272727272727]]]}, "properties": {"confidence_score": 0.7992, "site_id": "nagpur"}}, {"type": "Feature", "geometry": {"type": "Polygon", "coordinates": [[[79.20505050505051, 21.227272727272727], [79.20505050505051, 21.237373737373737], [79.19090909090909, 21.237373737373737], [79.19090909090909, 21.227272727272727], [79.20505050505051, 21.227272727272727]]]}, "properties": {"confidence_score": 0.7858, "site_id": "nagpur"}}, {"type": "Feature", "geometry": {"type": "Polygon", "coordinates": [[[79.21919191919193, 21.227272727272727], [79.21919191919193, 21.237373737373737], [79.20505050505051, 21.237373737373737], [79.20505050505051, 21.227272727272727], [79.21919191919193, 21.227272727272727]]]}, "properties": {"confidence_score": 0.5416, "site_id": "nagpur"}}, {"type": "Feature", "geometry": {"type": "Polygon", "coordinates": [[[79.23333333333333, 21.227272727272727], [79.23333333333333, 21.237373737373737], [79.21919191919191, 21.237373737373737], [79.21919191919191, 21.227272727272727], [79.23333333333333, 21.227272727272727]]]}, "properties": {"confidence_score": 0.2788, "site_id": "nagpur"}}, {"type": "Feature", "geometry": {"type": "Polygon", "coordinates": [[[79.24747474747475, 21.227272727272727], [79.24747474747475, 21.237373737373737], [79.23333333333333, 21.237373737373737], [79.23333333333333, 21.227272727272727], [79.24747474747475, 21.227272727272727]]]}, "properties": {"confidence_score": 0.2894, "site_id": "nagpur"}}, {"type": "Feature", "geometry": {"type": "Polygon", "coordinates": [[[79.26161616161616, 21.227272727272727], [79.26161616161616, 21.237373737373737], [79.24747474747474, 21.237373737373737], [79.24747474747474, 21.227272727272727], [79.26161616161616, 21.227272727272727]]]}, "properties": {"confidence_score": 0.4646, "site_id": "nagpur"}}, {"type": "Feature", "geometry": {"type": "Polygon", "coordinates": [[[79.27575757575758, 21.227272727272727], [79.27575757575758, 21.237373737373737], [79.26161616161616, 21.237373737373737], [79.26161616161616, 21.227272727272727], [79.27575757575758, 21.227272727272727]]]}, "properties": {"confidence_score": 0.6759, "site_id": "nagpur"}}, {"type": "Feature", "geometry": {"type": "Polygon", "coordinates": [[[79.289898989899, 21.227272727272727], [79.289898989899, 21.237373737373737], [79.27575757575758, 21.237373737373737], [79.27575757575758, 21.227272727272727], [79.289898989899, 21.227272727272727]]]}, "properties": {"confidence_score": 0.8849, "site_id": "nagpur"}}, {"type": "Feature", "geometry": {"type": "Polygon", "coordinates": [[[79.3040404040404, 21.227272727272727], [79.3040404040404, 21.237373737373737], [79.28989898989899, 21.237373737373737], [79.28989898989899, 21.227272727272727], [79.3040404040404, 21.227272727272727]]]}, "properties": {"confidence_score": 0.7207, "site_id": "nagpur"}}, {"type": "Feature", "geometry": {"type": "Polygon", "coordinates": [[[79.51616161616163, 21.227272727272727], [79.51616161616163, 21.237373737373737], [79.5020202020202, 21.237373737373737], [79.5020202020202, 21.227272727272727], [79.51616161616163, 21.227272727272727]]]}, "properties": {"confidence_score": 0.2609, "site_id": "bhandara"}}, {"type": "Feature", "geometry": {"type": "Polygon", "coordinates": [[[79.53030303030303, 21.227272727272727], [79.53030303030303, 21.237373737373737], [79.51616161616161, 21.237373737373737], [79.51616161616161, 21.227272727272727], [79.53030303030303, 21.227272727272727]]]}, "properties": {"confidence_score": 0.4589, "site_id": "bhandara"}}, {"type": "Feature", "geometry": {"type": "Polygon", "coordinates": [[[79.54444444444445, 21.227272727272727], [79.54444444444445, 21.237373737373737], [79.53030303030303, 21.237373737373737], [79.53030303030303, 21.227272727272727], [79.54444444444445, 21.227272727272727]]]}, "properties": {"confidence_score": 0.8076, "site_id": "bhandara"}}, {"type": "Feature", "geometry": {"type": "Polygon", "coordinates": [[[79.55858585858586, 21.227272727272727], [79.55858585858586, 21.237373737373737], [79.54444444444444, 21.237373737373737], [79.54444444444444, 21.227272727272727], [79.55858585858586, 21.227272727272727]]]}, "properties": {"confidence_score": 0.9434, "site_id": "bhandara"}}, {"type": "Feature", "geometry": {"type": "Polygon", "coordinates": [[[79.57272727272728, 21.227272727272727], [79.57272727272728, 21.237373737373737], [79.55858585858586, 21.237373737373737], [79.55858585858586, 21.227272727272727], [79.57272727272728, 21.227272727272727]]]}, "properties": {"confidence_score": 0.9295, "site_id": "bhandara"}}, {"type": "Feature", "geometry": {"type": "Polygon", "coordinates": [[[79.5868686868687, 21.227272727272727], [79.5868686868687, 21.237373737373737], [79.57272727272728, 21.237373737373737], [79.57272727272728, 21.227272727272727], [79.5868686868687, 21.227272727272727]]]}, "properties": {"confidence_score": 0.6705, "site_id": "bhandara"}}, {"type": "Feature", "geometry": {"type": "Polygon", "coordinates": [[[79.6010101010101, 21.227272727272727], [79.6010101010101, 21.237373737373737], [79.58686868686868, 21.237373737373737], [79.58686868686868, 21.227272727272727], [79.6010101010101, 21.227272727272727]]]}, "properties": {"confidence_score": 0.2506, "site_id": "bhandara"}}, {"type": "Feature", "geometry": {"type": "Polygon", "coordinates": [[[79.61515151515152, 21.227272727272727], [79.61515151515152, 21.237373737373737], [79.6010101010101, 21.237373737373737], [79.6010101010101, 21.227272727272727], [79.61515151515152, 21.227272727272727]]]}, "properties": {"confidence_score": 0.0683, "site_id": "bhandara"}}, {"type": "Feature", "geometry": {"type": "Polygon", "coordinates": [[[79.62929292929293, 21.227272727272727], [79.62929292929293, 21.237373737373737], [79.61515151515151, 21.237373737373737], [79.61515151515151, 21.227272727272727], [79.62929292929293, 21.227272727272727]]]}, "properties": {"confidence_score": 0.0629, "site_id": "bhandara"}}, {"type": "Feature", "geometry": {"type": "Polygon", "coordinates": [[[79.64343434343435, 21.227272727272727], [79.64343434343435, 21.237373737373737], [79.62929292929293, 21.237373737373737], [79.62929292929293, 21.227272727272727], [79.64343434343435, 21.227272727272727]]]}, "properties": {"confidence_score": 0.1768, "site_id": "bhandara"}}, {"type": "Feature", "geometry": {"type": "Polygon", "coordinates": [[[79.65757575757576, 21.227272727272727], [79.65757575757576, 21.237373737373737], [79.64343434343434, 21.237373737373737], [79.64343434343434, 21.227272727272727], [79.65757575757576, 21.227272727272727]]]}, "properties": {"confidence_score": 0.377, "site_id": "bhandara"}}, {"type": "Feature", "geometry": {"type": "Polygon", "coordinates": [[[79.67171717171718, 21.227272727272727], [79.67171717171718, 21.237373737373737], [79.65757575757576, 21.237373737373737], [79.65757575757576, 21.227272727272727], [79.67171717171718, 21.227272727272727]]]}, "properties": {"confidence_score": 0.5447, "site_id": "bhandara"}}, {"type": "Feature", "geometry": {"type": "Polygon", "coordinates": [[[79.6858585858586, 21.227272727272727], [79.6858585858586, 21.237373737373737], [79.67171717171718, 21.237373737373737], [79.67171717171718, 21.227272727272727], [79.6858585858586, 21.227272727272727]]]}, "properties": {"confidence_score": 0.7155, "site_id": "bhandara"}}, {"type": "Feature", "geometry": {"type": "Polygon", "coordinates": [[[79.7, 21.227272727272727], [79.7, 21.237373737373737], [79.68585858585858, 21.237373737373737], [79.68585858585858, 21.227272727272727], [79.7, 21.227272727272727]]]}, "properties": {"confidence_score": 0.8364, "site_id": "bhandara"}}, {"type": "Feature", "geometry": {"type": "Polygon", "coordinates": [[[79.71414141414142, 21.227272727272727], [79.71414141414142, 21.237373737373737], [79.7, 21.237373737373737], [79.7, 21.227272727272727], [79.71414141414142, 21.227272727272727]]]}, "properties": {"confidence_score": 0.9016, "site_id": "bhandara"}}, {"type": "Feature", "geometry": {"type": "Polygon", "coordinates": [[[79.72828282828283, 21.227272727272727], [79.72828282828283, 21.237373737373737], [79.71414141414141, 21.237373737373737], [79.71414141414141, 21.227272727272727], [79.72828282828283, 21.227272727272727]]]}, "properties": {"confidence_score": 0.876, "site_id": "bhandara"}}, {"type": "Feature", "geometry": {"type": "Polygon", "coordinates": [[[79.74242424242425, 21.227272727272727], [79.74242424242425, 21.237373737373737], [79.72828282828283, 21.237373737373737], [79.72828282828283, 21.227272727272727], [79.74242424242425, 21.227272727272727]]]}, "properties": {"confidence_score": 0.7355, "site_id": "bhandara"}}, {"type": "Feature", "geometry": {"type": "Polygon", "coordinates": [[[79.75656565656567, 21.227272727272727], [79.75656565656567, 21.237373737373737], [79.74242424242425, 21.237373737373737], [79.74242424242425, 21.227272727272727], [79.75656565656567, 21.227272727272727]]]}, "properties": {"confidence_score": 0.5666, "site_id": "bhandara"}}, {"type": "Feature", "geometry": {"type": "Polygon", "coordinates": [[[79.77070707070708, 21.227272727272727], [79.77070707070708, 21.237373737373737], [79.75656565656566, 21.237373737373737], [79.75656565656566, 21.227272727272727], [79.77070707070708, 21.227272727272727]]]}, "properties": {"confidence_score": 0.3671, "site_id": "bhandara"}}, {"type": "Feature", "geometry": {"type": "Polygon", "coordinates": [[[79.7848484848485, 21.227272727272727], [79.7848484848485, 21.237373737373737], [79.77070707070708, 21.237373737373737], [79.77070707070708, 21.227272727272727], [79.7848484848485, 21.227272727272727]]]}, "properties": {"confidence_score": 0.2157, "site_id": "bhandara"}}, {"type": "Feature", "geometry": {"type": "Polygon", "coordinates": [[[79.7989898989899, 21.227272727272727], [79.7989898989899, 21.237373737373737], [79.78484848484848, 21.237373737373737], [79.78484848484848, 21.227272727272727], [79.7989898989899, 21.227272727272727]]]}, "properties": {"confidence_score": 0.1233, "site_id": "bhandara"}}, {"type": "Feature", "geometry": {"type": "Polygon", "coordinates": [[[79.00707070707071, 21.237373737373737], [79.00707070707071, 21.247474747474747], [78.99292929292929, 21.247474747474747], [78.99292929292929, 21.237373737373737], [79.00707070707071, 21.237373737373737]]]}, "properties": {"confidence_score": 0.1545, "site_id": "nagpur"}}, {"type": "Feature", "geometry": {"type": "Polygon", "coordinates": [[[79.02121212121213, 21.237373737373737], [79.02121212121213, 21.247474747474747], [79.00707070707071, 21.247474747474747], [79.00707070707071, 21.237373737373737], [79.02121212121213, 21.237373737373737]]]}, "properties": {"confidence_score": 0.2792, "site_id": "nagpur"}}, {"type": "Feature", "geometry": {"type": "Polygon", "coordinates": [[[79.03535353535354, 21.237373737373737], [79.03535353535354, 21.247474747474747], [79.02121212121212, 21.247474747474747], [79.02121212121212, 21.237373737373737], [79.03535353535354, 21.237373737373737]]]}, "properties": {"confidence_score": 0.3514, "site_id": "nagpur"}}, {"type": "Feature", "geometry": {"type": "Polygon", "coordinates": [[[79.04949494949496, 21.237373737373737], [79.04949494949496, 21.247474747474747], [79.03535353535354, 21.247474747474747], [79.03535353535354, 21.237373737373737], [79.04949494949496, 21.237373737373737]]]}, "properties": {"confidence_score": 0.272, "site_id": "nagpur"}}, {"type": "Feature", "geometry": {"type": "Polygon", "coordinates": [[[79.06363636363636, 21.237373737373737], [79.06363636363636, 21.247474747474747], [79.04949494949494, 21.247474747474747], [79.04949494949494, 21.237373737373737], [79.06363636363636, 21.237373737373737]]]}, "properties": {"confidence_score": 0.1298, "site_id": "nagpur"}}, {"type": "Feature", "geometry": {"type": "Polygon", "coordinates": [[[79.07777777777778, 21.237373737373737], [79.07777777777778, 21.247474747474747], [79.06363636363636, 21.247474747474747], [79.06363636363636, 21.237373737373737], [79.07777777777778, 21.237373737373737]]]}, "properties": {"confidence_score": 0.1286, "site_id": "nagpur"}}, {"type": "Feature", "geometry": {"type": "Polygon", "coordinates": [[[79.09191919191919, 21.237373737373737], [79.09191919191919, 21.247474747474747], [79.07777777777777, 21.247474747474747], [79.07777777777777, 21.237373737373737], [79.09191919191919, 21.237373737373737]]]}, "properties": {"confidence_score": 0.0956, "site_id": "nagpur"}}, {"type": "Feature", "geometry": {"type": "Polygon", "coordinates": [[[79.10606060606061, 21.237373737373737], [79.10606060606061, 21.247474747474747], [79.09191919191919, 21.247474747474747], [79.09191919191919, 21.237373737373737], [79.10606060606061, 21.237373737373737]]]}, "properties": {"confidence_score": 0.195, "site_id": "nagpur"}}, {"type": "Feature", "geometry": {"type": "Polygon", "coordinates": [[[79.12020202020203, 21.237373737373737], [79.12020202020203, 21.247474747474747], [79.10606060606061, 21.247474747474747], [79.10606060606061, 21.237373737373737], [79.12020202020203, 21.237373737373737]]]}, "properties": {"confidence_score": 0.2683, "site_id": "nagpur"}}, {"type": "Feature", "geometry": {"type": "Polygon", "coordinates": [[[79.13434343434344, 21.237373737373737], [79.13434343434344, 21.247474747474747], [79.12020202020202, 21.247474747474747], [79.12020202020202, 21.237373737373737], [79.13434343434344, 21.237373737373737]]]}, "properties": {"confidence_score": 0.3468, "site_id": "nagpur"}}, {"type": "Feature", "geometry": {"type": "Polygon", "coordinates": [[[79.14848484848486, 21.237373737373737], [79.14848484848486, 21.247474747474747], [79.13434343434344, 21.247474747474747], [79.13434343434344, 21.237373737373737], [79.14848484848486, 21.237373737373737]]]}, "properties": {"confidence_score": 0.3932, "site_id": "nagpur"}}, {"type": "Feature", "geometry": {"type": "Polygon", "coordinates": [[[79.16262626262626, 21.237373737373737], [79.16262626262626, 21.247474747474747], [79.14848484848484, 21.247474747474747], [79.14848484848484, 21.237373737373737], [79.16262626262626, 21.237373737373737]]]}, "properties": {"confidence_score": 0.5145, "site_id": "nagpur"}}, {"type": "Feature", "geometry": {"type": "Polygon", "coordinates": [[[79.17676767676768, 21.237373737373737], [79.17676767676768, 21.247474747474747], [79.16262626262626, 21.247474747474747], [79.16262626262626, 21.237373737373737], [79.17676767676768, 21.237373737373737]]]}, "properties": {"confidence_score": 0.5968, "site_id": "nagpur"}}, {"type": "Feature", "geometry": {"type": "Polygon", "coordinates": [[[79.19090909090909, 21.237373737373737], [79.19090909090909, 21.247474747474747], [79.17676767676767, 21.247474747474747], [79.17676767676767, 21.237373737373737], [79.19090909090909, 21.237373737373737]]]}, "properties": {"confidence_score": 0.6738, "site_id": "nagpur"}}, {"type": "Feature", "geometry": {"type": "Polygon", "coordinates": [[[79.20505050505051, 21.237373737373737], [79.20505050505051, 21.247474747474747], [79.19090909090909, 21.247474747474747], [79.19090909090909, 21.237373737373737], [79.20505050505051, 21.237373737373737]]]}, "properties": {"confidence_score": 0.6339, "site_id": "nagpur"}}, {"type": "Feature", "geometry": {"type": "Polygon", "coordinates": [[[79.21919191919193, 21.237373737373737], [79.21919191919193, 21.247474747474747], [79.20505050505051, 21.247474747474747], [79.20505050505051, 21.237373737373737], [79.21919191919193, 21.237373737373737]]]}, "properties": {"confidence_score": 0.4926, "site_id": "nagpur"}}, {"type": "Feature", "geometry": {"type": "Polygon", "coordinates": [[[79.23333333333333, 21.237373737373737], [79.23333333333333, 21.247474747474747], [79.21919191919191, 21.247474747474747], [79.21919191919191, 21.237373737373737], [79.23333333333333, 21.237373737373737]]]}, "properties": {"confidence_score": 0.2587, "site_id": "nagpur"}}, {"type": "Feature", "geometry": {"type": "Polygon", "coordinates": [[[79.24747474747475, 21.237373737373737], [79.24747474747475, 21.247474747474747], [79.23333333333333, 21.247474747474747], [79.23333333333333, 21.237373737373737], [79.24747474747475, 21.237373737373737]]]}, "properties": {"confidence_score": 0.3509, "site_id": "nagpur"}}, {"type": "Feature", "geometry": {"type": "Polygon", "coordinates": [[[79.26161616161616, 21.237373737373737], [79.26161616161616, 21.247474747474747], [79.24747474747474, 21.247474747474747], [79.24747474747474, 21.237373737373737], [79.26161616161616, 21.237373737373737]]]}, "properties": {"confidence_score": 0.5278, "site_id": "nagpur"}}, {"type": "Feature", "geometry": {"type": "Polygon", "coordinates": [[[79.27575757575758, 21.237373737373737], [79.27575757575758, 21.247474747474747], [79.26161616161616, 21.247474747474747], [79.26161616161616, 21.237373737373737], [79.27575757575758, 21.237373737373737]]]}, "properties": {"confidence_score": 0.7442, "site_id": "nagpur"}}, {"type": "Feature", "geometry": {"type": "Polygon", "coordinates": [[[79.289898989899, 21.237373737373737], [79.289898989899, 21.247474747474747], [79.27575757575758, 21.247474747474747], [79.27575757575758, 21.237373737373737], [79.289898989899, 21.237373737373737]]]}, "properties": {"confidence_score": 0.9346, "site_id": "nagpur"}}, {"type": "Feature", "geometry": {"type": "Polygon", "coordinates": [[[79.3040404040404, 21.237373737373737], [79.3040404040404, 21.247474747474747], [79.28989898989899, 21.247474747474747], [79.28989898989899, 21.237373737373737], [79.3040404040404, 21.237373737373737]]]}, "properties": {"confidence_score": 0.7801, "site_id": "nagpur"}}, {"type": "Feature", "geometry": {"type": "Polygon", "coordinates": [[[79.51616161616163, 21.237373737373737], [79.51616161616163, 21.247474747474747], [79.5020202020202, 21.247474747474747], [79.5020202020202, 21.237373737373737], [79.51616161616163, 21.237373737373737]]]}, "properties": {"confidence_score": 0.2201, "site_id": "bhandara"}}, {"type": "Feature", "geometry": {"type": "Polygon", "coordinates": [[[79.53030303030303, 21.237373737373737], [79.53030303030303, 21.247474747474747], [79.51616161616161, 21.247474747474747], [79.51616161616161, 21.237373737373737], [79.53030303030303, 21.237373737373737]]]}, "properties": {"confidence_score": 0.4207, "site_id": "bhandara"}}, {"type": "Feature", "geometry": {"type": "Polygon", "coordinates": [[[79.54444444444445, 21.237373737373737], [79.54444444444445, 21.247474747474747], [79.53030303030303, 21.247474747474747], [79.53030303030303, 21.237373737373737], [79.54444444444445, 21.237373737373737]]]}, "properties": {"confidence_score": 0.7849, "site_id": "bhandara"}}, {"type": "Feature", "geometry": {"type": "Polygon", "coordinates": [[[79.55858585858586, 21.237373737373737], [79.55858585858586, 21.247474747474747], [79.54444444444444, 21.247474747474747], [79.54444444444444, 21.237373737373737], [79.55858585858586, 21.237373737373737]]]}, "properties": {"confidence_score": 0.9006, "site_id": "bhandara"}}, {"type": "Feature", "geometry": {"type": "Polygon", "coordinates": [[[79.57272727272728, 21.237373737373737], [79.57272727272728, 21.247474747474747], [79.55858585858586, 21.247474747474747], [79.55858585858586, 21.237373737373737], [79.57272727272728, 21.237373737373737]]]}, "properties": {"confidence_score": 0.8987, "site_id": "bhandara"}}, {"type": "Feature", "geometry": {"type": "Polygon", "coordinates": [[[79.5868686868687, 21.237373737373737], [79.5868686868687, 21.247474747474747], [79.57272727272728, 21.247474747474747], [79.57272727272728, 21.237373737373737], [79.5868686868687, 21.237373737373737]]]}, "properties": {"confidence_score": 0.6506, "site_id": "bhandara"}}, {"type": "Feature", "geometry": {"type": "Polygon", "coordinates": [[[79.6010101010101, 21.237373737373737], [79.6010101010101, 21.247474747474747], [79.58686868686868, 21.247474747474747], [79.58686868686868, 21.237373737373737], [79.6010101010101, 21.237373737373737]]]}, "properties": {"confidence_score": 0.24, "site_id": "bhandara"}}, {"type": "Feature", "geometry": {"type": "Polygon", "coordinates": [[[79.61515151515152, 21.237373737373737], [79.61515151515152, 21.247474747474747], [79.6010101010101, 21.247474747474747], [79.6010101010101, 21.237373737373737], [79.61515151515152, 21.237373737373737]]]}, "properties": {"confidence_score": 0.0731, "site_id": "bhandara"}}, {"type": "Feature", "geometry": {"type": "Polygon", "coordinates": [[[79.62929292929293, 21.237373737373737], [79.62929292929293, 21.247474747474747], [79.61515151515151, 21.247474747474747], [79.61515151515151, 21.237373737373737], [79.62929292929293, 21.237373737373737]]]}, "properties": {"confidence_score": 0.0623, "site_id": "bhandara"}}, {"type": "Feature", "geometry": {"type": "Polygon", "coordinates": [[[79.64343434343435, 21.237373737373737], [79.64343434343435, 21.247474747474747], [79.62929292929293, 21.247474747474747], [79.62929292929293, 21.237373737373737], [79.64343434343435, 21.237373737373737]]]}, "properties": {"confidence_score": 0.1249, "site_id": "bhandara"}}, {"type": "Feature", "geometry": {"type": "Polygon", "coordinates": [[[79.65757575757576, 21.237373737373737], [79.65757575757576, 21.247474747474747], [79.64343434343434, 21.247474747474747], [79.64343434343434, 21.237373737373737], [79.65757575757576, 21.237373737373737]]]}, "properties": {"confidence_score": 0.234, "site_id": "bhandara"}}, {"type": "Feature", "geometry": {"type": "Polygon", "coordinates": [[[79.67171717171718, 21.237373737373737], [79.67171717171718, 21.247474747474747], [79.65757575757576, 21.247474747474747], [79.65757575757576, 21.237373737373737], [79.67171717171718, 21.237373737373737]]]}, "properties": {"confidence_score": 0.3598, "site_id": "bhandara"}}, {"type": "Feature", "geometry": {"type": "Polygon", "coordinates": [[[79.6858585858586, 21.237373737373737], [79.6858585858586, 21.247474747474747], [79.67171717171718, 21.247474747474747], [79.67171717171718, 21.237373737373737], [79.6858585858586, 21.237373737373737]]]}, "properties": {"confidence_score": 0.512, "site_id": "bhandara"}}, {"type": "Feature", "geometry": {"type": "Polygon", "coordinates": [[[79.7, 21.237373737373737], [79.7, 21.247474747474747], [79.68585858585858, 21.247474747474747], [79.68585858585858, 21.237373737373737], [79.7, 21.237373737373737]]]}, "properties": {"confidence_score": 0.6793, "site_id": "bhandara"}}, {"type": "Feature", "geometry": {"type": "Polygon", "coordinates": [[[79.71414141414142, 21.237373737373737], [79.71414141414142, 21.247474747474747], [79.7, 21.247474747474747], [79.7, 21.237373737373737], [79.71414141414142, 21.237373737373737]]]}, "properties": {"confidence_score": 0.8723, "site_id": "bhandara"}}, {"type": "Feature", "geometry": {"type": "Polygon", "coordinates": [[[79.72828282828283, 21.237373737373737], [79.72828282828283, 21.247474747474747], [79.71414141414141, 21.247474747474747], [79.71414141414141, 21.237373737373737], [79.72828282828283, 21.237373737373737]]]}, "properties": {"confidence_score": 0.9278, "site_id": "bhandara"}}, {"type": "Feature", "geometry": {"type": "Polygon", "coordinates": [[[79.74242424242425, 21.237373737373737], [79.74242424242425, 21.247474747474747], [79.72828282828283, 21.247474747474747], [79.72828282828283, 21.237373737373737], [79.74242424242425, 21.237373737373737]]]}, "properties": {"confidence_score": 0.865, "site_id": "bhandara"}}, {"type": "Feature", "geometry": {"type": "Polygon", "coordinates": [[[79.75656565656567, 21.237373737373737], [79.75656565656567, 21.247474747474747], [79.74242424242425, 21.247474747474747], [79.74242424242425, 21.237373737373737], [79.75656565656567, 21.237373737373737]]]}, "properties": {"confidence_score": 0.7454, "site_id": "bhandara"}}, {"type": "Feature", "geometry": {"type": "Polygon", "coordinates": [[[79.77070707070708, 21.237373737373737], [79.77070707070708, 21.247474747474747], [79.75656565656566, 21.247474747474747], [79.75656565656566, 21.237373737373737], [79.77070707070708, 21.237373737373737]]]}, "properties": {"confidence_score": 0.5487, "site_id": "bhandara"}}, {"type": "Feature", "geometry": {"type": "Polygon", "coordinates": [[[79.7848484848485, 21.237373737373737], [79.7848484848485, 21.247474747474747], [79.77070707070708, 21.247474747474747], [79.77070707070708, 21.237373737373737], [79.7848484848485, 21.237373737373737]]]}, "properties": {"confidence_score": 0.3772, "site_id": "bhandara"}}, {"type": "Feature", "geometry": {"type": "Polygon", "coordinates": [[[79.7989898989899, 21.237373737373737], [79.7989898989899, 21.247474747474747], [79.78484848484848, 21.247474747474747], [79.78484848484848, 21.237373737373737], [79.7989898989899, 21.237373737373737]]]}, "properties": {"confidence_score": 0.1884, "site_id": "bhandara"}}, {"type": "Feature", "geometry": {"type": "Polygon", "coordinates": [[[79.00707070707071, 21.247474747474747], [79.00707070707071, 21.257575757575758], [78.99292929292929, 21.257575757575758], [78.99292929292929, 21.247474747474747], [79.00707070707071, 21.247474747474747]]]}, "properties": {"confidence_score": 0.2931, "site_id": "nagpur"}}, {"type": "Feature", "geometry": {"type": "Polygon", "coordinates": [[[79.02121212121213, 21.247474747474747], [79.02121212121213, 21.257575757575758], [79.00707070707071, 21.257575757575758], [79.00707070707071, 21.247474747474747], [79.02121212121213, 21.247474747474747]]]}, "properties": {"confidence_score": 0.448, "site_id": "nagpur"}}, {"type": "Feature", "geometry": {"type": "Polygon", "coordinates": [[[79.03535353535354, 21.247474747474747], [79.03535353535354, 21.257575757575758], [79.02121212121212, 21.257575757575758], [79.02121212121212, 21.247474747474747], [79.03535353535354, 21.247474747474747]]]}, "properties": {"confidence_score": 0.5638, "site_id": "nagpur"}}, {"type": "Feature", "geometry": {"type": "Polygon", "coordinates": [[[79.04949494949496, 21.247474747474747], [79.04949494949496, 21.257575757575758], [79.03535353535354, 21.257575757575758], [79.03535353535354, 21.247474747474747], [79.04949494949496, 21.247474747474747]]]}, "properties": {"confidence_score": 0.4562, "site_id": "nagpur"}}, {"type": "Feature", "geometry": {"type": "Polygon", "coordinates": [[[79.06363636363636, 21.247474747474747], [79.06363636363636, 21.257575757575758], [79.04949494949494, 21.257575757575758], [79.04949494949494, 21.247474747474747], [79.06363636363636, 21.247474747474747]]]}, "properties": {"confidence_score": 0.2964, "site_id": "nagpur"}}, {"type": "Feature", "geometry": {"type": "Polygon", "coordinates": [[[79.07777777777778, 21.247474747474747], [79.07777777777778, 21.257575757575758], [79.06363636363636, 21.257575757575758], [79.06363636363636, 21.247474747474747], [79.07777777777778, 21.247474747474747]]]}, "properties": {"confidence_score": 0.2596, "site_id": "nagpur"}}, {"type": "Feature", "geometry": {"type": "Polygon", "coordinates": [[[79.09191919191919, 21.247474747474747], [79.09191919191919, 21.257575757575758], [79.07777777777777, 21.257575757575758], [79.07777777777777, 21.247474747474747], [79.09191919191919, 21.247474747474747]]]}, "properties": {"confidence_score": 0.2412, "site_id": "nagpur"}}, {"type": "Feature", "geometry": {"type": "Polygon", "coordinates": [[[79.10606060606061, 21.247474747474747], [79.10606060606061, 21.257575757575758], [79.09191919191919, 21.257575757575758], [79.09191919191919, 21.247474747474747], [79.10606060606061, 21.247474747474747]]]}, "properties": {"confidence_score": 0.2412, "site_id": "nagpur"}}, {"type": "Feature", "geometry": {"type": "Polygon", "coordinates": [[[79.12020202020203, 21.247474747474747], [79.12020202020203, 21.257575757575758], [79.10606060606061, 21.257575757575758], [79.10606060606061, 21.247474747474747], [79.12020202020203, 21.247474747474747]]]}, "properties": {"confidence_score": 0.2307, "site_id": "nagpur"}}, {"type": "Feature", "geometry": {"type": "Polygon", "coordinates": [[[79.13434343434344, 21.247474747474747], [79.13434343434344, 21.257575757575758], [79.12020202020202, 21.257575757575758], [79.12020202020202, 21.247474747474747], [79.13434343434344, 21.247474747474747]]]}, "properties": {"confidence_score": 0.2303, "site_id": "nagpur"}}, {"type": "Feature", "geometry": {"type": "Polygon", "coordinates": [[[79.14848484848486, 21.247474747474747], [79.14848484848486, 21.257575757575758], [79.13434343434344, 21.257575757575758], [79.13434343434344, 21.247474747474747], [79.14848484848486, 21.247474747474747]]]}, "properties": {"confidence_score": 0.2425, "site_id": "nagpur"}}, {"type": "Feature", "geometry": {"type": "Polygon", "coordinates": [[[79.16262626262626, 21.247474747474747], [79.16262626262626, 21.257575757575758], [79.14848484848484, 21.257575757575758], [79.14848484848484, 21.247474747474747], [79.16262626262626, 21.247474747474747]]]}, "properties": {"confidence_score": 0.3754, "site_id": "nagpur"}}, {"type": "Feature", "geometry": {"type": "Polygon", "coordinates": [[[79.17676767676768, 21.247474747474747], [79.17676767676768, 21.257575757575758], [79.16262626262626, 21.257575757575758], [79.16262626262626, 21.247474747474747], [79.17676767676768, 21.247474747474747]]]}, "properties": {"confidence_score": 0.518, "site_id": "nagpur"}}, {"type": "Feature", "geometry": {"type": "Polygon", "coordinates": [[[79.19090909090909, 21.247474747474747], [79.19090909090909, 21.257575757575758], [79.17676767676767, 21.257575757575758], [79.17676767676767, 21.247474747474747], [79.19090909090909, 21.247474747474747]]]}, "properties": {"confidence_score": 0.6476, "site_id": "nagpur"}}, {"type": "Feature", "geometry": {"type": "Polygon", "coordinates": [[[79.20505050505051, 21.247474747474747], [79.20505050505051, 21.257575757575758], [79.19090909090909, 21.257575757575758], [79.19090909090909, 21.247474747474747], [79.20505050505051, 21.247474747474747]]]}, "properties": {"confidence_score": 0.6848, "site_id": "nagpur"}}, {"type": "Feature", "geometry": {"type": "Polygon", "coordinates": [[[79.21919191919193, 21.247474747474747], [79.21919191919193, 21.257575757575758], [79.20505050505051, 21.257575757575758], [79.20505050505051, 21.247474747474747], [79.21919191919193, 21.247474747474747]]]}, "properties": {"confidence_score": 0.5623, "site_id": "nagpur"}}, {"type": "Feature", "geometry": {"type": "Polygon", "coordinates": [[[79.23333333333333, 21.247474747474747], [79.23333333333333, 21.257575757575758], [79.21919191919191, 21.257575757575758], [79.21919191919191, 21.247474747474747], [79.23333333333333, 21.247474747474747]]]}, "properties": {"confidence_score": 0.4012, "site_id": "nagpur"}}, {"type": "Feature", "geometry": {"type": "Polygon", "coordinates": [[[79.24747474747475, 21.247474747474747], [79.24747474747475, 21.257575757575758], [79.23333333333333, 21.257575757575758], [79.23333333333333, 21.247474747474747], [79.24747474747475, 21.247474747474747]]]}, "properties": {"confidence_score": 0.4778, "site_id": "nagpur"}}, {"type": "Feature", "geometry": {"type": "Polygon", "coordinates": [[[79.26161616161616, 21.247474747474747], [79.26161616161616, 21.257575757575758], [79.24747474747474, 21.257575757575758], [79.24747474747474, 21.247474747474747], [79.26161616161616, 21.247474747474747]]]}, "properties": {"confidence_score": 0.6652, "site_id": "nagpur"}}, {"type": "Feature", "geometry": {"type": "Polygon", "coordinates": [[[79.27575757575758, 21.247474747474747], [79.27575757575758, 21.257575757575758], [79.26161616161616, 21.257575757575758], [79.26161616161616, 21.247474747474747], [79.27575757575758, 21.247474747474747]]]}, "properties": {"confidence_score": 0.8233, "site_id": "nagpur"}}, {"type": "Feature", "geometry": {"type": "Polygon", "coordinates": [[[79.289898989899, 21.247474747474747], [79.289898989899, 21.257575757575758], [79.27575757575758, 21.257575757575758], [79.27575757575758, 21.247474747474747], [79.289898989899, 21.247474747474747]]]}, "properties": {"confidence_score": 0.9305, "site_id": "nagpur"}}, {"type": "Feature", "geometry": {"type": "Polygon", "coordinates": [[[79.3040404040404, 21.247474747474747], [79.3040404040404, 21.257575757575758], [79.28989898989899, 21.257575757575758], [79.28989898989899, 21.247474747474747], [79.3040404040404, 21.247474747474747]]]}, "properties": {"confidence_score": 0.7904, "site_id": "nagpur"}}, {"type": "Feature", "geometry": {"type": "Polygon", "coordinates": [[[79.51616161616163, 21.247474747474747], [79.51616161616163, 21.257575757575758], [79.5020202020202, 21.257575757575758], [79.5020202020202, 21.247474747474747], [79.51616161616163, 21.247474747474747]]]}, "properties": {"confidence_score": 0.1897, "site_id": "bhandara"}}, {"type": "Feature", "geometry": {"type": "Polygon", "coordinates": [[[79.53030303030303, 21.247474747474747], [79.53030303030303, 21.257575757575758], [79.51616161616161, 21.257575757575758], [79.51616161616161, 21.247474747474747], [79.53030303030303, 21.247474747474747]]]}, "properties": {"confidence_score": 0.3483, "site_id": "bhandara"}}, {"type": "Feature", "geometry": {"type": "Polygon", "coordinates": [[[79.54444444444445, 21.247474747474747], [79.54444444444445, 21.257575757575758], [79.53030303030303, 21.257575757575758], [79.53030303030303, 21.247474747474747], [79.54444444444445, 21.247474747474747]]]}, "properties": {"confidence_score": 0.6132, "site_id": "bhandara"}}, {"type": "Feature", "geometry": {"type": "Polygon", "coordinates": [[[79.55858585858586, 21.247474747474747], [79.55858585858586, 21.257575757575758], [79.54444444444444, 21.257575757575758], [79.54444444444444, 21.247474747474747], [79.55858585858586, 21.247474747474747]]]}, "properties": {"confidence_score": 0.7098, "site_id": "bhandara"}}, {"type": "Feature", "geometry": {"type": "Polygon", "coordinates": [[[79.57272727272728, 21.247474747474747], [79.57272727272728, 21.257575757575758], [79.55858585858586, 21.257575757575758], [79.55858585858586, 21.247474747474747], [79.57272727272728, 21.247474747474747]]]}, "properties": {"confidence_score": 0.6878, "site_id": "bhandara"}}, {"type": "Feature", "geometry": {"type": "Polygon", "coordinates": [[[79.5868686868687, 21.247474747474747], [79.5868686868687, 21.257575757575758], [79.57272727272728, 21.257575757575758], [79.57272727272728, 21.247474747474747], [79.5868686868687, 21.247474747474747]]]}, "properties": {"confidence_score": 0.5247, "site_id": "bhandara"}}, {"type": "Feature", "geometry": {"type": "Polygon", "coordinates": [[[79.6010101010101, 21.247474747474747], [79.6010101010101, 21.257575757575758], [79.58686868686868, 21.257575757575758], [79.58686868686868, 21.247474747474747], [79.6010101010101, 21.247474747474747]]]}, "properties": {"confidence_score": 0.2649, "site_id": "bhandara"}}, {"type": "Feature", "geometry": {"type": "Polygon", "coordinates": [[[79.61515151515152, 21.247474747474747], [79.61515151515152, 21.257575757575758], [79.6010101010101, 21.257575757575758], [79.6010101010101, 21.247474747474747], [79.61515151515152, 21.247474747474747]]]}, "properties": {"confidence_score": 0.1521, "site_id": "bhandara"}}, {"type": "Feature", "geometry": {"type": "Polygon", "coordinates": [[[79.62929292929293, 21.247474747474747], [79.62929292929293, 21.257575757575758], [79.61515151515151, 21.257575757575758], [79.61515151515151, 21.247474747474747], [79.62929292929293, 21.247474747474747]]]}, "properties": {"confidence_score": 0.1349, "site_id": "bhandara"}}, {"type": "Feature", "geometry": {"type": "Polygon", "coordinates": [[[79.64343434343435, 21.247474747474747], [79.64343434343435, 21.257575757575758], [79.62929292929293, 21.257575757575758], [79.62929292929293, 21.247474747474747], [79.64343434343435, 21.247474747474747]]]}, "properties": {"confidence_score": 0.1409, "site_id": "bhandara"}}, {"type": "Feature", "geometry": {"type": "Polygon", "coordinates": [[[79.65757575757576, 21.247474747474747], [79.65757575757576, 21.257575757575758], [79.64343434343434, 21.257575757575758], [79.64343434343434, 21.247474747474747], [79.65757575757576, 21.247474747474747]]]}, "properties": {"confidence_score": 0.1617, "site_id": "bhandara"}}, {"type": "Feature", "geometry": {"type": "Polygon", "coordinates": [[[79.67171717171718, 21.247474747474747], [79.67171717171718, 21.257575757575758], [79.65757575757576, 21.257575757575758], [79.65757575757576, 21.247474747474747], [79.67171717171718, 21.247474747474747]]]}, "properties": {"confidence_score": 0.2269, "site_id": "bhandara"}}, {"type": "Feature", "geometry": {"type": "Polygon", "coordinates": [[[79.6858585858586, 21.247474747474747], [79.6858585858586, 21.257575757575758], [79.67171717171718, 21.257575757575758], [79.67171717171718, 21.247474747474747], [79.6858585858586, 21.247474747474747]]]}, "properties": {"confidence_score": 0.3555, "site_id": "bhandara"}}, {"type": "Feature", "geometry": {"type": "Polygon", "coordinates": [[[79.7, 21.247474747474747], [79.7, 21.257575757575758], [79.68585858585858, 21.257575757575758], [79.68585858585858, 21.247474747474747], [79.7, 21.247474747474747]]]}, "properties": {"confidence_score": 0.5515, "site_id": "bhandara"}}, {"type": "Feature", "geometry": {"type": "Polygon", "coordinates": [[[79.71414141414142, 21.247474747474747], [79.71414141414142, 21.257575757575758], [79.7, 21.257575757575758], [79.7, 21.247474747474747], [79.71414141414142, 21.247474747474747]]]}, "properties": {"confidence_score": 0.8186, "site_id": "bhandara"}}, {"type": "Feature", "geometry": {"type": "Polygon", "coordinates": [[[79.72828282828283, 21.247474747474747], [79.72828282828283, 21.257575757575758], [79.71414141414141, 21.257575757575758], [79.71414141414141, 21.247474747474747], [79.72828282828283, 21.247474747474747]]]}, "properties": {"confidence_score": 0.9356, "site_id": "bhandara"}}, {"type": "Feature", "geometry": {"type": "Polygon", "coordinates": [[[79.74242424242425, 21.247474747474747], [79.74242424242425, 21.257575757575758], [79.72828282828283, 21.257575757575758], [79.72828282828283, 21.247474747474747], [79.74242424242425, 21.247474747474747]]]}, "properties": {"confidence_score": 0.9216, "site_id": "bhandara"}}, {"type": "Feature", "geometry": {"type": "Polygon", "coordinates": [[[79.75656565656567, 21.247474747474747], [79.75656565656567, 21.257575757575758], [79.74242424242425, 21.257575757575758], [79.74242424242425, 21.247474747474747], [79.75656565656567, 21.247474747474747]]]}, "properties": {"confidence_score": 0.8559, "site_id": "bhandara"}}, {"type": "Feature", "geometry": {"type": "Polygon", "coordinates": [[[79.77070707070708, 21.247474747474747], [79.77070707070708, 21.257575757575758], [79.75656565656566, 21.257575757575758], [79.75656565656566, 21.247474747474747], [79.77070707070708, 21.247474747474747]]]}, "properties": {"confidence_score": 0.7248, "site_id": "bhandara"}}, {"type": "Feature", "geometry": {"type": "Polygon", "coordinates": [[[79.7848484848485, 21.247474747474747], [79.7848484848485, 21.257575757575758], [79.77070707070708, 21.257575757575758], [79.77070707070708, 21.247474747474747], [79.7848484848485, 21.247474747474747]]]}, "properties": {"confidence_score": 0.5603, "site_id": "bhandara"}}, {"type": "Feature", "geometry": {"type": "Polygon", "coordinates": [[[79.7989898989899, 21.247474747474747], [79.7989898989899, 21.257575757575758], [79.78484848484848, 21.257575757575758], [79.78484848484848, 21.247474747474747], [79.7989898989899, 21.247474747474747]]]}, "properties": {"confidence_score": 0.3231, "site_id": "bhandara"}}, {"type": "Feature", "geometry": {"type": "Polygon", "coordinates": [[[79.00707070707071, 21.257575757575758], [79.00707070707071, 21.267676767676768], [78.99292929292929, 21.267676767676768], [78.99292929292929, 21.257575757575758], [79.00707070707071, 21.257575757575758]]]}, "properties": {"confidence_score": 0.4469, "site_id": "nagpur"}}, {"type": "Feature", "geometry": {"type": "Polygon", "coordinates": [[[79.02121212121213, 21.257575757575758], [79.02121212121213, 21.267676767676768], [79.00707070707071, 21.267676767676768], [79.00707070707071, 21.257575757575758], [79.02121212121213, 21.257575757575758]]]}, "properties": {"confidence_score": 0.6256, "site_id": "nagpur"}}, {"type": "Feature", "geometry": {"type": "Polygon", "coordinates": [[[79.03535353535354, 21.257575757575758], [79.03535353535354, 21.267676767676768], [79.02121212121212, 21.267676767676768], [79.02121212121212, 21.257575757575758], [79.03535353535354, 21.257575757575758]]]}, "properties": {"confidence_score": 0.8733, "site_id": "nagpur"}}, {"type": "Feature", "geometry": {"type": "Polygon", "coordinates": [[[79.04949494949496, 21.257575757575758], [79.04949494949496, 21.267676767676768], [79.03535353535354, 21.267676767676768], [79.03535353535354, 21.257575757575758], [79.04949494949496, 21.257575757575758]]]}, "properties": {"confidence_score": 0.6683, "site_id": "nagpur"}}, {"type": "Feature", "geometry": {"type": "Polygon", "coordinates": [[[79.06363636363636, 21.257575757575758], [79.06363636363636, 21.267676767676768], [79.04949494949494, 21.267676767676768], [79.04949494949494, 21.257575757575758], [79.06363636363636, 21.257575757575758]]]}, "properties": {"confidence_score": 0.482, "site_id": "nagpur"}}, {"type": "Feature", "geometry": {"type": "Polygon", "coordinates": [[[79.07777777777778, 21.257575757575758], [79.07777777777778, 21.267676767676768], [79.06363636363636, 21.267676767676768], [79.06363636363636, 21.257575757575758], [79.07777777777778, 21.257575757575758]]]}, "properties": {"confidence_score": 0.4376, "site_id": "nagpur"}}, {"type": "Feature", "geometry": {"type": "Polygon", "coordinates": [[[79.09191919191919, 21.257575757575758], [79.09191919191919, 21.267676767676768], [79.07777777777777, 21.267676767676768], [79.07777777777777, 21.257575757575758], [79.09191919191919, 21.257575757575758]]]}, "properties": {"confidence_score": 0.4573, "site_id": "nagpur"}}, {"type": "Feature", "geometry": {"type": "Polygon", "coordinates": [[[79.10606060606061, 21.257575757575758], [79.10606060606061, 21.267676767676768], [79.09191919191919, 21.267676767676768], [79.09191919191919, 21.257575757575758], [79.10606060606061, 21.257575757575758]]]}, "properties": {"confidence_score": 0.3225, "site_id": "nagpur"}}, {"type": "Feature", "geometry": {"type": "Polygon", "coordinates": [[[79.12020202020203, 21.257575757575758], [79.12020202020203, 21.267676767676768], [79.10606060606061, 21.267676767676768], [79.10606060606061, 21.257575757575758], [79.12020202020203, 21.257575757575758]]]}, "properties": {"confidence_score": 0.2216, "site_id": "nagpur"}}, {"type": "Feature", "geometry": {"type": "Polygon", "coordinates": [[[79.13434343434344, 21.257575757575758], [79.13434343434344, 21.267676767676768], [79.12020202020202, 21.267676767676768], [79.12020202020202, 21.257575757575758], [79.13434343434344, 21.257575757575758]]]}, "properties": {"confidence_score": 0.1654, "site_id": "nagpur"}}, {"type": "Feature", "geometry": {"type": "Polygon", "coordinates": [[[79.14848484848486, 21.257575757575758], [79.14848484848486, 21.267676767676768], [79.13434343434344, 21.267676767676768], [79.13434343434344, 21.257575757575758], [79.14848484848486, 21.257575757575758]]]}, "properties": {"confidence_score": 0.1237, "site_id": "nagpur"}}, {"type": "Feature", "geometry": {"type": "Polygon", "coordinates": [[[79.16262626262626, 21.257575757575758], [79.16262626262626, 21.267676767676768], [79.14848484848484, 21.267676767676768], [79.14848484848484, 21.257575757575758], [79.16262626262626, 21.257575757575758]]]}, "properties": {"confidence_score": 0.3168, "site_id": "nagpur"}}, {"type": "Feature", "geometry": {"type": "Polygon", "coordinates": [[[79.17676767676768, 21.257575757575758], [79.17676767676768, 21.267676767676768], [79.16262626262626, 21.267676767676768], [79.16262626262626, 21.257575757575758], [79.17676767676768, 21.257575757575758]]]}, "properties": {"confidence_score": 0.5165, "site_id": "nagpur"}}, {"type": "Feature", "geometry": {"type": "Polygon", "coordinates": [[[79.19090909090909, 21.257575757575758], [79.19090909090909, 21.267676767676768], [79.17676767676767, 21.267676767676768], [79.17676767676767, 21.257575757575758], [79.19090909090909, 21.257575757575758]]]}, "properties": {"confidence_score": 0.7095, "site_id": "nagpur"}}, {"type": "Feature", "geometry": {"type": "Polygon", "coordinates": [[[79.20505050505051, 21.257575757575758], [79.20505050505051, 21.267676767676768], [79.19090909090909, 21.267676767676768], [79.19090909090909, 21.257575757575758], [79.20505050505051, 21.257575757575758]]]}, "properties": {"confidence_score": 0.8846, "site_id": "nagpur"}}, {"type": "Feature", "geometry": {"type": "Polygon", "coordinates": [[[79.21919191919193, 21.257575757575758], [79.21919191919193, 21.267676767676768], [79.20505050505051, 21.267676767676768], [79.20505050505051, 21.257575757575758], [79.21919191919193, 21.257575757575758]]]}, "properties": {"confidence_score": 0.6976, "site_id": "nagpur"}}, {"type": "Feature", "geometry": {"type": "Polygon", "coordinates": [[[79.23333333333333, 21.257575757575758], [79.23333333333333, 21.267676767676768], [79.21919191919191, 21.267676767676768], [79.21919191919191, 21.257575757575758], [79.23333333333333, 21.257575757575758]]]}, "properties": {"confidence_score": 0.5598, "site_id": "nagpur"}}, {"type": "Feature", "geometry": {"type": "Polygon", "coordinates": [[[79.24747474747475, 21.257575757575758], [79.24747474747475, 21.267676767676768], [79.23333333333333, 21.267676767676768], [79.23333333333333, 21.257575757575758], [79.24747474747475, 21.257575757575758]]]}, "properties": {"confidence_score": 0.6203, "site_id": "nagpur"}}, {"type": "Feature", "geometry": {"type": "Polygon", "coordinates": [[[79.26161616161616, 21.257575757575758], [79.26161616161616, 21.267676767676768], [79.24747474747474, 21.267676767676768], [79.24747474747474, 21.257575757575758], [79.26161616161616, 21.257575757575758]]]}, "properties": {"confidence_score": 0.8564, "site_id": "nagpur"}}, {"type": "Feature", "geometry": {"type": "Polygon", "coordinates": [[[79.27575757575758, 21.257575757575758], [79.27575757575758, 21.267676767676768], [79.26161616161616, 21.267676767676768], [79.26161616161616, 21.257575757575758], [79.27575757575758, 21.257575757575758]]]}, "properties": {"confidence_score": 0.8949, "site_id": "nagpur"}}, {"type": "Feature", "geometry": {"type": "Polygon", "coordinates": [[[79.289898989899, 21.257575757575758], [79.289898989899, 21.267676767676768], [79.27575757575758, 21.267676767676768], [79.27575757575758, 21.257575757575758], [79.289898989899, 21.257575757575758]]]}, "properties": {"confidence_score": 0.9503, "site_id": "nagpur"}}, {"type": "Feature", "geometry": {"type": "Polygon", "coordinates": [[[79.3040404040404, 21.257575757575758], [79.3040404040404, 21.267676767676768], [79.28989898989899, 21.267676767676768], [79.28989898989899, 21.257575757575758], [79.3040404040404, 21.257575757575758]]]}, "properties": {"confidence_score": 0.7482, "site_id": "nagpur"}}, {"type": "Feature", "geometry": {"type": "Polygon", "coordinates": [[[79.51616161616163, 21.257575757575758], [79.51616161616163, 21.267676767676768], [79.5020202020202, 21.267676767676768], [79.5020202020202, 21.257575757575758], [79.51616161616163, 21.257575757575758]]]}, "properties": {"confidence_score": 0.1515, "site_id": "bhandara"}}, {"type": "Feature", "geometry": {"type": "Polygon", "coordinates": [[[79.53030303030303, 21.257575757575758], [79.53030303030303, 21.267676767676768], [79.51616161616161, 21.267676767676768], [79.51616161616161, 21.257575757575758], [79.53030303030303, 21.257575757575758]]]}, "properties": {"confidence_score": 0.2584, "site_id": "bhandara"}}, {"type": "Feature", "geometry": {"type": "Polygon", "coordinates": [[[79.54444444444445, 21.257575757575758], [79.54444444444445, 21.267676767676768], [79.53030303030303, 21.267676767676768], [79.53030303030303, 21.257575757575758], [79.54444444444445, 21.257575757575758]]]}, "properties": {"confidence_score": 0.4091, "site_id": "bhandara"}}, {"type": "Feature", "geometry": {"type": "Polygon", "coordinates": [[[79.55858585858586, 21.257575757575758], [79.55858585858586, 21.267676767676768], [79.54444444444444, 21.267676767676768], [79.54444444444444, 21.257575757575758], [79.55858585858586, 21.257575757575758]]]}, "properties": {"confidence_score": 0.4697, "site_id": "bhandara"}}, {"type": "Feature", "geometry": {"type": "Polygon", "coordinates": [[[79.57272727272728, 21.257575757575758], [79.57272727272728, 21.267676767676768], [79.55858585858586, 21.267676767676768], [79.55858585858586, 21.257575757575758], [79.57272727272728, 21.257575757575758]]]}, "properties": {"confidence_score": 0.4226, "site_id": "bhandara"}}, {"type": "Feature", "geometry": {"type": "Polygon", "coordinates": [[[79.5868686868687, 21.257575757575758], [79.5868686868687, 21.267676767676768], [79.57272727272728, 21.267676767676768], [79.57272727272728, 21.257575757575758], [79.5868686868687, 21.257575757575758]]]}, "properties": {"confidence_score": 0.3775, "site_id": "bhandara"}}, {"type": "Feature", "geometry": {"type": "Polygon", "coordinates": [[[79.6010101010101, 21.257575757575758], [79.6010101010101, 21.267676767676768], [79.58686868686868, 21.267676767676768], [79.58686868686868, 21.257575757575758], [79.6010101010101, 21.257575757575758]]]}, "properties": {"confidence_score": 0.3167, "site_id": "bhandara"}}, {"type": "Feature", "geometry": {"type": "Polygon", "coordinates": [[[79.61515151515152, 21.257575757575758], [79.61515151515152, 21.267676767676768], [79.6010101010101, 21.267676767676768], [79.6010101010101, 21.257575757575758], [79.61515151515152, 21.257575757575758]]]}, "properties": {"confidence_score": 0.2932, "site_id": "bhandara"}}, {"type": "Feature", "geometry": {"type": "Polygon", "coordinates": [[[79.62929292929293, 21.257575757575758], [79.62929292929293, 21.267676767676768], [79.61515151515151, 21.267676767676768], [79.61515151515151, 21.257575757575758], [79.62929292929293, 21.257575757575758]]]}, "properties": {"confidence_score": 0.2765, "site_id": "bhandara"}}, {"type": "Feature", "geometry": {"type": "Polygon", "coordinates": [[[79.64343434343435, 21.257575757575758], [79.64343434343435, 21.267676767676768], [79.62929292929293, 21.267676767676768], [79.62929292929293, 21.257575757575758], [79.64343434343435, 21.257575757575758]]]}, "properties": {"confidence_score": 0.2239, "site_id": "bhandara"}}, {"type": "Feature", "geometry": {"type": "Polygon", "coordinates": [[[79.65757575757576, 21.257575757575758], [79.65757575757576, 21.267676767676768], [79.64343434343434, 21.267676767676768], [79.64343434343434, 21.257575757575758], [79.65757575757576, 21.257575757575758]]]}, "properties": {"confidence_score": 0.1383, "site_id": "bhandara"}}, {"type": "Feature", "geometry": {"type": "Polygon", "coordinates": [[[79.67171717171718, 21.257575757575758], [79.67171717171718, 21.267676767676768], [79.65757575757576, 21.267676767676768], [79.65757575757576, 21.257575757575758], [79.67171717171718, 21.257575757575758]]]}, "properties": {"confidence_score": 0.1328, "site_id": "bhandara"}}, {"type": "Feature", "geometry": {"type": "Polygon", "coordinates": [[[79.6858585858586, 21.257575757575758], [79.6858585858586, 21.267676767676768], [79.67171717171718, 21.267676767676768], [79.67171717171718, 21.257575757575758], [79.6858585858586, 21.257575757575758]]]}, "properties": {"confidence_score": 0.228, "site_id": "bhandara"}}, {"type": "Feature", "geometry": {"type": "Polygon", "coordinates": [[[79.7, 21.257575757575758], [79.7, 21.267676767676768], [79.68585858585858, 21.267676767676768], [79.68585858585858, 21.257575757575758], [79.7, 21.257575757575758]]]}, "properties": {"confidence_score": 0.4243, "site_id": "bhandara"}}, {"type": "Feature", "geometry": {"type": "Polygon", "coordinates": [[[79.71414141414142, 21.257575757575758], [79.71414141414142, 21.267676767676768], [79.7, 21.267676767676768], [79.7, 21.257575757575758], [79.71414141414142, 21.257575757575758]]]}, "properties": {"confidence_score": 0.7595, "site_id": "bhandara"}}, {"type": "Feature", "geometry": {"type": "Polygon", "coordinates": [[[79.72828282828283, 21.257575757575758], [79.72828282828283, 21.267676767676768], [79.71414141414141, 21.267676767676768], [79.71414141414141, 21.257575757575758], [79.72828282828283, 21.257575757575758]]]}, "properties": {"confidence_score": 0.9055, "site_id": "bhandara"}}, {"type": "Feature", "geometry": {"type": "Polygon", "coordinates": [[[79.74242424242425, 21.257575757575758], [79.74242424242425, 21.267676767676768], [79.72828282828283, 21.267676767676768], [79.72828282828283, 21.257575757575758], [79.74242424242425, 21.257575757575758]]]}, "properties": {"confidence_score": 0.9036, "site_id": "bhandara"}}, {"type": "Feature", "geometry": {"type": "Polygon", "coordinates": [[[79.75656565656567, 21.257575757575758], [79.75656565656567, 21.267676767676768], [79.74242424242425, 21.267676767676768], [79.74242424242425, 21.257575757575758], [79.75656565656567, 21.257575757575758]]]}, "properties": {"confidence_score": 0.9041, "site_id": "bhandara"}}, {"type": "Feature", "geometry": {"type": "Polygon", "coordinates": [[[79.77070707070708, 21.257575757575758], [79.77070707070708, 21.267676767676768], [79.75656565656566, 21.267676767676768], [79.75656565656566, 21.257575757575758], [79.77070707070708, 21.257575757575758]]]}, "properties": {"confidence_score": 0.8732, "site_id": "bhandara"}}, {"type": "Feature", "geometry": {"type": "Polygon", "coordinates": [[[79.7848484848485, 21.257575757575758], [79.7848484848485, 21.267676767676768], [79.77070707070708, 21.267676767676768], [79.77070707070708, 21.257575757575758], [79.7848484848485, 21.257575757575758]]]}, "properties": {"confidence_score": 0.7556, "site_id": "bhandara"}}, {"type": "Feature", "geometry": {"type": "Polygon", "coordinates": [[[79.7989898989899, 21.257575757575758], [79.7989898989899, 21.267676767676768], [79.78484848484848, 21.267676767676768], [79.78484848484848, 21.257575757575758], [79.7989898989899, 21.257575757575758]]]}, "properties": {"confidence_score": 0.4658, "site_id": "bhandara"}}, {"type": "Feature", "geometry": {"type": "Polygon", "coordinates": [[[79.00707070707071, 21.267676767676768], [79.00707070707071, 21.27777777777778], [78.99292929292929, 21.27777777777778], [78.99292929292929, 21.267676767676768], [79.00707070707071, 21.267676767676768]]]}, "properties": {"confidence_score": 0.5047, "site_id": "nagpur"}}, {"type": "Feature", "geometry": {"type": "Polygon", "coordinates": [[[79.02121212121213, 21.267676767676768], [79.02121212121213, 21.27777777777778], [79.00707070707071, 21.27777777777778], [79.00707070707071, 21.267676767676768], [79.02121212121213, 21.267676767676768]]]}, "properties": {"confidence_score": 0.7102, "site_id": "nagpur"}}, {"type": "Feature", "geometry": {"type": "Polygon", "coordinates": [[[79.03535353535354, 21.267676767676768], [79.03535353535354, 21.27777777777778], [79.02121212121212, 21.27777777777778], [79.02121212121212, 21.267676767676768], [79.03535353535354, 21.267676767676768]]]}, "properties": {"confidence_score": 0.9272, "site_id": "nagpur"}}, {"type": "Feature", "geometry": {"type": "Polygon", "coordinates": [[[79.04949494949496, 21.267676767676768], [79.04949494949496, 21.27777777777778], [79.03535353535354, 21.27777777777778], [79.03535353535354, 21.267676767676768], [79.04949494949496, 21.267676767676768]]]}, "properties": {"confidence_score": 0.8264, "site_id": "nagpur"}}, {"type": "Feature", "geometry": {"type": "Polygon", "coordinates": [[[79.06363636363636, 21.267676767676768], [79.06363636363636, 21.27777777777778], [79.04949494949494, 21.27777777777778], [79.04949494949494, 21.267676767676768], [79.06363636363636, 21.267676767676768]]]}, "properties": {"confidence_score": 0.694, "site_id": "nagpur"}}, {"type": "Feature", "geometry": {"type": "Polygon", "coordinates": [[[79.07777777777778, 21.267676767676768], [79.07777777777778, 21.27777777777778], [79.06363636363636, 21.27777777777778], [79.06363636363636, 21.267676767676768], [79.07777777777778, 21.267676767676768]]]}, "properties": {"confidence_score": 0.5979, "site_id": "nagpur"}}, {"type": "Feature", "geometry": {"type": "Polygon", "coordinates": [[[79.09191919191919, 21.267676767676768], [79.09191919191919, 21.27777777777778], [79.07777777777777, 21.27777777777778], [79.07777777777777, 21.267676767676768], [79.09191919191919, 21.267676767676768]]]}, "properties": {"confidence_score": 0.5313, "site_id": "nagpur"}}, {"type": "Feature", "geometry": {"type": "Polygon", "coordinates": [[[79.10606060606061, 21.267676767676768], [79.10606060606061, 21.27777777777778], [79.09191919191919, 21.27777777777778], [79.09191919191919, 21.267676767676768], [79.10606060606061, 21.267676767676768]]]}, "properties": {"confidence_score": 0.3705, "site_id": "nagpur"}}, {"type": "Feature", "geometry": {"type": "Polygon", "coordinates": [[[79.12020202020203, 21.267676767676768], [79.12020202020203, 21.27777777777778], [79.10606060606061, 21.27777777777778], [79.10606060606061, 21.267676767676768], [79.12020202020203, 21.267676767676768]]]}, "properties": {"confidence_score": 0.228, "site_id": "nagpur"}}, {"type": "Feature", "geometry": {"type": "Polygon", "coordinates": [[[79.13434343434344, 21.267676767676768], [79.13434343434344, 21.27777777777778], [79.12020202020202, 21.27777777777778], [79.12020202020202, 21.267676767676768], [79.13434343434344, 21.267676767676768]]]}, "properties": {"confidence_score": 0.1451, "site_id": "nagpur"}}, {"type": "Feature", "geometry": {"type": "Polygon", "coordinates": [[[79.14848484848486, 21.267676767676768], [79.14848484848486, 21.27777777777778], [79.13434343434344, 21.27777777777778], [79.13434343434344, 21.267676767676768], [79.14848484848486, 21.267676767676768]]]}, "properties": {"confidence_score": 0.1307, "site_id": "nagpur"}}, {"type": "Feature", "geometry": {"type": "Polygon", "coordinates": [[[79.16262626262626, 21.267676767676768], [79.16262626262626, 21.27777777777778], [79.14848484848484, 21.27777777777778], [79.14848484848484, 21.267676767676768], [79.16262626262626, 21.267676767676768]]]}, "properties": {"confidence_score": 0.3351, "site_id": "nagpur"}}, {"type": "Feature", "geometry": {"type": "Polygon", "coordinates": [[[79.17676767676768, 21.267676767676768], [79.17676767676768, 21.27777777777778], [79.16262626262626, 21.27777777777778], [79.16262626262626, 21.267676767676768], [79.17676767676768, 21.267676767676768]]]}, "properties": {"confidence_score": 0.6056, "site_id": "nagpur"}}, {"type": "Feature", "geometry": {"type": "Polygon", "coordinates": [[[79.19090909090909, 21.267676767676768], [79.19090909090909, 21.27777777777778], [79.17676767676767, 21.27777777777778], [79.17676767676767, 21.267676767676768], [79.19090909090909, 21.267676767676768]]]}, "properties": {"confidence_score": 0.7914, "site_id": "nagpur"}}, {"type": "Feature", "geometry": {"type": "Polygon", "coordinates": [[[79.20505050505051, 21.267676767676768], [79.20505050505051, 21.27777777777778], [79.19090909090909, 21.27777777777778], [79.19090909090909, 21.267676767676768], [79.20505050505051, 21.267676767676768]]]}, "properties": {"confidence_score": 0.9144, "site_id": "nagpur"}}, {"type": "Feature", "geometry": {"type": "Polygon", "coordinates": [[[79.21919191919193, 21.267676767676768], [79.21919191919193, 21.27777777777778], [79.20505050505051, 21.27777777777778], [79.20505050505051, 21.267676767676768], [79.21919191919193, 21.267676767676768]]]}, "properties": {"confidence_score": 0.7581, "site_id": "nagpur"}}, {"type": "Feature", "geometry": {"type": "Polygon", "coordinates": [[[79.23333333333333, 21.267676767676768], [79.23333333333333, 21.27777777777778], [79.21919191919191, 21.27777777777778], [79.21919191919191, 21.267676767676768], [79.23333333333333, 21.267676767676768]]]}, "properties": {"confidence_score": 0.6131, "site_id": "nagpur"}}, {"type": "Feature", "geometry": {"type": "Polygon", "coordinates": [[[79.24747474747475, 21.267676767676768], [79.24747474747475, 21.27777777777778], [79.23333333333333, 21.27777777777778], [79.23333333333333, 21.267676767676768], [79.24747474747475, 21.267676767676768]]]}, "properties": {"confidence_score": 0.6789, "site_id": "nagpur"}}, {"type": "Feature", "geometry": {"type": "Polygon", "coordinates": [[[79.26161616161616, 21.267676767676768], [79.26161616161616, 21.27777777777778], [79.24747474747474, 21.27777777777778], [79.24747474747474, 21.267676767676768], [79.26161616161616, 21.267676767676768]]]}, "properties": {"confidence_score": 0.8845, "site_id": "nagpur"}}, {"type": "Feature", "geometry": {"type": "Polygon", "coordinates": [[[79.27575757575758, 21.267676767676768], [79.27575757575758, 21.27777777777778], [79.26161616161616, 21.27777777777778], [79.26161616161616, 21.267676767676768], [79.27575757575758, 21.267676767676768]]]}, "properties": {"confidence_score": 0.8682, "site_id": "nagpur"}}, {"type": "Feature", "geometry": {"type": "Polygon", "coordinates": [[[79.289898989899, 21.267676767676768], [79.289898989899, 21.27777777777778], [79.27575757575758, 21.27777777777778], [79.27575757575758, 21.267676767676768], [79.289898989899, 21.267676767676768]]]}, "properties": {"confidence_score": 0.7847, "site_id": "nagpur"}}, {"type": "Feature", "geometry": {"type": "Polygon", "coordinates": [[[79.3040404040404, 21.267676767676768], [79.3040404040404, 21.27777777777778], [79.28989898989899, 21.27777777777778], [79.28989898989899, 21.267676767676768], [79.3040404040404, 21.267676767676768]]]}, "properties": {"confidence_score": 0.5993, "site_id": "nagpur"}}, {"type": "Feature", "geometry": {"type": "Polygon", "coordinates": [[[79.51616161616163, 21.267676767676768], [79.51616161616163, 21.27777777777778], [79.5020202020202, 21.27777777777778], [79.5020202020202, 21.267676767676768], [79.51616161616163, 21.267676767676768]]]}, "properties": {"confidence_score": 0.1414, "site_id": "bhandara"}}, {"type": "Feature", "geometry": {"type": "Polygon", "coordinates": [[[79.53030303030303, 21.267676767676768], [79.53030303030303, 21.27777777777778], [79.51616161616161, 21.27777777777778], [79.51616161616161, 21.267676767676768], [79.53030303030303, 21.267676767676768]]]}, "properties": {"confidence_score": 0.1954, "site_id": "bhandara"}}, {"type": "Feature", "geometry": {"type": "Polygon", "coordinates": [[[79.54444444444445, 21.267676767676768], [79.54444444444445, 21.27777777777778], [79.53030303030303, 21.27777777777778], [79.53030303030303, 21.267676767676768], [79.54444444444445, 21.267676767676768]]]}, "properties": {"confidence_score": 0.2665, "site_id": "bhandara"}}, {"type": "Feature", "geometry": {"type": "Polygon", "coordinates": [[[79.55858585858586, 21.267676767676768], [79.55858585858586, 21.27777777777778], [79.54444444444444, 21.27777777777778], [79.54444444444444, 21.267676767676768], [79.55858585858586, 21.267676767676768]]]}, "properties": {"confidence_score": 0.2922, "site_id": "bhandara"}}, {"type": "Feature", "geometry": {"type": "Polygon", "coordinates": [[[79.57272727272728, 21.267676767676768], [79.57272727272728, 21.27777777777778], [79.55858585858586, 21.27777777777778], [79.55858585858586, 21.267676767676768], [79.57272727272728, 21.267676767676768]]]}, "properties": {"confidence_score": 0.2696, "site_id": "bhandara"}}, {"type": "Feature", "geometry": {"type": "Polygon", "coordinates": [[[79.5868686868687, 21.267676767676768], [79.5868686868687, 21.27777777777778], [79.57272727272728, 21.27777777777778], [79.57272727272728, 21.267676767676768], [79.5868686868687, 21.267676767676768]]]}, "properties": {"confidence_score": 0.3283, "site_id": "bhandara"}}, {"type": "Feature", "geometry": {"type": "Polygon", "coordinates": [[[79.6010101010101, 21.267676767676768], [79.6010101010101, 21.27777777777778], [79.58686868686868, 21.27777777777778], [79.58686868686868, 21.267676767676768], [79.6010101010101, 21.267676767676768]]]}, "properties": {"confidence_score": 0.4509, "site_id": "bhandara"}}, {"type": "Feature", "geometry": {"type": "Polygon", "coordinates": [[[79.61515151515152, 21.267676767676768], [79.61515151515152, 21.27777777777778], [79.6010101010101, 21.27777777777778], [79.6010101010101, 21.267676767676768], [79.61515151515152, 21.267676767676768]]]}, "properties": {"confidence_score": 0.5166, "site_id": "bhandara"}}, {"type": "Feature", "geometry": {"type": "Polygon", "coordinates": [[[79.62929292929293, 21.267676767676768], [79.62929292929293, 21.27777777777778], [79.61515151515151, 21.27777777777778], [79.61515151515151, 21.267676767676768], [79.62929292929293, 21.267676767676768]]]}, "properties": {"confidence_score": 0.5146, "site_id": "bhandara"}}, {"type": "Feature", "geometry": {"type": "Polygon", "coordinates": [[[79.64343434343435, 21.267676767676768], [79.64343434343435, 21.27777777777778], [79.62929292929293, 21.27777777777778], [79.62929292929293, 21.267676767676768], [79.64343434343435, 21.267676767676768]]]}, "properties": {"confidence_score": 0.3977, "site_id": "bhandara"}}, {"type": "Feature", "geometry": {"type": "Polygon", "coordinates": [[[79.65757575757576, 21.267676767676768], [79.65757575757576, 21.27777777777778], [79.64343434343434, 21.27777777777778], [79.64343434343434, 21.267676767676768], [79.65757575757576, 21.267676767676768]]]}, "properties": {"confidence_score": 0.188, "site_id": "bhandara"}}, {"type": "Feature", "geometry": {"type": "Polygon", "coordinates": [[[79.67171717171718, 21.267676767676768], [79.67171717171718, 21.27777777777778], [79.65757575757576, 21.27777777777778], [79.65757575757576, 21.267676767676768], [79.67171717171718, 21.267676767676768]]]}, "properties": {"confidence_score": 0.1013, "site_id": "bhandara"}}, {"type": "Feature", "geometry": {"type": "Polygon", "coordinates": [[[79.6858585858586, 21.267676767676768], [79.6858585858586, 21.27777777777778], [79.67171717171718, 21.27777777777778], [79.67171717171718, 21.267676767676768], [79.6858585858586, 21.267676767676768]]]}, "properties": {"confidence_score": 0.1459, "site_id": "bhandara"}}, {"type": "Feature", "geometry": {"type": "Polygon", "coordinates": [[[79.7, 21.267676767676768], [79.7, 21.27777777777778], [79.68585858585858, 21.27777777777778], [79.68585858585858, 21.267676767676768], [79.7, 21.267676767676768]]]}, "properties": {"confidence_score": 0.3025, "site_id": "bhandara"}}, {"type": "Feature", "geometry": {"type": "Polygon", "coordinates": [[[79.71414141414142, 21.267676767676768], [79.71414141414142, 21.27777777777778], [79.7, 21.27777777777778], [79.7, 21.267676767676768], [79.71414141414142, 21.267676767676768]]]}, "properties": {"confidence_score": 0.559, "site_id": "bhandara"}}, {"type": "Feature", "geometry": {"type": "Polygon", "coordinates": [[[79.72828282828283, 21.267676767676768], [79.72828282828283, 21.27777777777778], [79.71414141414141, 21.27777777777778], [79.71414141414141, 21.267676767676768], [79.72828282828283, 21.267676767676768]]]}, "properties": {"confidence_score": 0.6876, "site_id": "bhandara"}}, {"type": "Feature", "geometry": {"type": "Polygon", "coordinates": [[[79.74242424242425, 21.267676767676768], [79.74242424242425, 21.27777777777778], [79.72828282828283, 21.27777777777778], [79.72828282828283, 21.267676767676768], [79.74242424242425, 21.267676767676768]]]}, "properties": {"confidence_score": 0.7083, "site_id": "bhandara"}}, {"type": "Feature", "geometry": {"type": "Polygon", "coordinates": [[[79.75656565656567, 21.267676767676768], [79.75656565656567, 21.27777777777778], [79.74242424242425, 21.27777777777778], [79.74242424242425, 21.267676767676768], [79.75656565656567, 21.267676767676768]]]}, "properties": {"confidence_score": 0.768, "site_id": "bhandara"}}, {"type": "Feature", "geometry": {"type": "Polygon", "coordinates": [[[79.77070707070708, 21.267676767676768], [79.77070707070708, 21.27777777777778], [79.75656565656566, 21.27777777777778], [79.75656565656566, 21.267676767676768], [79.77070707070708, 21.267676767676768]]]}, "properties": {"confidence_score": 0.8712, "site_id": "bhandara"}}, {"type": "Feature", "geometry": {"type": "Polygon", "coordinates": [[[79.7848484848485, 21.267676767676768], [79.7848484848485, 21.27777777777778], [79.77070707070708, 21.27777777777778], [79.77070707070708, 21.267676767676768], [79.7848484848485, 21.267676767676768]]]}, "properties": {"confidence_score": 0.8079, "site_id": "bhandara"}}, {"type": "Feature", "geometry": {"type": "Polygon", "coordinates": [[[79.7989898989899, 21.267676767676768], [79.7989898989899, 21.27777777777778], [79.78484848484848, 21.27777777777778], [79.78484848484848, 21.267676767676768], [79.7989898989899, 21.267676767676768]]]}, "properties": {"confidence_score": 0.527, "site_id": "bhandara"}}, {"type": "Feature", "geometry": {"type": "Polygon", "coordinates": [[[79.00707070707071, 21.27777777777778], [79.00707070707071, 21.28787878787879], [78.99292929292929, 21.28787878787879], [78.99292929292929, 21.27777777777778], [79.00707070707071, 21.27777777777778]]]}, "properties": {"confidence_score": 0.5073, "site_id": "nagpur"}}, {"type": "Feature", "geometry": {"type": "Polygon", "coordinates": [[[79.02121212121213, 21.27777777777778], [79.02121212121213, 21.28787878787879], [79.00707070707071, 21.28787878787879], [79.00707070707071, 21.27777777777778], [79.02121212121213, 21.27777777777778]]]}, "properties": {"confidence_score": 0.7016, "site_id": "nagpur"}}, {"type": "Feature", "geometry": {"type": "Polygon", "coordinates": [[[79.03535353535354, 21.27777777777778], [79.03535353535354, 21.28787878787879], [79.02121212121212, 21.28787878787879], [79.02121212121212, 21.27777777777778], [79.03535353535354, 21.27777777777778]]]}, "properties": {"confidence_score": 0.9572, "site_id": "nagpur"}}, {"type": "Feature", "geometry": {"type": "Polygon", "coordinates": [[[79.04949494949496, 21.27777777777778], [79.04949494949496, 21.28787878787879], [79.03535353535354, 21.28787878787879], [79.03535353535354, 21.27777777777778], [79.04949494949496, 21.27777777777778]]]}, "properties": {"confidence_score": 0.9153, "site_id": "nagpur"}}, {"type": "Feature", "geometry": {"type": "Polygon", "coordinates": [[[79.06363636363636, 21.27777777777778], [79.06363636363636, 21.28787878787879], [79.04949494949494, 21.28787878787879], [79.04949494949494, 21.27777777777778], [79.06363636363636, 21.27777777777778]]]}, "properties": {"confidence_score": 0.9187, "site_id": "nagpur"}}, {"type": "Feature", "geometry": {"type": "Polygon", "coordinates": [[[79.07777777777778, 21.27777777777778], [79.07777777777778, 21.28787878787879], [79.06363636363636, 21.28787878787879], [79.06363636363636, 21.27777777777778], [79.07777777777778, 21.27777777777778]]]}, "properties": {"confidence_score": 0.7175, "site_id": "nagpur"}}, {"type": "Feature", "geometry": {"type": "Polygon", "coordinates": [[[79.09191919191919, 21.27777777777778], [79.09191919191919, 21.28787878787879], [79.07777777777777, 21.28787878787879], [79.07777777777777, 21.27777777777778], [79.09191919191919, 21.27777777777778]]]}, "properties": {"confidence_score": 0.5716, "site_id": "nagpur"}}, {"type": "Feature", "geometry": {"type": "Polygon", "coordinates": [[[79.10606060606061, 21.27777777777778], [79.10606060606061, 21.28787878787879], [79.09191919191919, 21.28787878787879], [79.09191919191919, 21.27777777777778], [79.10606060606061, 21.27777777777778]]]}, "properties": {"confidence_score": 0.3849, "site_id": "nagpur"}}, {"type": "Feature", "geometry": {"type": "Polygon", "coordinates": [[[79.12020202020203, 21.27777777777778], [79.12020202020203, 21.28787878787879], [79.10606060606061, 21.28787878787879], [79.10606060606061, 21.27777777777778], [79.12020202020203, 21.27777777777778]]]}, "properties": {"confidence_score": 0.2267, "site_id": "nagpur"}}, {"type": "Feature", "geometry": {"type": "Polygon", "coordinates": [[[79.13434343434344, 21.27777777777778], [79.13434343434344, 21.28787878787879], [79.12020202020202, 21.28787878787879], [79.12020202020202, 21.27777777777778], [79.13434343434344, 21.27777777777778]]]}, "properties": {"confidence_score": 0.1427, "site_id": "nagpur"}}, {"type": "Feature", "geometry": {"type": "Polygon", "coordinates": [[[79.14848484848486, 21.27777777777778], [79.14848484848486, 21.28787878787879], [79.13434343434344, 21.28787878787879], [79.13434343434344, 21.27777777777778], [79.14848484848486, 21.27777777777778]]]}, "properties": {"confidence_score": 0.1329, "site_id": "nagpur"}}, {"type": "Feature", "geometry": {"type": "Polygon", "coordinates": [[[79.16262626262626, 21.27777777777778], [79.16262626262626, 21.28787878787879], [79.14848484848484, 21.28787878787879], [79.14848484848484, 21.27777777777778], [79.16262626262626, 21.27777777777778]]]}, "properties": {"confidence_score": 0.3615, "site_id": "nagpur"}}, {"type": "Feature", "geometry": {"type": "Polygon", "coordinates": [[[79.17676767676768, 21.27777777777778], [79.17676767676768, 21.28787878787879], [79.16262626262626, 21.28787878787879], [79.16262626262626, 21.27777777777778], [79.17676767676768, 21.27777777777778]]]}, "properties": {"confidence_score": 0.7594, "site_id": "nagpur"}}, {"type": "Feature", "geometry": {"type": "Polygon", "coordinates": [[[79.19090909090909, 21.27777777777778], [79.19090909090909, 21.28787878787879], [79.17676767676767, 21.28787878787879], [79.17676767676767, 21.27777777777778], [79.19090909090909, 21.27777777777778]]]}, "properties": {"confidence_score": 0.8429, "site_id": "nagpur"}}, {"type": "Feature", "geometry": {"type": "Polygon", "coordinates": [[[79.20505050505051, 21.27777777777778], [79.20505050505051, 21.28787878787879], [79.19090909090909, 21.28787878787879], [79.19090909090909, 21.27777777777778], [79.20505050505051, 21.27777777777778]]]}, "properties": {"confidence_score": 0.9396, "site_id": "nagpur"}}, {"type": "Feature", "geometry": {"type": "Polygon", "coordinates": [[[79.21919191919193, 21.27777777777778], [79.21919191919193, 21.28787878787879], [79.20505050505051, 21.28787878787879], [79.20505050505051, 21.27777777777778], [79.21919191919193, 21.27777777777778]]]}, "properties": {"confidence_score": 0.7464, "site_id": "nagpur"}}, {"type": "Feature", "geometry": {"type": "Polygon", "coordinates": [[[79.23333333333333, 21.27777777777778], [79.23333333333333, 21.28787878787879], [79.21919191919191, 21.28787878787879], [79.21919191919191, 21.27777777777778], [79.23333333333333, 21.27777777777778]]]}, "properties": {"confidence_score": 0.5588, "site_id": "nagpur"}}, {"type": "Feature", "geometry": {"type": "Polygon", "coordinates": [[[79.24747474747475, 21.27777777777778], [79.24747474747475, 21.28787878787879], [79.23333333333333, 21.28787878787879], [79.23333333333333, 21.27777777777778], [79.24747474747475, 21.27777777777778]]]}, "properties": {"confidence_score": 0.6353, "site_id": "nagpur"}}, {"type": "Feature", "geometry": {"type": "Polygon", "coordinates": [[[79.26161616161616, 21.27777777777778], [79.26161616161616, 21.28787878787879], [79.24747474747474, 21.28787878787879], [79.24747474747474, 21.27777777777778], [79.26161616161616, 21.27777777777778]]]}, "properties": {"confidence_score": 0.8963, "site_id": "nagpur"}}, {"type": "Feature", "geometry": {"type": "Polygon", "coordinates": [[[79.27575757575758, 21.27777777777778], [79.27575757575758, 21.28787878787879], [79.26161616161616, 21.28787878787879], [79.26161616161616, 21.27777777777778], [79.27575757575758, 21.27777777777778]]]}, "properties": {"confidence_score": 0.767, "site_id": "nagpur"}}, {"type": "Feature", "geometry": {"type": "Polygon", "coordinates": [[[79.289898989899, 21.27777777777778], [79.289898989899, 21.28787878787879], [79.27575757575758, 21.28787878787879], [79.27575757575758, 21.27777777777778], [79.289898989899, 21.27777777777778]]]}, "properties": {"confidence_score": 0.5473, "site_id": "nagpur"}}, {"type": "Feature", "geometry": {"type": "Polygon", "coordinates": [[[79.3040404040404, 21.27777777777778], [79.3040404040404, 21.28787878787879], [79.28989898989899, 21.28787878787879], [79.28989898989899, 21.27777777777778], [79.3040404040404, 21.27777777777778]]]}, "properties": {"confidence_score": 0.4034, "site_id": "nagpur"}}, {"type": "Feature", "geometry": {"type": "Polygon", "coordinates": [[[79.51616161616163, 21.27777777777778], [79.51616161616163, 21.28787878787879], [79.5020202020202, 21.28787878787879], [79.5020202020202, 21.27777777777778], [79.51616161616163, 21.27777777777778]]]}, "properties": {"confidence_score": 0.1442, "site_id": "bhandara"}}, {"type": "Feature", "geometry": {"type": "Polygon", "coordinates": [[[79.53030303030303, 21.27777777777778], [79.53030303030303, 21.28787878787879], [79.51616161616161, 21.28787878787879], [79.51616161616161, 21.27777777777778], [79.53030303030303, 21.27777777777778]]]}, "properties": {"confidence_score": 0.1595, "site_id": "bhandara"}}, {"type": "Feature", "geometry": {"type": "Polygon", "coordinates": [[[79.54444444444445, 21.27777777777778], [79.54444444444445, 21.28787878787879], [79.53030303030303, 21.28787878787879], [79.53030303030303, 21.27777777777778], [79.54444444444445, 21.27777777777778]]]}, "properties": {"confidence_score": 0.1729, "site_id": "bhandara"}}, {"type": "Feature", "geometry": {"type": "Polygon", "coordinates": [[[79.55858585858586, 21.27777777777778], [79.55858585858586, 21.28787878787879], [79.54444444444444, 21.28787878787879], [79.54444444444444, 21.27777777777778], [79.55858585858586, 21.27777777777778]]]}, "properties": {"confidence_score": 0.1781, "site_id": "bhandara"}}, {"type": "Feature", "geometry": {"type": "Polygon", "coordinates": [[[79.57272727272728, 21.27777777777778], [79.57272727272728, 21.28787878787879], [79.55858585858586, 21.28787878787879], [79.55858585858586, 21.27777777777778], [79.57272727272728, 21.27777777777778]]]}, "properties": {"confidence_score": 0.1704, "site_id": "bhandara"}}, {"type": "Feature", "geometry": {"type": "Polygon", "coordinates": [[[79.5868686868687, 21.27777777777778], [79.5868686868687, 21.28787878787879], [79.57272727272728, 21.28787878787879], [79.57272727272728, 21.27777777777778], [79.5868686868687, 21.27777777777778]]]}, "properties": {"confidence_score": 0.3239, "site_id": "bhandara"}}, {"type": "Feature", "geometry": {"type": "Polygon", "coordinates": [[[79.6010101010101, 21.27777777777778], [79.6010101010101, 21.28787878787879], [79.58686868686868, 21.28787878787879], [79.58686868686868, 21.27777777777778], [79.6010101010101, 21.27777777777778]]]}, "properties": {"confidence_score": 0.6437, "site_id": "bhandara"}}, {"type": "Feature", "geometry": {"type": "Polygon", "coordinates": [[[79.61515151515152, 21.27777777777778], [79.61515151515152, 21.28787878787879], [79.6010101010101, 21.28787878787879], [79.6010101010101, 21.27777777777778], [79.61515151515152, 21.27777777777778]]]}, "properties": {"confidence_score": 0.7734, "site_id": "bhandara"}}, {"type": "Feature", "geometry": {"type": "Polygon", "coordinates": [[[79.62929292929293, 21.27777777777778], [79.62929292929293, 21.28787878787879], [79.61515151515151, 21.28787878787879], [79.61515151515151, 21.27777777777778], [79.62929292929293, 21.27777777777778]]]}, "properties": {"confidence_score": 0.8062, "site_id": "bhandara"}}, {"type": "Feature", "geometry": {"type": "Polygon", "coordinates": [[[79.64343434343435, 21.27777777777778], [79.64343434343435, 21.28787878787879], [79.62929292929293, 21.28787878787879], [79.62929292929293, 21.27777777777778], [79.64343434343435, 21.27777777777778]]]}, "properties": {"confidence_score": 0.6313, "site_id": "bhandara"}}, {"type": "Feature", "geometry": {"type": "Polygon", "coordinates": [[[79.65757575757576, 21.27777777777778], [79.65757575757576, 21.28787878787879], [79.64343434343434, 21.28787878787879], [79.64343434343434, 21.27777777777778], [79.65757575757576, 21.27777777777778]]]}, "properties": {"confidence_score": 0.2649, "site_id": "bhandara"}}, {"type": "Feature", "geometry": {"type": "Polygon", "coordinates": [[[79.67171717171718, 21.27777777777778], [79.67171717171718, 21.28787878787879], [79.65757575757576, 21.28787878787879], [79.65757575757576, 21.27777777777778], [79.67171717171718, 21.27777777777778]]]}, "properties": {"confidence_score": 0.1174, "site_id": "bhandara"}}, {"type": "Feature", "geometry": {"type": "Polygon", "coordinates": [[[79.6858585858586, 21.27777777777778], [79.6858585858586, 21.28787878787879], [79.67171717171718, 21.28787878787879], [79.67171717171718, 21.27777777777778], [79.6858585858586, 21.27777777777778]]]}, "properties": {"confidence_score": 0.1132, "site_id": "bhandara"}}, {"type": "Feature", "geometry": {"type": "Polygon", "coordinates": [[[79.7, 21.27777777777778], [79.7, 21.28787878787879], [79.68585858585858, 21.28787878787879], [79.68585858585858, 21.27777777777778], [79.7, 21.27777777777778]]]}, "properties": {"confidence_score": 0.2211, "site_id": "bhandara"}}, {"type": "Feature", "geometry": {"type": "Polygon", "coordinates": [[[79.71414141414142, 21.27777777777778], [79.71414141414142, 21.28787878787879], [79.7, 21.28787878787879], [79.7, 21.27777777777778], [79.71414141414142, 21.27777777777778]]]}, "properties": {"confidence_score": 0.3606, "site_id": "bhandara"}}, {"type": "Feature", "geometry": {"type": "Polygon", "coordinates": [[[79.72828282828283, 21.27777777777778], [79.72828282828283, 21.28787878787879], [79.71414141414141, 21.28787878787879], [79.71414141414141, 21.27777777777778], [79.72828282828283, 21.27777777777778]]]}, "properties": {"confidence_score": 0.4523, "site_id": "bhandara"}}, {"type": "Feature", "geometry": {"type": "Polygon", "coordinates": [[[79.74242424242425, 21.27777777777778], [79.74242424242425, 21.28787878787879], [79.72828282828283, 21.28787878787879], [79.72828282828283, 21.27777777777778], [79.74242424242425, 21.27777777777778]]]}, "properties": {"confidence_score": 0.4751, "site_id": "bhandara"}}, {"type": "Feature", "geometry": {"type": "Polygon", "coordinates": [[[79.75656565656567, 21.27777777777778], [79.75656565656567, 21.28787878787879], [79.74242424242425, 21.28787878787879], [79.74242424242425, 21.27777777777778], [79.75656565656567, 21.27777777777778]]]}, "properties": {"confidence_score": 0.5648, "site_id": "bhandara"}}, {"type": "Feature", "geometry": {"type": "Polygon", "coordinates": [[[79.77070707070708, 21.27777777777778], [79.77070707070708, 21.28787878787879], [79.75656565656566, 21.28787878787879], [79.75656565656566, 21.27777777777778], [79.77070707070708, 21.27777777777778]]]}, "properties": {"confidence_score": 0.8381, "site_id": "bhandara"}}, {"type": "Feature", "geometry": {"type": "Polygon", "coordinates": [[[79.7848484848485, 21.27777777777778], [79.7848484848485, 21.28787878787879], [79.77070707070708, 21.28787878787879], [79.77070707070708, 21.27777777777778], [79.7848484848485, 21.27777777777778]]]}, "properties": {"confidence_score": 0.8365, "site_id": "bhandara"}}, {"type": "Feature", "geometry": {"type": "Polygon", "coordinates": [[[79.7989898989899, 21.27777777777778], [79.7989898989899, 21.28787878787879], [79.78484848484848, 21.28787878787879], [79.78484848484848, 21.27777777777778], [79.7989898989899, 21.27777777777778]]]}, "properties": {"confidence_score": 0.5537, "site_id": "bhandara"}}, {"type": "Feature", "geometry": {"type": "Polygon", "coordinates": [[[79.00707070707071, 21.28787878787879], [79.00707070707071, 21.2979797979798], [78.99292929292929, 21.2979797979798], [78.99292929292929, 21.28787878787879], [79.00707070707071, 21.28787878787879]]]}, "properties": {"confidence_score": 0.4275, "site_id": "nagpur"}}, {"type": "Feature", "geometry": {"type": "Polygon", "coordinates": [[[79.02121212121213, 21.28787878787879], [79.02121212121213, 21.2979797979798], [79.00707070707071, 21.2979797979798], [79.00707070707071, 21.28787878787879], [79.02121212121213, 21.28787878787879]]]}, "properties": {"confidence_score": 0.6087, "site_id": "nagpur"}}, {"type": "Feature", "geometry": {"type": "Polygon", "coordinates": [[[79.03535353535354, 21.28787878787879], [79.03535353535354, 21.2979797979798], [79.02121212121212, 21.2979797979798], [79.02121212121212, 21.28787878787879], [79.03535353535354, 21.28787878787879]]]}, "properties": {"confidence_score": 0.8244, "site_id": "nagpur"}}, {"type": "Feature", "geometry": {"type": "Polygon", "coordinates": [[[79.04949494949496, 21.28787878787879], [79.04949494949496, 21.2979797979798], [79.03535353535354, 21.2979797979798], [79.03535353535354, 21.28787878787879], [79.04949494949496, 21.28787878787879]]]}, "properties": {"confidence_score": 0.8971, "site_id": "nagpur"}}, {"type": "Feature", "geometry": {"type": "Polygon", "coordinates": [[[79.06363636363636, 21.28787878787879], [79.06363636363636, 21.2979797979798], [79.04949494949494, 21.2979797979798], [79.04949494949494, 21.28787878787879], [79.06363636363636, 21.28787878787879]]]}, "properties": {"confidence_score": 0.9432, "site_id": "nagpur"}}, {"type": "Feature", "geometry": {"type": "Polygon", "coordinates": [[[79.07777777777778, 21.28787878787879], [79.07777777777778, 21.2979797979798], [79.06363636363636, 21.2979797979798], [79.06363636363636, 21.28787878787879], [79.07777777777778, 21.28787878787879]]]}, "properties": {"confidence_score": 0.7576, "site_id": "nagpur"}}, {"type": "Feature", "geometry": {"type": "Polygon", "coordinates": [[[79.09191919191919, 21.28787878787879], [79.09191919191919, 21.2979797979798], [79.07777777777777, 21.2979797979798], [79.07777777777777, 21.28787878787879], [79.09191919191919, 21.28787878787879]]]}, "properties": {"confidence_score": 0.5647, "site_id": "nagpur"}}, {"type": "Feature", "geometry": {"type": "Polygon", "coordinates": [[[79.10606060606061, 21.28787878787879], [79.10606060606061, 21.2979797979798], [79.09191919191919, 21.2979797979798], [79.09191919191919, 21.28787878787879], [79.10606060606061, 21.28787878787879]]]}, "properties": {"confidence_score": 0.3788, "site_id": "nagpur"}}, {"type": "Feature", "geometry": {"type": "Polygon", "coordinates": [[[79.12020202020203, 21.28787878787879], [79.12020202020203, 21.2979797979798], [79.10606060606061, 21.2979797979798], [79.10606060606061, 21.28787878787879], [79.12020202020203, 21.28787878787879]]]}, "properties": {"confidence_score": 0.2297, "site_id": "nagpur"}}, {"type": "Feature", "geometry": {"type": "Polygon", "coordinates": [[[79.13434343434344, 21.28787878787879], [79.13434343434344, 21.2979797979798], [79.12020202020202, 21.2979797979798], [79.12020202020202, 21.28787878787879], [79.13434343434344, 21.28787878787879]]]}, "properties": {"confidence_score": 0.1406, "site_id": "nagpur"}}, {"type": "Feature", "geometry": {"type": "Polygon", "coordinates": [[[79.14848484848486, 21.28787878787879], [79.14848484848486, 21.2979797979798], [79.13434343434344, 21.2979797979798], [79.13434343434344, 21.28787878787879], [79.14848484848486, 21.28787878787879]]]}, "properties": {"confidence_score": 0.1283, "site_id": "nagpur"}}, {"type": "Feature", "geometry": {"type": "Polygon", "coordinates": [[[79.16262626262626, 21.28787878787879], [79.16262626262626, 21.2979797979798], [79.14848484848484, 21.2979797979798], [79.14848484848484, 21.28787878787879], [79.16262626262626, 21.28787878787879]]]}, "properties": {"confidence_score": 0.3061, "site_id": "nagpur"}}, {"type": "Feature", "geometry": {"type": "Polygon", "coordinates": [[[79.17676767676768, 21.28787878787879], [79.17676767676768, 21.2979797979798], [79.16262626262626, 21.2979797979798], [79.16262626262626, 21.28787878787879], [79.17676767676768, 21.28787878787879]]]}, "properties": {"confidence_score": 0.6022, "site_id": "nagpur"}}, {"type": "Feature", "geometry": {"type": "Polygon", "coordinates": [[[79.19090909090909, 21.28787878787879], [79.19090909090909, 21.2979797979798], [79.17676767676767, 21.2979797979798], [79.17676767676767, 21.28787878787879], [79.19090909090909, 21.28787878787879]]]}, "properties": {"confidence_score": 0.7634, "site_id": "nagpur"}}, {"type": "Feature", "geometry": {"type": "Polygon", "coordinates": [[[79.20505050505051, 21.28787878787879], [79.20505050505051, 21.2979797979798], [79.19090909090909, 21.2979797979798], [79.19090909090909, 21.28787878787879], [79.20505050505051, 21.28787878787879]]]}, "properties": {"confidence_score": 0.8767, "site_id": "nagpur"}}, {"type": "Feature", "geometry": {"type": "Polygon", "coordinates": [[[79.21919191919193, 21.28787878787879], [79.21919191919193, 21.2979797979798], [79.20505050505051, 21.2979797979798], [79.20505050505051, 21.28787878787879], [79.21919191919193, 21.28787878787879]]]}, "properties": {"confidence_score": 0.6831, "site_id": "nagpur"}}, {"type": "Feature", "geometry": {"type": "Polygon", "coordinates": [[[79.23333333333333, 21.28787878787879], [79.23333333333333, 21.2979797979798], [79.21919191919191, 21.2979797979798], [79.21919191919191, 21.28787878787879], [79.23333333333333, 21.28787878787879]]]}, "properties": {"confidence_score": 0.4526, "site_id": "nagpur"}}, {"type": "Feature", "geometry": {"type": "Polygon", "coordinates": [[[79.24747474747475, 21.28787878787879], [79.24747474747475, 21.2979797979798], [79.23333333333333, 21.2979797979798], [79.23333333333333, 21.28787878787879], [79.24747474747475, 21.28787878787879]]]}, "properties": {"confidence_score": 0.4925, "site_id": "nagpur"}}, {"type": "Feature", "geometry": {"type": "Polygon", "coordinates": [[[79.26161616161616, 21.28787878787879], [79.26161616161616, 21.2979797979798], [79.24747474747474, 21.2979797979798], [79.24747474747474, 21.28787878787879], [79.26161616161616, 21.28787878787879]]]}, "properties": {"confidence_score": 0.6705, "site_id": "nagpur"}}, {"type": "Feature", "geometry": {"type": "Polygon", "coordinates": [[[79.27575757575758, 21.28787878787879], [79.27575757575758, 21.2979797979798], [79.26161616161616, 21.2979797979798], [79.26161616161616, 21.28787878787879], [79.27575757575758, 21.28787878787879]]]}, "properties": {"confidence_score": 0.5884, "site_id": "nagpur"}}, {"type": "Feature", "geometry": {"type": "Polygon", "coordinates": [[[79.289898989899, 21.28787878787879], [79.289898989899, 21.2979797979798], [79.27575757575758, 21.2979797979798], [79.27575757575758, 21.28787878787879], [79.289898989899, 21.28787878787879]]]}, "properties": {"confidence_score": 0.4074, "site_id": "nagpur"}}, {"type": "Feature", "geometry": {"type": "Polygon", "coordinates": [[[79.3040404040404, 21.28787878787879], [79.3040404040404, 21.2979797979798], [79.28989898989899, 21.2979797979798], [79.28989898989899, 21.28787878787879], [79.3040404040404, 21.28787878787879]]]}, "properties": {"confidence_score": 0.2779, "site_id": "nagpur"}}, {"type": "Feature", "geometry": {"type": "Polygon", "coordinates": [[[79.51616161616163, 21.28787878787879], [79.51616161616163, 21.2979797979798], [79.5020202020202, 21.2979797979798], [79.5020202020202, 21.28787878787879], [79.51616161616163, 21.28787878787879]]]}, "properties": {"confidence_score": 0.1367, "site_id": "bhandara"}}, {"type": "Feature", "geometry": {"type": "Polygon", "coordinates": [[[79.53030303030303, 21.28787878787879], [79.53030303030303, 21.2979797979798], [79.51616161616161, 21.2979797979798], [79.51616161616161, 21.28787878787879], [79.53030303030303, 21.28787878787879]]]}, "properties": {"confidence_score": 0.1323, "site_id": "bhandara"}}, {"type": "Feature", "geometry": {"type": "Polygon", "coordinates": [[[79.54444444444445, 21.28787878787879], [79.54444444444445, 21.2979797979798], [79.53030303030303, 21.2979797979798], [79.53030303030303, 21.28787878787879], [79.54444444444445, 21.28787878787879]]]}, "properties": {"confidence_score": 0.1252, "site_id": "bhandara"}}, {"type": "Feature", "geometry": {"type": "Polygon", "coordinates": [[[79.55858585858586, 21.28787878787879], [79.55858585858586, 21.2979797979798], [79.54444444444444, 21.2979797979798], [79.54444444444444, 21.28787878787879], [79.55858585858586, 21.28787878787879]]]}, "properties": {"confidence_score": 0.1181, "site_id": "bhandara"}}, {"type": "Feature", "geometry": {"type": "Polygon", "coordinates": [[[79.57272727272728, 21.28787878787879], [79.57272727272728, 21.2979797979798], [79.55858585858586, 21.2979797979798], [79.55858585858586, 21.28787878787879], [79.57272727272728, 21.28787878787879]]]}, "properties": {"confidence_score": 0.1303, "site_id": "bhandara"}}, {"type": "Feature", "geometry": {"type": "Polygon", "coordinates": [[[79.5868686868687, 21.28787878787879], [79.5868686868687, 21.2979797979798], [79.57272727272728, 21.2979797979798], [79.57272727272728, 21.28787878787879], [79.5868686868687, 21.28787878787879]]]}, "properties": {"confidence_score": 0.3271, "site_id": "bhandara"}}, {"type": "Feature", "geometry": {"type": "Polygon", "coordinates": [[[79.6010101010101, 21.28787878787879], [79.6010101010101, 21.2979797979798], [79.58686868686868, 21.2979797979798], [79.58686868686868, 21.28787878787879], [79.6010101010101, 21.28787878787879]]]}, "properties": {"confidence_score": 0.695, "site_id": "bhandara"}}, {"type": "Feature", "geometry": {"type": "Polygon", "coordinates": [[[79.61515151515152, 21.28787878787879], [79.61515151515152, 21.2979797979798], [79.6010101010101, 21.2979797979798], [79.6010101010101, 21.28787878787879], [79.61515151515152, 21.28787878787879]]]}, "properties": {"confidence_score": 0.875, "site_id": "bhandara"}}, {"type": "Feature", "geometry": {"type": "Polygon", "coordinates": [[[79.62929292929293, 21.28787878787879], [79.62929292929293, 21.2979797979798], [79.61515151515151, 21.2979797979798], [79.61515151515151, 21.28787878787879], [79.62929292929293, 21.28787878787879]]]}, "properties": {"confidence_score": 0.9193, "site_id": "bhandara"}}, {"type": "Feature", "geometry": {"type": "Polygon", "coordinates": [[[79.64343434343435, 21.28787878787879], [79.64343434343435, 21.2979797979798], [79.62929292929293, 21.2979797979798], [79.62929292929293, 21.28787878787879], [79.64343434343435, 21.28787878787879]]]}, "properties": {"confidence_score": 0.7513, "site_id": "bhandara"}}, {"type": "Feature", "geometry": {"type": "Polygon", "coordinates": [[[79.65757575757576, 21.28787878787879], [79.65757575757576, 21.2979797979798], [79.64343434343434, 21.2979797979798], [79.64343434343434, 21.28787878787879], [79.65757575757576, 21.28787878787879]]]}, "properties": {"confidence_score": 0.4144, "site_id": "bhandara"}}, {"type": "Feature", "geometry": {"type": "Polygon", "coordinates": [[[79.67171717171718, 21.28787878787879], [79.67171717171718, 21.2979797979798], [79.65757575757576, 21.2979797979798], [79.65757575757576, 21.28787878787879], [79.67171717171718, 21.28787878787879]]]}, "properties": {"confidence_score": 0.2528, "site_id": "bhandara"}}, {"type": "Feature", "geometry": {"type": "Polygon", "coordinates": [[[79.6858585858586, 21.28787878787879], [79.6858585858586, 21.2979797979798], [79.67171717171718, 21.2979797979798], [79.67171717171718, 21.28787878787879], [79.6858585858586, 21.28787878787879]]]}, "properties": {"confidence_score": 0.2359, "site_id": "bhandara"}}, {"type": "Feature", "geometry": {"type": "Polygon", "coordinates": [[[79.7, 21.28787878787879], [79.7, 21.2979797979798], [79.68585858585858, 21.2979797979798], [79.68585858585858, 21.28787878787879], [79.7, 21.28787878787879]]]}, "properties": {"confidence_score": 0.3266, "site_id": "bhandara"}}, {"type": "Feature", "geometry": {"type": "Polygon", "coordinates": [[[79.71414141414142, 21.28787878787879], [79.71414141414142, 21.2979797979798], [79.7, 21.2979797979798], [79.7, 21.28787878787879], [79.71414141414142, 21.28787878787879]]]}, "properties": {"confidence_score": 0.4542, "site_id": "bhandara"}}, {"type": "Feature", "geometry": {"type": "Polygon", "coordinates": [[[79.72828282828283, 21.28787878787879], [79.72828282828283, 21.2979797979798], [79.71414141414141, 21.2979797979798], [79.71414141414141, 21.28787878787879], [79.72828282828283, 21.28787878787879]]]}, "properties": {"confidence_score": 0.535, "site_id": "bhandara"}}, {"type": "Feature", "geometry": {"type": "Polygon", "coordinates": [[[79.74242424242425, 21.28787878787879], [79.74242424242425, 21.2979797979798], [79.72828282828283, 21.2979797979798], [79.72828282828283, 21.28787878787879], [79.74242424242425, 21.28787878787879]]]}, "properties": {"confidence_score": 0.5483, "site_id": "bhandara"}}, {"type": "Feature", "geometry": {"type": "Polygon", "coordinates": [[[79.75656565656567, 21.28787878787879], [79.75656565656567, 21.2979797979798], [79.74242424242425, 21.2979797979798], [79.74242424242425, 21.28787878787879], [79.75656565656567, 21.28787878787879]]]}, "properties": {"confidence_score": 0.629, "site_id": "bhandara"}}, {"type": "Feature", "geometry": {"type": "Polygon", "coordinates": [[[79.77070707070708, 21.28787878787879], [79.77070707070708, 21.2979797979798], [79.75656565656566, 21.2979797979798], [79.75656565656566, 21.28787878787879], [79.77070707070708, 21.28787878787879]]]}, "properties": {"confidence_score": 0.8381, "site_id": "bhandara"}}, {"type": "Feature", "geometry": {"type": "Polygon", "coordinates": [[[79.7848484848485, 21.28787878787879], [79.7848484848485, 21.2979797979798], [79.77070707070708, 21.2979797979798], [79.77070707070708, 21.28787878787879], [79.7848484848485, 21.28787878787879]]]}, "properties": {"confidence_score": 0.8596, "site_id": "bhandara"}}, {"type": "Feature", "geometry": {"type": "Polygon", "coordinates": [[[79.7989898989899, 21.28787878787879], [79.7989898989899, 21.2979797979798], [79.78484848484848, 21.2979797979798], [79.78484848484848, 21.28787878787879], [79.7989898989899, 21.28787878787879]]]}, "properties": {"confidence_score": 0.6781, "site_id": "bhandara"}}, {"type": "Feature", "geometry": {"type": "Polygon", "coordinates": [[[79.51616161616163, 21.2979797979798], [79.51616161616163, 21.30808080808081], [79.5020202020202, 21.30808080808081], [79.5020202020202, 21.2979797979798], [79.51616161616163, 21.2979797979798]]]}, "properties": {"confidence_score": 0.1195, "site_id": "bhandara"}}, {"type": "Feature", "geometry": {"type": "Polygon", "coordinates": [[[79.53030303030303, 21.2979797979798], [79.53030303030303, 21.30808080808081], [79.51616161616161, 21.30808080808081], [79.51616161616161, 21.2979797979798], [79.53030303030303, 21.2979797979798]]]}, "properties": {"confidence_score": 0.1066, "site_id": "bhandara"}}, {"type": "Feature", "geometry": {"type": "Polygon", "coordinates": [[[79.54444444444445, 21.2979797979798], [79.54444444444445, 21.30808080808081], [79.53030303030303, 21.30808080808081], [79.53030303030303, 21.2979797979798], [79.54444444444445, 21.2979797979798]]]}, "properties": {"confidence_score": 0.0987, "site_id": "bhandara"}}, {"type": "Feature", "geometry": {"type": "Polygon", "coordinates": [[[79.55858585858586, 21.2979797979798], [79.55858585858586, 21.30808080808081], [79.54444444444444, 21.30808080808081], [79.54444444444444, 21.2979797979798], [79.55858585858586, 21.2979797979798]]]}, "properties": {"confidence_score": 0.0851, "site_id": "bhandara"}}, {"type": "Feature", "geometry": {"type": "Polygon", "coordinates": [[[79.57272727272728, 21.2979797979798], [79.57272727272728, 21.30808080808081], [79.55858585858586, 21.30808080808081], [79.55858585858586, 21.2979797979798], [79.57272727272728, 21.2979797979798]]]}, "properties": {"confidence_score": 0.0889, "site_id": "bhandara"}}, {"type": "Feature", "geometry": {"type": "Polygon", "coordinates": [[[79.5868686868687, 21.2979797979798], [79.5868686868687, 21.30808080808081], [79.57272727272728, 21.30808080808081], [79.57272727272728, 21.2979797979798], [79.5868686868687, 21.2979797979798]]]}, "properties": {"confidence_score": 0.296, "site_id": "bhandara"}}, {"type": "Feature", "geometry": {"type": "Polygon", "coordinates": [[[79.6010101010101, 21.2979797979798], [79.6010101010101, 21.30808080808081], [79.58686868686868, 21.30808080808081], [79.58686868686868, 21.2979797979798], [79.6010101010101, 21.2979797979798]]]}, "properties": {"confidence_score": 0.6809, "site_id": "bhandara"}}, {"type": "Feature", "geometry": {"type": "Polygon", "coordinates": [[[79.61515151515152, 21.2979797979798], [79.61515151515152, 21.30808080808081], [79.6010101010101, 21.30808080808081], [79.6010101010101, 21.2979797979798], [79.61515151515152, 21.2979797979798]]]}, "properties": {"confidence_score": 0.8592, "site_id": "bhandara"}}, {"type": "Feature", "geometry": {"type": "Polygon", "coordinates": [[[79.62929292929293, 21.2979797979798], [79.62929292929293, 21.30808080808081], [79.61515151515151, 21.30808080808081], [79.61515151515151, 21.2979797979798], [79.62929292929293, 21.2979797979798]]]}, "properties": {"confidence_score": 0.919, "site_id": "bhandara"}}, {"type": "Feature", "geometry": {"type": "Polygon", "coordinates": [[[79.64343434343435, 21.2979797979798], [79.64343434343435, 21.30808080808081], [79.62929292929293, 21.30808080808081], [79.62929292929293, 21.2979797979798], [79.64343434343435, 21.2979797979798]]]}, "properties": {"confidence_score": 0.7789, "site_id": "bhandara"}}, {"type": "Feature", "geometry": {"type": "Polygon", "coordinates": [[[79.65757575757576, 21.2979797979798], [79.65757575757576, 21.30808080808081], [79.64343434343434, 21.30808080808081], [79.64343434343434, 21.2979797979798], [79.65757575757576, 21.2979797979798]]]}, "properties": {"confidence_score": 0.5413, "site_id": "bhandara"}}, {"type": "Feature", "geometry": {"type": "Polygon", "coordinates": [[[79.67171717171718, 21.2979797979798], [79.67171717171718, 21.30808080808081], [79.65757575757576, 21.30808080808081], [79.65757575757576, 21.2979797979798], [79.67171717171718, 21.2979797979798]]]}, "properties": {"confidence_score": 0.4077, "site_id": "bhandara"}}, {"type": "Feature", "geometry": {"type": "Polygon", "coordinates": [[[79.6858585858586, 21.2979797979798], [79.6858585858586, 21.30808080808081], [79.67171717171718, 21.30808080808081], [79.67171717171718, 21.2979797979798], [79.6858585858586, 21.2979797979798]]]}, "properties": {"confidence_score": 0.4093, "site_id": "bhandara"}}, {"type": "Feature", "geometry": {"type": "Polygon", "coordinates": [[[79.7, 21.2979797979798], [79.7, 21.30808080808081], [79.68585858585858, 21.30808080808081], [79.68585858585858, 21.2979797979798], [79.7, 21.2979797979798]]]}, "properties": {"confidence_score": 0.5191, "site_id": "bhandara"}}, {"type": "Feature", "geometry": {"type": "Polygon", "coordinates": [[[79.71414141414142, 21.2979797979798], [79.71414141414142, 21.30808080808081], [79.7, 21.30808080808081], [79.7, 21.2979797979798], [79.71414141414142, 21.2979797979798]]]}, "properties": {"confidence_score": 0.7125, "site_id": "bhandara"}}, {"type": "Feature", "geometry": {"type": "Polygon", "coordinates": [[[79.72828282828283, 21.2979797979798], [79.72828282828283, 21.30808080808081], [79.71414141414141, 21.30808080808081], [79.71414141414141, 21.2979797979798], [79.72828282828283, 21.2979797979798]]]}, "properties": {"confidence_score": 0.8118, "site_id": "bhandara"}}, {"type": "Feature", "geometry": {"type": "Polygon", "coordinates": [[[79.74242424242425, 21.2979797979798], [79.74242424242425, 21.30808080808081], [79.72828282828283, 21.30808080808081], [79.72828282828283, 21.2979797979798], [79.74242424242425, 21.2979797979798]]]}, "properties": {"confidence_score": 0.7968, "site_id": "bhandara"}}, {"type": "Feature", "geometry": {"type": "Polygon", "coordinates": [[[79.75656565656567, 21.2979797979798], [79.75656565656567, 21.30808080808081], [79.74242424242425, 21.30808080808081], [79.74242424242425, 21.2979797979798], [79.75656565656567, 21.2979797979798]]]}, "properties": {"confidence_score": 0.8375, "site_id": "bhandara"}}, {"type": "Feature", "geometry": {"type": "Polygon", "coordinates": [[[79.77070707070708, 21.2979797979798], [79.77070707070708, 21.30808080808081], [79.75656565656566, 21.30808080808081], [79.75656565656566, 21.2979797979798], [79.77070707070708, 21.2979797979798]]]}, "properties": {"confidence_score": 0.8891, "site_id": "bhandara"}}, {"type": "Feature", "geometry": {"type": "Polygon", "coordinates": [[[79.7848484848485, 21.2979797979798], [79.7848484848485, 21.30808080808081], [79.77070707070708, 21.30808080808081], [79.77070707070708, 21.2979797979798], [79.7848484848485, 21.2979797979798]]]}, "properties": {"confidence_score": 0.9098, "site_id": "bhandara"}}, {"type": "Feature", "geometry": {"type": "Polygon", "coordinates": [[[79.7989898989899, 21.2979797979798], [79.7989898989899, 21.30808080808081], [79.78484848484848, 21.30808080808081], [79.78484848484848, 21.2979797979798], [79.7989898989899, 21.2979797979798]]]}, "properties": {"confidence_score": 0.861, "site_id": "bhandara"}}, {"type": "Feature", "geometry": {"type": "Polygon", "coordinates": [[[79.51616161616163, 21.30808080808081], [79.51616161616163, 21.31818181818182], [79.5020202020202, 21.31818181818182], [79.5020202020202, 21.30808080808081], [79.51616161616163, 21.30808080808081]]]}, "properties": {"confidence_score": 0.0886, "site_id": "bhandara"}}, {"type": "Feature", "geometry": {"type": "Polygon", "coordinates": [[[79.53030303030303, 21.30808080808081], [79.53030303030303, 21.31818181818182], [79.51616161616161, 21.31818181818182], [79.51616161616161, 21.30808080808081], [79.53030303030303, 21.30808080808081]]]}, "properties": {"confidence_score": 0.0739, "site_id": "bhandara"}}, {"type": "Feature", "geometry": {"type": "Polygon", "coordinates": [[[79.54444444444445, 21.30808080808081], [79.54444444444445, 21.31818181818182], [79.53030303030303, 21.31818181818182], [79.53030303030303, 21.30808080808081], [79.54444444444445, 21.30808080808081]]]}, "properties": {"confidence_score": 0.0643, "site_id": "bhandara"}}, {"type": "Feature", "geometry": {"type": "Polygon", "coordinates": [[[79.55858585858586, 21.30808080808081], [79.55858585858586, 21.31818181818182], [79.54444444444444, 21.31818181818182], [79.54444444444444, 21.30808080808081], [79.55858585858586, 21.30808080808081]]]}, "properties": {"confidence_score": 0.0543, "site_id": "bhandara"}}, {"type": "Feature", "geometry": {"type": "Polygon", "coordinates": [[[79.57272727272728, 21.30808080808081], [79.57272727272728, 21.31818181818182], [79.55858585858586, 21.31818181818182], [79.55858585858586, 21.30808080808081], [79.57272727272728, 21.30808080808081]]]}, "properties": {"confidence_score": 0.0655, "site_id": "bhandara"}}, {"type": "Feature", "geometry": {"type": "Polygon", "coordinates": [[[79.5868686868687, 21.30808080808081], [79.5868686868687, 21.31818181818182], [79.57272727272728, 21.31818181818182], [79.57272727272728, 21.30808080808081], [79.5868686868687, 21.30808080808081]]]}, "properties": {"confidence_score": 0.2458, "site_id": "bhandara"}}, {"type": "Feature", "geometry": {"type": "Polygon", "coordinates": [[[79.6010101010101, 21.30808080808081], [79.6010101010101, 21.31818181818182], [79.58686868686868, 21.31818181818182], [79.58686868686868, 21.30808080808081], [79.6010101010101, 21.30808080808081]]]}, "properties": {"confidence_score": 0.5617, "site_id": "bhandara"}}, {"type": "Feature", "geometry": {"type": "Polygon", "coordinates": [[[79.61515151515152, 21.30808080808081], [79.61515151515152, 21.31818181818182], [79.6010101010101, 21.31818181818182], [79.6010101010101, 21.30808080808081], [79.61515151515152, 21.30808080808081]]]}, "properties": {"confidence_score": 0.7082, "site_id": "bhandara"}}, {"type": "Feature", "geometry": {"type": "Polygon", "coordinates": [[[79.62929292929293, 21.30808080808081], [79.62929292929293, 21.31818181818182], [79.61515151515151, 21.31818181818182], [79.61515151515151, 21.30808080808081], [79.62929292929293, 21.30808080808081]]]}, "properties": {"confidence_score": 0.7262, "site_id": "bhandara"}}, {"type": "Feature", "geometry": {"type": "Polygon", "coordinates": [[[79.64343434343435, 21.30808080808081], [79.64343434343435, 21.31818181818182], [79.62929292929293, 21.31818181818182], [79.62929292929293, 21.30808080808081], [79.64343434343435, 21.30808080808081]]]}, "properties": {"confidence_score": 0.6236, "site_id": "bhandara"}}, {"type": "Feature", "geometry": {"type": "Polygon", "coordinates": [[[79.65757575757576, 21.30808080808081], [79.65757575757576, 21.31818181818182], [79.64343434343434, 21.31818181818182], [79.64343434343434, 21.30808080808081], [79.65757575757576, 21.30808080808081]]]}, "properties": {"confidence_score": 0.4699, "site_id": "bhandara"}}, {"type": "Feature", "geometry": {"type": "Polygon", "coordinates": [[[79.67171717171718, 21.30808080808081], [79.67171717171718, 21.31818181818182], [79.65757575757576, 21.31818181818182], [79.65757575757576, 21.30808080808081], [79.67171717171718, 21.30808080808081]]]}, "properties": {"confidence_score": 0.3865, "site_id": "bhandara"}}, {"type": "Feature", "geometry": {"type": "Polygon", "coordinates": [[[79.6858585858586, 21.30808080808081], [79.6858585858586, 21.31818181818182], [79.67171717171718, 21.31818181818182], [79.67171717171718, 21.30808080808081], [79.6858585858586, 21.30808080808081]]]}, "properties": {"confidence_score": 0.4109, "site_id": "bhandara"}}, {"type": "Feature", "geometry": {"type": "Polygon", "coordinates": [[[79.7, 21.30808080808081], [79.7, 21.31818181818182], [79.68585858585858, 21.31818181818182], [79.68585858585858, 21.30808080808081], [79.7, 21.30808080808081]]]}, "properties": {"confidence_score": 0.5576, "site_id": "bhandara"}}, {"type": "Feature", "geometry": {"type": "Polygon", "coordinates": [[[79.71414141414142, 21.30808080808081], [79.71414141414142, 21.31818181818182], [79.7, 21.31818181818182], [79.7, 21.30808080808081], [79.71414141414142, 21.30808080808081]]]}, "properties": {"confidence_score": 0.8053, "site_id": "bhandara"}}, {"type": "Feature", "geometry": {"type": "Polygon", "coordinates": [[[79.72828282828283, 21.30808080808081], [79.72828282828283, 21.31818181818182], [79.71414141414141, 21.31818181818182], [79.71414141414141, 21.30808080808081], [79.72828282828283, 21.30808080808081]]]}, "properties": {"confidence_score": 0.9319, "site_id": "bhandara"}}, {"type": "Feature", "geometry": {"type": "Polygon", "coordinates": [[[79.74242424242425, 21.30808080808081], [79.74242424242425, 21.31818181818182], [79.72828282828283, 21.31818181818182], [79.72828282828283, 21.30808080808081], [79.74242424242425, 21.30808080808081]]]}, "properties": {"confidence_score": 0.9232, "site_id": "bhandara"}}, {"type": "Feature", "geometry": {"type": "Polygon", "coordinates": [[[79.75656565656567, 21.30808080808081], [79.75656565656567, 21.31818181818182], [79.74242424242425, 21.31818181818182], [79.74242424242425, 21.30808080808081], [79.75656565656567, 21.30808080808081]]]}, "properties": {"confidence_score": 0.9256, "site_id": "bhandara"}}, {"type": "Feature", "geometry": {"type": "Polygon", "coordinates": [[[79.77070707070708, 21.30808080808081], [79.77070707070708, 21.31818181818182], [79.75656565656566, 21.31818181818182], [79.75656565656566, 21.30808080808081], [79.77070707070708, 21.30808080808081]]]}, "properties": {"confidence_score": 0.9266, "site_id": "bhandara"}}, {"type": "Feature", "geometry": {"type": "Polygon", "coordinates": [[[79.7848484848485, 21.30808080808081], [79.7848484848485, 21.31818181818182], [79.77070707070708, 21.31818181818182], [79.77070707070708, 21.30808080808081], [79.7848484848485, 21.30808080808081]]]}, "properties": {"confidence_score": 0.9389, "site_id": "bhandara"}}, {"type": "Feature", "geometry": {"type": "Polygon", "coordinates": [[[79.7989898989899, 21.30808080808081], [79.7989898989899, 21.31818181818182], [79.78484848484848, 21.31818181818182], [79.78484848484848, 21.30808080808081], [79.7989898989899, 21.30808080808081]]]}, "properties": {"confidence_score": 0.9319, "site_id": "bhandara"}}, {"type": "Feature", "geometry": {"type": "Polygon", "coordinates": [[[79.51616161616163, 21.318181818181817], [79.51616161616163, 21.328282828282827], [79.5020202020202, 21.328282828282827], [79.5020202020202, 21.318181818181817], [79.51616161616163, 21.318181818181817]]]}, "properties": {"confidence_score": 0.0494, "site_id": "bhandara"}}, {"type": "Feature", "geometry": {"type": "Polygon", "coordinates": [[[79.53030303030303, 21.318181818181817], [79.53030303030303, 21.328282828282827], [79.51616161616161, 21.328282828282827], [79.51616161616161, 21.318181818181817], [79.53030303030303, 21.318181818181817]]]}, "properties": {"confidence_score": 0.038, "site_id": "bhandara"}}, {"type": "Feature", "geometry": {"type": "Polygon", "coordinates": [[[79.54444444444445, 21.318181818181817], [79.54444444444445, 21.328282828282827], [79.53030303030303, 21.328282828282827], [79.53030303030303, 21.318181818181817], [79.54444444444445, 21.318181818181817]]]}, "properties": {"confidence_score": 0.0263, "site_id": "bhandara"}}, {"type": "Feature", "geometry": {"type": "Polygon", "coordinates": [[[79.55858585858586, 21.318181818181817], [79.55858585858586, 21.328282828282827], [79.54444444444444, 21.328282828282827], [79.54444444444444, 21.318181818181817], [79.55858585858586, 21.318181818181817]]]}, "properties": {"confidence_score": 0.0287, "site_id": "bhandara"}}, {"type": "Feature", "geometry": {"type": "Polygon", "coordinates": [[[79.57272727272728, 21.318181818181817], [79.57272727272728, 21.328282828282827], [79.55858585858586, 21.328282828282827], [79.55858585858586, 21.318181818181817], [79.57272727272728, 21.318181818181817]]]}, "properties": {"confidence_score": 0.0398, "site_id": "bhandara"}}, {"type": "Feature", "geometry": {"type": "Polygon", "coordinates": [[[79.5868686868687, 21.318181818181817], [79.5868686868687, 21.328282828282827], [79.57272727272728, 21.328282828282827], [79.57272727272728, 21.318181818181817], [79.5868686868687, 21.318181818181817]]]}, "properties": {"confidence_score": 0.1822, "site_id": "bhandara"}}, {"type": "Feature", "geometry": {"type": "Polygon", "coordinates": [[[79.6010101010101, 21.318181818181817], [79.6010101010101, 21.328282828282827], [79.58686868686868, 21.328282828282827], [79.58686868686868, 21.318181818181817], [79.6010101010101, 21.318181818181817]]]}, "properties": {"confidence_score": 0.4102, "site_id": "bhandara"}}, {"type": "Feature", "geometry": {"type": "Polygon", "coordinates": [[[79.61515151515152, 21.318181818181817], [79.61515151515152, 21.328282828282827], [79.6010101010101, 21.328282828282827], [79.6010101010101, 21.318181818181817], [79.61515151515152, 21.318181818181817]]]}, "properties": {"confidence_score": 0.5007, "site_id": "bhandara"}}, {"type": "Feature", "geometry": {"type": "Polygon", "coordinates": [[[79.62929292929293, 21.318181818181817], [79.62929292929293, 21.328282828282827], [79.61515151515151, 21.328282828282827], [79.61515151515151, 21.318181818181817], [79.62929292929293, 21.318181818181817]]]}, "properties": {"confidence_score": 0.4434, "site_id": "bhandara"}}, {"type": "Feature", "geometry": {"type": "Polygon", "coordinates": [[[79.64343434343435, 21.318181818181817], [79.64343434343435, 21.328282828282827], [79.62929292929293, 21.328282828282827], [79.62929292929293, 21.318181818181817], [79.64343434343435, 21.318181818181817]]]}, "properties": {"confidence_score": 0.3723, "site_id": "bhandara"}}, {"type": "Feature", "geometry": {"type": "Polygon", "coordinates": [[[79.65757575757576, 21.318181818181817], [79.65757575757576, 21.328282828282827], [79.64343434343434, 21.328282828282827], [79.64343434343434, 21.318181818181817], [79.65757575757576, 21.318181818181817]]]}, "properties": {"confidence_score": 0.2851, "site_id": "bhandara"}}, {"type": "Feature", "geometry": {"type": "Polygon", "coordinates": [[[79.67171717171718, 21.318181818181817], [79.67171717171718, 21.328282828282827], [79.65757575757576, 21.328282828282827], [79.65757575757576, 21.318181818181817], [79.67171717171718, 21.318181818181817]]]}, "properties": {"confidence_score": 0.2505, "site_id": "bhandara"}}, {"type": "Feature", "geometry": {"type": "Polygon", "coordinates": [[[79.6858585858586, 21.318181818181817], [79.6858585858586, 21.328282828282827], [79.67171717171718, 21.328282828282827], [79.67171717171718, 21.318181818181817], [79.6858585858586, 21.318181818181817]]]}, "properties": {"confidence_score": 0.292, "site_id": "bhandara"}}, {"type": "Feature", "geometry": {"type": "Polygon", "coordinates": [[[79.7, 21.318181818181817], [79.7, 21.328282828282827], [79.68585858585858, 21.328282828282827], [79.68585858585858, 21.318181818181817], [79.7, 21.318181818181817]]]}, "properties": {"confidence_score": 0.4755, "site_id": "bhandara"}}, {"type": "Feature", "geometry": {"type": "Polygon", "coordinates": [[[79.71414141414142, 21.318181818181817], [79.71414141414142, 21.328282828282827], [79.7, 21.328282828282827], [79.7, 21.318181818181817], [79.71414141414142, 21.318181818181817]]]}, "properties": {"confidence_score": 0.799, "site_id": "bhandara"}}, {"type": "Feature", "geometry": {"type": "Polygon", "coordinates": [[[79.72828282828283, 21.318181818181817], [79.72828282828283, 21.328282828282827], [79.71414141414141, 21.328282828282827], [79.71414141414141, 21.318181818181817], [79.72828282828283, 21.318181818181817]]]}, "properties": {"confidence_score": 0.9531, "site_id": "bhandara"}}, {"type": "Feature", "geometry": {"type": "Polygon", "coordinates": [[[79.74242424242425, 21.318181818181817], [79.74242424242425, 21.328282828282827], [79.72828282828283, 21.328282828282827], [79.72828282828283, 21.318181818181817], [79.74242424242425, 21.318181818181817]]]}, "properties": {"confidence_score": 0.9503, "site_id": "bhandara"}}, {"type": "Feature", "geometry": {"type": "Polygon", "coordinates": [[[79.75656565656567, 21.318181818181817], [79.75656565656567, 21.328282828282827], [79.74242424242425, 21.328282828282827], [79.74242424242425, 21.318181818181817], [79.75656565656567, 21.318181818181817]]]}, "properties": {"confidence_score": 0.9273, "site_id": "bhandara"}}, {"type": "Feature", "geometry": {"type": "Polygon", "coordinates": [[[79.77070707070708, 21.318181818181817], [79.77070707070708, 21.328282828282827], [79.75656565656566, 21.328282828282827], [79.75656565656566, 21.318181818181817], [79.77070707070708, 21.318181818181817]]]}, "properties": {"confidence_score": 0.9168, "site_id": "bhandara"}}, {"type": "Feature", "geometry": {"type": "Polygon", "coordinates": [[[79.7848484848485, 21.318181818181817], [79.7848484848485, 21.328282828282827], [79.77070707070708, 21.328282828282827], [79.77070707070708, 21.318181818181817], [79.7848484848485, 21.318181818181817]]]}, "properties": {"confidence_score": 0.918, "site_id": "bhandara"}}, {"type": "Feature", "geometry": {"type": "Polygon", "coordinates": [[[79.7989898989899, 21.318181818181817], [79.7989898989899, 21.328282828282827], [79.78484848484848, 21.328282828282827], [79.78484848484848, 21.318181818181817], [79.7989898989899, 21.318181818181817]]]}, "properties": {"confidence_score": 0.9136, "site_id": "bhandara"}}, {"type": "Feature", "geometry": {"type": "Polygon", "coordinates": [[[79.51616161616163, 21.328282828282827], [79.51616161616163, 21.338383838383837], [79.5020202020202, 21.338383838383837], [79.5020202020202, 21.328282828282827], [79.51616161616163, 21.328282828282827]]]}, "properties": {"confidence_score": 0.0307, "site_id": "bhandara"}}, {"type": "Feature", "geometry": {"type": "Polygon", "coordinates": [[[79.53030303030303, 21.328282828282827], [79.53030303030303, 21.338383838383837], [79.51616161616161, 21.338383838383837], [79.51616161616161, 21.328282828282827], [79.53030303030303, 21.328282828282827]]]}, "properties": {"confidence_score": 0.0196, "site_id": "bhandara"}}, {"type": "Feature", "geometry": {"type": "Polygon", "coordinates": [[[79.54444444444445, 21.328282828282827], [79.54444444444445, 21.338383838383837], [79.53030303030303, 21.338383838383837], [79.53030303030303, 21.328282828282827], [79.54444444444445, 21.328282828282827]]]}, "properties": {"confidence_score": 0.0138, "site_id": "bhandara"}}, {"type": "Feature", "geometry": {"type": "Polygon", "coordinates": [[[79.55858585858586, 21.328282828282827], [79.55858585858586, 21.338383838383837], [79.54444444444444, 21.338383838383837], [79.54444444444444, 21.328282828282827], [79.55858585858586, 21.328282828282827]]]}, "properties": {"confidence_score": 0.0305, "site_id": "bhandara"}}, {"type": "Feature", "geometry": {"type": "Polygon", "coordinates": [[[79.57272727272728, 21.328282828282827], [79.57272727272728, 21.338383838383837], [79.55858585858586, 21.338383838383837], [79.55858585858586, 21.328282828282827], [79.57272727272728, 21.328282828282827]]]}, "properties": {"confidence_score": 0.0646, "site_id": "bhandara"}}, {"type": "Feature", "geometry": {"type": "Polygon", "coordinates": [[[79.5868686868687, 21.328282828282827], [79.5868686868687, 21.338383838383837], [79.57272727272728, 21.338383838383837], [79.57272727272728, 21.328282828282827], [79.5868686868687, 21.328282828282827]]]}, "properties": {"confidence_score": 0.1539, "site_id": "bhandara"}}, {"type": "Feature", "geometry": {"type": "Polygon", "coordinates": [[[79.6010101010101, 21.328282828282827], [79.6010101010101, 21.338383838383837], [79.58686868686868, 21.338383838383837], [79.58686868686868, 21.328282828282827], [79.6010101010101, 21.328282828282827]]]}, "properties": {"confidence_score": 0.2724, "site_id": "bhandara"}}, {"type": "Feature", "geometry": {"type": "Polygon", "coordinates": [[[79.61515151515152, 21.328282828282827], [79.61515151515152, 21.338383838383837], [79.6010101010101, 21.338383838383837], [79.6010101010101, 21.328282828282827], [79.61515151515152, 21.328282828282827]]]}, "properties": {"confidence_score": 0.3185, "site_id": "bhandara"}}, {"type": "Feature", "geometry": {"type": "Polygon", "coordinates": [[[79.62929292929293, 21.328282828282827], [79.62929292929293, 21.338383838383837], [79.61515151515151, 21.338383838383837], [79.61515151515151, 21.328282828282827], [79.62929292929293, 21.328282828282827]]]}, "properties": {"confidence_score": 0.2744, "site_id": "bhandara"}}, {"type": "Feature", "geometry": {"type": "Polygon", "coordinates": [[[79.64343434343435, 21.328282828282827], [79.64343434343435, 21.338383838383837], [79.62929292929293, 21.338383838383837], [79.62929292929293, 21.328282828282827], [79.64343434343435, 21.328282828282827]]]}, "properties": {"confidence_score": 0.2224, "site_id": "bhandara"}}, {"type": "Feature", "geometry": {"type": "Polygon", "coordinates": [[[79.65757575757576, 21.328282828282827], [79.65757575757576, 21.338383838383837], [79.64343434343434, 21.338383838383837], [79.64343434343434, 21.328282828282827], [79.65757575757576, 21.328282828282827]]]}, "properties": {"confidence_score": 0.1643, "site_id": "bhandara"}}, {"type": "Feature", "geometry": {"type": "Polygon", "coordinates": [[[79.67171717171718, 21.328282828282827], [79.67171717171718, 21.338383838383837], [79.65757575757576, 21.338383838383837], [79.65757575757576, 21.328282828282827], [79.67171717171718, 21.328282828282827]]]}, "properties": {"confidence_score": 0.1622, "site_id": "bhandara"}}, {"type": "Feature", "geometry": {"type": "Polygon", "coordinates": [[[79.6858585858586, 21.328282828282827], [79.6858585858586, 21.338383838383837], [79.67171717171718, 21.338383838383837], [79.67171717171718, 21.328282828282827], [79.6858585858586, 21.328282828282827]]]}, "properties": {"confidence_score": 0.2398, "site_id": "bhandara"}}, {"type": "Feature", "geometry": {"type": "Polygon", "coordinates": [[[79.7, 21.328282828282827], [79.7, 21.338383838383837], [79.68585858585858, 21.338383838383837], [79.68585858585858, 21.328282828282827], [79.7, 21.328282828282827]]]}, "properties": {"confidence_score": 0.4407, "site_id": "bhandara"}}, {"type": "Feature", "geometry": {"type": "Polygon", "coordinates": [[[79.71414141414142, 21.328282828282827], [79.71414141414142, 21.338383838383837], [79.7, 21.338383838383837], [79.7, 21.328282828282827], [79.71414141414142, 21.328282828282827]]]}, "properties": {"confidence_score": 0.7649, "site_id": "bhandara"}}, {"type": "Feature", "geometry": {"type": "Polygon", "coordinates": [[[79.72828282828283, 21.328282828282827], [79.72828282828283, 21.338383838383837], [79.71414141414141, 21.338383838383837], [79.71414141414141, 21.328282828282827], [79.72828282828283, 21.328282828282827]]]}, "properties": {"confidence_score": 0.9303, "site_id": "bhandara"}}, {"type": "Feature", "geometry": {"type": "Polygon", "coordinates": [[[79.74242424242425, 21.328282828282827], [79.74242424242425, 21.338383838383837], [79.72828282828283, 21.338383838383837], [79.72828282828283, 21.328282828282827], [79.74242424242425, 21.328282828282827]]]}, "properties": {"confidence_score": 0.9305, "site_id": "bhandara"}}, {"type": "Feature", "geometry": {"type": "Polygon", "coordinates": [[[79.75656565656567, 21.328282828282827], [79.75656565656567, 21.338383838383837], [79.74242424242425, 21.338383838383837], [79.74242424242425, 21.328282828282827], [79.75656565656567, 21.328282828282827]]]}, "properties": {"confidence_score": 0.8743, "site_id": "bhandara"}}, {"type": "Feature", "geometry": {"type": "Polygon", "coordinates": [[[79.77070707070708, 21.328282828282827], [79.77070707070708, 21.338383838383837], [79.75656565656566, 21.338383838383837], [79.75656565656566, 21.328282828282827], [79.77070707070708, 21.328282828282827]]]}, "properties": {"confidence_score": 0.7877, "site_id": "bhandara"}}, {"type": "Feature", "geometry": {"type": "Polygon", "coordinates": [[[79.7848484848485, 21.328282828282827], [79.7848484848485, 21.338383838383837], [79.77070707070708, 21.338383838383837], [79.77070707070708, 21.328282828282827], [79.7848484848485, 21.328282828282827]]]}, "properties": {"confidence_score": 0.7456, "site_id": "bhandara"}}, {"type": "Feature", "geometry": {"type": "Polygon", "coordinates": [[[79.7989898989899, 21.328282828282827], [79.7989898989899, 21.338383838383837], [79.78484848484848, 21.338383838383837], [79.78484848484848, 21.328282828282827], [79.7989898989899, 21.328282828282827]]]}, "properties": {"confidence_score": 0.7467, "site_id": "bhandara"}}, {"type": "Feature", "geometry": {"type": "Polygon", "coordinates": [[[79.51616161616163, 21.338383838383837], [79.51616161616163, 21.348484848484848], [79.5020202020202, 21.348484848484848], [79.5020202020202, 21.338383838383837], [79.51616161616163, 21.338383838383837]]]}, "properties": {"confidence_score": 0.0219, "site_id": "bhandara"}}, {"type": "Feature", "geometry": {"type": "Polygon", "coordinates": [[[79.53030303030303, 21.338383838383837], [79.53030303030303, 21.348484848484848], [79.51616161616161, 21.348484848484848], [79.51616161616161, 21.338383838383837], [79.53030303030303, 21.338383838383837]]]}, "properties": {"confidence_score": 0.0157, "site_id": "bhandara"}}, {"type": "Feature", "geometry": {"type": "Polygon", "coordinates": [[[79.54444444444445, 21.338383838383837], [79.54444444444445, 21.348484848484848], [79.53030303030303, 21.348484848484848], [79.53030303030303, 21.338383838383837], [79.54444444444445, 21.338383838383837]]]}, "properties": {"confidence_score": 0.0141, "site_id": "bhandara"}}, {"type": "Feature", "geometry": {"type": "Polygon", "coordinates": [[[79.55858585858586, 21.338383838383837], [79.55858585858586, 21.348484848484848], [79.54444444444444, 21.348484848484848], [79.54444444444444, 21.338383838383837], [79.55858585858586, 21.338383838383837]]]}, "properties": {"confidence_score": 0.0468, "site_id": "bhandara"}}, {"type": "Feature", "geometry": {"type": "Polygon", "coordinates": [[[79.57272727272728, 21.338383838383837], [79.57272727272728, 21.348484848484848], [79.55858585858586, 21.348484848484848], [79.55858585858586, 21.338383838383837], [79.57272727272728, 21.338383838383837]]]}, "properties": {"confidence_score": 0.1207, "site_id": "bhandara"}}, {"type": "Feature", "geometry": {"type": "Polygon", "coordinates": [[[79.5868686868687, 21.338383838383837], [79.5868686868687, 21.348484848484848], [79.57272727272728, 21.348484848484848], [79.57272727272728, 21.338383838383837], [79.5868686868687, 21.338383838383837]]]}, "properties": {"confidence_score": 0.155, "site_id": "bhandara"}}, {"type": "Feature", "geometry": {"type": "Polygon", "coordinates": [[[79.6010101010101, 21.338383838383837], [79.6010101010101, 21.348484848484848], [79.58686868686868, 21.348484848484848], [79.58686868686868, 21.338383838383837], [79.6010101010101, 21.338383838383837]]]}, "properties": {"confidence_score": 0.1528, "site_id": "bhandara"}}, {"type": "Feature", "geometry": {"type": "Polygon", "coordinates": [[[79.61515151515152, 21.338383838383837], [79.61515151515152, 21.348484848484848], [79.6010101010101, 21.348484848484848], [79.6010101010101, 21.338383838383837], [79.61515151515152, 21.338383838383837]]]}, "properties": {"confidence_score": 0.1772, "site_id": "bhandara"}}, {"type": "Feature", "geometry": {"type": "Polygon", "coordinates": [[[79.62929292929293, 21.338383838383837], [79.62929292929293, 21.348484848484848], [79.61515151515151, 21.348484848484848], [79.61515151515151, 21.338383838383837], [79.62929292929293, 21.338383838383837]]]}, "properties": {"confidence_score": 0.1935, "site_id": "bhandara"}}, {"type": "Feature", "geometry": {"type": "Polygon", "coordinates": [[[79.64343434343435, 21.338383838383837], [79.64343434343435, 21.348484848484848], [79.62929292929293, 21.348484848484848], [79.62929292929293, 21.338383838383837], [79.64343434343435, 21.338383838383837]]]}, "properties": {"confidence_score": 0.1594, "site_id": "bhandara"}}, {"type": "Feature", "geometry": {"type": "Polygon", "coordinates": [[[79.65757575757576, 21.338383838383837], [79.65757575757576, 21.348484848484848], [79.64343434343434, 21.348484848484848], [79.64343434343434, 21.338383838383837], [79.65757575757576, 21.338383838383837]]]}, "properties": {"confidence_score": 0.0998, "site_id": "bhandara"}}, {"type": "Feature", "geometry": {"type": "Polygon", "coordinates": [[[79.67171717171718, 21.338383838383837], [79.67171717171718, 21.348484848484848], [79.65757575757576, 21.348484848484848], [79.65757575757576, 21.338383838383837], [79.67171717171718, 21.338383838383837]]]}, "properties": {"confidence_score": 0.1187, "site_id": "bhandara"}}, {"type": "Feature", "geometry": {"type": "Polygon", "coordinates": [[[79.6858585858586, 21.338383838383837], [79.6858585858586, 21.348484848484848], [79.67171717171718, 21.348484848484848], [79.67171717171718, 21.338383838383837], [79.6858585858586, 21.338383838383837]]]}, "properties": {"confidence_score": 0.2341, "site_id": "bhandara"}}, {"type": "Feature", "geometry": {"type": "Polygon", "coordinates": [[[79.7, 21.338383838383837], [79.7, 21.348484848484848], [79.68585858585858, 21.348484848484848], [79.68585858585858, 21.338383838383837], [79.7, 21.338383838383837]]]}, "properties": {"confidence_score": 0.4261, "site_id": "bhandara"}}, {"type": "Feature", "geometry": {"type": "Polygon", "coordinates": [[[79.71414141414142, 21.338383838383837], [79.71414141414142, 21.348484848484848], [79.7, 21.348484848484848], [79.7, 21.338383838383837], [79.71414141414142, 21.338383838383837]]]}, "properties": {"confidence_score": 0.7269, "site_id": "bhandara"}}, {"type": "Feature", "geometry": {"type": "Polygon", "coordinates": [[[79.72828282828283, 21.338383838383837], [79.72828282828283, 21.348484848484848], [79.71414141414141, 21.348484848484848], [79.71414141414141, 21.338383838383837], [79.72828282828283, 21.338383838383837]]]}, "properties": {"confidence_score": 0.8937, "site_id": "bhandara"}}, {"type": "Feature", "geometry": {"type": "Polygon", "coordinates": [[[79.74242424242425, 21.338383838383837], [79.74242424242425, 21.348484848484848], [79.72828282828283, 21.348484848484848], [79.72828282828283, 21.338383838383837], [79.74242424242425, 21.338383838383837]]]}, "properties": {"confidence_score": 0.8969, "site_id": "bhandara"}}, {"type": "Feature", "geometry": {"type": "Polygon", "coordinates": [[[79.75656565656567, 21.338383838383837], [79.75656565656567, 21.348484848484848], [79.74242424242425, 21.348484848484848], [79.74242424242425, 21.338383838383837], [79.75656565656567, 21.338383838383837]]]}, "properties": {"confidence_score": 0.8149, "site_id": "bhandara"}}, {"type": "Feature", "geometry": {"type": "Polygon", "coordinates": [[[79.77070707070708, 21.338383838383837], [79.77070707070708, 21.348484848484848], [79.75656565656566, 21.348484848484848], [79.75656565656566, 21.338383838383837], [79.77070707070708, 21.338383838383837]]]}, "properties": {"confidence_score": 0.593, "site_id": "bhandara"}}, {"type": "Feature", "geometry": {"type": "Polygon", "coordinates": [[[79.7848484848485, 21.338383838383837], [79.7848484848485, 21.348484848484848], [79.77070707070708, 21.348484848484848], [79.77070707070708, 21.338383838383837], [79.7848484848485, 21.338383838383837]]]}, "properties": {"confidence_score": 0.484, "site_id": "bhandara"}}, {"type": "Feature", "geometry": {"type": "Polygon", "coordinates": [[[79.7989898989899, 21.338383838383837], [79.7989898989899, 21.348484848484848], [79.78484848484848, 21.348484848484848], [79.78484848484848, 21.338383838383837], [79.7989898989899, 21.338383838383837]]]}, "properties": {"confidence_score": 0.5091, "site_id": "bhandara"}}, {"type": "Feature", "geometry": {"type": "Polygon", "coordinates": [[[79.51616161616163, 21.348484848484848], [79.51616161616163, 21.358585858585858], [79.5020202020202, 21.358585858585858], [79.5020202020202, 21.348484848484848], [79.51616161616163, 21.348484848484848]]]}, "properties": {"confidence_score": 0.0221, "site_id": "bhandara"}}, {"type": "Feature", "geometry": {"type": "Polygon", "coordinates": [[[79.53030303030303, 21.348484848484848], [79.53030303030303, 21.358585858585858], [79.51616161616161, 21.358585858585858], [79.51616161616161, 21.348484848484848], [79.53030303030303, 21.348484848484848]]]}, "properties": {"confidence_score": 0.0248, "site_id": "bhandara"}}, {"type": "Feature", "geometry": {"type": "Polygon", "coordinates": [[[79.54444444444445, 21.348484848484848], [79.54444444444445, 21.358585858585858], [79.53030303030303, 21.358585858585858], [79.53030303030303, 21.348484848484848], [79.54444444444445, 21.348484848484848]]]}, "properties": {"confidence_score": 0.0359, "site_id": "bhandara"}}, {"type": "Feature", "geometry": {"type": "Polygon", "coordinates": [[[79.55858585858586, 21.348484848484848], [79.55858585858586, 21.358585858585858], [79.54444444444444, 21.358585858585858], [79.54444444444444, 21.348484848484848], [79.55858585858586, 21.348484848484848]]]}, "properties": {"confidence_score": 0.0652, "site_id": "bhandara"}}, {"type": "Feature", "geometry": {"type": "Polygon", "coordinates": [[[79.57272727272728, 21.348484848484848], [79.57272727272728, 21.358585858585858], [79.55858585858586, 21.358585858585858], [79.55858585858586, 21.348484848484848], [79.57272727272728, 21.348484848484848]]]}, "properties": {"confidence_score": 0.1156, "site_id": "bhandara"}}, {"type": "Feature", "geometry": {"type": "Polygon", "coordinates": [[[79.5868686868687, 21.348484848484848], [79.5868686868687, 21.358585858585858], [79.57272727272728, 21.358585858585858], [79.57272727272728, 21.348484848484848], [79.5868686868687, 21.348484848484848]]]}, "properties": {"confidence_score": 0.1232, "site_id": "bhandara"}}, {"type": "Feature", "geometry": {"type": "Polygon", "coordinates": [[[79.6010101010101, 21.348484848484848], [79.6010101010101, 21.358585858585858], [79.58686868686868, 21.358585858585858], [79.58686868686868, 21.348484848484848], [79.6010101010101, 21.348484848484848]]]}, "properties": {"confidence_score": 0.0944, "site_id": "bhandara"}}, {"type": "Feature", "geometry": {"type": "Polygon", "coordinates": [[[79.61515151515152, 21.348484848484848], [79.61515151515152, 21.358585858585858], [79.6010101010101, 21.358585858585858], [79.6010101010101, 21.348484848484848], [79.61515151515152, 21.348484848484848]]]}, "properties": {"confidence_score": 0.1045, "site_id": "bhandara"}}, {"type": "Feature", "geometry": {"type": "Polygon", "coordinates": [[[79.62929292929293, 21.348484848484848], [79.62929292929293, 21.358585858585858], [79.61515151515151, 21.358585858585858], [79.61515151515151, 21.348484848484848], [79.62929292929293, 21.348484848484848]]]}, "properties": {"confidence_score": 0.1288, "site_id": "bhandara"}}, {"type": "Feature", "geometry": {"type": "Polygon", "coordinates": [[[79.64343434343435, 21.348484848484848], [79.64343434343435, 21.358585858585858], [79.62929292929293, 21.358585858585858], [79.62929292929293, 21.348484848484848], [79.64343434343435, 21.348484848484848]]]}, "properties": {"confidence_score": 0.1118, "site_id": "bhandara"}}, {"type": "Feature", "geometry": {"type": "Polygon", "coordinates": [[[79.65757575757576, 21.348484848484848], [79.65757575757576, 21.358585858585858], [79.64343434343434, 21.358585858585858], [79.64343434343434, 21.348484848484848], [79.65757575757576, 21.348484848484848]]]}, "properties": {"confidence_score": 0.0728, "site_id": "bhandara"}}, {"type": "Feature", "geometry": {"type": "Polygon", "coordinates": [[[79.67171717171718, 21.348484848484848], [79.67171717171718, 21.358585858585858], [79.65757575757576, 21.358585858585858], [79.65757575757576, 21.348484848484848], [79.67171717171718, 21.348484848484848]]]}, "properties": {"confidence_score": 0.1009, "site_id": "bhandara"}}, {"type": "Feature", "geometry": {"type": "Polygon", "coordinates": [[[79.6858585858586, 21.348484848484848], [79.6858585858586, 21.358585858585858], [79.67171717171718, 21.358585858585858], [79.67171717171718, 21.348484848484848], [79.6858585858586, 21.348484848484848]]]}, "properties": {"confidence_score": 0.2107, "site_id": "bhandara"}}, {"type": "Feature", "geometry": {"type": "Polygon", "coordinates": [[[79.7, 21.348484848484848], [79.7, 21.358585858585858], [79.68585858585858, 21.358585858585858], [79.68585858585858, 21.348484848484848], [79.7, 21.348484848484848]]]}, "properties": {"confidence_score": 0.3612, "site_id": "bhandara"}}, {"type": "Feature", "geometry": {"type": "Polygon", "coordinates": [[[79.71414141414142, 21.348484848484848], [79.71414141414142, 21.358585858585858], [79.7, 21.358585858585858], [79.7, 21.348484848484848], [79.71414141414142, 21.348484848484848]]]}, "properties": {"confidence_score": 0.5707, "site_id": "bhandara"}}, {"type": "Feature", "geometry": {"type": "Polygon", "coordinates": [[[79.72828282828283, 21.348484848484848], [79.72828282828283, 21.358585858585858], [79.71414141414141, 21.358585858585858], [79.71414141414141, 21.348484848484848], [79.72828282828283, 21.348484848484848]]]}, "properties": {"confidence_score": 0.7367, "site_id": "bhandara"}}, {"type": "Feature", "geometry": {"type": "Polygon", "coordinates": [[[79.74242424242425, 21.348484848484848], [79.74242424242425, 21.358585858585858], [79.72828282828283, 21.358585858585858], [79.72828282828283, 21.348484848484848], [79.74242424242425, 21.348484848484848]]]}, "properties": {"confidence_score": 0.8316, "site_id": "bhandara"}}, {"type": "Feature", "geometry": {"type": "Polygon", "coordinates": [[[79.75656565656567, 21.348484848484848], [79.75656565656567, 21.358585858585858], [79.74242424242425, 21.358585858585858], [79.74242424242425, 21.348484848484848], [79.75656565656567, 21.348484848484848]]]}, "properties": {"confidence_score": 0.7643, "site_id": "bhandara"}}, {"type": "Feature", "geometry": {"type": "Polygon", "coordinates": [[[79.77070707070708, 21.348484848484848], [79.77070707070708, 21.358585858585858], [79.75656565656566, 21.358585858585858], [79.75656565656566, 21.348484848484848], [79.77070707070708, 21.348484848484848]]]}, "properties": {"confidence_score": 0.4933, "site_id": "bhandara"}}, {"type": "Feature", "geometry": {"type": "Polygon", "coordinates": [[[79.7848484848485, 21.348484848484848], [79.7848484848485, 21.358585858585858], [79.77070707070708, 21.358585858585858], [79.77070707070708, 21.348484848484848], [79.7848484848485, 21.348484848484848]]]}, "properties": {"confidence_score": 0.3362, "site_id": "bhandara"}}, {"type": "Feature", "geometry": {"type": "Polygon", "coordinates": [[[79.7989898989899, 21.348484848484848], [79.7989898989899, 21.358585858585858], [79.78484848484848, 21.358585858585858], [79.78484848484848, 21.348484848484848], [79.7989898989899, 21.348484848484848]]]}, "properties": {"confidence_score": 0.3154, "site_id": "bhandara"}}, {"type": "Feature", "geometry": {"type": "Polygon", "coordinates": [[[79.51616161616163, 21.358585858585858], [79.51616161616163, 21.36868686868687], [79.5020202020202, 21.36868686868687], [79.5020202020202, 21.358585858585858], [79.51616161616163, 21.358585858585858]]]}, "properties": {"confidence_score": 0.0229, "site_id": "bhandara"}}, {"type": "Feature", "geometry": {"type": "Polygon", "coordinates": [[[79.53030303030303, 21.358585858585858], [79.53030303030303, 21.36868686868687], [79.51616161616161, 21.36868686868687], [79.51616161616161, 21.358585858585858], [79.53030303030303, 21.358585858585858]]]}, "properties": {"confidence_score": 0.0389, "site_id": "bhandara"}}, {"type": "Feature", "geometry": {"type": "Polygon", "coordinates": [[[79.54444444444445, 21.358585858585858], [79.54444444444445, 21.36868686868687], [79.53030303030303, 21.36868686868687], [79.53030303030303, 21.358585858585858], [79.54444444444445, 21.358585858585858]]]}, "properties": {"confidence_score": 0.0679, "site_id": "bhandara"}}, {"type": "Feature", "geometry": {"type": "Polygon", "coordinates": [[[79.55858585858586, 21.358585858585858], [79.55858585858586, 21.36868686868687], [79.54444444444444, 21.36868686868687], [79.54444444444444, 21.358585858585858], [79.55858585858586, 21.358585858585858]]]}, "properties": {"confidence_score": 0.08, "site_id": "bhandara"}}, {"type": "Feature", "geometry": {"type": "Polygon", "coordinates": [[[79.57272727272728, 21.358585858585858], [79.57272727272728, 21.36868686868687], [79.55858585858586, 21.36868686868687], [79.55858585858586, 21.358585858585858], [79.57272727272728, 21.358585858585858]]]}, "properties": {"confidence_score": 0.0749, "site_id": "bhandara"}}, {"type": "Feature", "geometry": {"type": "Polygon", "coordinates": [[[79.5868686868687, 21.358585858585858], [79.5868686868687, 21.36868686868687], [79.57272727272728, 21.36868686868687], [79.57272727272728, 21.358585858585858], [79.5868686868687, 21.358585858585858]]]}, "properties": {"confidence_score": 0.0732, "site_id": "bhandara"}}, {"type": "Feature", "geometry": {"type": "Polygon", "coordinates": [[[79.6010101010101, 21.358585858585858], [79.6010101010101, 21.36868686868687], [79.58686868686868, 21.36868686868687], [79.58686868686868, 21.358585858585858], [79.6010101010101, 21.358585858585858]]]}, "properties": {"confidence_score": 0.0656, "site_id": "bhandara"}}, {"type": "Feature", "geometry": {"type": "Polygon", "coordinates": [[[79.61515151515152, 21.358585858585858], [79.61515151515152, 21.36868686868687], [79.6010101010101, 21.36868686868687], [79.6010101010101, 21.358585858585858], [79.61515151515152, 21.358585858585858]]]}, "properties": {"confidence_score": 0.0712, "site_id": "bhandara"}}, {"type": "Feature", "geometry": {"type": "Polygon", "coordinates": [[[79.62929292929293, 21.358585858585858], [79.62929292929293, 21.36868686868687], [79.61515151515151, 21.36868686868687], [79.61515151515151, 21.358585858585858], [79.62929292929293, 21.358585858585858]]]}, "properties": {"confidence_score": 0.0783, "site_id": "bhandara"}}, {"type": "Feature", "geometry": {"type": "Polygon", "coordinates": [[[79.64343434343435, 21.358585858585858], [79.64343434343435, 21.36868686868687], [79.62929292929293, 21.36868686868687], [79.62929292929293, 21.358585858585858], [79.64343434343435, 21.358585858585858]]]}, "properties": {"confidence_score": 0.0739, "site_id": "bhandara"}}, {"type": "Feature", "geometry": {"type": "Polygon", "coordinates": [[[79.65757575757576, 21.358585858585858], [79.65757575757576, 21.36868686868687], [79.64343434343434, 21.36868686868687], [79.64343434343434, 21.358585858585858], [79.65757575757576, 21.358585858585858]]]}, "properties": {"confidence_score": 0.0615, "site_id": "bhandara"}}, {"type": "Feature", "geometry": {"type": "Polygon", "coordinates": [[[79.67171717171718, 21.358585858585858], [79.67171717171718, 21.36868686868687], [79.65757575757576, 21.36868686868687], [79.65757575757576, 21.358585858585858], [79.67171717171718, 21.358585858585858]]]}, "properties": {"confidence_score": 0.0897, "site_id": "bhandara"}}, {"type": "Feature", "geometry": {"type": "Polygon", "coordinates": [[[79.6858585858586, 21.358585858585858], [79.6858585858586, 21.36868686868687], [79.67171717171718, 21.36868686868687], [79.67171717171718, 21.358585858585858], [79.6858585858586, 21.358585858585858]]]}, "properties": {"confidence_score": 0.1746, "site_id": "bhandara"}}, {"type": "Feature", "geometry": {"type": "Polygon", "coordinates": [[[79.7, 21.358585858585858], [79.7, 21.36868686868687], [79.68585858585858, 21.36868686868687], [79.68585858585858, 21.358585858585858], [79.7, 21.358585858585858]]]}, "properties": {"confidence_score": 0.2688, "site_id": "bhandara"}}, {"type": "Feature", "geometry": {"type": "Polygon", "coordinates": [[[79.71414141414142, 21.358585858585858], [79.71414141414142, 21.36868686868687], [79.7, 21.36868686868687], [79.7, 21.358585858585858], [79.71414141414142, 21.358585858585858]]]}, "properties": {"confidence_score": 0.3403, "site_id": "bhandara"}}, {"type": "Feature", "geometry": {"type": "Polygon", "coordinates": [[[79.72828282828283, 21.358585858585858], [79.72828282828283, 21.36868686868687], [79.71414141414141, 21.36868686868687], [79.71414141414141, 21.358585858585858], [79.72828282828283, 21.358585858585858]]]}, "properties": {"confidence_score": 0.5005, "site_id": "bhandara"}}, {"type": "Feature", "geometry": {"type": "Polygon", "coordinates": [[[79.74242424242425, 21.358585858585858], [79.74242424242425, 21.36868686868687], [79.72828282828283, 21.36868686868687], [79.72828282828283, 21.358585858585858], [79.74242424242425, 21.358585858585858]]]}, "properties": {"confidence_score": 0.7676, "site_id": "bhandara"}}, {"type": "Feature", "geometry": {"type": "Polygon", "coordinates": [[[79.75656565656567, 21.358585858585858], [79.75656565656567, 21.36868686868687], [79.74242424242425, 21.36868686868687], [79.74242424242425, 21.358585858585858], [79.75656565656567, 21.358585858585858]]]}, "properties": {"confidence_score": 0.7524, "site_id": "bhandara"}}, {"type": "Feature", "geometry": {"type": "Polygon", "coordinates": [[[79.77070707070708, 21.358585858585858], [79.77070707070708, 21.36868686868687], [79.75656565656566, 21.36868686868687], [79.75656565656566, 21.358585858585858], [79.77070707070708, 21.358585858585858]]]}, "properties": {"confidence_score": 0.4535, "site_id": "bhandara"}}, {"type": "Feature", "geometry": {"type": "Polygon", "coordinates": [[[79.7848484848485, 21.358585858585858], [79.7848484848485, 21.36868686868687], [79.77070707070708, 21.36868686868687], [79.77070707070708, 21.358585858585858], [79.7848484848485, 21.358585858585858]]]}, "properties": {"confidence_score": 0.272, "site_id": "bhandara"}}, {"type": "Feature", "geometry": {"type": "Polygon", "coordinates": [[[79.7989898989899, 21.358585858585858], [79.7989898989899, 21.36868686868687], [79.78484848484848, 21.36868686868687], [79.78484848484848, 21.358585858585858], [79.7989898989899, 21.358585858585858]]]}, "properties": {"confidence_score": 0.1796, "site_id": "bhandara"}}, {"type": "Feature", "geometry": {"type": "Polygon", "coordinates": [[[79.51616161616163, 21.36868686868687], [79.51616161616163, 21.37878787878788], [79.5020202020202, 21.37878787878788], [79.5020202020202, 21.36868686868687], [79.51616161616163, 21.36868686868687]]]}, "properties": {"confidence_score": 0.0275, "site_id": "bhandara"}}, {"type": "Feature", "geometry": {"type": "Polygon", "coordinates": [[[79.53030303030303, 21.36868686868687], [79.53030303030303, 21.37878787878788], [79.51616161616161, 21.37878787878788], [79.51616161616161, 21.36868686868687], [79.53030303030303, 21.36868686868687]]]}, "properties": {"confidence_score": 0.0521, "site_id": "bhandara"}}, {"type": "Feature", "geometry": {"type": "Polygon", "coordinates": [[[79.54444444444445, 21.36868686868687], [79.54444444444445, 21.37878787878788], [79.53030303030303, 21.37878787878788], [79.53030303030303, 21.36868686868687], [79.54444444444445, 21.36868686868687]]]}, "properties": {"confidence_score": 0.0867, "site_id": "bhandara"}}, {"type": "Feature", "geometry": {"type": "Polygon", "coordinates": [[[79.55858585858586, 21.36868686868687], [79.55858585858586, 21.37878787878788], [79.54444444444444, 21.37878787878788], [79.54444444444444, 21.36868686868687], [79.55858585858586, 21.36868686868687]]]}, "properties": {"confidence_score": 0.0857, "site_id": "bhandara"}}, {"type": "Feature", "geometry": {"type": "Polygon", "coordinates": [[[79.57272727272728, 21.36868686868687], [79.57272727272728, 21.37878787878788], [79.55858585858586, 21.37878787878788], [79.55858585858586, 21.36868686868687], [79.57272727272728, 21.36868686868687]]]}, "properties": {"confidence_score": 0.055, "site_id": "bhandara"}}, {"type": "Feature", "geometry": {"type": "Polygon", "coordinates": [[[79.5868686868687, 21.36868686868687], [79.5868686868687, 21.37878787878788], [79.57272727272728, 21.37878787878788], [79.57272727272728, 21.36868686868687], [79.5868686868687, 21.36868686868687]]]}, "properties": {"confidence_score": 0.044, "site_id": "bhandara"}}, {"type": "Feature", "geometry": {"type": "Polygon", "coordinates": [[[79.6010101010101, 21.36868686868687], [79.6010101010101, 21.37878787878788], [79.58686868686868, 21.37878787878788], [79.58686868686868, 21.36868686868687], [79.6010101010101, 21.36868686868687]]]}, "properties": {"confidence_score": 0.0441, "site_id": "bhandara"}}, {"type": "Feature", "geometry": {"type": "Polygon", "coordinates": [[[79.61515151515152, 21.36868686868687], [79.61515151515152, 21.37878787878788], [79.6010101010101, 21.37878787878788], [79.6010101010101, 21.36868686868687], [79.61515151515152, 21.36868686868687]]]}, "properties": {"confidence_score": 0.0522, "site_id": "bhandara"}}, {"type": "Feature", "geometry": {"type": "Polygon", "coordinates": [[[79.62929292929293, 21.36868686868687], [79.62929292929293, 21.37878787878788], [79.61515151515151, 21.37878787878788], [79.61515151515151, 21.36868686868687], [79.62929292929293, 21.36868686868687]]]}, "properties": {"confidence_score": 0.0609, "site_id": "bhandara"}}, {"type": "Feature", "geometry": {"type": "Polygon", "coordinates": [[[79.64343434343435, 21.36868686868687], [79.64343434343435, 21.37878787878788], [79.62929292929293, 21.37878787878788], [79.62929292929293, 21.36868686868687], [79.64343434343435, 21.36868686868687]]]}, "properties": {"confidence_score": 0.0638, "site_id": "bhandara"}}, {"type": "Feature", "geometry": {"type": "Polygon", "coordinates": [[[79.65757575757576, 21.36868686868687], [79.65757575757576, 21.37878787878788], [79.64343434343434, 21.37878787878788], [79.64343434343434, 21.36868686868687], [79.65757575757576, 21.36868686868687]]]}, "properties": {"confidence_score": 0.062, "site_id": "bhandara"}}, {"type": "Feature", "geometry": {"type": "Polygon", "coordinates": [[[79.67171717171718, 21.36868686868687], [79.67171717171718, 21.37878787878788], [79.65757575757576, 21.37878787878788], [79.65757575757576, 21.36868686868687], [79.67171717171718, 21.36868686868687]]]}, "properties": {"confidence_score": 0.0803, "site_id": "bhandara"}}, {"type": "Feature", "geometry": {"type": "Polygon", "coordinates": [[[79.6858585858586, 21.36868686868687], [79.6858585858586, 21.37878787878788], [79.67171717171718, 21.37878787878788], [79.67171717171718, 21.36868686868687], [79.6858585858586, 21.36868686868687]]]}, "properties": {"confidence_score": 0.129, "site_id": "bhandara"}}, {"type": "Feature", "geometry": {"type": "Polygon", "coordinates": [[[79.7, 21.36868686868687], [79.7, 21.37878787878788], [79.68585858585858, 21.37878787878788], [79.68585858585858, 21.36868686868687], [79.7, 21.36868686868687]]]}, "properties": {"confidence_score": 0.1884, "site_id": "bhandara"}}, {"type": "Feature", "geometry": {"type": "Polygon", "coordinates": [[[79.71414141414142, 21.36868686868687], [79.71414141414142, 21.37878787878788], [79.7, 21.37878787878788], [79.7, 21.36868686868687], [79.71414141414142, 21.36868686868687]]]}, "properties": {"confidence_score": 0.2394, "site_id": "bhandara"}}, {"type": "Feature", "geometry": {"type": "Polygon", "coordinates": [[[79.72828282828283, 21.36868686868687], [79.72828282828283, 21.37878787878788], [79.71414141414141, 21.37878787878788], [79.71414141414141, 21.36868686868687], [79.72828282828283, 21.36868686868687]]]}, "properties": {"confidence_score": 0.3778, "site_id": "bhandara"}}, {"type": "Feature", "geometry": {"type": "Polygon", "coordinates": [[[79.74242424242425, 21.36868686868687], [79.74242424242425, 21.37878787878788], [79.72828282828283, 21.37878787878788], [79.72828282828283, 21.36868686868687], [79.74242424242425, 21.36868686868687]]]}, "properties": {"confidence_score": 0.6104, "site_id": "bhandara"}}, {"type": "Feature", "geometry": {"type": "Polygon", "coordinates": [[[79.75656565656567, 21.36868686868687], [79.75656565656567, 21.37878787878788], [79.74242424242425, 21.37878787878788], [79.74242424242425, 21.36868686868687], [79.75656565656567, 21.36868686868687]]]}, "properties": {"confidence_score": 0.6244, "site_id": "bhandara"}}, {"type": "Feature", "geometry": {"type": "Polygon", "coordinates": [[[79.77070707070708, 21.36868686868687], [79.77070707070708, 21.37878787878788], [79.75656565656566, 21.37878787878788], [79.75656565656566, 21.36868686868687], [79.77070707070708, 21.36868686868687]]]}, "properties": {"confidence_score": 0.421, "site_id": "bhandara"}}, {"type": "Feature", "geometry": {"type": "Polygon", "coordinates": [[[79.7848484848485, 21.36868686868687], [79.7848484848485, 21.37878787878788], [79.77070707070708, 21.37878787878788], [79.77070707070708, 21.36868686868687], [79.7848484848485, 21.36868686868687]]]}, "properties": {"confidence_score": 0.2628, "site_id": "bhandara"}}, {"type": "Feature", "geometry": {"type": "Polygon", "coordinates": [[[79.7989898989899, 21.36868686868687], [79.7989898989899, 21.37878787878788], [79.78484848484848, 21.37878787878788], [79.78484848484848, 21.36868686868687], [79.7989898989899, 21.36868686868687]]]}, "properties": {"confidence_score": 0.1385, "site_id": "bhandara"}}, {"type": "Feature", "geometry": {"type": "Polygon", "coordinates": [[[79.51616161616163, 21.37878787878788], [79.51616161616163, 21.38888888888889], [79.5020202020202, 21.38888888888889], [79.5020202020202, 21.37878787878788], [79.51616161616163, 21.37878787878788]]]}, "properties": {"confidence_score": 0.0342, "site_id": "bhandara"}}, {"type": "Feature", "geometry": {"type": "Polygon", "coordinates": [[[79.53030303030303, 21.37878787878788], [79.53030303030303, 21.38888888888889], [79.51616161616161, 21.38888888888889], [79.51616161616161, 21.37878787878788], [79.53030303030303, 21.37878787878788]]]}, "properties": {"confidence_score": 0.0633, "site_id": "bhandara"}}, {"type": "Feature", "geometry": {"type": "Polygon", "coordinates": [[[79.54444444444445, 21.37878787878788], [79.54444444444445, 21.38888888888889], [79.53030303030303, 21.38888888888889], [79.53030303030303, 21.37878787878788], [79.54444444444445, 21.37878787878788]]]}, "properties": {"confidence_score": 0.1009, "site_id": "bhandara"}}, {"type": "Feature", "geometry": {"type": "Polygon", "coordinates": [[[79.55858585858586, 21.37878787878788], [79.55858585858586, 21.38888888888889], [79.54444444444444, 21.38888888888889], [79.54444444444444, 21.37878787878788], [79.55858585858586, 21.37878787878788]]]}, "properties": {"confidence_score": 0.0876, "site_id": "bhandara"}}, {"type": "Feature", "geometry": {"type": "Polygon", "coordinates": [[[79.57272727272728, 21.37878787878788], [79.57272727272728, 21.38888888888889], [79.55858585858586, 21.38888888888889], [79.55858585858586, 21.37878787878788], [79.57272727272728, 21.37878787878788]]]}, "properties": {"confidence_score": 0.043, "site_id": "bhandara"}}, {"type": "Feature", "geometry": {"type": "Polygon", "coordinates": [[[79.5868686868687, 21.37878787878788], [79.5868686868687, 21.38888888888889], [79.57272727272728, 21.38888888888889], [79.57272727272728, 21.37878787878788], [79.5868686868687, 21.37878787878788]]]}, "properties": {"confidence_score": 0.0284, "site_id": "bhandara"}}, {"type": "Feature", "geometry": {"type": "Polygon", "coordinates": [[[79.6010101010101, 21.37878787878788], [79.6010101010101, 21.38888888888889], [79.58686868686868, 21.38888888888889], [79.58686868686868, 21.37878787878788], [79.6010101010101, 21.37878787878788]]]}, "properties": {"confidence_score": 0.0277, "site_id": "bhandara"}}, {"type": "Feature", "geometry": {"type": "Polygon", "coordinates": [[[79.61515151515152, 21.37878787878788], [79.61515151515152, 21.38888888888889], [79.6010101010101, 21.38888888888889], [79.6010101010101, 21.37878787878788], [79.61515151515152, 21.37878787878788]]]}, "properties": {"confidence_score": 0.0415, "site_id": "bhandara"}}, {"type": "Feature", "geometry": {"type": "Polygon", "coordinates": [[[79.62929292929293, 21.37878787878788], [79.62929292929293, 21.38888888888889], [79.61515151515151, 21.38888888888889], [79.61515151515151, 21.37878787878788], [79.62929292929293, 21.37878787878788]]]}, "properties": {"confidence_score": 0.0633, "site_id": "bhandara"}}, {"type": "Feature", "geometry": {"type": "Polygon", "coordinates": [[[79.64343434343435, 21.37878787878788], [79.64343434343435, 21.38888888888889], [79.62929292929293, 21.38888888888889], [79.62929292929293, 21.37878787878788], [79.64343434343435, 21.37878787878788]]]}, "properties": {"confidence_score": 0.0712, "site_id": "bhandara"}}, {"type": "Feature", "geometry": {"type": "Polygon", "coordinates": [[[79.65757575757576, 21.37878787878788], [79.65757575757576, 21.38888888888889], [79.64343434343434, 21.38888888888889], [79.64343434343434, 21.37878787878788], [79.65757575757576, 21.37878787878788]]]}, "properties": {"confidence_score": 0.0709, "site_id": "bhandara"}}, {"type": "Feature", "geometry": {"type": "Polygon", "coordinates": [[[79.67171717171718, 21.37878787878788], [79.67171717171718, 21.38888888888889], [79.65757575757576, 21.38888888888889], [79.65757575757576, 21.37878787878788], [79.67171717171718, 21.37878787878788]]]}, "properties": {"confidence_score": 0.0749, "site_id": "bhandara"}}, {"type": "Feature", "geometry": {"type": "Polygon", "coordinates": [[[79.6858585858586, 21.37878787878788], [79.6858585858586, 21.38888888888889], [79.67171717171718, 21.38888888888889], [79.67171717171718, 21.37878787878788], [79.6858585858586, 21.37878787878788]]]}, "properties": {"confidence_score": 0.0807, "site_id": "bhandara"}}, {"type": "Feature", "geometry": {"type": "Polygon", "coordinates": [[[79.7, 21.37878787878788], [79.7, 21.38888888888889], [79.68585858585858, 21.38888888888889], [79.68585858585858, 21.37878787878788], [79.7, 21.37878787878788]]]}, "properties": {"confidence_score": 0.1265, "site_id": "bhandara"}}, {"type": "Feature", "geometry": {"type": "Polygon", "coordinates": [[[79.71414141414142, 21.37878787878788], [79.71414141414142, 21.38888888888889], [79.7, 21.38888888888889], [79.7, 21.37878787878788], [79.71414141414142, 21.37878787878788]]]}, "properties": {"confidence_score": 0.2273, "site_id": "bhandara"}}, {"type": "Feature", "geometry": {"type": "Polygon", "coordinates": [[[79.72828282828283, 21.37878787878788], [79.72828282828283, 21.38888888888889], [79.71414141414141, 21.38888888888889], [79.71414141414141, 21.37878787878788], [79.72828282828283, 21.37878787878788]]]}, "properties": {"confidence_score": 0.3308, "site_id": "bhandara"}}, {"type": "Feature", "geometry": {"type": "Polygon", "coordinates": [[[79.74242424242425, 21.37878787878788], [79.74242424242425, 21.38888888888889], [79.72828282828283, 21.38888888888889], [79.72828282828283, 21.37878787878788], [79.74242424242425, 21.37878787878788]]]}, "properties": {"confidence_score": 0.4101, "site_id": "bhandara"}}, {"type": "Feature", "geometry": {"type": "Polygon", "coordinates": [[[79.75656565656567, 21.37878787878788], [79.75656565656567, 21.38888888888889], [79.74242424242425, 21.38888888888889], [79.74242424242425, 21.37878787878788], [79.75656565656567, 21.37878787878788]]]}, "properties": {"confidence_score": 0.4278, "site_id": "bhandara"}}, {"type": "Feature", "geometry": {"type": "Polygon", "coordinates": [[[79.77070707070708, 21.37878787878788], [79.77070707070708, 21.38888888888889], [79.75656565656566, 21.38888888888889], [79.75656565656566, 21.37878787878788], [79.77070707070708, 21.37878787878788]]]}, "properties": {"confidence_score": 0.3888, "site_id": "bhandara"}}, {"type": "Feature", "geometry": {"type": "Polygon", "coordinates": [[[79.7848484848485, 21.37878787878788], [79.7848484848485, 21.38888888888889], [79.77070707070708, 21.38888888888889], [79.77070707070708, 21.37878787878788], [79.7848484848485, 21.37878787878788]]]}, "properties": {"confidence_score": 0.2885, "site_id": "bhandara"}}, {"type": "Feature", "geometry": {"type": "Polygon", "coordinates": [[[79.7989898989899, 21.37878787878788], [79.7989898989899, 21.38888888888889], [79.78484848484848, 21.38888888888889], [79.78484848484848, 21.37878787878788], [79.7989898989899, 21.37878787878788]]]}, "properties": {"confidence_score": 0.1464, "site_id": "bhandara"}}, {"type": "Feature", "geometry": {"type": "Polygon", "coordinates": [[[79.51616161616163, 21.38888888888889], [79.51616161616163, 21.3989898989899], [79.5020202020202, 21.3989898989899], [79.5020202020202, 21.38888888888889], [79.51616161616163, 21.38888888888889]]]}, "properties": {"confidence_score": 0.0656, "site_id": "bhandara"}}, {"type": "Feature", "geometry": {"type": "Polygon", "coordinates": [[[79.53030303030303, 21.38888888888889], [79.53030303030303, 21.3989898989899], [79.51616161616161, 21.3989898989899], [79.51616161616161, 21.38888888888889], [79.53030303030303, 21.38888888888889]]]}, "properties": {"confidence_score": 0.0857, "site_id": "bhandara"}}, {"type": "Feature", "geometry": {"type": "Polygon", "coordinates": [[[79.54444444444445, 21.38888888888889], [79.54444444444445, 21.3989898989899], [79.53030303030303, 21.3989898989899], [79.53030303030303, 21.38888888888889], [79.54444444444445, 21.38888888888889]]]}, "properties": {"confidence_score": 0.0951, "site_id": "bhandara"}}, {"type": "Feature", "geometry": {"type": "Polygon", "coordinates": [[[79.55858585858586, 21.38888888888889], [79.55858585858586, 21.3989898989899], [79.54444444444444, 21.3989898989899], [79.54444444444444, 21.38888888888889], [79.55858585858586, 21.38888888888889]]]}, "properties": {"confidence_score": 0.0738, "site_id": "bhandara"}}, {"type": "Feature", "geometry": {"type": "Polygon", "coordinates": [[[79.57272727272728, 21.38888888888889], [79.57272727272728, 21.3989898989899], [79.55858585858586, 21.3989898989899], [79.55858585858586, 21.38888888888889], [79.57272727272728, 21.38888888888889]]]}, "properties": {"confidence_score": 0.036, "site_id": "bhandara"}}, {"type": "Feature", "geometry": {"type": "Polygon", "coordinates": [[[79.5868686868687, 21.38888888888889], [79.5868686868687, 21.3989898989899], [79.57272727272728, 21.3989898989899], [79.57272727272728, 21.38888888888889], [79.5868686868687, 21.38888888888889]]]}, "properties": {"confidence_score": 0.0239, "site_id": "bhandara"}}, {"type": "Feature", "geometry": {"type": "Polygon", "coordinates": [[[79.6010101010101, 21.38888888888889], [79.6010101010101, 21.3989898989899], [79.58686868686868, 21.3989898989899], [79.58686868686868, 21.38888888888889], [79.6010101010101, 21.38888888888889]]]}, "properties": {"confidence_score": 0.0255, "site_id": "bhandara"}}, {"type": "Feature", "geometry": {"type": "Polygon", "coordinates": [[[79.61515151515152, 21.38888888888889], [79.61515151515152, 21.3989898989899], [79.6010101010101, 21.3989898989899], [79.6010101010101, 21.38888888888889], [79.61515151515152, 21.38888888888889]]]}, "properties": {"confidence_score": 0.042, "site_id": "bhandara"}}, {"type": "Feature", "geometry": {"type": "Polygon", "coordinates": [[[79.62929292929293, 21.38888888888889], [79.62929292929293, 21.3989898989899], [79.61515151515151, 21.3989898989899], [79.61515151515151, 21.38888888888889], [79.62929292929293, 21.38888888888889]]]}, "properties": {"confidence_score": 0.0672, "site_id": "bhandara"}}, {"type": "Feature", "geometry": {"type": "Polygon", "coordinates": [[[79.64343434343435, 21.38888888888889], [79.64343434343435, 21.3989898989899], [79.62929292929293, 21.3989898989899], [79.62929292929293, 21.38888888888889], [79.64343434343435, 21.38888888888889]]]}, "properties": {"confidence_score": 0.0777, "site_id": "bhandara"}}, {"type": "Feature", "geometry": {"type": "Polygon", "coordinates": [[[79.65757575757576, 21.38888888888889], [79.65757575757576, 21.3989898989899], [79.64343434343434, 21.3989898989899], [79.64343434343434, 21.38888888888889], [79.65757575757576, 21.38888888888889]]]}, "properties": {"confidence_score": 0.0772, "site_id": "bhandara"}}, {"type": "Feature", "geometry": {"type": "Polygon", "coordinates": [[[79.67171717171718, 21.38888888888889], [79.67171717171718, 21.3989898989899], [79.65757575757576, 21.3989898989899], [79.65757575757576, 21.38888888888889], [79.67171717171718, 21.38888888888889]]]}, "properties": {"confidence_score": 0.0718, "site_id": "bhandara"}}, {"type": "Feature", "geometry": {"type": "Polygon", "coordinates": [[[79.6858585858586, 21.38888888888889], [79.6858585858586, 21.3989898989899], [79.67171717171718, 21.3989898989899], [79.67171717171718, 21.38888888888889], [79.6858585858586, 21.38888888888889]]]}, "properties": {"confidence_score": 0.0618, "site_id": "bhandara"}}, {"type": "Feature", "geometry": {"type": "Polygon", "coordinates": [[[79.7, 21.38888888888889], [79.7, 21.3989898989899], [79.68585858585858, 21.3989898989899], [79.68585858585858, 21.38888888888889], [79.7, 21.38888888888889]]]}, "properties": {"confidence_score": 0.092, "site_id": "bhandara"}}, {"type": "Feature", "geometry": {"type": "Polygon", "coordinates": [[[79.71414141414142, 21.38888888888889], [79.71414141414142, 21.3989898989899], [79.7, 21.3989898989899], [79.7, 21.38888888888889], [79.71414141414142, 21.38888888888889]]]}, "properties": {"confidence_score": 0.1753, "site_id": "bhandara"}}, {"type": "Feature", "geometry": {"type": "Polygon", "coordinates": [[[79.72828282828283, 21.38888888888889], [79.72828282828283, 21.3989898989899], [79.71414141414141, 21.3989898989899], [79.71414141414141, 21.38888888888889], [79.72828282828283, 21.38888888888889]]]}, "properties": {"confidence_score": 0.2489, "site_id": "bhandara"}}, {"type": "Feature", "geometry": {"type": "Polygon", "coordinates": [[[79.74242424242425, 21.38888888888889], [79.74242424242425, 21.3989898989899], [79.72828282828283, 21.3989898989899], [79.72828282828283, 21.38888888888889], [79.74242424242425, 21.38888888888889]]]}, "properties": {"confidence_score": 0.2891, "site_id": "bhandara"}}, {"type": "Feature", "geometry": {"type": "Polygon", "coordinates": [[[79.75656565656567, 21.38888888888889], [79.75656565656567, 21.3989898989899], [79.74242424242425, 21.3989898989899], [79.74242424242425, 21.38888888888889], [79.75656565656567, 21.38888888888889]]]}, "properties": {"confidence_score": 0.3083, "site_id": "bhandara"}}, {"type": "Feature", "geometry": {"type": "Polygon", "coordinates": [[[79.77070707070708, 21.38888888888889], [79.77070707070708, 21.3989898989899], [79.75656565656566, 21.3989898989899], [79.75656565656566, 21.38888888888889], [79.77070707070708, 21.38888888888889]]]}, "properties": {"confidence_score": 0.3084, "site_id": "bhandara"}}, {"type": "Feature", "geometry": {"type": "Polygon", "coordinates": [[[79.7848484848485, 21.38888888888889], [79.7848484848485, 21.3989898989899], [79.77070707070708, 21.3989898989899], [79.77070707070708, 21.38888888888889], [79.7848484848485, 21.38888888888889]]]}, "properties": {"confidence_score": 0.248, "site_id": "bhandara"}}, {"type": "Feature", "geometry": {"type": "Polygon", "coordinates": [[[79.7989898989899, 21.38888888888889], [79.7989898989899, 21.3989898989899], [79.78484848484848, 21.3989898989899], [79.78484848484848, 21.38888888888889], [79.7989898989899, 21.38888888888889]]]}, "properties": {"confidence_score": 0.1457, "site_id": "bhandara"}}, {"type": "Feature", "geometry": {"type": "Polygon", "coordinates": [[[80.11010101010102, 21.7020202020202], [80.11010101010102, 21.71212121212121], [80.0959595959596, 21.71212121212121], [80.0959595959596, 21.7020202020202], [80.11010101010102, 21.7020202020202]]]}, "properties": {"confidence_score": 0.0393, "site_id": "balaghat"}}, {"type": "Feature", "geometry": {"type": "Polygon", "coordinates": [[[80.12424242424242, 21.7020202020202], [80.12424242424242, 21.71212121212121], [80.110101010101, 21.71212121212121], [80.110101010101, 21.7020202020202], [80.12424242424242, 21.7020202020202]]]}, "properties": {"confidence_score": 0.02, "site_id": "balaghat"}}, {"type": "Feature", "geometry": {"type": "Polygon", "coordinates": [[[80.13838383838385, 21.7020202020202], [80.13838383838385, 21.71212121212121], [80.12424242424242, 21.71212121212121], [80.12424242424242, 21.7020202020202], [80.13838383838385, 21.7020202020202]]]}, "properties": {"confidence_score": 0.035, "site_id": "balaghat"}}, {"type": "Feature", "geometry": {"type": "Polygon", "coordinates": [[[80.15252525252527, 21.7020202020202], [80.15252525252527, 21.71212121212121], [80.13838383838385, 21.71212121212121], [80.13838383838385, 21.7020202020202], [80.15252525252527, 21.7020202020202]]]}, "properties": {"confidence_score": 0.0292, "site_id": "balaghat"}}, {"type": "Feature", "geometry": {"type": "Polygon", "coordinates": [[[80.16666666666667, 21.7020202020202], [80.16666666666667, 21.71212121212121], [80.15252525252525, 21.71212121212121], [80.15252525252525, 21.7020202020202], [80.16666666666667, 21.7020202020202]]]}, "properties": {"confidence_score": 0.0483, "site_id": "balaghat"}}, {"type": "Feature", "geometry": {"type": "Polygon", "coordinates": [[[80.18080808080809, 21.7020202020202], [80.18080808080809, 21.71212121212121], [80.16666666666667, 21.71212121212121], [80.16666666666667, 21.7020202020202], [80.18080808080809, 21.7020202020202]]]}, "properties": {"confidence_score": 0.0926, "site_id": "balaghat"}}, {"type": "Feature", "geometry": {"type": "Polygon", "coordinates": [[[80.1949494949495, 21.7020202020202], [80.1949494949495, 21.71212121212121], [80.18080808080808, 21.71212121212121], [80.18080808080808, 21.7020202020202], [80.1949494949495, 21.7020202020202]]]}, "properties": {"confidence_score": 0.2561, "site_id": "balaghat"}}, {"type": "Feature", "geometry": {"type": "Polygon", "coordinates": [[[80.20909090909092, 21.7020202020202], [80.20909090909092, 21.71212121212121], [80.1949494949495, 21.71212121212121], [80.1949494949495, 21.7020202020202], [80.20909090909092, 21.7020202020202]]]}, "properties": {"confidence_score": 0.447, "site_id": "balaghat"}}, {"type": "Feature", "geometry": {"type": "Polygon", "coordinates": [[[80.22323232323234, 21.7020202020202], [80.22323232323234, 21.71212121212121], [80.20909090909092, 21.71212121212121], [80.20909090909092, 21.7020202020202], [80.22323232323234, 21.7020202020202]]]}, "properties": {"confidence_score": 0.6969, "site_id": "balaghat"}}, {"type": "Feature", "geometry": {"type": "Polygon", "coordinates": [[[80.23737373737374, 21.7020202020202], [80.23737373737374, 21.71212121212121], [80.22323232323232, 21.71212121212121], [80.22323232323232, 21.7020202020202], [80.23737373737374, 21.7020202020202]]]}, "properties": {"confidence_score": 0.9237, "site_id": "balaghat"}}, {"type": "Feature", "geometry": {"type": "Polygon", "coordinates": [[[80.25151515151516, 21.7020202020202], [80.25151515151516, 21.71212121212121], [80.23737373737374, 21.71212121212121], [80.23737373737374, 21.7020202020202], [80.25151515151516, 21.7020202020202]]]}, "properties": {"confidence_score": 0.9325, "site_id": "balaghat"}}, {"type": "Feature", "geometry": {"type": "Polygon", "coordinates": [[[80.26565656565657, 21.7020202020202], [80.26565656565657, 21.71212121212121], [80.25151515151515, 21.71212121212121], [80.25151515151515, 21.7020202020202], [80.26565656565657, 21.7020202020202]]]}, "properties": {"confidence_score": 0.8924, "site_id": "balaghat"}}, {"type": "Feature", "geometry": {"type": "Polygon", "coordinates": [[[80.27979797979799, 21.7020202020202], [80.27979797979799, 21.71212121212121], [80.26565656565657, 21.71212121212121], [80.26565656565657, 21.7020202020202], [80.27979797979799, 21.7020202020202]]]}, "properties": {"confidence_score": 0.5876, "site_id": "balaghat"}}, {"type": "Feature", "geometry": {"type": "Polygon", "coordinates": [[[80.2939393939394, 21.7020202020202], [80.2939393939394, 21.71212121212121], [80.27979797979798, 21.71212121212121], [80.27979797979798, 21.7020202020202], [80.2939393939394, 21.7020202020202]]]}, "properties": {"confidence_score": 0.3224, "site_id": "balaghat"}}, {"type": "Feature", "geometry": {"type": "Polygon", "coordinates": [[[80.30808080808082, 21.7020202020202], [80.30808080808082, 21.71212121212121], [80.2939393939394, 21.71212121212121], [80.2939393939394, 21.7020202020202], [80.30808080808082, 21.7020202020202]]]}, "properties": {"confidence_score": 0.1655, "site_id": "balaghat"}}, {"type": "Feature", "geometry": {"type": "Polygon", "coordinates": [[[80.32222222222224, 21.7020202020202], [80.32222222222224, 21.71212121212121], [80.30808080808082, 21.71212121212121], [80.30808080808082, 21.7020202020202], [80.32222222222224, 21.7020202020202]]]}, "properties": {"confidence_score": 0.0688, "site_id": "balaghat"}}, {"type": "Feature", "geometry": {"type": "Polygon", "coordinates": [[[80.33636363636364, 21.7020202020202], [80.33636363636364, 21.71212121212121], [80.32222222222222, 21.71212121212121], [80.32222222222222, 21.7020202020202], [80.33636363636364, 21.7020202020202]]]}, "properties": {"confidence_score": 0.0523, "site_id": "balaghat"}}, {"type": "Feature", "geometry": {"type": "Polygon", "coordinates": [[[80.35050505050506, 21.7020202020202], [80.35050505050506, 21.71212121212121], [80.33636363636364, 21.71212121212121], [80.33636363636364, 21.7020202020202], [80.35050505050506, 21.7020202020202]]]}, "properties": {"confidence_score": 0.047, "site_id": "balaghat"}}, {"type": "Feature", "geometry": {"type": "Polygon", "coordinates": [[[80.36464646464647, 21.7020202020202], [80.36464646464647, 21.71212121212121], [80.35050505050505, 21.71212121212121], [80.35050505050505, 21.7020202020202], [80.36464646464647, 21.7020202020202]]]}, "properties": {"confidence_score": 0.0518, "site_id": "balaghat"}}, {"type": "Feature", "geometry": {"type": "Polygon", "coordinates": [[[80.37878787878789, 21.7020202020202], [80.37878787878789, 21.71212121212121], [80.36464646464647, 21.71212121212121], [80.36464646464647, 21.7020202020202], [80.37878787878789, 21.7020202020202]]]}, "properties": {"confidence_score": 0.0552, "site_id": "balaghat"}}, {"type": "Feature", "geometry": {"type": "Polygon", "coordinates": [[[80.3929292929293, 21.7020202020202], [80.3929292929293, 21.71212121212121], [80.37878787878788, 21.71212121212121], [80.37878787878788, 21.7020202020202], [80.3929292929293, 21.7020202020202]]]}, "properties": {"confidence_score": 0.0698, "site_id": "balaghat"}}, {"type": "Feature", "geometry": {"type": "Polygon", "coordinates": [[[80.40707070707072, 21.7020202020202], [80.40707070707072, 21.71212121212121], [80.3929292929293, 21.71212121212121], [80.3929292929293, 21.7020202020202], [80.40707070707072, 21.7020202020202]]]}, "properties": {"confidence_score": 0.0947, "site_id": "balaghat"}}, {"type": "Feature", "geometry": {"type": "Polygon", "coordinates": [[[80.11010101010102, 21.71212121212121], [80.11010101010102, 21.72222222222222], [80.0959595959596, 21.72222222222222], [80.0959595959596, 21.71212121212121], [80.11010101010102, 21.71212121212121]]]}, "properties": {"confidence_score": 0.1251, "site_id": "balaghat"}}, {"type": "Feature", "geometry": {"type": "Polygon", "coordinates": [[[80.12424242424242, 21.71212121212121], [80.12424242424242, 21.72222222222222], [80.110101010101, 21.72222222222222], [80.110101010101, 21.71212121212121], [80.12424242424242, 21.71212121212121]]]}, "properties": {"confidence_score": 0.0958, "site_id": "balaghat"}}, {"type": "Feature", "geometry": {"type": "Polygon", "coordinates": [[[80.13838383838385, 21.71212121212121], [80.13838383838385, 21.72222222222222], [80.12424242424242, 21.72222222222222], [80.12424242424242, 21.71212121212121], [80.13838383838385, 21.71212121212121]]]}, "properties": {"confidence_score": 0.0998, "site_id": "balaghat"}}, {"type": "Feature", "geometry": {"type": "Polygon", "coordinates": [[[80.15252525252527, 21.71212121212121], [80.15252525252527, 21.72222222222222], [80.13838383838385, 21.72222222222222], [80.13838383838385, 21.71212121212121], [80.15252525252527, 21.71212121212121]]]}, "properties": {"confidence_score": 0.0708, "site_id": "balaghat"}}, {"type": "Feature", "geometry": {"type": "Polygon", "coordinates": [[[80.16666666666667, 21.71212121212121], [80.16666666666667, 21.72222222222222], [80.15252525252525, 21.72222222222222], [80.15252525252525, 21.71212121212121], [80.16666666666667, 21.71212121212121]]]}, "properties": {"confidence_score": 0.1112, "site_id": "balaghat"}}, {"type": "Feature", "geometry": {"type": "Polygon", "coordinates": [[[80.18080808080809, 21.71212121212121], [80.18080808080809, 21.72222222222222], [80.16666666666667, 21.72222222222222], [80.16666666666667, 21.71212121212121], [80.18080808080809, 21.71212121212121]]]}, "properties": {"confidence_score": 0.1349, "site_id": "balaghat"}}, {"type": "Feature", "geometry": {"type": "Polygon", "coordinates": [[[80.1949494949495, 21.71212121212121], [80.1949494949495, 21.72222222222222], [80.18080808080808, 21.72222222222222], [80.18080808080808, 21.71212121212121], [80.1949494949495, 21.71212121212121]]]}, "properties": {"confidence_score": 0.2569, "site_id": "balaghat"}}, {"type": "Feature", "geometry": {"type": "Polygon", "coordinates": [[[80.20909090909092, 21.71212121212121], [80.20909090909092, 21.72222222222222], [80.1949494949495, 21.72222222222222], [80.1949494949495, 21.71212121212121], [80.20909090909092, 21.71212121212121]]]}, "properties": {"confidence_score": 0.3703, "site_id": "balaghat"}}, {"type": "Feature", "geometry": {"type": "Polygon", "coordinates": [[[80.22323232323234, 21.71212121212121], [80.22323232323234, 21.72222222222222], [80.20909090909092, 21.72222222222222], [80.20909090909092, 21.71212121212121], [80.22323232323234, 21.71212121212121]]]}, "properties": {"confidence_score": 0.6034, "site_id": "balaghat"}}, {"type": "Feature", "geometry": {"type": "Polygon", "coordinates": [[[80.23737373737374, 21.71212121212121], [80.23737373737374, 21.72222222222222], [80.22323232323232, 21.72222222222222], [80.22323232323232, 21.71212121212121], [80.23737373737374, 21.71212121212121]]]}, "properties": {"confidence_score": 0.8419, "site_id": "balaghat"}}, {"type": "Feature", "geometry": {"type": "Polygon", "coordinates": [[[80.25151515151516, 21.71212121212121], [80.25151515151516, 21.72222222222222], [80.23737373737374, 21.72222222222222], [80.23737373737374, 21.71212121212121], [80.25151515151516, 21.71212121212121]]]}, "properties": {"confidence_score": 0.8167, "site_id": "balaghat"}}, {"type": "Feature", "geometry": {"type": "Polygon", "coordinates": [[[80.26565656565657, 21.71212121212121], [80.26565656565657, 21.72222222222222], [80.25151515151515, 21.72222222222222], [80.25151515151515, 21.71212121212121], [80.26565656565657, 21.71212121212121]]]}, "properties": {"confidence_score": 0.8295, "site_id": "balaghat"}}, {"type": "Feature", "geometry": {"type": "Polygon", "coordinates": [[[80.27979797979799, 21.71212121212121], [80.27979797979799, 21.72222222222222], [80.26565656565657, 21.72222222222222], [80.26565656565657, 21.71212121212121], [80.27979797979799, 21.71212121212121]]]}, "properties": {"confidence_score": 0.5139, "site_id": "balaghat"}}, {"type": "Feature", "geometry": {"type": "Polygon", "coordinates": [[[80.2939393939394, 21.71212121212121], [80.2939393939394, 21.72222222222222], [80.27979797979798, 21.72222222222222], [80.27979797979798, 21.71212121212121], [80.2939393939394, 21.71212121212121]]]}, "properties": {"confidence_score": 0.2683, "site_id": "balaghat"}}, {"type": "Feature", "geometry": {"type": "Polygon", "coordinates": [[[80.30808080808082, 21.71212121212121], [80.30808080808082, 21.72222222222222], [80.2939393939394, 21.72222222222222], [80.2939393939394, 21.71212121212121], [80.30808080808082, 21.71212121212121]]]}, "properties": {"confidence_score": 0.1419, "site_id": "balaghat"}}, {"type": "Feature", "geometry": {"type": "Polygon", "coordinates": [[[80.32222222222224, 21.71212121212121], [80.32222222222224, 21.72222222222222], [80.30808080808082, 21.72222222222222], [80.30808080808082, 21.71212121212121], [80.32222222222224, 21.71212121212121]]]}, "properties": {"confidence_score": 0.0486, "site_id": "balaghat"}}, {"type": "Feature", "geometry": {"type": "Polygon", "coordinates": [[[80.33636363636364, 21.71212121212121], [80.33636363636364, 21.72222222222222], [80.32222222222222, 21.72222222222222], [80.32222222222222, 21.71212121212121], [80.33636363636364, 21.71212121212121]]]}, "properties": {"confidence_score": 0.0564, "site_id": "balaghat"}}, {"type": "Feature", "geometry": {"type": "Polygon", "coordinates": [[[80.35050505050506, 21.71212121212121], [80.35050505050506, 21.72222222222222], [80.33636363636364, 21.72222222222222], [80.33636363636364, 21.71212121212121], [80.35050505050506, 21.71212121212121]]]}, "properties": {"confidence_score": 0.0592, "site_id": "balaghat"}}, {"type": "Feature", "geometry": {"type": "Polygon", "coordinates": [[[80.36464646464647, 21.71212121212121], [80.36464646464647, 21.72222222222222], [80.35050505050505, 21.72222222222222], [80.35050505050505, 21.71212121212121], [80.36464646464647, 21.71212121212121]]]}, "properties": {"confidence_score": 0.0629, "site_id": "balaghat"}}, {"type": "Feature", "geometry": {"type": "Polygon", "coordinates": [[[80.37878787878789, 21.71212121212121], [80.37878787878789, 21.72222222222222], [80.36464646464647, 21.72222222222222], [80.36464646464647, 21.71212121212121], [80.37878787878789, 21.71212121212121]]]}, "properties": {"confidence_score": 0.0641, "site_id": "balaghat"}}, {"type": "Feature", "geometry": {"type": "Polygon", "coordinates": [[[80.3929292929293, 21.71212121212121], [80.3929292929293, 21.72222222222222], [80.37878787878788, 21.72222222222222], [80.37878787878788, 21.71212121212121], [80.3929292929293, 21.71212121212121]]]}, "properties": {"confidence_score": 0.0817, "site_id": "balaghat"}}, {"type": "Feature", "geometry": {"type": "Polygon", "coordinates": [[[80.40707070707072, 21.71212121212121], [80.40707070707072, 21.72222222222222], [80.3929292929293, 21.72222222222222], [80.3929292929293, 21.71212121212121], [80.40707070707072, 21.71212121212121]]]}, "properties": {"confidence_score": 0.121, "site_id": "balaghat"}}, {"type": "Feature", "geometry": {"type": "Polygon", "coordinates": [[[80.11010101010102, 21.72222222222222], [80.11010101010102, 21.732323232323232], [80.0959595959596, 21.732323232323232], [80.0959595959596, 21.72222222222222], [80.11010101010102, 21.72222222222222]]]}, "properties": {"confidence_score": 0.2965, "site_id": "balaghat"}}, {"type": "Feature", "geometry": {"type": "Polygon", "coordinates": [[[80.12424242424242, 21.72222222222222], [80.12424242424242, 21.732323232323232], [80.110101010101, 21.732323232323232], [80.110101010101, 21.72222222222222], [80.12424242424242, 21.72222222222222]]]}, "properties": {"confidence_score": 0.3233, "site_id": "balaghat"}}, {"type": "Feature", "geometry": {"type": "Polygon", "coordinates": [[[80.13838383838385, 21.72222222222222], [80.13838383838385, 21.732323232323232], [80.12424242424242, 21.732323232323232], [80.12424242424242, 21.72222222222222], [80.13838383838385, 21.72222222222222]]]}, "properties": {"confidence_score": 0.2275, "site_id": "balaghat"}}, {"type": "Feature", "geometry": {"type": "Polygon", "coordinates": [[[80.15252525252527, 21.72222222222222], [80.15252525252527, 21.732323232323232], [80.13838383838385, 21.732323232323232], [80.13838383838385, 21.72222222222222], [80.15252525252527, 21.72222222222222]]]}, "properties": {"confidence_score": 0.1692, "site_id": "balaghat"}}, {"type": "Feature", "geometry": {"type": "Polygon", "coordinates": [[[80.16666666666667, 21.72222222222222], [80.16666666666667, 21.732323232323232], [80.15252525252525, 21.732323232323232], [80.15252525252525, 21.72222222222222], [80.16666666666667, 21.72222222222222]]]}, "properties": {"confidence_score": 0.2518, "site_id": "balaghat"}}, {"type": "Feature", "geometry": {"type": "Polygon", "coordinates": [[[80.18080808080809, 21.72222222222222], [80.18080808080809, 21.732323232323232], [80.16666666666667, 21.732323232323232], [80.16666666666667, 21.72222222222222], [80.18080808080809, 21.72222222222222]]]}, "properties": {"confidence_score": 0.3192, "site_id": "balaghat"}}, {"type": "Feature", "geometry": {"type": "Polygon", "coordinates": [[[80.1949494949495, 21.72222222222222], [80.1949494949495, 21.732323232323232], [80.18080808080808, 21.732323232323232], [80.18080808080808, 21.72222222222222], [80.1949494949495, 21.72222222222222]]]}, "properties": {"confidence_score": 0.3183, "site_id": "balaghat"}}, {"type": "Feature", "geometry": {"type": "Polygon", "coordinates": [[[80.20909090909092, 21.72222222222222], [80.20909090909092, 21.732323232323232], [80.1949494949495, 21.732323232323232], [80.1949494949495, 21.72222222222222], [80.20909090909092, 21.72222222222222]]]}, "properties": {"confidence_score": 0.3384, "site_id": "balaghat"}}, {"type": "Feature", "geometry": {"type": "Polygon", "coordinates": [[[80.22323232323234, 21.72222222222222], [80.22323232323234, 21.732323232323232], [80.20909090909092, 21.732323232323232], [80.20909090909092, 21.72222222222222], [80.22323232323234, 21.72222222222222]]]}, "properties": {"confidence_score": 0.4639, "site_id": "balaghat"}}, {"type": "Feature", "geometry": {"type": "Polygon", "coordinates": [[[80.23737373737374, 21.72222222222222], [80.23737373737374, 21.732323232323232], [80.22323232323232, 21.732323232323232], [80.22323232323232, 21.72222222222222], [80.23737373737374, 21.72222222222222]]]}, "properties": {"confidence_score": 0.563, "site_id": "balaghat"}}, {"type": "Feature", "geometry": {"type": "Polygon", "coordinates": [[[80.25151515151516, 21.72222222222222], [80.25151515151516, 21.732323232323232], [80.23737373737374, 21.732323232323232], [80.23737373737374, 21.72222222222222], [80.25151515151516, 21.72222222222222]]]}, "properties": {"confidence_score": 0.589, "site_id": "balaghat"}}, {"type": "Feature", "geometry": {"type": "Polygon", "coordinates": [[[80.26565656565657, 21.72222222222222], [80.26565656565657, 21.732323232323232], [80.25151515151515, 21.732323232323232], [80.25151515151515, 21.72222222222222], [80.26565656565657, 21.72222222222222]]]}, "properties": {"confidence_score": 0.5295, "site_id": "balaghat"}}, {"type": "Feature", "geometry": {"type": "Polygon", "coordinates": [[[80.27979797979799, 21.72222222222222], [80.27979797979799, 21.732323232323232], [80.26565656565657, 21.732323232323232], [80.26565656565657, 21.72222222222222], [80.27979797979799, 21.72222222222222]]]}, "properties": {"confidence_score": 0.3978, "site_id": "balaghat"}}, {"type": "Feature", "geometry": {"type": "Polygon", "coordinates": [[[80.2939393939394, 21.72222222222222], [80.2939393939394, 21.732323232323232], [80.27979797979798, 21.732323232323232], [80.27979797979798, 21.72222222222222], [80.2939393939394, 21.72222222222222]]]}, "properties": {"confidence_score": 0.2456, "site_id": "balaghat"}}, {"type": "Feature", "geometry": {"type": "Polygon", "coordinates": [[[80.30808080808082, 21.72222222222222], [80.30808080808082, 21.732323232323232], [80.2939393939394, 21.732323232323232], [80.2939393939394, 21.72222222222222], [80.30808080808082, 21.72222222222222]]]}, "properties": {"confidence_score": 0.136, "site_id": "balaghat"}}, {"type": "Feature", "geometry": {"type": "Polygon", "coordinates": [[[80.32222222222224, 21.72222222222222], [80.32222222222224, 21.732323232323232], [80.30808080808082, 21.732323232323232], [80.30808080808082, 21.72222222222222], [80.32222222222224, 21.72222222222222]]]}, "properties": {"confidence_score": 0.0624, "site_id": "balaghat"}}, {"type": "Feature", "geometry": {"type": "Polygon", "coordinates": [[[80.33636363636364, 21.72222222222222], [80.33636363636364, 21.732323232323232], [80.32222222222222, 21.732323232323232], [80.32222222222222, 21.72222222222222], [80.33636363636364, 21.72222222222222]]]}, "properties": {"confidence_score": 0.0749, "site_id": "balaghat"}}, {"type": "Feature", "geometry": {"type": "Polygon", "coordinates": [[[80.35050505050506, 21.72222222222222], [80.35050505050506, 21.732323232323232], [80.33636363636364, 21.732323232323232], [80.33636363636364, 21.72222222222222], [80.35050505050506, 21.72222222222222]]]}, "properties": {"confidence_score": 0.0956, "site_id": "balaghat"}}, {"type": "Feature", "geometry": {"type": "Polygon", "coordinates": [[[80.36464646464647, 21.72222222222222], [80.36464646464647, 21.732323232323232], [80.35050505050505, 21.732323232323232], [80.35050505050505, 21.72222222222222], [80.36464646464647, 21.72222222222222]]]}, "properties": {"confidence_score": 0.0704, "site_id": "balaghat"}}, {"type": "Feature", "geometry": {"type": "Polygon", "coordinates": [[[80.37878787878789, 21.72222222222222], [80.37878787878789, 21.732323232323232], [80.36464646464647, 21.732323232323232], [80.36464646464647, 21.72222222222222], [80.37878787878789, 21.72222222222222]]]}, "properties": {"confidence_score": 0.0485, "site_id": "balaghat"}}, {"type": "Feature", "geometry": {"type": "Polygon", "coordinates": [[[80.3929292929293, 21.72222222222222], [80.3929292929293, 21.732323232323232], [80.37878787878788, 21.732323232323232], [80.37878787878788, 21.72222222222222], [80.3929292929293, 21.72222222222222]]]}, "properties": {"confidence_score": 0.0692, "site_id": "balaghat"}}, {"type": "Feature", "geometry": {"type": "Polygon", "coordinates": [[[80.40707070707072, 21.72222222222222], [80.40707070707072, 21.732323232323232], [80.3929292929293, 21.732323232323232], [80.3929292929293, 21.72222222222222], [80.40707070707072, 21.72222222222222]]]}, "properties": {"confidence_score": 0.0915, "site_id": "balaghat"}}, {"type": "Feature", "geometry": {"type": "Polygon", "coordinates": [[[80.11010101010102, 21.732323232323232], [80.11010101010102, 21.742424242424242], [80.0959595959596, 21.742424242424242], [80.0959595959596, 21.732323232323232], [80.11010101010102, 21.732323232323232]]]}, "properties": {"confidence_score": 0.4749, "site_id": "balaghat"}}, {"type": "Feature", "geometry": {"type": "Polygon", "coordinates": [[[80.12424242424242, 21.732323232323232], [80.12424242424242, 21.742424242424242], [80.110101010101, 21.742424242424242], [80.110101010101, 21.732323232323232], [80.12424242424242, 21.732323232323232]]]}, "properties": {"confidence_score": 0.5541, "site_id": "balaghat"}}, {"type": "Feature", "geometry": {"type": "Polygon", "coordinates": [[[80.13838383838385, 21.732323232323232], [80.13838383838385, 21.742424242424242], [80.12424242424242, 21.742424242424242], [80.12424242424242, 21.732323232323232], [80.13838383838385, 21.732323232323232]]]}, "properties": {"confidence_score": 0.3877, "site_id": "balaghat"}}, {"type": "Feature", "geometry": {"type": "Polygon", "coordinates": [[[80.15252525252527, 21.732323232323232], [80.15252525252527, 21.742424242424242], [80.13838383838385, 21.742424242424242], [80.13838383838385, 21.732323232323232], [80.15252525252527, 21.732323232323232]]]}, "properties": {"confidence_score": 0.2934, "site_id": "balaghat"}}, {"type": "Feature", "geometry": {"type": "Polygon", "coordinates": [[[80.16666666666667, 21.732323232323232], [80.16666666666667, 21.742424242424242], [80.15252525252525, 21.742424242424242], [80.15252525252525, 21.732323232323232], [80.16666666666667, 21.732323232323232]]]}, "properties": {"confidence_score": 0.4318, "site_id": "balaghat"}}, {"type": "Feature", "geometry": {"type": "Polygon", "coordinates": [[[80.18080808080809, 21.732323232323232], [80.18080808080809, 21.742424242424242], [80.16666666666667, 21.742424242424242], [80.16666666666667, 21.732323232323232], [80.18080808080809, 21.732323232323232]]]}, "properties": {"confidence_score": 0.5256, "site_id": "balaghat"}}, {"type": "Feature", "geometry": {"type": "Polygon", "coordinates": [[[80.1949494949495, 21.732323232323232], [80.1949494949495, 21.742424242424242], [80.18080808080808, 21.742424242424242], [80.18080808080808, 21.732323232323232], [80.1949494949495, 21.732323232323232]]]}, "properties": {"confidence_score": 0.4242, "site_id": "balaghat"}}, {"type": "Feature", "geometry": {"type": "Polygon", "coordinates": [[[80.20909090909092, 21.732323232323232], [80.20909090909092, 21.742424242424242], [80.1949494949495, 21.742424242424242], [80.1949494949495, 21.732323232323232], [80.20909090909092, 21.732323232323232]]]}, "properties": {"confidence_score": 0.3355, "site_id": "balaghat"}}, {"type": "Feature", "geometry": {"type": "Polygon", "coordinates": [[[80.22323232323234, 21.732323232323232], [80.22323232323234, 21.742424242424242], [80.20909090909092, 21.742424242424242], [80.20909090909092, 21.732323232323232], [80.22323232323234, 21.732323232323232]]]}, "properties": {"confidence_score": 0.3785, "site_id": "balaghat"}}, {"type": "Feature", "geometry": {"type": "Polygon", "coordinates": [[[80.23737373737374, 21.732323232323232], [80.23737373737374, 21.742424242424242], [80.22323232323232, 21.742424242424242], [80.22323232323232, 21.732323232323232], [80.23737373737374, 21.732323232323232]]]}, "properties": {"confidence_score": 0.3881, "site_id": "balaghat"}}, {"type": "Feature", "geometry": {"type": "Polygon", "coordinates": [[[80.25151515151516, 21.732323232323232], [80.25151515151516, 21.742424242424242], [80.23737373737374, 21.742424242424242], [80.23737373737374, 21.732323232323232], [80.25151515151516, 21.732323232323232]]]}, "properties": {"confidence_score": 0.4189, "site_id": "balaghat"}}, {"type": "Feature", "geometry": {"type": "Polygon", "coordinates": [[[80.26565656565657, 21.732323232323232], [80.26565656565657, 21.742424242424242], [80.25151515151515, 21.742424242424242], [80.25151515151515, 21.732323232323232], [80.26565656565657, 21.732323232323232]]]}, "properties": {"confidence_score": 0.3428, "site_id": "balaghat"}}, {"type": "Feature", "geometry": {"type": "Polygon", "coordinates": [[[80.27979797979799, 21.732323232323232], [80.27979797979799, 21.742424242424242], [80.26565656565657, 21.742424242424242], [80.26565656565657, 21.732323232323232], [80.27979797979799, 21.732323232323232]]]}, "properties": {"confidence_score": 0.3138, "site_id": "balaghat"}}, {"type": "Feature", "geometry": {"type": "Polygon", "coordinates": [[[80.2939393939394, 21.732323232323232], [80.2939393939394, 21.742424242424242], [80.27979797979798, 21.742424242424242], [80.27979797979798, 21.732323232323232], [80.2939393939394, 21.732323232323232]]]}, "properties": {"confidence_score": 0.227, "site_id": "balaghat"}}, {"type": "Feature", "geometry": {"type": "Polygon", "coordinates": [[[80.30808080808082, 21.732323232323232], [80.30808080808082, 21.742424242424242], [80.2939393939394, 21.742424242424242], [80.2939393939394, 21.732323232323232], [80.30808080808082, 21.732323232323232]]]}, "properties": {"confidence_score": 0.1487, "site_id": "balaghat"}}, {"type": "Feature", "geometry": {"type": "Polygon", "coordinates": [[[80.32222222222224, 21.732323232323232], [80.32222222222224, 21.742424242424242], [80.30808080808082, 21.742424242424242], [80.30808080808082, 21.732323232323232], [80.32222222222224, 21.732323232323232]]]}, "properties": {"confidence_score": 0.0753, "site_id": "balaghat"}}, {"type": "Feature", "geometry": {"type": "Polygon", "coordinates": [[[80.33636363636364, 21.732323232323232], [80.33636363636364, 21.742424242424242], [80.32222222222222, 21.742424242424242], [80.32222222222222, 21.732323232323232], [80.33636363636364, 21.732323232323232]]]}, "properties": {"confidence_score": 0.0912, "site_id": "balaghat"}}, {"type": "Feature", "geometry": {"type": "Polygon", "coordinates": [[[80.35050505050506, 21.732323232323232], [80.35050505050506, 21.742424242424242], [80.33636363636364, 21.742424242424242], [80.33636363636364, 21.732323232323232], [80.35050505050506, 21.732323232323232]]]}, "properties": {"confidence_score": 0.1142, "site_id": "balaghat"}}, {"type": "Feature", "geometry": {"type": "Polygon", "coordinates": [[[80.36464646464647, 21.732323232323232], [80.36464646464647, 21.742424242424242], [80.35050505050505, 21.742424242424242], [80.35050505050505, 21.732323232323232], [80.36464646464647, 21.732323232323232]]]}, "properties": {"confidence_score": 0.0689, "site_id": "balaghat"}}, {"type": "Feature", "geometry": {"type": "Polygon", "coordinates": [[[80.37878787878789, 21.732323232323232], [80.37878787878789, 21.742424242424242], [80.36464646464647, 21.742424242424242], [80.36464646464647, 21.732323232323232], [80.37878787878789, 21.732323232323232]]]}, "properties": {"confidence_score": 0.0321, "site_id": "balaghat"}}, {"type": "Feature", "geometry": {"type": "Polygon", "coordinates": [[[80.3929292929293, 21.732323232323232], [80.3929292929293, 21.742424242424242], [80.37878787878788, 21.742424242424242], [80.37878787878788, 21.732323232323232], [80.3929292929293, 21.732323232323232]]]}, "properties": {"confidence_score": 0.057, "site_id": "balaghat"}}, {"type": "Feature", "geometry": {"type": "Polygon", "coordinates": [[[80.40707070707072, 21.732323232323232], [80.40707070707072, 21.742424242424242], [80.3929292929293, 21.742424242424242], [80.3929292929293, 21.732323232323232], [80.40707070707072, 21.732323232323232]]]}, "properties": {"confidence_score": 0.0682, "site_id": "balaghat"}}, {"type": "Feature", "geometry": {"type": "Polygon", "coordinates": [[[80.11010101010102, 21.742424242424242], [80.11010101010102, 21.752525252525253], [80.0959595959596, 21.752525252525253], [80.0959595959596, 21.742424242424242], [80.11010101010102, 21.742424242424242]]]}, "properties": {"confidence_score": 0.6228, "site_id": "balaghat"}}, {"type": "Feature", "geometry": {"type": "Polygon", "coordinates": [[[80.12424242424242, 21.742424242424242], [80.12424242424242, 21.752525252525253], [80.110101010101, 21.752525252525253], [80.110101010101, 21.742424242424242], [80.12424242424242, 21.742424242424242]]]}, "properties": {"confidence_score": 0.7171, "site_id": "balaghat"}}, {"type": "Feature", "geometry": {"type": "Polygon", "coordinates": [[[80.13838383838385, 21.742424242424242], [80.13838383838385, 21.752525252525253], [80.12424242424242, 21.752525252525253], [80.12424242424242, 21.742424242424242], [80.13838383838385, 21.742424242424242]]]}, "properties": {"confidence_score": 0.5544, "site_id": "balaghat"}}, {"type": "Feature", "geometry": {"type": "Polygon", "coordinates": [[[80.15252525252527, 21.742424242424242], [80.15252525252527, 21.752525252525253], [80.13838383838385, 21.752525252525253], [80.13838383838385, 21.742424242424242], [80.15252525252527, 21.742424242424242]]]}, "properties": {"confidence_score": 0.4935, "site_id": "balaghat"}}, {"type": "Feature", "geometry": {"type": "Polygon", "coordinates": [[[80.16666666666667, 21.742424242424242], [80.16666666666667, 21.752525252525253], [80.15252525252525, 21.752525252525253], [80.15252525252525, 21.742424242424242], [80.16666666666667, 21.742424242424242]]]}, "properties": {"confidence_score": 0.623, "site_id": "balaghat"}}, {"type": "Feature", "geometry": {"type": "Polygon", "coordinates": [[[80.18080808080809, 21.742424242424242], [80.18080808080809, 21.752525252525253], [80.16666666666667, 21.752525252525253], [80.16666666666667, 21.742424242424242], [80.18080808080809, 21.742424242424242]]]}, "properties": {"confidence_score": 0.7314, "site_id": "balaghat"}}, {"type": "Feature", "geometry": {"type": "Polygon", "coordinates": [[[80.1949494949495, 21.742424242424242], [80.1949494949495, 21.752525252525253], [80.18080808080808, 21.752525252525253], [80.18080808080808, 21.742424242424242], [80.1949494949495, 21.742424242424242]]]}, "properties": {"confidence_score": 0.5582, "site_id": "balaghat"}}, {"type": "Feature", "geometry": {"type": "Polygon", "coordinates": [[[80.20909090909092, 21.742424242424242], [80.20909090909092, 21.752525252525253], [80.1949494949495, 21.752525252525253], [80.1949494949495, 21.742424242424242], [80.20909090909092, 21.742424242424242]]]}, "properties": {"confidence_score": 0.4259, "site_id": "balaghat"}}, {"type": "Feature", "geometry": {"type": "Polygon", "coordinates": [[[80.22323232323234, 21.742424242424242], [80.22323232323234, 21.752525252525253], [80.20909090909092, 21.752525252525253], [80.20909090909092, 21.742424242424242], [80.22323232323234, 21.742424242424242]]]}, "properties": {"confidence_score": 0.3874, "site_id": "balaghat"}}, {"type": "Feature", "geometry": {"type": "Polygon", "coordinates": [[[80.23737373737374, 21.742424242424242], [80.23737373737374, 21.752525252525253], [80.22323232323232, 21.752525252525253], [80.22323232323232, 21.742424242424242], [80.23737373737374, 21.742424242424242]]]}, "properties": {"confidence_score": 0.3747, "site_id": "balaghat"}}, {"type": "Feature", "geometry": {"type": "Polygon", "coordinates": [[[80.25151515151516, 21.742424242424242], [80.25151515151516, 21.752525252525253], [80.23737373737374, 21.752525252525253], [80.23737373737374, 21.742424242424242], [80.25151515151516, 21.742424242424242]]]}, "properties": {"confidence_score": 0.3884, "site_id": "balaghat"}}, {"type": "Feature", "geometry": {"type": "Polygon", "coordinates": [[[80.26565656565657, 21.742424242424242], [80.26565656565657, 21.752525252525253], [80.25151515151515, 21.752525252525253], [80.25151515151515, 21.742424242424242], [80.26565656565657, 21.742424242424242]]]}, "properties": {"confidence_score": 0.3367, "site_id": "balaghat"}}, {"type": "Feature", "geometry": {"type": "Polygon", "coordinates": [[[80.27979797979799, 21.742424242424242], [80.27979797979799, 21.752525252525253], [80.26565656565657, 21.752525252525253], [80.26565656565657, 21.742424242424242], [80.27979797979799, 21.742424242424242]]]}, "properties": {"confidence_score": 0.3055, "site_id": "balaghat"}}, {"type": "Feature", "geometry": {"type": "Polygon", "coordinates": [[[80.2939393939394, 21.742424242424242], [80.2939393939394, 21.752525252525253], [80.27979797979798, 21.752525252525253], [80.27979797979798, 21.742424242424242], [80.2939393939394, 21.742424242424242]]]}, "properties": {"confidence_score": 0.2418, "site_id": "balaghat"}}, {"type": "Feature", "geometry": {"type": "Polygon", "coordinates": [[[80.30808080808082, 21.742424242424242], [80.30808080808082, 21.752525252525253], [80.2939393939394, 21.752525252525253], [80.2939393939394, 21.742424242424242], [80.30808080808082, 21.742424242424242]]]}, "properties": {"confidence_score": 0.1846, "site_id": "balaghat"}}, {"type": "Feature", "geometry": {"type": "Polygon", "coordinates": [[[80.32222222222224, 21.742424242424242], [80.32222222222224, 21.752525252525253], [80.30808080808082, 21.752525252525253], [80.30808080808082, 21.742424242424242], [80.32222222222224, 21.742424242424242]]]}, "properties": {"confidence_score": 0.1428, "site_id": "balaghat"}}, {"type": "Feature", "geometry": {"type": "Polygon", "coordinates": [[[80.33636363636364, 21.742424242424242], [80.33636363636364, 21.752525252525253], [80.32222222222222, 21.752525252525253], [80.32222222222222, 21.742424242424242], [80.33636363636364, 21.742424242424242]]]}, "properties": {"confidence_score": 0.0975, "site_id": "balaghat"}}, {"type": "Feature", "geometry": {"type": "Polygon", "coordinates": [[[80.35050505050506, 21.742424242424242], [80.35050505050506, 21.752525252525253], [80.33636363636364, 21.752525252525253], [80.33636363636364, 21.742424242424242], [80.35050505050506, 21.742424242424242]]]}, "properties": {"confidence_score": 0.0638, "site_id": "balaghat"}}, {"type": "Feature", "geometry": {"type": "Polygon", "coordinates": [[[80.36464646464647, 21.742424242424242], [80.36464646464647, 21.752525252525253], [80.35050505050505, 21.752525252525253], [80.35050505050505, 21.742424242424242], [80.36464646464647, 21.742424242424242]]]}, "properties": {"confidence_score": 0.0579, "site_id": "balaghat"}}, {"type": "Feature", "geometry": {"type": "Polygon", "coordinates": [[[80.37878787878789, 21.742424242424242], [80.37878787878789, 21.752525252525253], [80.36464646464647, 21.752525252525253], [80.36464646464647, 21.742424242424242], [80.37878787878789, 21.742424242424242]]]}, "properties": {"confidence_score": 0.0555, "site_id": "balaghat"}}, {"type": "Feature", "geometry": {"type": "Polygon", "coordinates": [[[80.3929292929293, 21.742424242424242], [80.3929292929293, 21.752525252525253], [80.37878787878788, 21.752525252525253], [80.37878787878788, 21.742424242424242], [80.3929292929293, 21.742424242424242]]]}, "properties": {"confidence_score": 0.0587, "site_id": "balaghat"}}, {"type": "Feature", "geometry": {"type": "Polygon", "coordinates": [[[80.40707070707072, 21.742424242424242], [80.40707070707072, 21.752525252525253], [80.3929292929293, 21.752525252525253], [80.3929292929293, 21.742424242424242], [80.40707070707072, 21.742424242424242]]]}, "properties": {"confidence_score": 0.0663, "site_id": "balaghat"}}, {"type": "Feature", "geometry": {"type": "Polygon", "coordinates": [[[80.11010101010102, 21.752525252525253], [80.11010101010102, 21.762626262626263], [80.0959595959596, 21.762626262626263], [80.0959595959596, 21.752525252525253], [80.11010101010102, 21.752525252525253]]]}, "properties": {"confidence_score": 0.7459, "site_id": "balaghat"}}, {"type": "Feature", "geometry": {"type": "Polygon", "coordinates": [[[80.12424242424242, 21.752525252525253], [80.12424242424242, 21.762626262626263], [80.110101010101, 21.762626262626263], [80.110101010101, 21.752525252525253], [80.12424242424242, 21.752525252525253]]]}, "properties": {"confidence_score": 0.8692, "site_id": "balaghat"}}, {"type": "Feature", "geometry": {"type": "Polygon", "coordinates": [[[80.13838383838385, 21.752525252525253], [80.13838383838385, 21.762626262626263], [80.12424242424242, 21.762626262626263], [80.12424242424242, 21.752525252525253], [80.13838383838385, 21.752525252525253]]]}, "properties": {"confidence_score": 0.6566, "site_id": "balaghat"}}, {"type": "Feature", "geometry": {"type": "Polygon", "coordinates": [[[80.15252525252527, 21.752525252525253], [80.15252525252527, 21.762626262626263], [80.13838383838385, 21.762626262626263], [80.13838383838385, 21.752525252525253], [80.15252525252527, 21.752525252525253]]]}, "properties": {"confidence_score": 0.6046, "site_id": "balaghat"}}, {"type": "Feature", "geometry": {"type": "Polygon", "coordinates": [[[80.16666666666667, 21.752525252525253], [80.16666666666667, 21.762626262626263], [80.15252525252525, 21.762626262626263], [80.15252525252525, 21.752525252525253], [80.16666666666667, 21.752525252525253]]]}, "properties": {"confidence_score": 0.7547, "site_id": "balaghat"}}, {"type": "Feature", "geometry": {"type": "Polygon", "coordinates": [[[80.18080808080809, 21.752525252525253], [80.18080808080809, 21.762626262626263], [80.16666666666667, 21.762626262626263], [80.16666666666667, 21.752525252525253], [80.18080808080809, 21.752525252525253]]]}, "properties": {"confidence_score": 0.9239, "site_id": "balaghat"}}, {"type": "Feature", "geometry": {"type": "Polygon", "coordinates": [[[80.1949494949495, 21.752525252525253], [80.1949494949495, 21.762626262626263], [80.18080808080808, 21.762626262626263], [80.18080808080808, 21.752525252525253], [80.1949494949495, 21.752525252525253]]]}, "properties": {"confidence_score": 0.6572, "site_id": "balaghat"}}, {"type": "Feature", "geometry": {"type": "Polygon", "coordinates": [[[80.20909090909092, 21.752525252525253], [80.20909090909092, 21.762626262626263], [80.1949494949495, 21.762626262626263], [80.1949494949495, 21.752525252525253], [80.20909090909092, 21.752525252525253]]]}, "properties": {"confidence_score": 0.4982, "site_id": "balaghat"}}, {"type": "Feature", "geometry": {"type": "Polygon", "coordinates": [[[80.22323232323234, 21.752525252525253], [80.22323232323234, 21.762626262626263], [80.20909090909092, 21.762626262626263], [80.20909090909092, 21.752525252525253], [80.22323232323234, 21.752525252525253]]]}, "properties": {"confidence_score": 0.4667, "site_id": "balaghat"}}, {"type": "Feature", "geometry": {"type": "Polygon", "coordinates": [[[80.23737373737374, 21.752525252525253], [80.23737373737374, 21.762626262626263], [80.22323232323232, 21.762626262626263], [80.22323232323232, 21.752525252525253], [80.23737373737374, 21.752525252525253]]]}, "properties": {"confidence_score": 0.4602, "site_id": "balaghat"}}, {"type": "Feature", "geometry": {"type": "Polygon", "coordinates": [[[80.25151515151516, 21.752525252525253], [80.25151515151516, 21.762626262626263], [80.23737373737374, 21.762626262626263], [80.23737373737374, 21.752525252525253], [80.25151515151516, 21.752525252525253]]]}, "properties": {"confidence_score": 0.4917, "site_id": "balaghat"}}, {"type": "Feature", "geometry": {"type": "Polygon", "coordinates": [[[80.26565656565657, 21.752525252525253], [80.26565656565657, 21.762626262626263], [80.25151515151515, 21.762626262626263], [80.25151515151515, 21.752525252525253], [80.26565656565657, 21.752525252525253]]]}, "properties": {"confidence_score": 0.4214, "site_id": "balaghat"}}, {"type": "Feature", "geometry": {"type": "Polygon", "coordinates": [[[80.27979797979799, 21.752525252525253], [80.27979797979799, 21.762626262626263], [80.26565656565657, 21.762626262626263], [80.26565656565657, 21.752525252525253], [80.27979797979799, 21.752525252525253]]]}, "properties": {"confidence_score": 0.3694, "site_id": "balaghat"}}, {"type": "Feature", "geometry": {"type": "Polygon", "coordinates": [[[80.2939393939394, 21.752525252525253], [80.2939393939394, 21.762626262626263], [80.27979797979798, 21.762626262626263], [80.27979797979798, 21.752525252525253], [80.2939393939394, 21.752525252525253]]]}, "properties": {"confidence_score": 0.2761, "site_id": "balaghat"}}, {"type": "Feature", "geometry": {"type": "Polygon", "coordinates": [[[80.30808080808082, 21.752525252525253], [80.30808080808082, 21.762626262626263], [80.2939393939394, 21.762626262626263], [80.2939393939394, 21.752525252525253], [80.30808080808082, 21.752525252525253]]]}, "properties": {"confidence_score": 0.2191, "site_id": "balaghat"}}, {"type": "Feature", "geometry": {"type": "Polygon", "coordinates": [[[80.32222222222224, 21.752525252525253], [80.32222222222224, 21.762626262626263], [80.30808080808082, 21.762626262626263], [80.30808080808082, 21.752525252525253], [80.32222222222224, 21.752525252525253]]]}, "properties": {"confidence_score": 0.1873, "site_id": "balaghat"}}, {"type": "Feature", "geometry": {"type": "Polygon", "coordinates": [[[80.33636363636364, 21.752525252525253], [80.33636363636364, 21.762626262626263], [80.32222222222222, 21.762626262626263], [80.32222222222222, 21.752525252525253], [80.33636363636364, 21.752525252525253]]]}, "properties": {"confidence_score": 0.0983, "site_id": "balaghat"}}, {"type": "Feature", "geometry": {"type": "Polygon", "coordinates": [[[80.35050505050506, 21.752525252525253], [80.35050505050506, 21.762626262626263], [80.33636363636364, 21.762626262626263], [80.33636363636364, 21.752525252525253], [80.35050505050506, 21.752525252525253]]]}, "properties": {"confidence_score": 0.0245, "site_id": "balaghat"}}, {"type": "Feature", "geometry": {"type": "Polygon", "coordinates": [[[80.36464646464647, 21.752525252525253], [80.36464646464647, 21.762626262626263], [80.35050505050505, 21.762626262626263], [80.35050505050505, 21.752525252525253], [80.36464646464647, 21.752525252525253]]]}, "properties": {"confidence_score": 0.0451, "site_id": "balaghat"}}, {"type": "Feature", "geometry": {"type": "Polygon", "coordinates": [[[80.37878787878789, 21.752525252525253], [80.37878787878789, 21.762626262626263], [80.36464646464647, 21.762626262626263], [80.36464646464647, 21.752525252525253], [80.37878787878789, 21.752525252525253]]]}, "properties": {"confidence_score": 0.0635, "site_id": "balaghat"}}, {"type": "Feature", "geometry": {"type": "Polygon", "coordinates": [[[80.3929292929293, 21.752525252525253], [80.3929292929293, 21.762626262626263], [80.37878787878788, 21.762626262626263], [80.37878787878788, 21.752525252525253], [80.3929292929293, 21.752525252525253]]]}, "properties": {"confidence_score": 0.0605, "site_id": "balaghat"}}, {"type": "Feature", "geometry": {"type": "Polygon", "coordinates": [[[80.40707070707072, 21.752525252525253], [80.40707070707072, 21.762626262626263], [80.3929292929293, 21.762626262626263], [80.3929292929293, 21.752525252525253], [80.40707070707072, 21.752525252525253]]]}, "properties": {"confidence_score": 0.0602, "site_id": "balaghat"}}, {"type": "Feature", "geometry": {"type": "Polygon", "coordinates": [[[80.11010101010102, 21.762626262626263], [80.11010101010102, 21.772727272727273], [80.0959595959596, 21.772727272727273], [80.0959595959596, 21.762626262626263], [80.11010101010102, 21.762626262626263]]]}, "properties": {"confidence_score": 0.8133, "site_id": "balaghat"}}, {"type": "Feature", "geometry": {"type": "Polygon", "coordinates": [[[80.12424242424242, 21.762626262626263], [80.12424242424242, 21.772727272727273], [80.110101010101, 21.772727272727273], [80.110101010101, 21.762626262626263], [80.12424242424242, 21.762626262626263]]]}, "properties": {"confidence_score": 0.8416, "site_id": "balaghat"}}, {"type": "Feature", "geometry": {"type": "Polygon", "coordinates": [[[80.13838383838385, 21.762626262626263], [80.13838383838385, 21.772727272727273], [80.12424242424242, 21.772727272727273], [80.12424242424242, 21.762626262626263], [80.13838383838385, 21.762626262626263]]]}, "properties": {"confidence_score": 0.6687, "site_id": "balaghat"}}, {"type": "Feature", "geometry": {"type": "Polygon", "coordinates": [[[80.15252525252527, 21.762626262626263], [80.15252525252527, 21.772727272727273], [80.13838383838385, 21.772727272727273], [80.13838383838385, 21.762626262626263], [80.15252525252527, 21.762626262626263]]]}, "properties": {"confidence_score": 0.603, "site_id": "balaghat"}}, {"type": "Feature", "geometry": {"type": "Polygon", "coordinates": [[[80.16666666666667, 21.762626262626263], [80.16666666666667, 21.772727272727273], [80.15252525252525, 21.772727272727273], [80.15252525252525, 21.762626262626263], [80.16666666666667, 21.762626262626263]]]}, "properties": {"confidence_score": 0.7795, "site_id": "balaghat"}}, {"type": "Feature", "geometry": {"type": "Polygon", "coordinates": [[[80.18080808080809, 21.762626262626263], [80.18080808080809, 21.772727272727273], [80.16666666666667, 21.772727272727273], [80.16666666666667, 21.762626262626263], [80.18080808080809, 21.762626262626263]]]}, "properties": {"confidence_score": 0.9004, "site_id": "balaghat"}}, {"type": "Feature", "geometry": {"type": "Polygon", "coordinates": [[[80.1949494949495, 21.762626262626263], [80.1949494949495, 21.772727272727273], [80.18080808080808, 21.772727272727273], [80.18080808080808, 21.762626262626263], [80.1949494949495, 21.762626262626263]]]}, "properties": {"confidence_score": 0.6947, "site_id": "balaghat"}}, {"type": "Feature", "geometry": {"type": "Polygon", "coordinates": [[[80.20909090909092, 21.762626262626263], [80.20909090909092, 21.772727272727273], [80.1949494949495, 21.772727272727273], [80.1949494949495, 21.762626262626263], [80.20909090909092, 21.762626262626263]]]}, "properties": {"confidence_score": 0.5213, "site_id": "balaghat"}}, {"type": "Feature", "geometry": {"type": "Polygon", "coordinates": [[[80.22323232323234, 21.762626262626263], [80.22323232323234, 21.772727272727273], [80.20909090909092, 21.772727272727273], [80.20909090909092, 21.762626262626263], [80.22323232323234, 21.762626262626263]]]}, "properties": {"confidence_score": 0.5952, "site_id": "balaghat"}}, {"type": "Feature", "geometry": {"type": "Polygon", "coordinates": [[[80.23737373737374, 21.762626262626263], [80.23737373737374, 21.772727272727273], [80.22323232323232, 21.772727272727273], [80.22323232323232, 21.762626262626263], [80.23737373737374, 21.762626262626263]]]}, "properties": {"confidence_score": 0.7175, "site_id": "balaghat"}}, {"type": "Feature", "geometry": {"type": "Polygon", "coordinates": [[[80.25151515151516, 21.762626262626263], [80.25151515151516, 21.772727272727273], [80.23737373737374, 21.772727272727273], [80.23737373737374, 21.762626262626263], [80.25151515151516, 21.762626262626263]]]}, "properties": {"confidence_score": 0.6974, "site_id": "balaghat"}}, {"type": "Feature", "geometry": {"type": "Polygon", "coordinates": [[[80.26565656565657, 21.762626262626263], [80.26565656565657, 21.772727272727273], [80.25151515151515, 21.772727272727273], [80.25151515151515, 21.762626262626263], [80.26565656565657, 21.762626262626263]]]}, "properties": {"confidence_score": 0.6753, "site_id": "balaghat"}}, {"type": "Feature", "geometry": {"type": "Polygon", "coordinates": [[[80.27979797979799, 21.762626262626263], [80.27979797979799, 21.772727272727273], [80.26565656565657, 21.772727272727273], [80.26565656565657, 21.762626262626263], [80.27979797979799, 21.762626262626263]]]}, "properties": {"confidence_score": 0.488, "site_id": "balaghat"}}, {"type": "Feature", "geometry": {"type": "Polygon", "coordinates": [[[80.2939393939394, 21.762626262626263], [80.2939393939394, 21.772727272727273], [80.27979797979798, 21.772727272727273], [80.27979797979798, 21.762626262626263], [80.2939393939394, 21.762626262626263]]]}, "properties": {"confidence_score": 0.3219, "site_id": "balaghat"}}, {"type": "Feature", "geometry": {"type": "Polygon", "coordinates": [[[80.30808080808082, 21.762626262626263], [80.30808080808082, 21.772727272727273], [80.2939393939394, 21.772727272727273], [80.2939393939394, 21.762626262626263], [80.30808080808082, 21.762626262626263]]]}, "properties": {"confidence_score": 0.2409, "site_id": "balaghat"}}, {"type": "Feature", "geometry": {"type": "Polygon", "coordinates": [[[80.32222222222224, 21.762626262626263], [80.32222222222224, 21.772727272727273], [80.30808080808082, 21.772727272727273], [80.30808080808082, 21.762626262626263], [80.32222222222224, 21.762626262626263]]]}, "properties": {"confidence_score": 0.1789, "site_id": "balaghat"}}, {"type": "Feature", "geometry": {"type": "Polygon", "coordinates": [[[80.33636363636364, 21.762626262626263], [80.33636363636364, 21.772727272727273], [80.32222222222222, 21.772727272727273], [80.32222222222222, 21.762626262626263], [80.33636363636364, 21.762626262626263]]]}, "properties": {"confidence_score": 0.0982, "site_id": "balaghat"}}, {"type": "Feature", "geometry": {"type": "Polygon", "coordinates": [[[80.35050505050506, 21.762626262626263], [80.35050505050506, 21.772727272727273], [80.33636363636364, 21.772727272727273], [80.33636363636364, 21.762626262626263], [80.35050505050506, 21.762626262626263]]]}, "properties": {"confidence_score": 0.0317, "site_id": "balaghat"}}, {"type": "Feature", "geometry": {"type": "Polygon", "coordinates": [[[80.36464646464647, 21.762626262626263], [80.36464646464647, 21.772727272727273], [80.35050505050505, 21.772727272727273], [80.35050505050505, 21.762626262626263], [80.36464646464647, 21.762626262626263]]]}, "properties": {"confidence_score": 0.0369, "site_id": "balaghat"}}, {"type": "Feature", "geometry": {"type": "Polygon", "coordinates": [[[80.37878787878789, 21.762626262626263], [80.37878787878789, 21.772727272727273], [80.36464646464647, 21.772727272727273], [80.36464646464647, 21.762626262626263], [80.37878787878789, 21.762626262626263]]]}, "properties": {"confidence_score": 0.0514, "site_id": "balaghat"}}, {"type": "Feature", "geometry": {"type": "Polygon", "coordinates": [[[80.3929292929293, 21.762626262626263], [80.3929292929293, 21.772727272727273], [80.37878787878788, 21.772727272727273], [80.37878787878788, 21.762626262626263], [80.3929292929293, 21.762626262626263]]]}, "properties": {"confidence_score": 0.0564, "site_id": "balaghat"}}, {"type": "Feature", "geometry": {"type": "Polygon", "coordinates": [[[80.40707070707072, 21.762626262626263], [80.40707070707072, 21.772727272727273], [80.3929292929293, 21.772727272727273], [80.3929292929293, 21.762626262626263], [80.40707070707072, 21.762626262626263]]]}, "properties": {"confidence_score": 0.0637, "site_id": "balaghat"}}, {"type": "Feature", "geometry": {"type": "Polygon", "coordinates": [[[80.11010101010102, 21.772727272727273], [80.11010101010102, 21.782828282828284], [80.0959595959596, 21.782828282828284], [80.0959595959596, 21.772727272727273], [80.11010101010102, 21.772727272727273]]]}, "properties": {"confidence_score": 0.8282, "site_id": "balaghat"}}, {"type": "Feature", "geometry": {"type": "Polygon", "coordinates": [[[80.12424242424242, 21.772727272727273], [80.12424242424242, 21.782828282828284], [80.110101010101, 21.782828282828284], [80.110101010101, 21.772727272727273], [80.12424242424242, 21.772727272727273]]]}, "properties": {"confidence_score": 0.8529, "site_id": "balaghat"}}, {"type": "Feature", "geometry": {"type": "Polygon", "coordinates": [[[80.13838383838385, 21.772727272727273], [80.13838383838385, 21.782828282828284], [80.12424242424242, 21.782828282828284], [80.12424242424242, 21.772727272727273], [80.13838383838385, 21.772727272727273]]]}, "properties": {"confidence_score": 0.6529, "site_id": "balaghat"}}, {"type": "Feature", "geometry": {"type": "Polygon", "coordinates": [[[80.15252525252527, 21.772727272727273], [80.15252525252527, 21.782828282828284], [80.13838383838385, 21.782828282828284], [80.13838383838385, 21.772727272727273], [80.15252525252527, 21.772727272727273]]]}, "properties": {"confidence_score": 0.5585, "site_id": "balaghat"}}, {"type": "Feature", "geometry": {"type": "Polygon", "coordinates": [[[80.16666666666667, 21.772727272727273], [80.16666666666667, 21.782828282828284], [80.15252525252525, 21.782828282828284], [80.15252525252525, 21.772727272727273], [80.16666666666667, 21.772727272727273]]]}, "properties": {"confidence_score": 0.7789, "site_id": "balaghat"}}, {"type": "Feature", "geometry": {"type": "Polygon", "coordinates": [[[80.18080808080809, 21.772727272727273], [80.18080808080809, 21.782828282828284], [80.16666666666667, 21.782828282828284], [80.16666666666667, 21.772727272727273], [80.18080808080809, 21.772727272727273]]]}, "properties": {"confidence_score": 0.9507, "site_id": "balaghat"}}, {"type": "Feature", "geometry": {"type": "Polygon", "coordinates": [[[80.1949494949495, 21.772727272727273], [80.1949494949495, 21.782828282828284], [80.18080808080808, 21.782828282828284], [80.18080808080808, 21.772727272727273], [80.1949494949495, 21.772727272727273]]]}, "properties": {"confidence_score": 0.7462, "site_id": "balaghat"}}, {"type": "Feature", "geometry": {"type": "Polygon", "coordinates": [[[80.20909090909092, 21.772727272727273], [80.20909090909092, 21.782828282828284], [80.1949494949495, 21.782828282828284], [80.1949494949495, 21.772727272727273], [80.20909090909092, 21.772727272727273]]]}, "properties": {"confidence_score": 0.5554, "site_id": "balaghat"}}, {"type": "Feature", "geometry": {"type": "Polygon", "coordinates": [[[80.22323232323234, 21.772727272727273], [80.22323232323234, 21.782828282828284], [80.20909090909092, 21.782828282828284], [80.20909090909092, 21.772727272727273], [80.22323232323234, 21.772727272727273]]]}, "properties": {"confidence_score": 0.6839, "site_id": "balaghat"}}, {"type": "Feature", "geometry": {"type": "Polygon", "coordinates": [[[80.23737373737374, 21.772727272727273], [80.23737373737374, 21.782828282828284], [80.22323232323232, 21.782828282828284], [80.22323232323232, 21.772727272727273], [80.23737373737374, 21.772727272727273]]]}, "properties": {"confidence_score": 0.8948, "site_id": "balaghat"}}, {"type": "Feature", "geometry": {"type": "Polygon", "coordinates": [[[80.25151515151516, 21.772727272727273], [80.25151515151516, 21.782828282828284], [80.23737373737374, 21.782828282828284], [80.23737373737374, 21.772727272727273], [80.25151515151516, 21.772727272727273]]]}, "properties": {"confidence_score": 0.8347, "site_id": "balaghat"}}, {"type": "Feature", "geometry": {"type": "Polygon", "coordinates": [[[80.26565656565657, 21.772727272727273], [80.26565656565657, 21.782828282828284], [80.25151515151515, 21.782828282828284], [80.25151515151515, 21.772727272727273], [80.26565656565657, 21.772727272727273]]]}, "properties": {"confidence_score": 0.9003, "site_id": "balaghat"}}, {"type": "Feature", "geometry": {"type": "Polygon", "coordinates": [[[80.27979797979799, 21.772727272727273], [80.27979797979799, 21.782828282828284], [80.26565656565657, 21.782828282828284], [80.26565656565657, 21.772727272727273], [80.27979797979799, 21.772727272727273]]]}, "properties": {"confidence_score": 0.5986, "site_id": "balaghat"}}, {"type": "Feature", "geometry": {"type": "Polygon", "coordinates": [[[80.2939393939394, 21.772727272727273], [80.2939393939394, 21.782828282828284], [80.27979797979798, 21.782828282828284], [80.27979797979798, 21.772727272727273], [80.2939393939394, 21.772727272727273]]]}, "properties": {"confidence_score": 0.3675, "site_id": "balaghat"}}, {"type": "Feature", "geometry": {"type": "Polygon", "coordinates": [[[80.30808080808082, 21.772727272727273], [80.30808080808082, 21.782828282828284], [80.2939393939394, 21.782828282828284], [80.2939393939394, 21.772727272727273], [80.30808080808082, 21.772727272727273]]]}, "properties": {"confidence_score": 0.2676, "site_id": "balaghat"}}, {"type": "Feature", "geometry": {"type": "Polygon", "coordinates": [[[80.32222222222224, 21.772727272727273], [80.32222222222224, 21.782828282828284], [80.30808080808082, 21.782828282828284], [80.30808080808082, 21.772727272727273], [80.32222222222224, 21.772727272727273]]]}, "properties": {"confidence_score": 0.1858, "site_id": "balaghat"}}, {"type": "Feature", "geometry": {"type": "Polygon", "coordinates": [[[80.33636363636364, 21.772727272727273], [80.33636363636364, 21.782828282828284], [80.32222222222222, 21.782828282828284], [80.32222222222222, 21.772727272727273], [80.33636363636364, 21.772727272727273]]]}, "properties": {"confidence_score": 0.1047, "site_id": "balaghat"}}, {"type": "Feature", "geometry": {"type": "Polygon", "coordinates": [[[80.35050505050506, 21.772727272727273], [80.35050505050506, 21.782828282828284], [80.33636363636364, 21.782828282828284], [80.33636363636364, 21.772727272727273], [80.35050505050506, 21.772727272727273]]]}, "properties": {"confidence_score": 0.0276, "site_id": "balaghat"}}, {"type": "Feature", "geometry": {"type": "Polygon", "coordinates": [[[80.36464646464647, 21.772727272727273], [80.36464646464647, 21.782828282828284], [80.35050505050505, 21.782828282828284], [80.35050505050505, 21.772727272727273], [80.36464646464647, 21.772727272727273]]]}, "properties": {"confidence_score": 0.0339, "site_id": "balaghat"}}, {"type": "Feature", "geometry": {"type": "Polygon", "coordinates": [[[80.37878787878789, 21.772727272727273], [80.37878787878789, 21.782828282828284], [80.36464646464647, 21.782828282828284], [80.36464646464647, 21.772727272727273], [80.37878787878789, 21.772727272727273]]]}, "properties": {"confidence_score": 0.0399, "site_id": "balaghat"}}, {"type": "Feature", "geometry": {"type": "Polygon", "coordinates": [[[80.3929292929293, 21.772727272727273], [80.3929292929293, 21.782828282828284], [80.37878787878788, 21.782828282828284], [80.37878787878788, 21.772727272727273], [80.3929292929293, 21.772727272727273]]]}, "properties": {"confidence_score": 0.0471, "site_id": "balaghat"}}, {"type": "Feature", "geometry": {"type": "Polygon", "coordinates": [[[80.40707070707072, 21.772727272727273], [80.40707070707072, 21.782828282828284], [80.3929292929293, 21.782828282828284], [80.3929292929293, 21.772727272727273], [80.40707070707072, 21.772727272727273]]]}, "properties": {"confidence_score": 0.0556, "site_id": "balaghat"}}, {"type": "Feature", "geometry": {"type": "Polygon", "coordinates": [[[80.11010101010102, 21.782828282828284], [80.11010101010102, 21.792929292929294], [80.0959595959596, 21.792929292929294], [80.0959595959596, 21.782828282828284], [80.11010101010102, 21.782828282828284]]]}, "properties": {"confidence_score": 0.7696, "site_id": "balaghat"}}, {"type": "Feature", "geometry": {"type": "Polygon", "coordinates": [[[80.12424242424242, 21.782828282828284], [80.12424242424242, 21.792929292929294], [80.110101010101, 21.792929292929294], [80.110101010101, 21.782828282828284], [80.12424242424242, 21.782828282828284]]]}, "properties": {"confidence_score": 0.8278, "site_id": "balaghat"}}, {"type": "Feature", "geometry": {"type": "Polygon", "coordinates": [[[80.13838383838385, 21.782828282828284], [80.13838383838385, 21.792929292929294], [80.12424242424242, 21.792929292929294], [80.12424242424242, 21.782828282828284], [80.13838383838385, 21.782828282828284]]]}, "properties": {"confidence_score": 0.6577, "site_id": "balaghat"}}, {"type": "Feature", "geometry": {"type": "Polygon", "coordinates": [[[80.15252525252527, 21.782828282828284], [80.15252525252527, 21.792929292929294], [80.13838383838385, 21.792929292929294], [80.13838383838385, 21.782828282828284], [80.15252525252527, 21.782828282828284]]]}, "properties": {"confidence_score": 0.5751, "site_id": "balaghat"}}, {"type": "Feature", "geometry": {"type": "Polygon", "coordinates": [[[80.16666666666667, 21.782828282828284], [80.16666666666667, 21.792929292929294], [80.15252525252525, 21.792929292929294], [80.15252525252525, 21.782828282828284], [80.16666666666667, 21.782828282828284]]]}, "properties": {"confidence_score": 0.7704, "site_id": "balaghat"}}, {"type": "Feature", "geometry": {"type": "Polygon", "coordinates": [[[80.18080808080809, 21.782828282828284], [80.18080808080809, 21.792929292929294], [80.16666666666667, 21.792929292929294], [80.16666666666667, 21.782828282828284], [80.18080808080809, 21.782828282828284]]]}, "properties": {"confidence_score": 0.929, "site_id": "balaghat"}}, {"type": "Feature", "geometry": {"type": "Polygon", "coordinates": [[[80.1949494949495, 21.782828282828284], [80.1949494949495, 21.792929292929294], [80.18080808080808, 21.792929292929294], [80.18080808080808, 21.782828282828284], [80.1949494949495, 21.782828282828284]]]}, "properties": {"confidence_score": 0.8445, "site_id": "balaghat"}}, {"type": "Feature", "geometry": {"type": "Polygon", "coordinates": [[[80.20909090909092, 21.782828282828284], [80.20909090909092, 21.792929292929294], [80.1949494949495, 21.792929292929294], [80.1949494949495, 21.782828282828284], [80.20909090909092, 21.782828282828284]]]}, "properties": {"confidence_score": 0.7779, "site_id": "balaghat"}}, {"type": "Feature", "geometry": {"type": "Polygon", "coordinates": [[[80.22323232323234, 21.782828282828284], [80.22323232323234, 21.792929292929294], [80.20909090909092, 21.792929292929294], [80.20909090909092, 21.782828282828284], [80.22323232323234, 21.782828282828284]]]}, "properties": {"confidence_score": 0.6741, "site_id": "balaghat"}}, {"type": "Feature", "geometry": {"type": "Polygon", "coordinates": [[[80.23737373737374, 21.782828282828284], [80.23737373737374, 21.792929292929294], [80.22323232323232, 21.792929292929294], [80.22323232323232, 21.782828282828284], [80.23737373737374, 21.782828282828284]]]}, "properties": {"confidence_score": 0.6774, "site_id": "balaghat"}}, {"type": "Feature", "geometry": {"type": "Polygon", "coordinates": [[[80.25151515151516, 21.782828282828284], [80.25151515151516, 21.792929292929294], [80.23737373737374, 21.792929292929294], [80.23737373737374, 21.782828282828284], [80.25151515151516, 21.782828282828284]]]}, "properties": {"confidence_score": 0.8113, "site_id": "balaghat"}}, {"type": "Feature", "geometry": {"type": "Polygon", "coordinates": [[[80.26565656565657, 21.782828282828284], [80.26565656565657, 21.792929292929294], [80.25151515151515, 21.792929292929294], [80.25151515151515, 21.782828282828284], [80.26565656565657, 21.782828282828284]]]}, "properties": {"confidence_score": 0.8828, "site_id": "balaghat"}}, {"type": "Feature", "geometry": {"type": "Polygon", "coordinates": [[[80.27979797979799, 21.782828282828284], [80.27979797979799, 21.792929292929294], [80.26565656565657, 21.792929292929294], [80.26565656565657, 21.782828282828284], [80.27979797979799, 21.782828282828284]]]}, "properties": {"confidence_score": 0.6659, "site_id": "balaghat"}}, {"type": "Feature", "geometry": {"type": "Polygon", "coordinates": [[[80.2939393939394, 21.782828282828284], [80.2939393939394, 21.792929292929294], [80.27979797979798, 21.792929292929294], [80.27979797979798, 21.782828282828284], [80.2939393939394, 21.782828282828284]]]}, "properties": {"confidence_score": 0.4496, "site_id": "balaghat"}}, {"type": "Feature", "geometry": {"type": "Polygon", "coordinates": [[[80.30808080808082, 21.782828282828284], [80.30808080808082, 21.792929292929294], [80.2939393939394, 21.792929292929294], [80.2939393939394, 21.782828282828284], [80.30808080808082, 21.782828282828284]]]}, "properties": {"confidence_score": 0.3079, "site_id": "balaghat"}}, {"type": "Feature", "geometry": {"type": "Polygon", "coordinates": [[[80.32222222222224, 21.782828282828284], [80.32222222222224, 21.792929292929294], [80.30808080808082, 21.792929292929294], [80.30808080808082, 21.782828282828284], [80.32222222222224, 21.782828282828284]]]}, "properties": {"confidence_score": 0.2072, "site_id": "balaghat"}}, {"type": "Feature", "geometry": {"type": "Polygon", "coordinates": [[[80.33636363636364, 21.782828282828284], [80.33636363636364, 21.792929292929294], [80.32222222222222, 21.792929292929294], [80.32222222222222, 21.782828282828284], [80.33636363636364, 21.782828282828284]]]}, "properties": {"confidence_score": 0.1281, "site_id": "balaghat"}}, {"type": "Feature", "geometry": {"type": "Polygon", "coordinates": [[[80.35050505050506, 21.782828282828284], [80.35050505050506, 21.792929292929294], [80.33636363636364, 21.792929292929294], [80.33636363636364, 21.782828282828284], [80.35050505050506, 21.782828282828284]]]}, "properties": {"confidence_score": 0.0602, "site_id": "balaghat"}}, {"type": "Feature", "geometry": {"type": "Polygon", "coordinates": [[[80.36464646464647, 21.782828282828284], [80.36464646464647, 21.792929292929294], [80.35050505050505, 21.792929292929294], [80.35050505050505, 21.782828282828284], [80.36464646464647, 21.782828282828284]]]}, "properties": {"confidence_score": 0.0421, "site_id": "balaghat"}}, {"type": "Feature", "geometry": {"type": "Polygon", "coordinates": [[[80.37878787878789, 21.782828282828284], [80.37878787878789, 21.792929292929294], [80.36464646464647, 21.792929292929294], [80.36464646464647, 21.782828282828284], [80.37878787878789, 21.782828282828284]]]}, "properties": {"confidence_score": 0.0297, "site_id": "balaghat"}}, {"type": "Feature", "geometry": {"type": "Polygon", "coordinates": [[[80.3929292929293, 21.782828282828284], [80.3929292929293, 21.792929292929294], [80.37878787878788, 21.792929292929294], [80.37878787878788, 21.782828282828284], [80.3929292929293, 21.782828282828284]]]}, "properties": {"confidence_score": 0.0387, "site_id": "balaghat"}}, {"type": "Feature", "geometry": {"type": "Polygon", "coordinates": [[[80.40707070707072, 21.782828282828284], [80.40707070707072, 21.792929292929294], [80.3929292929293, 21.792929292929294], [80.3929292929293, 21.782828282828284], [80.40707070707072, 21.782828282828284]]]}, "properties": {"confidence_score": 0.0426, "site_id": "balaghat"}}, {"type": "Feature", "geometry": {"type": "Polygon", "coordinates": [[[80.11010101010102, 21.792929292929294], [80.11010101010102, 21.803030303030305], [80.0959595959596, 21.803030303030305], [80.0959595959596, 21.792929292929294], [80.11010101010102, 21.792929292929294]]]}, "properties": {"confidence_score": 0.7089, "site_id": "balaghat"}}, {"type": "Feature", "geometry": {"type": "Polygon", "coordinates": [[[80.12424242424242, 21.792929292929294], [80.12424242424242, 21.803030303030305], [80.110101010101, 21.803030303030305], [80.110101010101, 21.792929292929294], [80.12424242424242, 21.792929292929294]]]}, "properties": {"confidence_score": 0.8613, "site_id": "balaghat"}}, {"type": "Feature", "geometry": {"type": "Polygon", "coordinates": [[[80.13838383838385, 21.792929292929294], [80.13838383838385, 21.803030303030305], [80.12424242424242, 21.803030303030305], [80.12424242424242, 21.792929292929294], [80.13838383838385, 21.792929292929294]]]}, "properties": {"confidence_score": 0.696, "site_id": "balaghat"}}, {"type": "Feature", "geometry": {"type": "Polygon", "coordinates": [[[80.15252525252527, 21.792929292929294], [80.15252525252527, 21.803030303030305], [80.13838383838385, 21.803030303030305], [80.13838383838385, 21.792929292929294], [80.15252525252527, 21.792929292929294]]]}, "properties": {"confidence_score": 0.5854, "site_id": "balaghat"}}, {"type": "Feature", "geometry": {"type": "Polygon", "coordinates": [[[80.16666666666667, 21.792929292929294], [80.16666666666667, 21.803030303030305], [80.15252525252525, 21.803030303030305], [80.15252525252525, 21.792929292929294], [80.16666666666667, 21.792929292929294]]]}, "properties": {"confidence_score": 0.7627, "site_id": "balaghat"}}, {"type": "Feature", "geometry": {"type": "Polygon", "coordinates": [[[80.18080808080809, 21.792929292929294], [80.18080808080809, 21.803030303030305], [80.16666666666667, 21.803030303030305], [80.16666666666667, 21.792929292929294], [80.18080808080809, 21.792929292929294]]]}, "properties": {"confidence_score": 0.9325, "site_id": "balaghat"}}, {"type": "Feature", "geometry": {"type": "Polygon", "coordinates": [[[80.1949494949495, 21.792929292929294], [80.1949494949495, 21.803030303030305], [80.18080808080808, 21.803030303030305], [80.18080808080808, 21.792929292929294], [80.1949494949495, 21.792929292929294]]]}, "properties": {"confidence_score": 0.8631, "site_id": "balaghat"}}, {"type": "Feature", "geometry": {"type": "Polygon", "coordinates": [[[80.20909090909092, 21.792929292929294], [80.20909090909092, 21.803030303030305], [80.1949494949495, 21.803030303030305], [80.1949494949495, 21.792929292929294], [80.20909090909092, 21.792929292929294]]]}, "properties": {"confidence_score": 0.9021, "site_id": "balaghat"}}, {"type": "Feature", "geometry": {"type": "Polygon", "coordinates": [[[80.22323232323234, 21.792929292929294], [80.22323232323234, 21.803030303030305], [80.20909090909092, 21.803030303030305], [80.20909090909092, 21.792929292929294], [80.22323232323234, 21.792929292929294]]]}, "properties": {"confidence_score": 0.6304, "site_id": "balaghat"}}, {"type": "Feature", "geometry": {"type": "Polygon", "coordinates": [[[80.23737373737374, 21.792929292929294], [80.23737373737374, 21.803030303030305], [80.22323232323232, 21.803030303030305], [80.22323232323232, 21.792929292929294], [80.23737373737374, 21.792929292929294]]]}, "properties": {"confidence_score": 0.508, "site_id": "balaghat"}}, {"type": "Feature", "geometry": {"type": "Polygon", "coordinates": [[[80.25151515151516, 21.792929292929294], [80.25151515151516, 21.803030303030305], [80.23737373737374, 21.803030303030305], [80.23737373737374, 21.792929292929294], [80.25151515151516, 21.792929292929294]]]}, "properties": {"confidence_score": 0.7641, "site_id": "balaghat"}}, {"type": "Feature", "geometry": {"type": "Polygon", "coordinates": [[[80.26565656565657, 21.792929292929294], [80.26565656565657, 21.803030303030305], [80.25151515151515, 21.803030303030305], [80.25151515151515, 21.792929292929294], [80.26565656565657, 21.792929292929294]]]}, "properties": {"confidence_score": 0.9265, "site_id": "balaghat"}}, {"type": "Feature", "geometry": {"type": "Polygon", "coordinates": [[[80.27979797979799, 21.792929292929294], [80.27979797979799, 21.803030303030305], [80.26565656565657, 21.803030303030305], [80.26565656565657, 21.792929292929294], [80.27979797979799, 21.792929292929294]]]}, "properties": {"confidence_score": 0.7004, "site_id": "balaghat"}}, {"type": "Feature", "geometry": {"type": "Polygon", "coordinates": [[[80.2939393939394, 21.792929292929294], [80.2939393939394, 21.803030303030305], [80.27979797979798, 21.803030303030305], [80.27979797979798, 21.792929292929294], [80.2939393939394, 21.792929292929294]]]}, "properties": {"confidence_score": 0.5031, "site_id": "balaghat"}}, {"type": "Feature", "geometry": {"type": "Polygon", "coordinates": [[[80.30808080808082, 21.792929292929294], [80.30808080808082, 21.803030303030305], [80.2939393939394, 21.803030303030305], [80.2939393939394, 21.792929292929294], [80.30808080808082, 21.792929292929294]]]}, "properties": {"confidence_score": 0.3556, "site_id": "balaghat"}}, {"type": "Feature", "geometry": {"type": "Polygon", "coordinates": [[[80.32222222222224, 21.792929292929294], [80.32222222222224, 21.803030303030305], [80.30808080808082, 21.803030303030305], [80.30808080808082, 21.792929292929294], [80.32222222222224, 21.792929292929294]]]}, "properties": {"confidence_score": 0.2464, "site_id": "balaghat"}}, {"type": "Feature", "geometry": {"type": "Polygon", "coordinates": [[[80.33636363636364, 21.792929292929294], [80.33636363636364, 21.803030303030305], [80.32222222222222, 21.803030303030305], [80.32222222222222, 21.792929292929294], [80.33636363636364, 21.792929292929294]]]}, "properties": {"confidence_score": 0.1727, "site_id": "balaghat"}}, {"type": "Feature", "geometry": {"type": "Polygon", "coordinates": [[[80.35050505050506, 21.792929292929294], [80.35050505050506, 21.803030303030305], [80.33636363636364, 21.803030303030305], [80.33636363636364, 21.792929292929294], [80.35050505050506, 21.792929292929294]]]}, "properties": {"confidence_score": 0.0919, "site_id": "balaghat"}}, {"type": "Feature", "geometry": {"type": "Polygon", "coordinates": [[[80.36464646464647, 21.792929292929294], [80.36464646464647, 21.803030303030305], [80.35050505050505, 21.803030303030305], [80.35050505050505, 21.792929292929294], [80.36464646464647, 21.792929292929294]]]}, "properties": {"confidence_score": 0.0697, "site_id": "balaghat"}}, {"type": "Feature", "geometry": {"type": "Polygon", "coordinates": [[[80.37878787878789, 21.792929292929294], [80.37878787878789, 21.803030303030305], [80.36464646464647, 21.803030303030305], [80.36464646464647, 21.792929292929294], [80.37878787878789, 21.792929292929294]]]}, "properties": {"confidence_score": 0.0339, "site_id": "balaghat"}}, {"type": "Feature", "geometry": {"type": "Polygon", "coordinates": [[[80.3929292929293, 21.792929292929294], [80.3929292929293, 21.803030303030305], [80.37878787878788, 21.803030303030305], [80.37878787878788, 21.792929292929294], [80.3929292929293, 21.792929292929294]]]}, "properties": {"confidence_score": 0.0504, "site_id": "balaghat"}}, {"type": "Feature", "geometry": {"type": "Polygon", "coordinates": [[[80.40707070707072, 21.792929292929294], [80.40707070707072, 21.803030303030305], [80.3929292929293, 21.803030303030305], [80.3929292929293, 21.792929292929294], [80.40707070707072, 21.792929292929294]]]}, "properties": {"confidence_score": 0.036, "site_id": "balaghat"}}, {"type": "Feature", "geometry": {"type": "Polygon", "coordinates": [[[80.11010101010102, 21.803030303030305], [80.11010101010102, 21.813131313131315], [80.0959595959596, 21.813131313131315], [80.0959595959596, 21.803030303030305], [80.11010101010102, 21.803030303030305]]]}, "properties": {"confidence_score": 0.6515, "site_id": "balaghat"}}, {"type": "Feature", "geometry": {"type": "Polygon", "coordinates": [[[80.12424242424242, 21.803030303030305], [80.12424242424242, 21.813131313131315], [80.110101010101, 21.813131313131315], [80.110101010101, 21.803030303030305], [80.12424242424242, 21.803030303030305]]]}, "properties": {"confidence_score": 0.8341, "site_id": "balaghat"}}, {"type": "Feature", "geometry": {"type": "Polygon", "coordinates": [[[80.13838383838385, 21.803030303030305], [80.13838383838385, 21.813131313131315], [80.12424242424242, 21.813131313131315], [80.12424242424242, 21.803030303030305], [80.13838383838385, 21.803030303030305]]]}, "properties": {"confidence_score": 0.7818, "site_id": "balaghat"}}, {"type": "Feature", "geometry": {"type": "Polygon", "coordinates": [[[80.15252525252527, 21.803030303030305], [80.15252525252527, 21.813131313131315], [80.13838383838385, 21.813131313131315], [80.13838383838385, 21.803030303030305], [80.15252525252527, 21.803030303030305]]]}, "properties": {"confidence_score": 0.7584, "site_id": "balaghat"}}, {"type": "Feature", "geometry": {"type": "Polygon", "coordinates": [[[80.16666666666667, 21.803030303030305], [80.16666666666667, 21.813131313131315], [80.15252525252525, 21.813131313131315], [80.15252525252525, 21.803030303030305], [80.16666666666667, 21.803030303030305]]]}, "properties": {"confidence_score": 0.7348, "site_id": "balaghat"}}, {"type": "Feature", "geometry": {"type": "Polygon", "coordinates": [[[80.18080808080809, 21.803030303030305], [80.18080808080809, 21.813131313131315], [80.16666666666667, 21.813131313131315], [80.16666666666667, 21.803030303030305], [80.18080808080809, 21.803030303030305]]]}, "properties": {"confidence_score": 0.7276, "site_id": "balaghat"}}, {"type": "Feature", "geometry": {"type": "Polygon", "coordinates": [[[80.1949494949495, 21.803030303030305], [80.1949494949495, 21.813131313131315], [80.18080808080808, 21.813131313131315], [80.18080808080808, 21.803030303030305], [80.1949494949495, 21.803030303030305]]]}, "properties": {"confidence_score": 0.7375, "site_id": "balaghat"}}, {"type": "Feature", "geometry": {"type": "Polygon", "coordinates": [[[80.20909090909092, 21.803030303030305], [80.20909090909092, 21.813131313131315], [80.1949494949495, 21.813131313131315], [80.1949494949495, 21.803030303030305], [80.20909090909092, 21.803030303030305]]]}, "properties": {"confidence_score": 0.6991, "site_id": "balaghat"}}, {"type": "Feature", "geometry": {"type": "Polygon", "coordinates": [[[80.22323232323234, 21.803030303030305], [80.22323232323234, 21.813131313131315], [80.20909090909092, 21.813131313131315], [80.20909090909092, 21.803030303030305], [80.22323232323234, 21.803030303030305]]]}, "properties": {"confidence_score": 0.5933, "site_id": "balaghat"}}, {"type": "Feature", "geometry": {"type": "Polygon", "coordinates": [[[80.23737373737374, 21.803030303030305], [80.23737373737374, 21.813131313131315], [80.22323232323232, 21.813131313131315], [80.22323232323232, 21.803030303030305], [80.23737373737374, 21.803030303030305]]]}, "properties": {"confidence_score": 0.5733, "site_id": "balaghat"}}, {"type": "Feature", "geometry": {"type": "Polygon", "coordinates": [[[80.25151515151516, 21.803030303030305], [80.25151515151516, 21.813131313131315], [80.23737373737374, 21.813131313131315], [80.23737373737374, 21.803030303030305], [80.25151515151516, 21.803030303030305]]]}, "properties": {"confidence_score": 0.7569, "site_id": "balaghat"}}, {"type": "Feature", "geometry": {"type": "Polygon", "coordinates": [[[80.26565656565657, 21.803030303030305], [80.26565656565657, 21.813131313131315], [80.25151515151515, 21.813131313131315], [80.25151515151515, 21.803030303030305], [80.26565656565657, 21.803030303030305]]]}, "properties": {"confidence_score": 0.8798, "site_id": "balaghat"}}, {"type": "Feature", "geometry": {"type": "Polygon", "coordinates": [[[80.27979797979799, 21.803030303030305], [80.27979797979799, 21.813131313131315], [80.26565656565657, 21.813131313131315], [80.26565656565657, 21.803030303030305], [80.27979797979799, 21.803030303030305]]]}, "properties": {"confidence_score": 0.711, "site_id": "balaghat"}}, {"type": "Feature", "geometry": {"type": "Polygon", "coordinates": [[[80.2939393939394, 21.803030303030305], [80.2939393939394, 21.813131313131315], [80.27979797979798, 21.813131313131315], [80.27979797979798, 21.803030303030305], [80.2939393939394, 21.803030303030305]]]}, "properties": {"confidence_score": 0.5177, "site_id": "balaghat"}}, {"type": "Feature", "geometry": {"type": "Polygon", "coordinates": [[[80.30808080808082, 21.803030303030305], [80.30808080808082, 21.813131313131315], [80.2939393939394, 21.813131313131315], [80.2939393939394, 21.803030303030305], [80.30808080808082, 21.803030303030305]]]}, "properties": {"confidence_score": 0.4182, "site_id": "balaghat"}}, {"type": "Feature", "geometry": {"type": "Polygon", "coordinates": [[[80.32222222222224, 21.803030303030305], [80.32222222222224, 21.813131313131315], [80.30808080808082, 21.813131313131315], [80.30808080808082, 21.803030303030305], [80.32222222222224, 21.803030303030305]]]}, "properties": {"confidence_score": 0.3313, "site_id": "balaghat"}}, {"type": "Feature", "geometry": {"type": "Polygon", "coordinates": [[[80.33636363636364, 21.803030303030305], [80.33636363636364, 21.813131313131315], [80.32222222222222, 21.813131313131315], [80.32222222222222, 21.803030303030305], [80.33636363636364, 21.803030303030305]]]}, "properties": {"confidence_score": 0.247, "site_id": "balaghat"}}, {"type": "Feature", "geometry": {"type": "Polygon", "coordinates": [[[80.35050505050506, 21.803030303030305], [80.35050505050506, 21.813131313131315], [80.33636363636364, 21.813131313131315], [80.33636363636364, 21.803030303030305], [80.35050505050506, 21.803030303030305]]]}, "properties": {"confidence_score": 0.1654, "site_id": "balaghat"}}, {"type": "Feature", "geometry": {"type": "Polygon", "coordinates": [[[80.36464646464647, 21.803030303030305], [80.36464646464647, 21.813131313131315], [80.35050505050505, 21.813131313131315], [80.35050505050505, 21.803030303030305], [80.36464646464647, 21.803030303030305]]]}, "properties": {"confidence_score": 0.1187, "site_id": "balaghat"}}, {"type": "Feature", "geometry": {"type": "Polygon", "coordinates": [[[80.37878787878789, 21.803030303030305], [80.37878787878789, 21.813131313131315], [80.36464646464647, 21.813131313131315], [80.36464646464647, 21.803030303030305], [80.37878787878789, 21.803030303030305]]]}, "properties": {"confidence_score": 0.1044, "site_id": "balaghat"}}, {"type": "Feature", "geometry": {"type": "Polygon", "coordinates": [[[80.3929292929293, 21.803030303030305], [80.3929292929293, 21.813131313131315], [80.37878787878788, 21.813131313131315], [80.37878787878788, 21.803030303030305], [80.3929292929293, 21.803030303030305]]]}, "properties": {"confidence_score": 0.0896, "site_id": "balaghat"}}, {"type": "Feature", "geometry": {"type": "Polygon", "coordinates": [[[80.40707070707072, 21.803030303030305], [80.40707070707072, 21.813131313131315], [80.3929292929293, 21.813131313131315], [80.3929292929293, 21.803030303030305], [80.40707070707072, 21.803030303030305]]]}, "properties": {"confidence_score": 0.092, "site_id": "balaghat"}}, {"type": "Feature", "geometry": {"type": "Polygon", "coordinates": [[[80.11010101010102, 21.81313131313131], [80.11010101010102, 21.82323232323232], [80.0959595959596, 21.82323232323232], [80.0959595959596, 21.81313131313131], [80.11010101010102, 21.81313131313131]]]}, "properties": {"confidence_score": 0.5588, "site_id": "balaghat"}}, {"type": "Feature", "geometry": {"type": "Polygon", "coordinates": [[[80.12424242424242, 21.81313131313131], [80.12424242424242, 21.82323232323232], [80.110101010101, 21.82323232323232], [80.110101010101, 21.81313131313131], [80.12424242424242, 21.81313131313131]]]}, "properties": {"confidence_score": 0.8083, "site_id": "balaghat"}}, {"type": "Feature", "geometry": {"type": "Polygon", "coordinates": [[[80.13838383838385, 21.81313131313131], [80.13838383838385, 21.82323232323232], [80.12424242424242, 21.82323232323232], [80.12424242424242, 21.81313131313131], [80.13838383838385, 21.81313131313131]]]}, "properties": {"confidence_score": 0.8161, "site_id": "balaghat"}}, {"type": "Feature", "geometry": {"type": "Polygon", "coordinates": [[[80.15252525252527, 21.81313131313131], [80.15252525252527, 21.82323232323232], [80.13838383838385, 21.82323232323232], [80.13838383838385, 21.81313131313131], [80.15252525252527, 21.81313131313131]]]}, "properties": {"confidence_score": 0.8968, "site_id": "balaghat"}}, {"type": "Feature", "geometry": {"type": "Polygon", "coordinates": [[[80.16666666666667, 21.81313131313131], [80.16666666666667, 21.82323232323232], [80.15252525252525, 21.82323232323232], [80.15252525252525, 21.81313131313131], [80.16666666666667, 21.81313131313131]]]}, "properties": {"confidence_score": 0.7522, "site_id": "balaghat"}}, {"type": "Feature", "geometry": {"type": "Polygon", "coordinates": [[[80.18080808080809, 21.81313131313131], [80.18080808080809, 21.82323232323232], [80.16666666666667, 21.82323232323232], [80.16666666666667, 21.81313131313131], [80.18080808080809, 21.81313131313131]]]}, "properties": {"confidence_score": 0.6251, "site_id": "balaghat"}}, {"type": "Feature", "geometry": {"type": "Polygon", "coordinates": [[[80.1949494949495, 21.81313131313131], [80.1949494949495, 21.82323232323232], [80.18080808080808, 21.82323232323232], [80.18080808080808, 21.81313131313131], [80.1949494949495, 21.81313131313131]]]}, "properties": {"confidence_score": 0.6544, "site_id": "balaghat"}}, {"type": "Feature", "geometry": {"type": "Polygon", "coordinates": [[[80.20909090909092, 21.81313131313131], [80.20909090909092, 21.82323232323232], [80.1949494949495, 21.82323232323232], [80.1949494949495, 21.81313131313131], [80.20909090909092, 21.81313131313131]]]}, "properties": {"confidence_score": 0.5868, "site_id": "balaghat"}}, {"type": "Feature", "geometry": {"type": "Polygon", "coordinates": [[[80.22323232323234, 21.81313131313131], [80.22323232323234, 21.82323232323232], [80.20909090909092, 21.82323232323232], [80.20909090909092, 21.81313131313131], [80.22323232323234, 21.81313131313131]]]}, "properties": {"confidence_score": 0.581, "site_id": "balaghat"}}, {"type": "Feature", "geometry": {"type": "Polygon", "coordinates": [[[80.23737373737374, 21.81313131313131], [80.23737373737374, 21.82323232323232], [80.22323232323232, 21.82323232323232], [80.22323232323232, 21.81313131313131], [80.23737373737374, 21.81313131313131]]]}, "properties": {"confidence_score": 0.6087, "site_id": "balaghat"}}, {"type": "Feature", "geometry": {"type": "Polygon", "coordinates": [[[80.25151515151516, 21.81313131313131], [80.25151515151516, 21.82323232323232], [80.23737373737374, 21.82323232323232], [80.23737373737374, 21.81313131313131], [80.25151515151516, 21.81313131313131]]]}, "properties": {"confidence_score": 0.7835, "site_id": "balaghat"}}, {"type": "Feature", "geometry": {"type": "Polygon", "coordinates": [[[80.26565656565657, 21.81313131313131], [80.26565656565657, 21.82323232323232], [80.25151515151515, 21.82323232323232], [80.25151515151515, 21.81313131313131], [80.26565656565657, 21.81313131313131]]]}, "properties": {"confidence_score": 0.934, "site_id": "balaghat"}}, {"type": "Feature", "geometry": {"type": "Polygon", "coordinates": [[[80.27979797979799, 21.81313131313131], [80.27979797979799, 21.82323232323232], [80.26565656565657, 21.82323232323232], [80.26565656565657, 21.81313131313131], [80.27979797979799, 21.81313131313131]]]}, "properties": {"confidence_score": 0.7368, "site_id": "balaghat"}}, {"type": "Feature", "geometry": {"type": "Polygon", "coordinates": [[[80.2939393939394, 21.81313131313131], [80.2939393939394, 21.82323232323232], [80.27979797979798, 21.82323232323232], [80.27979797979798, 21.81313131313131], [80.2939393939394, 21.81313131313131]]]}, "properties": {"confidence_score": 0.5488, "site_id": "balaghat"}}, {"type": "Feature", "geometry": {"type": "Polygon", "coordinates": [[[80.30808080808082, 21.81313131313131], [80.30808080808082, 21.82323232323232], [80.2939393939394, 21.82323232323232], [80.2939393939394, 21.81313131313131], [80.30808080808082, 21.81313131313131]]]}, "properties": {"confidence_score": 0.5241, "site_id": "balaghat"}}, {"type": "Feature", "geometry": {"type": "Polygon", "coordinates": [[[80.32222222222224, 21.81313131313131], [80.32222222222224, 21.82323232323232], [80.30808080808082, 21.82323232323232], [80.30808080808082, 21.81313131313131], [80.32222222222224, 21.81313131313131]]]}, "properties": {"confidence_score": 0.4583, "site_id": "balaghat"}}, {"type": "Feature", "geometry": {"type": "Polygon", "coordinates": [[[80.33636363636364, 21.81313131313131], [80.33636363636364, 21.82323232323232], [80.32222222222222, 21.82323232323232], [80.32222222222222, 21.81313131313131], [80.33636363636364, 21.81313131313131]]]}, "properties": {"confidence_score": 0.344, "site_id": "balaghat"}}, {"type": "Feature", "geometry": {"type": "Polygon", "coordinates": [[[80.35050505050506, 21.81313131313131], [80.35050505050506, 21.82323232323232], [80.33636363636364, 21.82323232323232], [80.33636363636364, 21.81313131313131], [80.35050505050506, 21.81313131313131]]]}, "properties": {"confidence_score": 0.2211, "site_id": "balaghat"}}, {"type": "Feature", "geometry": {"type": "Polygon", "coordinates": [[[80.36464646464647, 21.81313131313131], [80.36464646464647, 21.82323232323232], [80.35050505050505, 21.82323232323232], [80.35050505050505, 21.81313131313131], [80.36464646464647, 21.81313131313131]]]}, "properties": {"confidence_score": 0.1493, "site_id": "balaghat"}}, {"type": "Feature", "geometry": {"type": "Polygon", "coordinates": [[[80.37878787878789, 21.81313131313131], [80.37878787878789, 21.82323232323232], [80.36464646464647, 21.82323232323232], [80.36464646464647, 21.81313131313131], [80.37878787878789, 21.81313131313131]]]}, "properties": {"confidence_score": 0.1487, "site_id": "balaghat"}}, {"type": "Feature", "geometry": {"type": "Polygon", "coordinates": [[[80.3929292929293, 21.81313131313131], [80.3929292929293, 21.82323232323232], [80.37878787878788, 21.82323232323232], [80.37878787878788, 21.81313131313131], [80.3929292929293, 21.81313131313131]]]}, "properties": {"confidence_score": 0.1111, "site_id": "balaghat"}}, {"type": "Feature", "geometry": {"type": "Polygon", "coordinates": [[[80.40707070707072, 21.81313131313131], [80.40707070707072, 21.82323232323232], [80.3929292929293, 21.82323232323232], [80.3929292929293, 21.81313131313131], [80.40707070707072, 21.81313131313131]]]}, "properties": {"confidence_score": 0.1239, "site_id": "balaghat"}}, {"type": "Feature", "geometry": {"type": "Polygon", "coordinates": [[[80.11010101010102, 21.82323232323232], [80.11010101010102, 21.833333333333332], [80.0959595959596, 21.833333333333332], [80.0959595959596, 21.82323232323232], [80.11010101010102, 21.82323232323232]]]}, "properties": {"confidence_score": 0.3757, "site_id": "balaghat"}}, {"type": "Feature", "geometry": {"type": "Polygon", "coordinates": [[[80.12424242424242, 21.82323232323232], [80.12424242424242, 21.833333333333332], [80.110101010101, 21.833333333333332], [80.110101010101, 21.82323232323232], [80.12424242424242, 21.82323232323232]]]}, "properties": {"confidence_score": 0.5334, "site_id": "balaghat"}}, {"type": "Feature", "geometry": {"type": "Polygon", "coordinates": [[[80.13838383838385, 21.82323232323232], [80.13838383838385, 21.833333333333332], [80.12424242424242, 21.833333333333332], [80.12424242424242, 21.82323232323232], [80.13838383838385, 21.82323232323232]]]}, "properties": {"confidence_score": 0.7503, "site_id": "balaghat"}}, {"type": "Feature", "geometry": {"type": "Polygon", "coordinates": [[[80.15252525252527, 21.82323232323232], [80.15252525252527, 21.833333333333332], [80.13838383838385, 21.833333333333332], [80.13838383838385, 21.82323232323232], [80.15252525252527, 21.82323232323232]]]}, "properties": {"confidence_score": 0.885, "site_id": "balaghat"}}, {"type": "Feature", "geometry": {"type": "Polygon", "coordinates": [[[80.16666666666667, 21.82323232323232], [80.16666666666667, 21.833333333333332], [80.15252525252525, 21.833333333333332], [80.15252525252525, 21.82323232323232], [80.16666666666667, 21.82323232323232]]]}, "properties": {"confidence_score": 0.8457, "site_id": "balaghat"}}, {"type": "Feature", "geometry": {"type": "Polygon", "coordinates": [[[80.18080808080809, 21.82323232323232], [80.18080808080809, 21.833333333333332], [80.16666666666667, 21.833333333333332], [80.16666666666667, 21.82323232323232], [80.18080808080809, 21.82323232323232]]]}, "properties": {"confidence_score": 0.7906, "site_id": "balaghat"}}, {"type": "Feature", "geometry": {"type": "Polygon", "coordinates": [[[80.1949494949495, 21.82323232323232], [80.1949494949495, 21.833333333333332], [80.18080808080808, 21.833333333333332], [80.18080808080808, 21.82323232323232], [80.1949494949495, 21.82323232323232]]]}, "properties": {"confidence_score": 0.6993, "site_id": "balaghat"}}, {"type": "Feature", "geometry": {"type": "Polygon", "coordinates": [[[80.20909090909092, 21.82323232323232], [80.20909090909092, 21.833333333333332], [80.1949494949495, 21.833333333333332], [80.1949494949495, 21.82323232323232], [80.20909090909092, 21.82323232323232]]]}, "properties": {"confidence_score": 0.633, "site_id": "balaghat"}}, {"type": "Feature", "geometry": {"type": "Polygon", "coordinates": [[[80.22323232323234, 21.82323232323232], [80.22323232323234, 21.833333333333332], [80.20909090909092, 21.833333333333332], [80.20909090909092, 21.82323232323232], [80.22323232323234, 21.82323232323232]]]}, "properties": {"confidence_score": 0.6121, "site_id": "balaghat"}}, {"type": "Feature", "geometry": {"type": "Polygon", "coordinates": [[[80.23737373737374, 21.82323232323232], [80.23737373737374, 21.833333333333332], [80.22323232323232, 21.833333333333332], [80.22323232323232, 21.82323232323232], [80.23737373737374, 21.82323232323232]]]}, "properties": {"confidence_score": 0.6713, "site_id": "balaghat"}}, {"type": "Feature", "geometry": {"type": "Polygon", "coordinates": [[[80.25151515151516, 21.82323232323232], [80.25151515151516, 21.833333333333332], [80.23737373737374, 21.833333333333332], [80.23737373737374, 21.82323232323232], [80.25151515151516, 21.82323232323232]]]}, "properties": {"confidence_score": 0.8098, "site_id": "balaghat"}}, {"type": "Feature", "geometry": {"type": "Polygon", "coordinates": [[[80.26565656565657, 21.82323232323232], [80.26565656565657, 21.833333333333332], [80.25151515151515, 21.833333333333332], [80.25151515151515, 21.82323232323232], [80.26565656565657, 21.82323232323232]]]}, "properties": {"confidence_score": 0.9113, "site_id": "balaghat"}}, {"type": "Feature", "geometry": {"type": "Polygon", "coordinates": [[[80.27979797979799, 21.82323232323232], [80.27979797979799, 21.833333333333332], [80.26565656565657, 21.833333333333332], [80.26565656565657, 21.82323232323232], [80.27979797979799, 21.82323232323232]]]}, "properties": {"confidence_score": 0.7828, "site_id": "balaghat"}}, {"type": "Feature", "geometry": {"type": "Polygon", "coordinates": [[[80.2939393939394, 21.82323232323232], [80.2939393939394, 21.833333333333332], [80.27979797979798, 21.833333333333332], [80.27979797979798, 21.82323232323232], [80.2939393939394, 21.82323232323232]]]}, "properties": {"confidence_score": 0.676, "site_id": "balaghat"}}, {"type": "Feature", "geometry": {"type": "Polygon", "coordinates": [[[80.30808080808082, 21.82323232323232], [80.30808080808082, 21.833333333333332], [80.2939393939394, 21.833333333333332], [80.2939393939394, 21.82323232323232], [80.30808080808082, 21.82323232323232]]]}, "properties": {"confidence_score": 0.6838, "site_id": "balaghat"}}, {"type": "Feature", "geometry": {"type": "Polygon", "coordinates": [[[80.32222222222224, 21.82323232323232], [80.32222222222224, 21.833333333333332], [80.30808080808082, 21.833333333333332], [80.30808080808082, 21.82323232323232], [80.32222222222224, 21.82323232323232]]]}, "properties": {"confidence_score": 0.693, "site_id": "balaghat"}}, {"type": "Feature", "geometry": {"type": "Polygon", "coordinates": [[[80.33636363636364, 21.82323232323232], [80.33636363636364, 21.833333333333332], [80.32222222222222, 21.833333333333332], [80.32222222222222, 21.82323232323232], [80.33636363636364, 21.82323232323232]]]}, "properties": {"confidence_score": 0.4568, "site_id": "balaghat"}}, {"type": "Feature", "geometry": {"type": "Polygon", "coordinates": [[[80.35050505050506, 21.82323232323232], [80.35050505050506, 21.833333333333332], [80.33636363636364, 21.833333333333332], [80.33636363636364, 21.82323232323232], [80.35050505050506, 21.82323232323232]]]}, "properties": {"confidence_score": 0.2297, "site_id": "balaghat"}}, {"type": "Feature", "geometry": {"type": "Polygon", "coordinates": [[[80.36464646464647, 21.82323232323232], [80.36464646464647, 21.833333333333332], [80.35050505050505, 21.833333333333332], [80.35050505050505, 21.82323232323232], [80.36464646464647, 21.82323232323232]]]}, "properties": {"confidence_score": 0.1474, "site_id": "balaghat"}}, {"type": "Feature", "geometry": {"type": "Polygon", "coordinates": [[[80.37878787878789, 21.82323232323232], [80.37878787878789, 21.833333333333332], [80.36464646464647, 21.833333333333332], [80.36464646464647, 21.82323232323232], [80.37878787878789, 21.82323232323232]]]}, "properties": {"confidence_score": 0.0999, "site_id": "balaghat"}}, {"type": "Feature", "geometry": {"type": "Polygon", "coordinates": [[[80.3929292929293, 21.82323232323232], [80.3929292929293, 21.833333333333332], [80.37878787878788, 21.833333333333332], [80.37878787878788, 21.82323232323232], [80.3929292929293, 21.82323232323232]]]}, "properties": {"confidence_score": 0.0965, "site_id": "balaghat"}}, {"type": "Feature", "geometry": {"type": "Polygon", "coordinates": [[[80.40707070707072, 21.82323232323232], [80.40707070707072, 21.833333333333332], [80.3929292929293, 21.833333333333332], [80.3929292929293, 21.82323232323232], [80.40707070707072, 21.82323232323232]]]}, "properties": {"confidence_score": 0.0912, "site_id": "balaghat"}}, {"type": "Feature", "geometry": {"type": "Polygon", "coordinates": [[[80.11010101010102, 21.833333333333332], [80.11010101010102, 21.843434343434343], [80.0959595959596, 21.843434343434343], [80.0959595959596, 21.833333333333332], [80.11010101010102, 21.833333333333332]]]}, "properties": {"confidence_score": 0.2552, "site_id": "balaghat"}}, {"type": "Feature", "geometry": {"type": "Polygon", "coordinates": [[[80.12424242424242, 21.833333333333332], [80.12424242424242, 21.843434343434343], [80.110101010101, 21.843434343434343], [80.110101010101, 21.833333333333332], [80.12424242424242, 21.833333333333332]]]}, "properties": {"confidence_score": 0.3452, "site_id": "balaghat"}}, {"type": "Feature", "geometry": {"type": "Polygon", "coordinates": [[[80.13838383838385, 21.833333333333332], [80.13838383838385, 21.843434343434343], [80.12424242424242, 21.843434343434343], [80.12424242424242, 21.833333333333332], [80.13838383838385, 21.833333333333332]]]}, "properties": {"confidence_score": 0.7057, "site_id": "balaghat"}}, {"type": "Feature", "geometry": {"type": "Polygon", "coordinates": [[[80.15252525252527, 21.833333333333332], [80.15252525252527, 21.843434343434343], [80.13838383838385, 21.843434343434343], [80.13838383838385, 21.833333333333332], [80.15252525252527, 21.833333333333332]]]}, "properties": {"confidence_score": 0.9285, "site_id": "balaghat"}}, {"type": "Feature", "geometry": {"type": "Polygon", "coordinates": [[[80.16666666666667, 21.833333333333332], [80.16666666666667, 21.843434343434343], [80.15252525252525, 21.843434343434343], [80.15252525252525, 21.833333333333332], [80.16666666666667, 21.833333333333332]]]}, "properties": {"confidence_score": 0.9363, "site_id": "balaghat"}}, {"type": "Feature", "geometry": {"type": "Polygon", "coordinates": [[[80.18080808080809, 21.833333333333332], [80.18080808080809, 21.843434343434343], [80.16666666666667, 21.843434343434343], [80.16666666666667, 21.833333333333332], [80.18080808080809, 21.833333333333332]]]}, "properties": {"confidence_score": 0.9561, "site_id": "balaghat"}}, {"type": "Feature", "geometry": {"type": "Polygon", "coordinates": [[[80.1949494949495, 21.833333333333332], [80.1949494949495, 21.843434343434343], [80.18080808080808, 21.843434343434343], [80.18080808080808, 21.833333333333332], [80.1949494949495, 21.833333333333332]]]}, "properties": {"confidence_score": 0.774, "site_id": "balaghat"}}, {"type": "Feature", "geometry": {"type": "Polygon", "coordinates": [[[80.20909090909092, 21.833333333333332], [80.20909090909092, 21.843434343434343], [80.1949494949495, 21.843434343434343], [80.1949494949495, 21.833333333333332], [80.20909090909092, 21.833333333333332]]]}, "properties": {"confidence_score": 0.6915, "site_id": "balaghat"}}, {"type": "Feature", "geometry": {"type": "Polygon", "coordinates": [[[80.22323232323234, 21.833333333333332], [80.22323232323234, 21.843434343434343], [80.20909090909092, 21.843434343434343], [80.20909090909092, 21.833333333333332], [80.22323232323234, 21.833333333333332]]]}, "properties": {"confidence_score": 0.6399, "site_id": "balaghat"}}, {"type": "Feature", "geometry": {"type": "Polygon", "coordinates": [[[80.23737373737374, 21.833333333333332], [80.23737373737374, 21.843434343434343], [80.22323232323232, 21.843434343434343], [80.22323232323232, 21.833333333333332], [80.23737373737374, 21.833333333333332]]]}, "properties": {"confidence_score": 0.7061, "site_id": "balaghat"}}, {"type": "Feature", "geometry": {"type": "Polygon", "coordinates": [[[80.25151515151516, 21.833333333333332], [80.25151515151516, 21.843434343434343], [80.23737373737374, 21.843434343434343], [80.23737373737374, 21.833333333333332], [80.25151515151516, 21.833333333333332]]]}, "properties": {"confidence_score": 0.8246, "site_id": "balaghat"}}, {"type": "Feature", "geometry": {"type": "Polygon", "coordinates": [[[80.26565656565657, 21.833333333333332], [80.26565656565657, 21.843434343434343], [80.25151515151515, 21.843434343434343], [80.25151515151515, 21.833333333333332], [80.26565656565657, 21.833333333333332]]]}, "properties": {"confidence_score": 0.9646, "site_id": "balaghat"}}, {"type": "Feature", "geometry": {"type": "Polygon", "coordinates": [[[80.27979797979799, 21.833333333333332], [80.27979797979799, 21.843434343434343], [80.26565656565657, 21.843434343434343], [80.26565656565657, 21.833333333333332], [80.27979797979799, 21.833333333333332]]]}, "properties": {"confidence_score": 0.8098, "site_id": "balaghat"}}, {"type": "Feature", "geometry": {"type": "Polygon", "coordinates": [[[80.2939393939394, 21.833333333333332], [80.2939393939394, 21.843434343434343], [80.27979797979798, 21.843434343434343], [80.27979797979798, 21.833333333333332], [80.2939393939394, 21.833333333333332]]]}, "properties": {"confidence_score": 0.7517, "site_id": "balaghat"}}, {"type": "Feature", "geometry": {"type": "Polygon", "coordinates": [[[80.30808080808082, 21.833333333333332], [80.30808080808082, 21.843434343434343], [80.2939393939394, 21.843434343434343], [80.2939393939394, 21.833333333333332], [80.30808080808082, 21.833333333333332]]]}, "properties": {"confidence_score": 0.8047, "site_id": "balaghat"}}, {"type": "Feature", "geometry": {"type": "Polygon", "coordinates": [[[80.32222222222224, 21.833333333333332], [80.32222222222224, 21.843434343434343], [80.30808080808082, 21.843434343434343], [80.30808080808082, 21.833333333333332], [80.32222222222224, 21.833333333333332]]]}, "properties": {"confidence_score": 0.9484, "site_id": "balaghat"}}, {"type": "Feature", "geometry": {"type": "Polygon", "coordinates": [[[80.33636363636364, 21.833333333333332], [80.33636363636364, 21.843434343434343], [80.32222222222222, 21.843434343434343], [80.32222222222222, 21.833333333333332], [80.33636363636364, 21.833333333333332]]]}, "properties": {"confidence_score": 0.559, "site_id": "balaghat"}}, {"type": "Feature", "geometry": {"type": "Polygon", "coordinates": [[[80.35050505050506, 21.833333333333332], [80.35050505050506, 21.843434343434343], [80.33636363636364, 21.843434343434343], [80.33636363636364, 21.833333333333332], [80.35050505050506, 21.833333333333332]]]}, "properties": {"confidence_score": 0.2309, "site_id": "balaghat"}}, {"type": "Feature", "geometry": {"type": "Polygon", "coordinates": [[[80.36464646464647, 21.833333333333332], [80.36464646464647, 21.843434343434343], [80.35050505050505, 21.843434343434343], [80.35050505050505, 21.833333333333332], [80.36464646464647, 21.833333333333332]]]}, "properties": {"confidence_score": 0.1801, "site_id": "balaghat"}}, {"type": "Feature", "geometry": {"type": "Polygon", "coordinates": [[[80.37878787878789, 21.833333333333332], [80.37878787878789, 21.843434343434343], [80.36464646464647, 21.843434343434343], [80.36464646464647, 21.833333333333332], [80.37878787878789, 21.833333333333332]]]}, "properties": {"confidence_score": 0.0864, "site_id": "balaghat"}}, {"type": "Feature", "geometry": {"type": "Polygon", "coordinates": [[[80.3929292929293, 21.833333333333332], [80.3929292929293, 21.843434343434343], [80.37878787878788, 21.843434343434343], [80.37878787878788, 21.833333333333332], [80.3929292929293, 21.833333333333332]]]}, "properties": {"confidence_score": 0.1038, "site_id": "balaghat"}}, {"type": "Feature", "geometry": {"type": "Polygon", "coordinates": [[[80.40707070707072, 21.833333333333332], [80.40707070707072, 21.843434343434343], [80.3929292929293, 21.843434343434343], [80.3929292929293, 21.833333333333332], [80.40707070707072, 21.833333333333332]]]}, "properties": {"confidence_score": 0.064, "site_id": "balaghat"}}, {"type": "Feature", "geometry": {"type": "Polygon", "coordinates": [[[80.11010101010102, 21.843434343434343], [80.11010101010102, 21.853535353535353], [80.0959595959596, 21.853535353535353], [80.0959595959596, 21.843434343434343], [80.11010101010102, 21.843434343434343]]]}, "properties": {"confidence_score": 0.2866, "site_id": "balaghat"}}, {"type": "Feature", "geometry": {"type": "Polygon", "coordinates": [[[80.12424242424242, 21.843434343434343], [80.12424242424242, 21.853535353535353], [80.110101010101, 21.853535353535353], [80.110101010101, 21.843434343434343], [80.12424242424242, 21.843434343434343]]]}, "properties": {"confidence_score": 0.4671, "site_id": "balaghat"}}, {"type": "Feature", "geometry": {"type": "Polygon", "coordinates": [[[80.13838383838385, 21.843434343434343], [80.13838383838385, 21.853535353535353], [80.12424242424242, 21.853535353535353], [80.12424242424242, 21.843434343434343], [80.13838383838385, 21.843434343434343]]]}, "properties": {"confidence_score": 0.7184, "site_id": "balaghat"}}, {"type": "Feature", "geometry": {"type": "Polygon", "coordinates": [[[80.15252525252527, 21.843434343434343], [80.15252525252527, 21.853535353535353], [80.13838383838385, 21.853535353535353], [80.13838383838385, 21.843434343434343], [80.15252525252527, 21.843434343434343]]]}, "properties": {"confidence_score": 0.9376, "site_id": "balaghat"}}, {"type": "Feature", "geometry": {"type": "Polygon", "coordinates": [[[80.16666666666667, 21.843434343434343], [80.16666666666667, 21.853535353535353], [80.15252525252525, 21.853535353535353], [80.15252525252525, 21.843434343434343], [80.16666666666667, 21.843434343434343]]]}, "properties": {"confidence_score": 0.961, "site_id": "balaghat"}}, {"type": "Feature", "geometry": {"type": "Polygon", "coordinates": [[[80.18080808080809, 21.843434343434343], [80.18080808080809, 21.853535353535353], [80.16666666666667, 21.853535353535353], [80.16666666666667, 21.843434343434343], [80.18080808080809, 21.843434343434343]]]}, "properties": {"confidence_score": 0.9431, "site_id": "balaghat"}}, {"type": "Feature", "geometry": {"type": "Polygon", "coordinates": [[[80.1949494949495, 21.843434343434343], [80.1949494949495, 21.853535353535353], [80.18080808080808, 21.853535353535353], [80.18080808080808, 21.843434343434343], [80.1949494949495, 21.843434343434343]]]}, "properties": {"confidence_score": 0.8044, "site_id": "balaghat"}}, {"type": "Feature", "geometry": {"type": "Polygon", "coordinates": [[[80.20909090909092, 21.843434343434343], [80.20909090909092, 21.853535353535353], [80.1949494949495, 21.853535353535353], [80.1949494949495, 21.843434343434343], [80.20909090909092, 21.843434343434343]]]}, "properties": {"confidence_score": 0.6939, "site_id": "balaghat"}}, {"type": "Feature", "geometry": {"type": "Polygon", "coordinates": [[[80.22323232323234, 21.843434343434343], [80.22323232323234, 21.853535353535353], [80.20909090909092, 21.853535353535353], [80.20909090909092, 21.843434343434343], [80.22323232323234, 21.843434343434343]]]}, "properties": {"confidence_score": 0.6234, "site_id": "balaghat"}}, {"type": "Feature", "geometry": {"type": "Polygon", "coordinates": [[[80.23737373737374, 21.843434343434343], [80.23737373737374, 21.853535353535353], [80.22323232323232, 21.853535353535353], [80.22323232323232, 21.843434343434343], [80.23737373737374, 21.843434343434343]]]}, "properties": {"confidence_score": 0.66, "site_id": "balaghat"}}, {"type": "Feature", "geometry": {"type": "Polygon", "coordinates": [[[80.25151515151516, 21.843434343434343], [80.25151515151516, 21.853535353535353], [80.23737373737374, 21.853535353535353], [80.23737373737374, 21.843434343434343], [80.25151515151516, 21.843434343434343]]]}, "properties": {"confidence_score": 0.7911, "site_id": "balaghat"}}, {"type": "Feature", "geometry": {"type": "Polygon", "coordinates": [[[80.26565656565657, 21.843434343434343], [80.26565656565657, 21.853535353535353], [80.25151515151515, 21.853535353535353], [80.25151515151515, 21.843434343434343], [80.26565656565657, 21.843434343434343]]]}, "properties": {"confidence_score": 0.9097, "site_id": "balaghat"}}, {"type": "Feature", "geometry": {"type": "Polygon", "coordinates": [[[80.27979797979799, 21.843434343434343], [80.27979797979799, 21.853535353535353], [80.26565656565657, 21.853535353535353], [80.26565656565657, 21.843434343434343], [80.27979797979799, 21.843434343434343]]]}, "properties": {"confidence_score": 0.7763, "site_id": "balaghat"}}, {"type": "Feature", "geometry": {"type": "Polygon", "coordinates": [[[80.2939393939394, 21.843434343434343], [80.2939393939394, 21.853535353535353], [80.27979797979798, 21.853535353535353], [80.27979797979798, 21.843434343434343], [80.2939393939394, 21.843434343434343]]]}, "properties": {"confidence_score": 0.7057, "site_id": "balaghat"}}, {"type": "Feature", "geometry": {"type": "Polygon", "coordinates": [[[80.30808080808082, 21.843434343434343], [80.30808080808082, 21.853535353535353], [80.2939393939394, 21.853535353535353], [80.2939393939394, 21.843434343434343], [80.30808080808082, 21.843434343434343]]]}, "properties": {"confidence_score": 0.8087, "site_id": "balaghat"}}, {"type": "Feature", "geometry": {"type": "Polygon", "coordinates": [[[80.32222222222224, 21.843434343434343], [80.32222222222224, 21.853535353535353], [80.30808080808082, 21.853535353535353], [80.30808080808082, 21.843434343434343], [80.32222222222224, 21.843434343434343]]]}, "properties": {"confidence_score": 0.9022, "site_id": "balaghat"}}, {"type": "Feature", "geometry": {"type": "Polygon", "coordinates": [[[80.33636363636364, 21.843434343434343], [80.33636363636364, 21.853535353535353], [80.32222222222222, 21.853535353535353], [80.32222222222222, 21.843434343434343], [80.33636363636364, 21.843434343434343]]]}, "properties": {"confidence_score": 0.6295, "site_id": "balaghat"}}, {"type": "Feature", "geometry": {"type": "Polygon", "coordinates": [[[80.35050505050506, 21.843434343434343], [80.35050505050506, 21.853535353535353], [80.33636363636364, 21.853535353535353], [80.33636363636364, 21.843434343434343], [80.35050505050506, 21.843434343434343]]]}, "properties": {"confidence_score": 0.3622, "site_id": "balaghat"}}, {"type": "Feature", "geometry": {"type": "Polygon", "coordinates": [[[80.36464646464647, 21.843434343434343], [80.36464646464647, 21.853535353535353], [80.35050505050505, 21.853535353535353], [80.35050505050505, 21.843434343434343], [80.36464646464647, 21.843434343434343]]]}, "properties": {"confidence_score": 0.305, "site_id": "balaghat"}}, {"type": "Feature", "geometry": {"type": "Polygon", "coordinates": [[[80.37878787878789, 21.843434343434343], [80.37878787878789, 21.853535353535353], [80.36464646464647, 21.853535353535353], [80.36464646464647, 21.843434343434343], [80.37878787878789, 21.843434343434343]]]}, "properties": {"confidence_score": 0.2621, "site_id": "balaghat"}}, {"type": "Feature", "geometry": {"type": "Polygon", "coordinates": [[[80.3929292929293, 21.843434343434343], [80.3929292929293, 21.853535353535353], [80.37878787878788, 21.853535353535353], [80.37878787878788, 21.843434343434343], [80.3929292929293, 21.843434343434343]]]}, "properties": {"confidence_score": 0.1765, "site_id": "balaghat"}}, {"type": "Feature", "geometry": {"type": "Polygon", "coordinates": [[[80.40707070707072, 21.843434343434343], [80.40707070707072, 21.853535353535353], [80.3929292929293, 21.853535353535353], [80.3929292929293, 21.843434343434343], [80.40707070707072, 21.843434343434343]]]}, "properties": {"confidence_score": 0.0869, "site_id": "balaghat"}}, {"type": "Feature", "geometry": {"type": "Polygon", "coordinates": [[[80.11010101010102, 21.853535353535353], [80.11010101010102, 21.863636363636363], [80.0959595959596, 21.863636363636363], [80.0959595959596, 21.853535353535353], [80.11010101010102, 21.853535353535353]]]}, "properties": {"confidence_score": 0.3234, "site_id": "balaghat"}}, {"type": "Feature", "geometry": {"type": "Polygon", "coordinates": [[[80.12424242424242, 21.853535353535353], [80.12424242424242, 21.863636363636363], [80.110101010101, 21.863636363636363], [80.110101010101, 21.853535353535353], [80.12424242424242, 21.853535353535353]]]}, "properties": {"confidence_score": 0.5368, "site_id": "balaghat"}}, {"type": "Feature", "geometry": {"type": "Polygon", "coordinates": [[[80.13838383838385, 21.853535353535353], [80.13838383838385, 21.863636363636363], [80.12424242424242, 21.863636363636363], [80.12424242424242, 21.853535353535353], [80.13838383838385, 21.853535353535353]]]}, "properties": {"confidence_score": 0.6926, "site_id": "balaghat"}}, {"type": "Feature", "geometry": {"type": "Polygon", "coordinates": [[[80.15252525252527, 21.853535353535353], [80.15252525252527, 21.863636363636363], [80.13838383838385, 21.863636363636363], [80.13838383838385, 21.853535353535353], [80.15252525252527, 21.853535353535353]]]}, "properties": {"confidence_score": 0.9479, "site_id": "balaghat"}}, {"type": "Feature", "geometry": {"type": "Polygon", "coordinates": [[[80.16666666666667, 21.853535353535353], [80.16666666666667, 21.863636363636363], [80.15252525252525, 21.863636363636363], [80.15252525252525, 21.853535353535353], [80.16666666666667, 21.853535353535353]]]}, "properties": {"confidence_score": 0.9371, "site_id": "balaghat"}}, {"type": "Feature", "geometry": {"type": "Polygon", "coordinates": [[[80.18080808080809, 21.853535353535353], [80.18080808080809, 21.863636363636363], [80.16666666666667, 21.863636363636363], [80.16666666666667, 21.853535353535353], [80.18080808080809, 21.853535353535353]]]}, "properties": {"confidence_score": 0.9601, "site_id": "balaghat"}}, {"type": "Feature", "geometry": {"type": "Polygon", "coordinates": [[[80.1949494949495, 21.853535353535353], [80.1949494949495, 21.863636363636363], [80.18080808080808, 21.863636363636363], [80.18080808080808, 21.853535353535353], [80.1949494949495, 21.853535353535353]]]}, "properties": {"confidence_score": 0.8017, "site_id": "balaghat"}}, {"type": "Feature", "geometry": {"type": "Polygon", "coordinates": [[[80.20909090909092, 21.853535353535353], [80.20909090909092, 21.863636363636363], [80.1949494949495, 21.863636363636363], [80.1949494949495, 21.853535353535353], [80.20909090909092, 21.853535353535353]]]}, "properties": {"confidence_score": 0.6799, "site_id": "balaghat"}}, {"type": "Feature", "geometry": {"type": "Polygon", "coordinates": [[[80.22323232323234, 21.853535353535353], [80.22323232323234, 21.863636363636363], [80.20909090909092, 21.863636363636363], [80.20909090909092, 21.853535353535353], [80.22323232323234, 21.853535353535353]]]}, "properties": {"confidence_score": 0.5575, "site_id": "balaghat"}}, {"type": "Feature", "geometry": {"type": "Polygon", "coordinates": [[[80.23737373737374, 21.853535353535353], [80.23737373737374, 21.863636363636363], [80.22323232323232, 21.863636363636363], [80.22323232323232, 21.853535353535353], [80.23737373737374, 21.853535353535353]]]}, "properties": {"confidence_score": 0.5669, "site_id": "balaghat"}}, {"type": "Feature", "geometry": {"type": "Polygon", "coordinates": [[[80.25151515151516, 21.853535353535353], [80.25151515151516, 21.863636363636363], [80.23737373737374, 21.863636363636363], [80.23737373737374, 21.853535353535353], [80.25151515151516, 21.853535353535353]]]}, "properties": {"confidence_score": 0.6928, "site_id": "balaghat"}}, {"type": "Feature", "geometry": {"type": "Polygon", "coordinates": [[[80.26565656565657, 21.853535353535353], [80.26565656565657, 21.863636363636363], [80.25151515151515, 21.863636363636363], [80.25151515151515, 21.853535353535353], [80.26565656565657, 21.853535353535353]]]}, "properties": {"confidence_score": 0.8908, "site_id": "balaghat"}}, {"type": "Feature", "geometry": {"type": "Polygon", "coordinates": [[[80.27979797979799, 21.853535353535353], [80.27979797979799, 21.863636363636363], [80.26565656565657, 21.863636363636363], [80.26565656565657, 21.853535353535353], [80.27979797979799, 21.853535353535353]]]}, "properties": {"confidence_score": 0.6845, "site_id": "balaghat"}}, {"type": "Feature", "geometry": {"type": "Polygon", "coordinates": [[[80.2939393939394, 21.853535353535353], [80.2939393939394, 21.863636363636363], [80.27979797979798, 21.863636363636363], [80.27979797979798, 21.853535353535353], [80.2939393939394, 21.853535353535353]]]}, "properties": {"confidence_score": 0.5985, "site_id": "balaghat"}}, {"type": "Feature", "geometry": {"type": "Polygon", "coordinates": [[[80.30808080808082, 21.853535353535353], [80.30808080808082, 21.863636363636363], [80.2939393939394, 21.863636363636363], [80.2939393939394, 21.853535353535353], [80.30808080808082, 21.853535353535353]]]}, "properties": {"confidence_score": 0.735, "site_id": "balaghat"}}, {"type": "Feature", "geometry": {"type": "Polygon", "coordinates": [[[80.32222222222224, 21.853535353535353], [80.32222222222224, 21.863636363636363], [80.30808080808082, 21.863636363636363], [80.30808080808082, 21.853535353535353], [80.32222222222224, 21.853535353535353]]]}, "properties": {"confidence_score": 0.9378, "site_id": "balaghat"}}, {"type": "Feature", "geometry": {"type": "Polygon", "coordinates": [[[80.33636363636364, 21.853535353535353], [80.33636363636364, 21.863636363636363], [80.32222222222222, 21.863636363636363], [80.32222222222222, 21.853535353535353], [80.33636363636364, 21.853535353535353]]]}, "properties": {"confidence_score": 0.6821, "site_id": "balaghat"}}, {"type": "Feature", "geometry": {"type": "Polygon", "coordinates": [[[80.35050505050506, 21.853535353535353], [80.35050505050506, 21.863636363636363], [80.33636363636364, 21.863636363636363], [80.33636363636364, 21.853535353535353], [80.35050505050506, 21.853535353535353]]]}, "properties": {"confidence_score": 0.4685, "site_id": "balaghat"}}, {"type": "Feature", "geometry": {"type": "Polygon", "coordinates": [[[80.36464646464647, 21.853535353535353], [80.36464646464647, 21.863636363636363], [80.35050505050505, 21.863636363636363], [80.35050505050505, 21.853535353535353], [80.36464646464647, 21.853535353535353]]]}, "properties": {"confidence_score": 0.4944, "site_id": "balaghat"}}, {"type": "Feature", "geometry": {"type": "Polygon", "coordinates": [[[80.37878787878789, 21.853535353535353], [80.37878787878789, 21.863636363636363], [80.36464646464647, 21.863636363636363], [80.36464646464647, 21.853535353535353], [80.37878787878789, 21.853535353535353]]]}, "properties": {"confidence_score": 0.4745, "site_id": "balaghat"}}, {"type": "Feature", "geometry": {"type": "Polygon", "coordinates": [[[80.3929292929293, 21.853535353535353], [80.3929292929293, 21.863636363636363], [80.37878787878788, 21.863636363636363], [80.37878787878788, 21.853535353535353], [80.3929292929293, 21.853535353535353]]]}, "properties": {"confidence_score": 0.2883, "site_id": "balaghat"}}, {"type": "Feature", "geometry": {"type": "Polygon", "coordinates": [[[80.40707070707072, 21.853535353535353], [80.40707070707072, 21.863636363636363], [80.3929292929293, 21.863636363636363], [80.3929292929293, 21.853535353535353], [80.40707070707072, 21.853535353535353]]]}, "properties": {"confidence_score": 0.0991, "site_id": "balaghat"}}, {"type": "Feature", "geometry": {"type": "Polygon", "coordinates": [[[80.11010101010102, 21.863636363636363], [80.11010101010102, 21.873737373737374], [80.0959595959596, 21.873737373737374], [80.0959595959596, 21.863636363636363], [80.11010101010102, 21.863636363636363]]]}, "properties": {"confidence_score": 0.2786, "site_id": "balaghat"}}, {"type": "Feature", "geometry": {"type": "Polygon", "coordinates": [[[80.12424242424242, 21.863636363636363], [80.12424242424242, 21.873737373737374], [80.110101010101, 21.873737373737374], [80.110101010101, 21.863636363636363], [80.12424242424242, 21.863636363636363]]]}, "properties": {"confidence_score": 0.3869, "site_id": "balaghat"}}, {"type": "Feature", "geometry": {"type": "Polygon", "coordinates": [[[80.13838383838385, 21.863636363636363], [80.13838383838385, 21.873737373737374], [80.12424242424242, 21.873737373737374], [80.12424242424242, 21.863636363636363], [80.13838383838385, 21.863636363636363]]]}, "properties": {"confidence_score": 0.5301, "site_id": "balaghat"}}, {"type": "Feature", "geometry": {"type": "Polygon", "coordinates": [[[80.15252525252527, 21.863636363636363], [80.15252525252527, 21.873737373737374], [80.13838383838385, 21.873737373737374], [80.13838383838385, 21.863636363636363], [80.15252525252527, 21.863636363636363]]]}, "properties": {"confidence_score": 0.6922, "site_id": "balaghat"}}, {"type": "Feature", "geometry": {"type": "Polygon", "coordinates": [[[80.16666666666667, 21.863636363636363], [80.16666666666667, 21.873737373737374], [80.15252525252525, 21.873737373737374], [80.15252525252525, 21.863636363636363], [80.16666666666667, 21.863636363636363]]]}, "properties": {"confidence_score": 0.8485, "site_id": "balaghat"}}, {"type": "Feature", "geometry": {"type": "Polygon", "coordinates": [[[80.18080808080809, 21.863636363636363], [80.18080808080809, 21.873737373737374], [80.16666666666667, 21.873737373737374], [80.16666666666667, 21.863636363636363], [80.18080808080809, 21.863636363636363]]]}, "properties": {"confidence_score": 0.9289, "site_id": "balaghat"}}, {"type": "Feature", "geometry": {"type": "Polygon", "coordinates": [[[80.1949494949495, 21.863636363636363], [80.1949494949495, 21.873737373737374], [80.18080808080808, 21.873737373737374], [80.18080808080808, 21.863636363636363], [80.1949494949495, 21.863636363636363]]]}, "properties": {"confidence_score": 0.7654, "site_id": "balaghat"}}, {"type": "Feature", "geometry": {"type": "Polygon", "coordinates": [[[80.20909090909092, 21.863636363636363], [80.20909090909092, 21.873737373737374], [80.1949494949495, 21.873737373737374], [80.1949494949495, 21.863636363636363], [80.20909090909092, 21.863636363636363]]]}, "properties": {"confidence_score": 0.5992, "site_id": "balaghat"}}, {"type": "Feature", "geometry": {"type": "Polygon", "coordinates": [[[80.22323232323234, 21.863636363636363], [80.22323232323234, 21.873737373737374], [80.20909090909092, 21.873737373737374], [80.20909090909092, 21.863636363636363], [80.22323232323234, 21.863636363636363]]]}, "properties": {"confidence_score": 0.4426, "site_id": "balaghat"}}, {"type": "Feature", "geometry": {"type": "Polygon", "coordinates": [[[80.23737373737374, 21.863636363636363], [80.23737373737374, 21.873737373737374], [80.22323232323232, 21.873737373737374], [80.22323232323232, 21.863636363636363], [80.23737373737374, 21.863636363636363]]]}, "properties": {"confidence_score": 0.3842, "site_id": "balaghat"}}, {"type": "Feature", "geometry": {"type": "Polygon", "coordinates": [[[80.25151515151516, 21.863636363636363], [80.25151515151516, 21.873737373737374], [80.23737373737374, 21.873737373737374], [80.23737373737374, 21.863636363636363], [80.25151515151516, 21.863636363636363]]]}, "properties": {"confidence_score": 0.5018, "site_id": "balaghat"}}, {"type": "Feature", "geometry": {"type": "Polygon", "coordinates": [[[80.26565656565657, 21.863636363636363], [80.26565656565657, 21.873737373737374], [80.25151515151515, 21.873737373737374], [80.25151515151515, 21.863636363636363], [80.26565656565657, 21.863636363636363]]]}, "properties": {"confidence_score": 0.6009, "site_id": "balaghat"}}, {"type": "Feature", "geometry": {"type": "Polygon", "coordinates": [[[80.27979797979799, 21.863636363636363], [80.27979797979799, 21.873737373737374], [80.26565656565657, 21.873737373737374], [80.26565656565657, 21.863636363636363], [80.27979797979799, 21.863636363636363]]]}, "properties": {"confidence_score": 0.5412, "site_id": "balaghat"}}, {"type": "Feature", "geometry": {"type": "Polygon", "coordinates": [[[80.2939393939394, 21.863636363636363], [80.2939393939394, 21.873737373737374], [80.27979797979798, 21.873737373737374], [80.27979797979798, 21.863636363636363], [80.2939393939394, 21.863636363636363]]]}, "properties": {"confidence_score": 0.4979, "site_id": "balaghat"}}, {"type": "Feature", "geometry": {"type": "Polygon", "coordinates": [[[80.30808080808082, 21.863636363636363], [80.30808080808082, 21.873737373737374], [80.2939393939394, 21.873737373737374], [80.2939393939394, 21.863636363636363], [80.30808080808082, 21.863636363636363]]]}, "properties": {"confidence_score": 0.5898, "site_id": "balaghat"}}, {"type": "Feature", "geometry": {"type": "Polygon", "coordinates": [[[80.32222222222224, 21.863636363636363], [80.32222222222224, 21.873737373737374], [80.30808080808082, 21.873737373737374], [80.30808080808082, 21.863636363636363], [80.32222222222224, 21.863636363636363]]]}, "properties": {"confidence_score": 0.6955, "site_id": "balaghat"}}, {"type": "Feature", "geometry": {"type": "Polygon", "coordinates": [[[80.33636363636364, 21.863636363636363], [80.33636363636364, 21.873737373737374], [80.32222222222222, 21.873737373737374], [80.32222222222222, 21.863636363636363], [80.33636363636364, 21.863636363636363]]]}, "properties": {"confidence_score": 0.719, "site_id": "balaghat"}}, {"type": "Feature", "geometry": {"type": "Polygon", "coordinates": [[[80.35050505050506, 21.863636363636363], [80.35050505050506, 21.873737373737374], [80.33636363636364, 21.873737373737374], [80.33636363636364, 21.863636363636363], [80.35050505050506, 21.863636363636363]]]}, "properties": {"confidence_score": 0.7409, "site_id": "balaghat"}}, {"type": "Feature", "geometry": {"type": "Polygon", "coordinates": [[[80.36464646464647, 21.863636363636363], [80.36464646464647, 21.873737373737374], [80.35050505050505, 21.873737373737374], [80.35050505050505, 21.863636363636363], [80.36464646464647, 21.863636363636363]]]}, "properties": {"confidence_score": 0.7226, "site_id": "balaghat"}}, {"type": "Feature", "geometry": {"type": "Polygon", "coordinates": [[[80.37878787878789, 21.863636363636363], [80.37878787878789, 21.873737373737374], [80.36464646464647, 21.873737373737374], [80.36464646464647, 21.863636363636363], [80.37878787878789, 21.863636363636363]]]}, "properties": {"confidence_score": 0.6866, "site_id": "balaghat"}}, {"type": "Feature", "geometry": {"type": "Polygon", "coordinates": [[[80.3929292929293, 21.863636363636363], [80.3929292929293, 21.873737373737374], [80.37878787878788, 21.873737373737374], [80.37878787878788, 21.863636363636363], [80.3929292929293, 21.863636363636363]]]}, "properties": {"confidence_score": 0.4095, "site_id": "balaghat"}}, {"type": "Feature", "geometry": {"type": "Polygon", "coordinates": [[[80.40707070707072, 21.863636363636363], [80.40707070707072, 21.873737373737374], [80.3929292929293, 21.873737373737374], [80.3929292929293, 21.863636363636363], [80.40707070707072, 21.863636363636363]]]}, "properties": {"confidence_score": 0.1697, "site_id": "balaghat"}}, {"type": "Feature", "geometry": {"type": "Polygon", "coordinates": [[[80.11010101010102, 21.873737373737374], [80.11010101010102, 21.883838383838384], [80.0959595959596, 21.883838383838384], [80.0959595959596, 21.873737373737374], [80.11010101010102, 21.873737373737374]]]}, "properties": {"confidence_score": 0.221, "site_id": "balaghat"}}, {"type": "Feature", "geometry": {"type": "Polygon", "coordinates": [[[80.12424242424242, 21.873737373737374], [80.12424242424242, 21.883838383838384], [80.110101010101, 21.883838383838384], [80.110101010101, 21.873737373737374], [80.12424242424242, 21.873737373737374]]]}, "properties": {"confidence_score": 0.2436, "site_id": "balaghat"}}, {"type": "Feature", "geometry": {"type": "Polygon", "coordinates": [[[80.13838383838385, 21.873737373737374], [80.13838383838385, 21.883838383838384], [80.12424242424242, 21.883838383838384], [80.12424242424242, 21.873737373737374], [80.13838383838385, 21.873737373737374]]]}, "properties": {"confidence_score": 0.3573, "site_id": "balaghat"}}, {"type": "Feature", "geometry": {"type": "Polygon", "coordinates": [[[80.15252525252527, 21.873737373737374], [80.15252525252527, 21.883838383838384], [80.13838383838385, 21.883838383838384], [80.13838383838385, 21.873737373737374], [80.15252525252527, 21.873737373737374]]]}, "properties": {"confidence_score": 0.4609, "site_id": "balaghat"}}, {"type": "Feature", "geometry": {"type": "Polygon", "coordinates": [[[80.16666666666667, 21.873737373737374], [80.16666666666667, 21.883838383838384], [80.15252525252525, 21.883838383838384], [80.15252525252525, 21.873737373737374], [80.16666666666667, 21.873737373737374]]]}, "properties": {"confidence_score": 0.7198, "site_id": "balaghat"}}, {"type": "Feature", "geometry": {"type": "Polygon", "coordinates": [[[80.18080808080809, 21.873737373737374], [80.18080808080809, 21.883838383838384], [80.16666666666667, 21.883838383838384], [80.16666666666667, 21.873737373737374], [80.18080808080809, 21.873737373737374]]]}, "properties": {"confidence_score": 0.9216, "site_id": "balaghat"}}, {"type": "Feature", "geometry": {"type": "Polygon", "coordinates": [[[80.1949494949495, 21.873737373737374], [80.1949494949495, 21.883838383838384], [80.18080808080808, 21.883838383838384], [80.18080808080808, 21.873737373737374], [80.1949494949495, 21.873737373737374]]]}, "properties": {"confidence_score": 0.6898, "site_id": "balaghat"}}, {"type": "Feature", "geometry": {"type": "Polygon", "coordinates": [[[80.20909090909092, 21.873737373737374], [80.20909090909092, 21.883838383838384], [80.1949494949495, 21.883838383838384], [80.1949494949495, 21.873737373737374], [80.20909090909092, 21.873737373737374]]]}, "properties": {"confidence_score": 0.5217, "site_id": "balaghat"}}, {"type": "Feature", "geometry": {"type": "Polygon", "coordinates": [[[80.22323232323234, 21.873737373737374], [80.22323232323234, 21.883838383838384], [80.20909090909092, 21.883838383838384], [80.20909090909092, 21.873737373737374], [80.22323232323234, 21.873737373737374]]]}, "properties": {"confidence_score": 0.329, "site_id": "balaghat"}}, {"type": "Feature", "geometry": {"type": "Polygon", "coordinates": [[[80.23737373737374, 21.873737373737374], [80.23737373737374, 21.883838383838384], [80.22323232323232, 21.883838383838384], [80.22323232323232, 21.873737373737374], [80.23737373737374, 21.873737373737374]]]}, "properties": {"confidence_score": 0.1904, "site_id": "balaghat"}}, {"type": "Feature", "geometry": {"type": "Polygon", "coordinates": [[[80.25151515151516, 21.873737373737374], [80.25151515151516, 21.883838383838384], [80.23737373737374, 21.883838383838384], [80.23737373737374, 21.873737373737374], [80.25151515151516, 21.873737373737374]]]}, "properties": {"confidence_score": 0.3269, "site_id": "balaghat"}}, {"type": "Feature", "geometry": {"type": "Polygon", "coordinates": [[[80.26565656565657, 21.873737373737374], [80.26565656565657, 21.883838383838384], [80.25151515151515, 21.883838383838384], [80.25151515151515, 21.873737373737374], [80.26565656565657, 21.873737373737374]]]}, "properties": {"confidence_score": 0.405, "site_id": "balaghat"}}, {"type": "Feature", "geometry": {"type": "Polygon", "coordinates": [[[80.27979797979799, 21.873737373737374], [80.27979797979799, 21.883838383838384], [80.26565656565657, 21.883838383838384], [80.26565656565657, 21.873737373737374], [80.27979797979799, 21.873737373737374]]]}, "properties": {"confidence_score": 0.4157, "site_id": "balaghat"}}, {"type": "Feature", "geometry": {"type": "Polygon", "coordinates": [[[80.2939393939394, 21.873737373737374], [80.2939393939394, 21.883838383838384], [80.27979797979798, 21.883838383838384], [80.27979797979798, 21.873737373737374], [80.2939393939394, 21.873737373737374]]]}, "properties": {"confidence_score": 0.3844, "site_id": "balaghat"}}, {"type": "Feature", "geometry": {"type": "Polygon", "coordinates": [[[80.30808080808082, 21.873737373737374], [80.30808080808082, 21.883838383838384], [80.2939393939394, 21.883838383838384], [80.2939393939394, 21.873737373737374], [80.30808080808082, 21.873737373737374]]]}, "properties": {"confidence_score": 0.4594, "site_id": "balaghat"}}, {"type": "Feature", "geometry": {"type": "Polygon", "coordinates": [[[80.32222222222224, 21.873737373737374], [80.32222222222224, 21.883838383838384], [80.30808080808082, 21.883838383838384], [80.30808080808082, 21.873737373737374], [80.32222222222224, 21.873737373737374]]]}, "properties": {"confidence_score": 0.5274, "site_id": "balaghat"}}, {"type": "Feature", "geometry": {"type": "Polygon", "coordinates": [[[80.33636363636364, 21.873737373737374], [80.33636363636364, 21.883838383838384], [80.32222222222222, 21.883838383838384], [80.32222222222222, 21.873737373737374], [80.33636363636364, 21.873737373737374]]]}, "properties": {"confidence_score": 0.7302, "site_id": "balaghat"}}, {"type": "Feature", "geometry": {"type": "Polygon", "coordinates": [[[80.35050505050506, 21.873737373737374], [80.35050505050506, 21.883838383838384], [80.33636363636364, 21.883838383838384], [80.33636363636364, 21.873737373737374], [80.35050505050506, 21.873737373737374]]]}, "properties": {"confidence_score": 0.9782, "site_id": "balaghat"}}, {"type": "Feature", "geometry": {"type": "Polygon", "coordinates": [[[80.36464646464647, 21.873737373737374], [80.36464646464647, 21.883838383838384], [80.35050505050505, 21.883838383838384], [80.35050505050505, 21.873737373737374], [80.36464646464647, 21.873737373737374]]]}, "properties": {"confidence_score": 0.8797, "site_id": "balaghat"}}, {"type": "Feature", "geometry": {"type": "Polygon", "coordinates": [[[80.37878787878789, 21.873737373737374], [80.37878787878789, 21.883838383838384], [80.36464646464647, 21.883838383838384], [80.36464646464647, 21.873737373737374], [80.37878787878789, 21.873737373737374]]]}, "properties": {"confidence_score": 0.9196, "site_id": "balaghat"}}, {"type": "Feature", "geometry": {"type": "Polygon", "coordinates": [[[80.3929292929293, 21.873737373737374], [80.3929292929293, 21.883838383838384], [80.37878787878788, 21.883838383838384], [80.37878787878788, 21.873737373737374], [80.3929292929293, 21.873737373737374]]]}, "properties": {"confidence_score": 0.4764, "site_id": "balaghat"}}, {"type": "Feature", "geometry": {"type": "Polygon", "coordinates": [[[80.40707070707072, 21.873737373737374], [80.40707070707072, 21.883838383838384], [80.3929292929293, 21.883838383838384], [80.3929292929293, 21.873737373737374], [80.40707070707072, 21.873737373737374]]]}, "properties": {"confidence_score": 0.1743, "site_id": "balaghat"}}, {"type": "Feature", "geometry": {"type": "Polygon", "coordinates": [[[80.11010101010102, 21.883838383838384], [80.11010101010102, 21.893939393939394], [80.0959595959596, 21.893939393939394], [80.0959595959596, 21.883838383838384], [80.11010101010102, 21.883838383838384]]]}, "properties": {"confidence_score": 0.2092, "site_id": "balaghat"}}, {"type": "Feature", "geometry": {"type": "Polygon", "coordinates": [[[80.12424242424242, 21.883838383838384], [80.12424242424242, 21.893939393939394], [80.110101010101, 21.893939393939394], [80.110101010101, 21.883838383838384], [80.12424242424242, 21.883838383838384]]]}, "properties": {"confidence_score": 0.217, "site_id": "balaghat"}}, {"type": "Feature", "geometry": {"type": "Polygon", "coordinates": [[[80.13838383838385, 21.883838383838384], [80.13838383838385, 21.893939393939394], [80.12424242424242, 21.893939393939394], [80.12424242424242, 21.883838383838384], [80.13838383838385, 21.883838383838384]]]}, "properties": {"confidence_score": 0.2617, "site_id": "balaghat"}}, {"type": "Feature", "geometry": {"type": "Polygon", "coordinates": [[[80.15252525252527, 21.883838383838384], [80.15252525252527, 21.893939393939394], [80.13838383838385, 21.893939393939394], [80.13838383838385, 21.883838383838384], [80.15252525252527, 21.883838383838384]]]}, "properties": {"confidence_score": 0.3439, "site_id": "balaghat"}}, {"type": "Feature", "geometry": {"type": "Polygon", "coordinates": [[[80.16666666666667, 21.883838383838384], [80.16666666666667, 21.893939393939394], [80.15252525252525, 21.893939393939394], [80.15252525252525, 21.883838383838384], [80.16666666666667, 21.883838383838384]]]}, "properties": {"confidence_score": 0.5369, "site_id": "balaghat"}}, {"type": "Feature", "geometry": {"type": "Polygon", "coordinates": [[[80.18080808080809, 21.883838383838384], [80.18080808080809, 21.893939393939394], [80.16666666666667, 21.893939393939394], [80.16666666666667, 21.883838383838384], [80.18080808080809, 21.883838383838384]]]}, "properties": {"confidence_score": 0.6552, "site_id": "balaghat"}}, {"type": "Feature", "geometry": {"type": "Polygon", "coordinates": [[[80.1949494949495, 21.883838383838384], [80.1949494949495, 21.893939393939394], [80.18080808080808, 21.893939393939394], [80.18080808080808, 21.883838383838384], [80.1949494949495, 21.883838383838384]]]}, "properties": {"confidence_score": 0.5569, "site_id": "balaghat"}}, {"type": "Feature", "geometry": {"type": "Polygon", "coordinates": [[[80.20909090909092, 21.883838383838384], [80.20909090909092, 21.893939393939394], [80.1949494949495, 21.893939393939394], [80.1949494949495, 21.883838383838384], [80.20909090909092, 21.883838383838384]]]}, "properties": {"confidence_score": 0.4199, "site_id": "balaghat"}}, {"type": "Feature", "geometry": {"type": "Polygon", "coordinates": [[[80.22323232323234, 21.883838383838384], [80.22323232323234, 21.893939393939394], [80.20909090909092, 21.893939393939394], [80.20909090909092, 21.883838383838384], [80.22323232323234, 21.883838383838384]]]}, "properties": {"confidence_score": 0.2616, "site_id": "balaghat"}}, {"type": "Feature", "geometry": {"type": "Polygon", "coordinates": [[[80.23737373737374, 21.883838383838384], [80.23737373737374, 21.893939393939394], [80.22323232323232, 21.893939393939394], [80.22323232323232, 21.883838383838384], [80.23737373737374, 21.883838383838384]]]}, "properties": {"confidence_score": 0.1763, "site_id": "balaghat"}}, {"type": "Feature", "geometry": {"type": "Polygon", "coordinates": [[[80.25151515151516, 21.883838383838384], [80.25151515151516, 21.893939393939394], [80.23737373737374, 21.893939393939394], [80.23737373737374, 21.883838383838384], [80.25151515151516, 21.883838383838384]]]}, "properties": {"confidence_score": 0.2347, "site_id": "balaghat"}}, {"type": "Feature", "geometry": {"type": "Polygon", "coordinates": [[[80.26565656565657, 21.883838383838384], [80.26565656565657, 21.893939393939394], [80.25151515151515, 21.893939393939394], [80.25151515151515, 21.883838383838384], [80.26565656565657, 21.883838383838384]]]}, "properties": {"confidence_score": 0.2994, "site_id": "balaghat"}}, {"type": "Feature", "geometry": {"type": "Polygon", "coordinates": [[[80.27979797979799, 21.883838383838384], [80.27979797979799, 21.893939393939394], [80.26565656565657, 21.893939393939394], [80.26565656565657, 21.883838383838384], [80.27979797979799, 21.883838383838384]]]}, "properties": {"confidence_score": 0.3698, "site_id": "balaghat"}}, {"type": "Feature", "geometry": {"type": "Polygon", "coordinates": [[[80.2939393939394, 21.883838383838384], [80.2939393939394, 21.893939393939394], [80.27979797979798, 21.893939393939394], [80.27979797979798, 21.883838383838384], [80.2939393939394, 21.883838383838384]]]}, "properties": {"confidence_score": 0.3843, "site_id": "balaghat"}}, {"type": "Feature", "geometry": {"type": "Polygon", "coordinates": [[[80.30808080808082, 21.883838383838384], [80.30808080808082, 21.893939393939394], [80.2939393939394, 21.893939393939394], [80.2939393939394, 21.883838383838384], [80.30808080808082, 21.883838383838384]]]}, "properties": {"confidence_score": 0.3979, "site_id": "balaghat"}}, {"type": "Feature", "geometry": {"type": "Polygon", "coordinates": [[[80.32222222222224, 21.883838383838384], [80.32222222222224, 21.893939393939394], [80.30808080808082, 21.893939393939394], [80.30808080808082, 21.883838383838384], [80.32222222222224, 21.883838383838384]]]}, "properties": {"confidence_score": 0.4506, "site_id": "balaghat"}}, {"type": "Feature", "geometry": {"type": "Polygon", "coordinates": [[[80.33636363636364, 21.883838383838384], [80.33636363636364, 21.893939393939394], [80.32222222222222, 21.893939393939394], [80.32222222222222, 21.883838383838384], [80.33636363636364, 21.883838383838384]]]}, "properties": {"confidence_score": 0.6933, "site_id": "balaghat"}}, {"type": "Feature", "geometry": {"type": "Polygon", "coordinates": [[[80.35050505050506, 21.883838383838384], [80.35050505050506, 21.893939393939394], [80.33636363636364, 21.893939393939394], [80.33636363636364, 21.883838383838384], [80.35050505050506, 21.883838383838384]]]}, "properties": {"confidence_score": 0.932, "site_id": "balaghat"}}, {"type": "Feature", "geometry": {"type": "Polygon", "coordinates": [[[80.36464646464647, 21.883838383838384], [80.36464646464647, 21.893939393939394], [80.35050505050505, 21.893939393939394], [80.35050505050505, 21.883838383838384], [80.36464646464647, 21.883838383838384]]]}, "properties": {"confidence_score": 0.8708, "site_id": "balaghat"}}, {"type": "Feature", "geometry": {"type": "Polygon", "coordinates": [[[80.37878787878789, 21.883838383838384], [80.37878787878789, 21.893939393939394], [80.36464646464647, 21.893939393939394], [80.36464646464647, 21.883838383838384], [80.37878787878789, 21.883838383838384]]]}, "properties": {"confidence_score": 0.7361, "site_id": "balaghat"}}, {"type": "Feature", "geometry": {"type": "Polygon", "coordinates": [[[80.3929292929293, 21.883838383838384], [80.3929292929293, 21.893939393939394], [80.37878787878788, 21.893939393939394], [80.37878787878788, 21.883838383838384], [80.3929292929293, 21.883838383838384]]]}, "properties": {"confidence_score": 0.4458, "site_id": "balaghat"}}, {"type": "Feature", "geometry": {"type": "Polygon", "coordinates": [[[80.40707070707072, 21.883838383838384], [80.40707070707072, 21.893939393939394], [80.3929292929293, 21.893939393939394], [80.3929292929293, 21.883838383838384], [80.40707070707072, 21.883838383838384]]]}, "properties": {"confidence_score": 0.1878, "site_id": "balaghat"}}, {"type": "Feature", "geometry": {"type": "Polygon", "coordinates": [[[80.11010101010102, 21.893939393939394], [80.11010101010102, 21.904040404040405], [80.0959595959596, 21.904040404040405], [80.0959595959596, 21.893939393939394], [80.11010101010102, 21.893939393939394]]]}, "properties": {"confidence_score": 0.2592, "site_id": "balaghat"}}, {"type": "Feature", "geometry": {"type": "Polygon", "coordinates": [[[80.12424242424242, 21.893939393939394], [80.12424242424242, 21.904040404040405], [80.110101010101, 21.904040404040405], [80.110101010101, 21.893939393939394], [80.12424242424242, 21.893939393939394]]]}, "properties": {"confidence_score": 0.2362, "site_id": "balaghat"}}, {"type": "Feature", "geometry": {"type": "Polygon", "coordinates": [[[80.13838383838385, 21.893939393939394], [80.13838383838385, 21.904040404040405], [80.12424242424242, 21.904040404040405], [80.12424242424242, 21.893939393939394], [80.13838383838385, 21.893939393939394]]]}, "properties": {"confidence_score": 0.2258, "site_id": "balaghat"}}, {"type": "Feature", "geometry": {"type": "Polygon", "coordinates": [[[80.15252525252527, 21.893939393939394], [80.15252525252527, 21.904040404040405], [80.13838383838385, 21.904040404040405], [80.13838383838385, 21.893939393939394], [80.15252525252527, 21.893939393939394]]]}, "properties": {"confidence_score": 0.2305, "site_id": "balaghat"}}, {"type": "Feature", "geometry": {"type": "Polygon", "coordinates": [[[80.16666666666667, 21.893939393939394], [80.16666666666667, 21.904040404040405], [80.15252525252525, 21.904040404040405], [80.15252525252525, 21.893939393939394], [80.16666666666667, 21.893939393939394]]]}, "properties": {"confidence_score": 0.3726, "site_id": "balaghat"}}, {"type": "Feature", "geometry": {"type": "Polygon", "coordinates": [[[80.18080808080809, 21.893939393939394], [80.18080808080809, 21.904040404040405], [80.16666666666667, 21.904040404040405], [80.16666666666667, 21.893939393939394], [80.18080808080809, 21.893939393939394]]]}, "properties": {"confidence_score": 0.4657, "site_id": "balaghat"}}, {"type": "Feature", "geometry": {"type": "Polygon", "coordinates": [[[80.1949494949495, 21.893939393939394], [80.1949494949495, 21.904040404040405], [80.18080808080808, 21.904040404040405], [80.18080808080808, 21.893939393939394], [80.1949494949495, 21.893939393939394]]]}, "properties": {"confidence_score": 0.4119, "site_id": "balaghat"}}, {"type": "Feature", "geometry": {"type": "Polygon", "coordinates": [[[80.20909090909092, 21.893939393939394], [80.20909090909092, 21.904040404040405], [80.1949494949495, 21.904040404040405], [80.1949494949495, 21.893939393939394], [80.20909090909092, 21.893939393939394]]]}, "properties": {"confidence_score": 0.3343, "site_id": "balaghat"}}, {"type": "Feature", "geometry": {"type": "Polygon", "coordinates": [[[80.22323232323234, 21.893939393939394], [80.22323232323234, 21.904040404040405], [80.20909090909092, 21.904040404040405], [80.20909090909092, 21.893939393939394], [80.22323232323234, 21.893939393939394]]]}, "properties": {"confidence_score": 0.2113, "site_id": "balaghat"}}, {"type": "Feature", "geometry": {"type": "Polygon", "coordinates": [[[80.23737373737374, 21.893939393939394], [80.23737373737374, 21.904040404040405], [80.22323232323232, 21.904040404040405], [80.22323232323232, 21.893939393939394], [80.23737373737374, 21.893939393939394]]]}, "properties": {"confidence_score": 0.1516, "site_id": "balaghat"}}, {"type": "Feature", "geometry": {"type": "Polygon", "coordinates": [[[80.25151515151516, 21.893939393939394], [80.25151515151516, 21.904040404040405], [80.23737373737374, 21.904040404040405], [80.23737373737374, 21.893939393939394], [80.25151515151516, 21.893939393939394]]]}, "properties": {"confidence_score": 0.2274, "site_id": "balaghat"}}, {"type": "Feature", "geometry": {"type": "Polygon", "coordinates": [[[80.26565656565657, 21.893939393939394], [80.26565656565657, 21.904040404040405], [80.25151515151515, 21.904040404040405], [80.25151515151515, 21.893939393939394], [80.26565656565657, 21.893939393939394]]]}, "properties": {"confidence_score": 0.276, "site_id": "balaghat"}}, {"type": "Feature", "geometry": {"type": "Polygon", "coordinates": [[[80.27979797979799, 21.893939393939394], [80.27979797979799, 21.904040404040405], [80.26565656565657, 21.904040404040405], [80.26565656565657, 21.893939393939394], [80.27979797979799, 21.893939393939394]]]}, "properties": {"confidence_score": 0.4287, "site_id": "balaghat"}}, {"type": "Feature", "geometry": {"type": "Polygon", "coordinates": [[[80.2939393939394, 21.893939393939394], [80.2939393939394, 21.904040404040405], [80.27979797979798, 21.904040404040405], [80.27979797979798, 21.893939393939394], [80.2939393939394, 21.893939393939394]]]}, "properties": {"confidence_score": 0.4495, "site_id": "balaghat"}}, {"type": "Feature", "geometry": {"type": "Polygon", "coordinates": [[[80.30808080808082, 21.893939393939394], [80.30808080808082, 21.904040404040405], [80.2939393939394, 21.904040404040405], [80.2939393939394, 21.893939393939394], [80.30808080808082, 21.893939393939394]]]}, "properties": {"confidence_score": 0.4096, "site_id": "balaghat"}}, {"type": "Feature", "geometry": {"type": "Polygon", "coordinates": [[[80.32222222222224, 21.893939393939394], [80.32222222222224, 21.904040404040405], [80.30808080808082, 21.904040404040405], [80.30808080808082, 21.893939393939394], [80.32222222222224, 21.893939393939394]]]}, "properties": {"confidence_score": 0.3538, "site_id": "balaghat"}}, {"type": "Feature", "geometry": {"type": "Polygon", "coordinates": [[[80.33636363636364, 21.893939393939394], [80.33636363636364, 21.904040404040405], [80.32222222222222, 21.904040404040405], [80.32222222222222, 21.893939393939394], [80.33636363636364, 21.893939393939394]]]}, "properties": {"confidence_score": 0.6231, "site_id": "balaghat"}}, {"type": "Feature", "geometry": {"type": "Polygon", "coordinates": [[[80.35050505050506, 21.893939393939394], [80.35050505050506, 21.904040404040405], [80.33636363636364, 21.904040404040405], [80.33636363636364, 21.893939393939394], [80.35050505050506, 21.893939393939394]]]}, "properties": {"confidence_score": 0.952, "site_id": "balaghat"}}, {"type": "Feature", "geometry": {"type": "Polygon", "coordinates": [[[80.36464646464647, 21.893939393939394], [80.36464646464647, 21.904040404040405], [80.35050505050505, 21.904040404040405], [80.35050505050505, 21.893939393939394], [80.36464646464647, 21.893939393939394]]]}, "properties": {"confidence_score": 0.7876, "site_id": "balaghat"}}, {"type": "Feature", "geometry": {"type": "Polygon", "coordinates": [[[80.37878787878789, 21.893939393939394], [80.37878787878789, 21.904040404040405], [80.36464646464647, 21.904040404040405], [80.36464646464647, 21.893939393939394], [80.37878787878789, 21.893939393939394]]]}, "properties": {"confidence_score": 0.6274, "site_id": "balaghat"}}, {"type": "Feature", "geometry": {"type": "Polygon", "coordinates": [[[80.3929292929293, 21.893939393939394], [80.3929292929293, 21.904040404040405], [80.37878787878788, 21.904040404040405], [80.37878787878788, 21.893939393939394], [80.3929292929293, 21.893939393939394]]]}, "properties": {"confidence_score": 0.4008, "site_id": "balaghat"}}, {"type": "Feature", "geometry": {"type": "Polygon", "coordinates": [[[80.40707070707072, 21.893939393939394], [80.40707070707072, 21.904040404040405], [80.3929292929293, 21.904040404040405], [80.3929292929293, 21.893939393939394], [80.40707070707072, 21.893939393939394]]]}, "properties": {"confidence_score": 0.1451, "site_id": "balaghat"}}, {"type": "Feature", "geometry": {"type": "Polygon", "coordinates": [[[80.11010101010102, 21.904040404040405], [80.11010101010102, 21.914141414141415], [80.0959595959596, 21.914141414141415], [80.0959595959596, 21.904040404040405], [80.11010101010102, 21.904040404040405]]]}, "properties": {"confidence_score": 0.3936, "site_id": "balaghat"}}, {"type": "Feature", "geometry": {"type": "Polygon", "coordinates": [[[80.12424242424242, 21.904040404040405], [80.12424242424242, 21.914141414141415], [80.110101010101, 21.914141414141415], [80.110101010101, 21.904040404040405], [80.12424242424242, 21.904040404040405]]]}, "properties": {"confidence_score": 0.363, "site_id": "balaghat"}}, {"type": "Feature", "geometry": {"type": "Polygon", "coordinates": [[[80.13838383838385, 21.904040404040405], [80.13838383838385, 21.914141414141415], [80.12424242424242, 21.914141414141415], [80.12424242424242, 21.904040404040405], [80.13838383838385, 21.904040404040405]]]}, "properties": {"confidence_score": 0.2509, "site_id": "balaghat"}}, {"type": "Feature", "geometry": {"type": "Polygon", "coordinates": [[[80.15252525252527, 21.904040404040405], [80.15252525252527, 21.914141414141415], [80.13838383838385, 21.914141414141415], [80.13838383838385, 21.904040404040405], [80.15252525252527, 21.904040404040405]]]}, "properties": {"confidence_score": 0.1801, "site_id": "balaghat"}}, {"type": "Feature", "geometry": {"type": "Polygon", "coordinates": [[[80.16666666666667, 21.904040404040405], [80.16666666666667, 21.914141414141415], [80.15252525252525, 21.914141414141415], [80.15252525252525, 21.904040404040405], [80.16666666666667, 21.904040404040405]]]}, "properties": {"confidence_score": 0.2562, "site_id": "balaghat"}}, {"type": "Feature", "geometry": {"type": "Polygon", "coordinates": [[[80.18080808080809, 21.904040404040405], [80.18080808080809, 21.914141414141415], [80.16666666666667, 21.914141414141415], [80.16666666666667, 21.904040404040405], [80.18080808080809, 21.904040404040405]]]}, "properties": {"confidence_score": 0.2957, "site_id": "balaghat"}}, {"type": "Feature", "geometry": {"type": "Polygon", "coordinates": [[[80.1949494949495, 21.904040404040405], [80.1949494949495, 21.914141414141415], [80.18080808080808, 21.914141414141415], [80.18080808080808, 21.904040404040405], [80.1949494949495, 21.904040404040405]]]}, "properties": {"confidence_score": 0.2808, "site_id": "balaghat"}}, {"type": "Feature", "geometry": {"type": "Polygon", "coordinates": [[[80.20909090909092, 21.904040404040405], [80.20909090909092, 21.914141414141415], [80.1949494949495, 21.914141414141415], [80.1949494949495, 21.904040404040405], [80.20909090909092, 21.904040404040405]]]}, "properties": {"confidence_score": 0.2233, "site_id": "balaghat"}}, {"type": "Feature", "geometry": {"type": "Polygon", "coordinates": [[[80.22323232323234, 21.904040404040405], [80.22323232323234, 21.914141414141415], [80.20909090909092, 21.914141414141415], [80.20909090909092, 21.904040404040405], [80.22323232323234, 21.904040404040405]]]}, "properties": {"confidence_score": 0.1716, "site_id": "balaghat"}}, {"type": "Feature", "geometry": {"type": "Polygon", "coordinates": [[[80.23737373737374, 21.904040404040405], [80.23737373737374, 21.914141414141415], [80.22323232323232, 21.914141414141415], [80.22323232323232, 21.904040404040405], [80.23737373737374, 21.904040404040405]]]}, "properties": {"confidence_score": 0.1705, "site_id": "balaghat"}}, {"type": "Feature", "geometry": {"type": "Polygon", "coordinates": [[[80.25151515151516, 21.904040404040405], [80.25151515151516, 21.914141414141415], [80.23737373737374, 21.914141414141415], [80.23737373737374, 21.904040404040405], [80.25151515151516, 21.904040404040405]]]}, "properties": {"confidence_score": 0.3063, "site_id": "balaghat"}}, {"type": "Feature", "geometry": {"type": "Polygon", "coordinates": [[[80.26565656565657, 21.904040404040405], [80.26565656565657, 21.914141414141415], [80.25151515151515, 21.914141414141415], [80.25151515151515, 21.904040404040405], [80.26565656565657, 21.904040404040405]]]}, "properties": {"confidence_score": 0.4698, "site_id": "balaghat"}}, {"type": "Feature", "geometry": {"type": "Polygon", "coordinates": [[[80.27979797979799, 21.904040404040405], [80.27979797979799, 21.914141414141415], [80.26565656565657, 21.914141414141415], [80.26565656565657, 21.904040404040405], [80.27979797979799, 21.904040404040405]]]}, "properties": {"confidence_score": 0.5968, "site_id": "balaghat"}}, {"type": "Feature", "geometry": {"type": "Polygon", "coordinates": [[[80.2939393939394, 21.904040404040405], [80.2939393939394, 21.914141414141415], [80.27979797979798, 21.914141414141415], [80.27979797979798, 21.904040404040405], [80.2939393939394, 21.904040404040405]]]}, "properties": {"confidence_score": 0.6591, "site_id": "balaghat"}}, {"type": "Feature", "geometry": {"type": "Polygon", "coordinates": [[[80.30808080808082, 21.904040404040405], [80.30808080808082, 21.914141414141415], [80.2939393939394, 21.914141414141415], [80.2939393939394, 21.904040404040405], [80.30808080808082, 21.904040404040405]]]}, "properties": {"confidence_score": 0.5005, "site_id": "balaghat"}}, {"type": "Feature", "geometry": {"type": "Polygon", "coordinates": [[[80.32222222222224, 21.904040404040405], [80.32222222222224, 21.914141414141415], [80.30808080808082, 21.914141414141415], [80.30808080808082, 21.904040404040405], [80.32222222222224, 21.904040404040405]]]}, "properties": {"confidence_score": 0.3921, "site_id": "balaghat"}}, {"type": "Feature", "geometry": {"type": "Polygon", "coordinates": [[[80.33636363636364, 21.904040404040405], [80.33636363636364, 21.914141414141415], [80.32222222222222, 21.914141414141415], [80.32222222222222, 21.904040404040405], [80.33636363636364, 21.904040404040405]]]}, "properties": {"confidence_score": 0.5159, "site_id": "balaghat"}}, {"type": "Feature", "geometry": {"type": "Polygon", "coordinates": [[[80.35050505050506, 21.904040404040405], [80.35050505050506, 21.914141414141415], [80.33636363636364, 21.914141414141415], [80.33636363636364, 21.904040404040405], [80.35050505050506, 21.904040404040405]]]}, "properties": {"confidence_score": 0.6611, "site_id": "balaghat"}}, {"type": "Feature", "geometry": {"type": "Polygon", "coordinates": [[[80.36464646464647, 21.904040404040405], [80.36464646464647, 21.914141414141415], [80.35050505050505, 21.914141414141415], [80.35050505050505, 21.904040404040405], [80.36464646464647, 21.904040404040405]]]}, "properties": {"confidence_score": 0.6799, "site_id": "balaghat"}}, {"type": "Feature", "geometry": {"type": "Polygon", "coordinates": [[[80.37878787878789, 21.904040404040405], [80.37878787878789, 21.914141414141415], [80.36464646464647, 21.914141414141415], [80.36464646464647, 21.904040404040405], [80.37878787878789, 21.904040404040405]]]}, "properties": {"confidence_score": 0.5959, "site_id": "balaghat"}}, {"type": "Feature", "geometry": {"type": "Polygon", "coordinates": [[[80.3929292929293, 21.904040404040405], [80.3929292929293, 21.914141414141415], [80.37878787878788, 21.914141414141415], [80.37878787878788, 21.904040404040405], [80.3929292929293, 21.904040404040405]]]}, "properties": {"confidence_score": 0.4113, "site_id": "balaghat"}}, {"type": "Feature", "geometry": {"type": "Polygon", "coordinates": [[[80.40707070707072, 21.904040404040405], [80.40707070707072, 21.914141414141415], [80.3929292929293, 21.914141414141415], [80.3929292929293, 21.904040404040405], [80.40707070707072, 21.904040404040405]]]}, "properties": {"confidence_score": 0.2218, "site_id": "balaghat"}}, {"type": "Feature", "geometry": {"type": "Polygon", "coordinates": [[[80.11010101010102, 21.914141414141415], [80.11010101010102, 21.924242424242426], [80.0959595959596, 21.924242424242426], [80.0959595959596, 21.914141414141415], [80.11010101010102, 21.914141414141415]]]}, "properties": {"confidence_score": 0.5718, "site_id": "balaghat"}}, {"type": "Feature", "geometry": {"type": "Polygon", "coordinates": [[[80.12424242424242, 21.914141414141415], [80.12424242424242, 21.924242424242426], [80.110101010101, 21.924242424242426], [80.110101010101, 21.914141414141415], [80.12424242424242, 21.914141414141415]]]}, "properties": {"confidence_score": 0.544, "site_id": "balaghat"}}, {"type": "Feature", "geometry": {"type": "Polygon", "coordinates": [[[80.13838383838385, 21.914141414141415], [80.13838383838385, 21.924242424242426], [80.12424242424242, 21.924242424242426], [80.12424242424242, 21.914141414141415], [80.13838383838385, 21.914141414141415]]]}, "properties": {"confidence_score": 0.3391, "site_id": "balaghat"}}, {"type": "Feature", "geometry": {"type": "Polygon", "coordinates": [[[80.15252525252527, 21.914141414141415], [80.15252525252527, 21.924242424242426], [80.13838383838385, 21.924242424242426], [80.13838383838385, 21.914141414141415], [80.15252525252527, 21.914141414141415]]]}, "properties": {"confidence_score": 0.161, "site_id": "balaghat"}}, {"type": "Feature", "geometry": {"type": "Polygon", "coordinates": [[[80.16666666666667, 21.914141414141415], [80.16666666666667, 21.924242424242426], [80.15252525252525, 21.924242424242426], [80.15252525252525, 21.914141414141415], [80.16666666666667, 21.914141414141415]]]}, "properties": {"confidence_score": 0.2343, "site_id": "balaghat"}}, {"type": "Feature", "geometry": {"type": "Polygon", "coordinates": [[[80.18080808080809, 21.914141414141415], [80.18080808080809, 21.924242424242426], [80.16666666666667, 21.924242424242426], [80.16666666666667, 21.914141414141415], [80.18080808080809, 21.914141414141415]]]}, "properties": {"confidence_score": 0.2104, "site_id": "balaghat"}}, {"type": "Feature", "geometry": {"type": "Polygon", "coordinates": [[[80.1949494949495, 21.914141414141415], [80.1949494949495, 21.924242424242426], [80.18080808080808, 21.924242424242426], [80.18080808080808, 21.914141414141415], [80.1949494949495, 21.914141414141415]]]}, "properties": {"confidence_score": 0.2083, "site_id": "balaghat"}}, {"type": "Feature", "geometry": {"type": "Polygon", "coordinates": [[[80.20909090909092, 21.914141414141415], [80.20909090909092, 21.924242424242426], [80.1949494949495, 21.924242424242426], [80.1949494949495, 21.914141414141415], [80.20909090909092, 21.914141414141415]]]}, "properties": {"confidence_score": 0.1467, "site_id": "balaghat"}}, {"type": "Feature", "geometry": {"type": "Polygon", "coordinates": [[[80.22323232323234, 21.914141414141415], [80.22323232323234, 21.924242424242426], [80.20909090909092, 21.924242424242426], [80.20909090909092, 21.914141414141415], [80.22323232323234, 21.914141414141415]]]}, "properties": {"confidence_score": 0.1658, "site_id": "balaghat"}}, {"type": "Feature", "geometry": {"type": "Polygon", "coordinates": [[[80.23737373737374, 21.914141414141415], [80.23737373737374, 21.924242424242426], [80.22323232323232, 21.924242424242426], [80.22323232323232, 21.914141414141415], [80.23737373737374, 21.914141414141415]]]}, "properties": {"confidence_score": 0.1835, "site_id": "balaghat"}}, {"type": "Feature", "geometry": {"type": "Polygon", "coordinates": [[[80.25151515151516, 21.914141414141415], [80.25151515151516, 21.924242424242426], [80.23737373737374, 21.924242424242426], [80.23737373737374, 21.914141414141415], [80.25151515151516, 21.914141414141415]]]}, "properties": {"confidence_score": 0.3999, "site_id": "balaghat"}}, {"type": "Feature", "geometry": {"type": "Polygon", "coordinates": [[[80.26565656565657, 21.914141414141415], [80.26565656565657, 21.924242424242426], [80.25151515151515, 21.924242424242426], [80.25151515151515, 21.914141414141415], [80.26565656565657, 21.914141414141415]]]}, "properties": {"confidence_score": 0.6636, "site_id": "balaghat"}}, {"type": "Feature", "geometry": {"type": "Polygon", "coordinates": [[[80.27979797979799, 21.914141414141415], [80.27979797979799, 21.924242424242426], [80.26565656565657, 21.924242424242426], [80.26565656565657, 21.914141414141415], [80.27979797979799, 21.914141414141415]]]}, "properties": {"confidence_score": 0.7547, "site_id": "balaghat"}}, {"type": "Feature", "geometry": {"type": "Polygon", "coordinates": [[[80.2939393939394, 21.914141414141415], [80.2939393939394, 21.924242424242426], [80.27979797979798, 21.924242424242426], [80.27979797979798, 21.914141414141415], [80.2939393939394, 21.914141414141415]]]}, "properties": {"confidence_score": 0.934, "site_id": "balaghat"}}, {"type": "Feature", "geometry": {"type": "Polygon", "coordinates": [[[80.30808080808082, 21.914141414141415], [80.30808080808082, 21.924242424242426], [80.2939393939394, 21.924242424242426], [80.2939393939394, 21.914141414141415], [80.30808080808082, 21.914141414141415]]]}, "properties": {"confidence_score": 0.5995, "site_id": "balaghat"}}, {"type": "Feature", "geometry": {"type": "Polygon", "coordinates": [[[80.32222222222224, 21.914141414141415], [80.32222222222224, 21.924242424242426], [80.30808080808082, 21.924242424242426], [80.30808080808082, 21.914141414141415], [80.32222222222224, 21.914141414141415]]]}, "properties": {"confidence_score": 0.3801, "site_id": "balaghat"}}, {"type": "Feature", "geometry": {"type": "Polygon", "coordinates": [[[80.33636363636364, 21.914141414141415], [80.33636363636364, 21.924242424242426], [80.32222222222222, 21.924242424242426], [80.32222222222222, 21.914141414141415], [80.33636363636364, 21.914141414141415]]]}, "properties": {"confidence_score": 0.4491, "site_id": "balaghat"}}, {"type": "Feature", "geometry": {"type": "Polygon", "coordinates": [[[80.35050505050506, 21.914141414141415], [80.35050505050506, 21.924242424242426], [80.33636363636364, 21.924242424242426], [80.33636363636364, 21.914141414141415], [80.35050505050506, 21.914141414141415]]]}, "properties": {"confidence_score": 0.4861, "site_id": "balaghat"}}, {"type": "Feature", "geometry": {"type": "Polygon", "coordinates": [[[80.36464646464647, 21.914141414141415], [80.36464646464647, 21.924242424242426], [80.35050505050505, 21.924242424242426], [80.35050505050505, 21.914141414141415], [80.36464646464647, 21.914141414141415]]]}, "properties": {"confidence_score": 0.6363, "site_id": "balaghat"}}, {"type": "Feature", "geometry": {"type": "Polygon", "coordinates": [[[80.37878787878789, 21.914141414141415], [80.37878787878789, 21.924242424242426], [80.36464646464647, 21.924242424242426], [80.36464646464647, 21.914141414141415], [80.37878787878789, 21.914141414141415]]]}, "properties": {"confidence_score": 0.648, "site_id": "balaghat"}}, {"type": "Feature", "geometry": {"type": "Polygon", "coordinates": [[[80.3929292929293, 21.914141414141415], [80.3929292929293, 21.924242424242426], [80.37878787878788, 21.924242424242426], [80.37878787878788, 21.914141414141415], [80.3929292929293, 21.914141414141415]]]}, "properties": {"confidence_score": 0.4791, "site_id": "balaghat"}}, {"type": "Feature", "geometry": {"type": "Polygon", "coordinates": [[[80.40707070707072, 21.914141414141415], [80.40707070707072, 21.924242424242426], [80.3929292929293, 21.924242424242426], [80.3929292929293, 21.914141414141415], [80.40707070707072, 21.914141414141415]]]}, "properties": {"confidence_score": 0.2718, "site_id": "balaghat"}}, {"type": "Feature", "geometry": {"type": "Polygon", "coordinates": [[[80.11010101010102, 21.924242424242426], [80.11010101010102, 21.934343434343436], [80.0959595959596, 21.934343434343436], [80.0959595959596, 21.924242424242426], [80.11010101010102, 21.924242424242426]]]}, "properties": {"confidence_score": 0.7344, "site_id": "balaghat"}}, {"type": "Feature", "geometry": {"type": "Polygon", "coordinates": [[[80.12424242424242, 21.924242424242426], [80.12424242424242, 21.934343434343436], [80.110101010101, 21.934343434343436], [80.110101010101, 21.924242424242426], [80.12424242424242, 21.924242424242426]]]}, "properties": {"confidence_score": 0.7023, "site_id": "balaghat"}}, {"type": "Feature", "geometry": {"type": "Polygon", "coordinates": [[[80.13838383838385, 21.924242424242426], [80.13838383838385, 21.934343434343436], [80.12424242424242, 21.934343434343436], [80.12424242424242, 21.924242424242426], [80.13838383838385, 21.924242424242426]]]}, "properties": {"confidence_score": 0.5049, "site_id": "balaghat"}}, {"type": "Feature", "geometry": {"type": "Polygon", "coordinates": [[[80.15252525252527, 21.924242424242426], [80.15252525252527, 21.934343434343436], [80.13838383838385, 21.934343434343436], [80.13838383838385, 21.924242424242426], [80.15252525252527, 21.924242424242426]]]}, "properties": {"confidence_score": 0.3723, "site_id": "balaghat"}}, {"type": "Feature", "geometry": {"type": "Polygon", "coordinates": [[[80.16666666666667, 21.924242424242426], [80.16666666666667, 21.934343434343436], [80.15252525252525, 21.934343434343436], [80.15252525252525, 21.924242424242426], [80.16666666666667, 21.924242424242426]]]}, "properties": {"confidence_score": 0.346, "site_id": "balaghat"}}, {"type": "Feature", "geometry": {"type": "Polygon", "coordinates": [[[80.18080808080809, 21.924242424242426], [80.18080808080809, 21.934343434343436], [80.16666666666667, 21.934343434343436], [80.16666666666667, 21.924242424242426], [80.18080808080809, 21.924242424242426]]]}, "properties": {"confidence_score": 0.3026, "site_id": "balaghat"}}, {"type": "Feature", "geometry": {"type": "Polygon", "coordinates": [[[80.1949494949495, 21.924242424242426], [80.1949494949495, 21.934343434343436], [80.18080808080808, 21.934343434343436], [80.18080808080808, 21.924242424242426], [80.1949494949495, 21.924242424242426]]]}, "properties": {"confidence_score": 0.2235, "site_id": "balaghat"}}, {"type": "Feature", "geometry": {"type": "Polygon", "coordinates": [[[80.20909090909092, 21.924242424242426], [80.20909090909092, 21.934343434343436], [80.1949494949495, 21.934343434343436], [80.1949494949495, 21.924242424242426], [80.20909090909092, 21.924242424242426]]]}, "properties": {"confidence_score": 0.1582, "site_id": "balaghat"}}, {"type": "Feature", "geometry": {"type": "Polygon", "coordinates": [[[80.22323232323234, 21.924242424242426], [80.22323232323234, 21.934343434343436], [80.20909090909092, 21.934343434343436], [80.20909090909092, 21.924242424242426], [80.22323232323234, 21.924242424242426]]]}, "properties": {"confidence_score": 0.2243, "site_id": "balaghat"}}, {"type": "Feature", "geometry": {"type": "Polygon", "coordinates": [[[80.23737373737374, 21.924242424242426], [80.23737373737374, 21.934343434343436], [80.22323232323232, 21.934343434343436], [80.22323232323232, 21.924242424242426], [80.23737373737374, 21.924242424242426]]]}, "properties": {"confidence_score": 0.3337, "site_id": "balaghat"}}, {"type": "Feature", "geometry": {"type": "Polygon", "coordinates": [[[80.25151515151516, 21.924242424242426], [80.25151515151516, 21.934343434343436], [80.23737373737374, 21.934343434343436], [80.23737373737374, 21.924242424242426], [80.25151515151516, 21.924242424242426]]]}, "properties": {"confidence_score": 0.4572, "site_id": "balaghat"}}, {"type": "Feature", "geometry": {"type": "Polygon", "coordinates": [[[80.26565656565657, 21.924242424242426], [80.26565656565657, 21.934343434343436], [80.25151515151515, 21.934343434343436], [80.25151515151515, 21.924242424242426], [80.26565656565657, 21.924242424242426]]]}, "properties": {"confidence_score": 0.6095, "site_id": "balaghat"}}, {"type": "Feature", "geometry": {"type": "Polygon", "coordinates": [[[80.27979797979799, 21.924242424242426], [80.27979797979799, 21.934343434343436], [80.26565656565657, 21.934343434343436], [80.26565656565657, 21.924242424242426], [80.27979797979799, 21.924242424242426]]]}, "properties": {"confidence_score": 0.7885, "site_id": "balaghat"}}, {"type": "Feature", "geometry": {"type": "Polygon", "coordinates": [[[80.2939393939394, 21.924242424242426], [80.2939393939394, 21.934343434343436], [80.27979797979798, 21.934343434343436], [80.27979797979798, 21.924242424242426], [80.2939393939394, 21.924242424242426]]]}, "properties": {"confidence_score": 0.8866, "site_id": "balaghat"}}, {"type": "Feature", "geometry": {"type": "Polygon", "coordinates": [[[80.30808080808082, 21.924242424242426], [80.30808080808082, 21.934343434343436], [80.2939393939394, 21.934343434343436], [80.2939393939394, 21.924242424242426], [80.30808080808082, 21.924242424242426]]]}, "properties": {"confidence_score": 0.6527, "site_id": "balaghat"}}, {"type": "Feature", "geometry": {"type": "Polygon", "coordinates": [[[80.32222222222224, 21.924242424242426], [80.32222222222224, 21.934343434343436], [80.30808080808082, 21.934343434343436], [80.30808080808082, 21.924242424242426], [80.32222222222224, 21.924242424242426]]]}, "properties": {"confidence_score": 0.4625, "site_id": "balaghat"}}, {"type": "Feature", "geometry": {"type": "Polygon", "coordinates": [[[80.33636363636364, 21.924242424242426], [80.33636363636364, 21.934343434343436], [80.32222222222222, 21.934343434343436], [80.32222222222222, 21.924242424242426], [80.33636363636364, 21.924242424242426]]]}, "properties": {"confidence_score": 0.4721, "site_id": "balaghat"}}, {"type": "Feature", "geometry": {"type": "Polygon", "coordinates": [[[80.35050505050506, 21.924242424242426], [80.35050505050506, 21.934343434343436], [80.33636363636364, 21.934343434343436], [80.33636363636364, 21.924242424242426], [80.35050505050506, 21.924242424242426]]]}, "properties": {"confidence_score": 0.5663, "site_id": "balaghat"}}, {"type": "Feature", "geometry": {"type": "Polygon", "coordinates": [[[80.36464646464647, 21.924242424242426], [80.36464646464647, 21.934343434343436], [80.35050505050505, 21.934343434343436], [80.35050505050505, 21.924242424242426], [80.36464646464647, 21.924242424242426]]]}, "properties": {"confidence_score": 0.6951, "site_id": "balaghat"}}, {"type": "Feature", "geometry": {"type": "Polygon", "coordinates": [[[80.37878787878789, 21.924242424242426], [80.37878787878789, 21.934343434343436], [80.36464646464647, 21.934343434343436], [80.36464646464647, 21.924242424242426], [80.37878787878789, 21.924242424242426]]]}, "properties": {"confidence_score": 0.7648, "site_id": "balaghat"}}, {"type": "Feature", "geometry": {"type": "Polygon", "coordinates": [[[80.3929292929293, 21.924242424242426], [80.3929292929293, 21.934343434343436], [80.37878787878788, 21.934343434343436], [80.37878787878788, 21.924242424242426], [80.3929292929293, 21.924242424242426]]]}, "properties": {"confidence_score": 0.6015, "site_id": "balaghat"}}, {"type": "Feature", "geometry": {"type": "Polygon", "coordinates": [[[80.40707070707072, 21.924242424242426], [80.40707070707072, 21.934343434343436], [80.3929292929293, 21.934343434343436], [80.3929292929293, 21.924242424242426], [80.40707070707072, 21.924242424242426]]]}, "properties": {"confidence_score": 0.4062, "site_id": "balaghat"}}, {"type": "Feature", "geometry": {"type": "Polygon", "coordinates": [[[80.11010101010102, 21.934343434343432], [80.11010101010102, 21.944444444444443], [80.0959595959596, 21.944444444444443], [80.0959595959596, 21.934343434343432], [80.11010101010102, 21.934343434343432]]]}, "properties": {"confidence_score": 0.8025, "site_id": "balaghat"}}, {"type": "Feature", "geometry": {"type": "Polygon", "coordinates": [[[80.12424242424242, 21.934343434343432], [80.12424242424242, 21.944444444444443], [80.110101010101, 21.944444444444443], [80.110101010101, 21.934343434343432], [80.12424242424242, 21.934343434343432]]]}, "properties": {"confidence_score": 0.8582, "site_id": "balaghat"}}, {"type": "Feature", "geometry": {"type": "Polygon", "coordinates": [[[80.13838383838385, 21.934343434343432], [80.13838383838385, 21.944444444444443], [80.12424242424242, 21.944444444444443], [80.12424242424242, 21.934343434343432], [80.13838383838385, 21.934343434343432]]]}, "properties": {"confidence_score": 0.6529, "site_id": "balaghat"}}, {"type": "Feature", "geometry": {"type": "Polygon", "coordinates": [[[80.15252525252527, 21.934343434343432], [80.15252525252527, 21.944444444444443], [80.13838383838385, 21.944444444444443], [80.13838383838385, 21.934343434343432], [80.15252525252527, 21.934343434343432]]]}, "properties": {"confidence_score": 0.582, "site_id": "balaghat"}}, {"type": "Feature", "geometry": {"type": "Polygon", "coordinates": [[[80.16666666666667, 21.934343434343432], [80.16666666666667, 21.944444444444443], [80.15252525252525, 21.944444444444443], [80.15252525252525, 21.934343434343432], [80.16666666666667, 21.934343434343432]]]}, "properties": {"confidence_score": 0.5289, "site_id": "balaghat"}}, {"type": "Feature", "geometry": {"type": "Polygon", "coordinates": [[[80.18080808080809, 21.934343434343432], [80.18080808080809, 21.944444444444443], [80.16666666666667, 21.944444444444443], [80.16666666666667, 21.934343434343432], [80.18080808080809, 21.934343434343432]]]}, "properties": {"confidence_score": 0.4621, "site_id": "balaghat"}}, {"type": "Feature", "geometry": {"type": "Polygon", "coordinates": [[[80.1949494949495, 21.934343434343432], [80.1949494949495, 21.944444444444443], [80.18080808080808, 21.944444444444443], [80.18080808080808, 21.934343434343432], [80.1949494949495, 21.934343434343432]]]}, "properties": {"confidence_score": 0.3049, "site_id": "balaghat"}}, {"type": "Feature", "geometry": {"type": "Polygon", "coordinates": [[[80.20909090909092, 21.934343434343432], [80.20909090909092, 21.944444444444443], [80.1949494949495, 21.944444444444443], [80.1949494949495, 21.934343434343432], [80.20909090909092, 21.934343434343432]]]}, "properties": {"confidence_score": 0.1708, "site_id": "balaghat"}}, {"type": "Feature", "geometry": {"type": "Polygon", "coordinates": [[[80.22323232323234, 21.934343434343432], [80.22323232323234, 21.944444444444443], [80.20909090909092, 21.944444444444443], [80.20909090909092, 21.934343434343432], [80.22323232323234, 21.934343434343432]]]}, "properties": {"confidence_score": 0.2982, "site_id": "balaghat"}}, {"type": "Feature", "geometry": {"type": "Polygon", "coordinates": [[[80.23737373737374, 21.934343434343432], [80.23737373737374, 21.944444444444443], [80.22323232323232, 21.944444444444443], [80.22323232323232, 21.934343434343432], [80.23737373737374, 21.934343434343432]]]}, "properties": {"confidence_score": 0.4786, "site_id": "balaghat"}}, {"type": "Feature", "geometry": {"type": "Polygon", "coordinates": [[[80.25151515151516, 21.934343434343432], [80.25151515151516, 21.944444444444443], [80.23737373737374, 21.944444444444443], [80.23737373737374, 21.934343434343432], [80.25151515151516, 21.934343434343432]]]}, "properties": {"confidence_score": 0.5164, "site_id": "balaghat"}}, {"type": "Feature", "geometry": {"type": "Polygon", "coordinates": [[[80.26565656565657, 21.934343434343432], [80.26565656565657, 21.944444444444443], [80.25151515151515, 21.944444444444443], [80.25151515151515, 21.934343434343432], [80.26565656565657, 21.934343434343432]]]}, "properties": {"confidence_score": 0.5696, "site_id": "balaghat"}}, {"type": "Feature", "geometry": {"type": "Polygon", "coordinates": [[[80.27979797979799, 21.934343434343432], [80.27979797979799, 21.944444444444443], [80.26565656565657, 21.944444444444443], [80.26565656565657, 21.934343434343432], [80.27979797979799, 21.934343434343432]]]}, "properties": {"confidence_score": 0.7745, "site_id": "balaghat"}}, {"type": "Feature", "geometry": {"type": "Polygon", "coordinates": [[[80.2939393939394, 21.934343434343432], [80.2939393939394, 21.944444444444443], [80.27979797979798, 21.944444444444443], [80.27979797979798, 21.934343434343432], [80.2939393939394, 21.934343434343432]]]}, "properties": {"confidence_score": 0.9337, "site_id": "balaghat"}}, {"type": "Feature", "geometry": {"type": "Polygon", "coordinates": [[[80.30808080808082, 21.934343434343432], [80.30808080808082, 21.944444444444443], [80.2939393939394, 21.944444444444443], [80.2939393939394, 21.934343434343432], [80.30808080808082, 21.934343434343432]]]}, "properties": {"confidence_score": 0.6559, "site_id": "balaghat"}}, {"type": "Feature", "geometry": {"type": "Polygon", "coordinates": [[[80.32222222222224, 21.934343434343432], [80.32222222222224, 21.944444444444443], [80.30808080808082, 21.944444444444443], [80.30808080808082, 21.934343434343432], [80.32222222222224, 21.934343434343432]]]}, "properties": {"confidence_score": 0.4878, "site_id": "balaghat"}}, {"type": "Feature", "geometry": {"type": "Polygon", "coordinates": [[[80.33636363636364, 21.934343434343432], [80.33636363636364, 21.944444444444443], [80.32222222222222, 21.944444444444443], [80.32222222222222, 21.934343434343432], [80.33636363636364, 21.934343434343432]]]}, "properties": {"confidence_score": 0.5139, "site_id": "balaghat"}}, {"type": "Feature", "geometry": {"type": "Polygon", "coordinates": [[[80.35050505050506, 21.934343434343432], [80.35050505050506, 21.944444444444443], [80.33636363636364, 21.944444444444443], [80.33636363636364, 21.934343434343432], [80.35050505050506, 21.934343434343432]]]}, "properties": {"confidence_score": 0.656, "site_id": "balaghat"}}, {"type": "Feature", "geometry": {"type": "Polygon", "coordinates": [[[80.36464646464647, 21.934343434343432], [80.36464646464647, 21.944444444444443], [80.35050505050505, 21.944444444444443], [80.35050505050505, 21.934343434343432], [80.36464646464647, 21.934343434343432]]]}, "properties": {"confidence_score": 0.7729, "site_id": "balaghat"}}, {"type": "Feature", "geometry": {"type": "Polygon", "coordinates": [[[80.37878787878789, 21.934343434343432], [80.37878787878789, 21.944444444444443], [80.36464646464647, 21.944444444444443], [80.36464646464647, 21.934343434343432], [80.37878787878789, 21.934343434343432]]]}, "properties": {"confidence_score": 0.9821, "site_id": "balaghat"}}, {"type": "Feature", "geometry": {"type": "Polygon", "coordinates": [[[80.3929292929293, 21.934343434343432], [80.3929292929293, 21.944444444444443], [80.37878787878788, 21.944444444444443], [80.37878787878788, 21.934343434343432], [80.3929292929293, 21.934343434343432]]]}, "properties": {"confidence_score": 0.7426, "site_id": "balaghat"}}, {"type": "Feature", "geometry": {"type": "Polygon", "coordinates": [[[80.40707070707072, 21.934343434343432], [80.40707070707072, 21.944444444444443], [80.3929292929293, 21.944444444444443], [80.3929292929293, 21.934343434343432], [80.40707070707072, 21.934343434343432]]]}, "properties": {"confidence_score": 0.5259, "site_id": "balaghat"}}, {"type": "Feature", "geometry": {"type": "Polygon", "coordinates": [[[80.11010101010102, 21.944444444444443], [80.11010101010102, 21.954545454545453], [80.0959595959596, 21.954545454545453], [80.0959595959596, 21.944444444444443], [80.11010101010102, 21.944444444444443]]]}, "properties": {"confidence_score": 0.6754, "site_id": "balaghat"}}, {"type": "Feature", "geometry": {"type": "Polygon", "coordinates": [[[80.12424242424242, 21.944444444444443], [80.12424242424242, 21.954545454545453], [80.110101010101, 21.954545454545453], [80.110101010101, 21.944444444444443], [80.12424242424242, 21.944444444444443]]]}, "properties": {"confidence_score": 0.701, "site_id": "balaghat"}}, {"type": "Feature", "geometry": {"type": "Polygon", "coordinates": [[[80.13838383838385, 21.944444444444443], [80.13838383838385, 21.954545454545453], [80.12424242424242, 21.954545454545453], [80.12424242424242, 21.944444444444443], [80.13838383838385, 21.944444444444443]]]}, "properties": {"confidence_score": 0.7213, "site_id": "balaghat"}}, {"type": "Feature", "geometry": {"type": "Polygon", "coordinates": [[[80.15252525252527, 21.944444444444443], [80.15252525252527, 21.954545454545453], [80.13838383838385, 21.954545454545453], [80.13838383838385, 21.944444444444443], [80.15252525252527, 21.944444444444443]]]}, "properties": {"confidence_score": 0.7523, "site_id": "balaghat"}}, {"type": "Feature", "geometry": {"type": "Polygon", "coordinates": [[[80.16666666666667, 21.944444444444443], [80.16666666666667, 21.954545454545453], [80.15252525252525, 21.954545454545453], [80.15252525252525, 21.944444444444443], [80.16666666666667, 21.944444444444443]]]}, "properties": {"confidence_score": 0.7279, "site_id": "balaghat"}}, {"type": "Feature", "geometry": {"type": "Polygon", "coordinates": [[[80.18080808080809, 21.944444444444443], [80.18080808080809, 21.954545454545453], [80.16666666666667, 21.954545454545453], [80.16666666666667, 21.944444444444443], [80.18080808080809, 21.944444444444443]]]}, "properties": {"confidence_score": 0.6696, "site_id": "balaghat"}}, {"type": "Feature", "geometry": {"type": "Polygon", "coordinates": [[[80.1949494949495, 21.944444444444443], [80.1949494949495, 21.954545454545453], [80.18080808080808, 21.954545454545453], [80.18080808080808, 21.944444444444443], [80.1949494949495, 21.944444444444443]]]}, "properties": {"confidence_score": 0.4369, "site_id": "balaghat"}}, {"type": "Feature", "geometry": {"type": "Polygon", "coordinates": [[[80.20909090909092, 21.944444444444443], [80.20909090909092, 21.954545454545453], [80.1949494949495, 21.954545454545453], [80.1949494949495, 21.944444444444443], [80.20909090909092, 21.944444444444443]]]}, "properties": {"confidence_score": 0.2961, "site_id": "balaghat"}}, {"type": "Feature", "geometry": {"type": "Polygon", "coordinates": [[[80.22323232323234, 21.944444444444443], [80.22323232323234, 21.954545454545453], [80.20909090909092, 21.954545454545453], [80.20909090909092, 21.944444444444443], [80.22323232323234, 21.944444444444443]]]}, "properties": {"confidence_score": 0.3522, "site_id": "balaghat"}}, {"type": "Feature", "geometry": {"type": "Polygon", "coordinates": [[[80.23737373737374, 21.944444444444443], [80.23737373737374, 21.954545454545453], [80.22323232323232, 21.954545454545453], [80.22323232323232, 21.944444444444443], [80.23737373737374, 21.944444444444443]]]}, "properties": {"confidence_score": 0.4705, "site_id": "balaghat"}}, {"type": "Feature", "geometry": {"type": "Polygon", "coordinates": [[[80.25151515151516, 21.944444444444443], [80.25151515151516, 21.954545454545453], [80.23737373737374, 21.954545454545453], [80.23737373737374, 21.944444444444443], [80.25151515151516, 21.944444444444443]]]}, "properties": {"confidence_score": 0.6146, "site_id": "balaghat"}}, {"type": "Feature", "geometry": {"type": "Polygon", "coordinates": [[[80.26565656565657, 21.944444444444443], [80.26565656565657, 21.954545454545453], [80.25151515151515, 21.954545454545453], [80.25151515151515, 21.944444444444443], [80.26565656565657, 21.944444444444443]]]}, "properties": {"confidence_score": 0.7294, "site_id": "balaghat"}}, {"type": "Feature", "geometry": {"type": "Polygon", "coordinates": [[[80.27979797979799, 21.944444444444443], [80.27979797979799, 21.954545454545453], [80.26565656565657, 21.954545454545453], [80.26565656565657, 21.944444444444443], [80.27979797979799, 21.944444444444443]]]}, "properties": {"confidence_score": 0.7423, "site_id": "balaghat"}}, {"type": "Feature", "geometry": {"type": "Polygon", "coordinates": [[[80.2939393939394, 21.944444444444443], [80.2939393939394, 21.954545454545453], [80.27979797979798, 21.954545454545453], [80.27979797979798, 21.944444444444443], [80.2939393939394, 21.944444444444443]]]}, "properties": {"confidence_score": 0.7071, "site_id": "balaghat"}}, {"type": "Feature", "geometry": {"type": "Polygon", "coordinates": [[[80.30808080808082, 21.944444444444443], [80.30808080808082, 21.954545454545453], [80.2939393939394, 21.954545454545453], [80.2939393939394, 21.944444444444443], [80.30808080808082, 21.944444444444443]]]}, "properties": {"confidence_score": 0.6035, "site_id": "balaghat"}}, {"type": "Feature", "geometry": {"type": "Polygon", "coordinates": [[[80.32222222222224, 21.944444444444443], [80.32222222222224, 21.954545454545453], [80.30808080808082, 21.954545454545453], [80.30808080808082, 21.944444444444443], [80.32222222222224, 21.944444444444443]]]}, "properties": {"confidence_score": 0.5301, "site_id": "balaghat"}}, {"type": "Feature", "geometry": {"type": "Polygon", "coordinates": [[[80.33636363636364, 21.944444444444443], [80.33636363636364, 21.954545454545453], [80.32222222222222, 21.954545454545453], [80.32222222222222, 21.944444444444443], [80.33636363636364, 21.944444444444443]]]}, "properties": {"confidence_score": 0.5166, "site_id": "balaghat"}}, {"type": "Feature", "geometry": {"type": "Polygon", "coordinates": [[[80.35050505050506, 21.944444444444443], [80.35050505050506, 21.954545454545453], [80.33636363636364, 21.954545454545453], [80.33636363636364, 21.944444444444443], [80.35050505050506, 21.944444444444443]]]}, "properties": {"confidence_score": 0.6062, "site_id": "balaghat"}}, {"type": "Feature", "geometry": {"type": "Polygon", "coordinates": [[[80.36464646464647, 21.944444444444443], [80.36464646464647, 21.954545454545453], [80.35050505050505, 21.954545454545453], [80.35050505050505, 21.944444444444443], [80.36464646464647, 21.944444444444443]]]}, "properties": {"confidence_score": 0.7696, "site_id": "balaghat"}}, {"type": "Feature", "geometry": {"type": "Polygon", "coordinates": [[[80.37878787878789, 21.944444444444443], [80.37878787878789, 21.954545454545453], [80.36464646464647, 21.954545454545453], [80.36464646464647, 21.944444444444443], [80.37878787878789, 21.944444444444443]]]}, "properties": {"confidence_score": 0.9367, "site_id": "balaghat"}}, {"type": "Feature", "geometry": {"type": "Polygon", "coordinates": [[[80.3929292929293, 21.944444444444443], [80.3929292929293, 21.954545454545453], [80.37878787878788, 21.954545454545453], [80.37878787878788, 21.944444444444443], [80.3929292929293, 21.944444444444443]]]}, "properties": {"confidence_score": 0.848, "site_id": "balaghat"}}, {"type": "Feature", "geometry": {"type": "Polygon", "coordinates": [[[80.40707070707072, 21.944444444444443], [80.40707070707072, 21.954545454545453], [80.3929292929293, 21.954545454545453], [80.3929292929293, 21.944444444444443], [80.40707070707072, 21.944444444444443]]]}, "properties": {"confidence_score": 0.7347, "site_id": "balaghat"}}, {"type": "Feature", "geometry": {"type": "Polygon", "coordinates": [[[80.11010101010102, 21.954545454545453], [80.11010101010102, 21.964646464646464], [80.0959595959596, 21.964646464646464], [80.0959595959596, 21.954545454545453], [80.11010101010102, 21.954545454545453]]]}, "properties": {"confidence_score": 0.5094, "site_id": "balaghat"}}, {"type": "Feature", "geometry": {"type": "Polygon", "coordinates": [[[80.12424242424242, 21.954545454545453], [80.12424242424242, 21.964646464646464], [80.110101010101, 21.964646464646464], [80.110101010101, 21.954545454545453], [80.12424242424242, 21.954545454545453]]]}, "properties": {"confidence_score": 0.5454, "site_id": "balaghat"}}, {"type": "Feature", "geometry": {"type": "Polygon", "coordinates": [[[80.13838383838385, 21.954545454545453], [80.13838383838385, 21.964646464646464], [80.12424242424242, 21.964646464646464], [80.12424242424242, 21.954545454545453], [80.13838383838385, 21.954545454545453]]]}, "properties": {"confidence_score": 0.7461, "site_id": "balaghat"}}, {"type": "Feature", "geometry": {"type": "Polygon", "coordinates": [[[80.15252525252527, 21.954545454545453], [80.15252525252527, 21.964646464646464], [80.13838383838385, 21.964646464646464], [80.13838383838385, 21.954545454545453], [80.15252525252527, 21.954545454545453]]]}, "properties": {"confidence_score": 0.9094, "site_id": "balaghat"}}, {"type": "Feature", "geometry": {"type": "Polygon", "coordinates": [[[80.16666666666667, 21.954545454545453], [80.16666666666667, 21.964646464646464], [80.15252525252525, 21.964646464646464], [80.15252525252525, 21.954545454545453], [80.16666666666667, 21.954545454545453]]]}, "properties": {"confidence_score": 0.8625, "site_id": "balaghat"}}, {"type": "Feature", "geometry": {"type": "Polygon", "coordinates": [[[80.18080808080809, 21.954545454545453], [80.18080808080809, 21.964646464646464], [80.16666666666667, 21.964646464646464], [80.16666666666667, 21.954545454545453], [80.18080808080809, 21.954545454545453]]]}, "properties": {"confidence_score": 0.8961, "site_id": "balaghat"}}, {"type": "Feature", "geometry": {"type": "Polygon", "coordinates": [[[80.1949494949495, 21.954545454545453], [80.1949494949495, 21.964646464646464], [80.18080808080808, 21.964646464646464], [80.18080808080808, 21.954545454545453], [80.1949494949495, 21.954545454545453]]]}, "properties": {"confidence_score": 0.5416, "site_id": "balaghat"}}, {"type": "Feature", "geometry": {"type": "Polygon", "coordinates": [[[80.20909090909092, 21.954545454545453], [80.20909090909092, 21.964646464646464], [80.1949494949495, 21.964646464646464], [80.1949494949495, 21.954545454545453], [80.20909090909092, 21.954545454545453]]]}, "properties": {"confidence_score": 0.3808, "site_id": "balaghat"}}, {"type": "Feature", "geometry": {"type": "Polygon", "coordinates": [[[80.22323232323234, 21.954545454545453], [80.22323232323234, 21.964646464646464], [80.20909090909092, 21.964646464646464], [80.20909090909092, 21.954545454545453], [80.22323232323234, 21.954545454545453]]]}, "properties": {"confidence_score": 0.4326, "site_id": "balaghat"}}, {"type": "Feature", "geometry": {"type": "Polygon", "coordinates": [[[80.23737373737374, 21.954545454545453], [80.23737373737374, 21.964646464646464], [80.22323232323232, 21.964646464646464], [80.22323232323232, 21.954545454545453], [80.23737373737374, 21.954545454545453]]]}, "properties": {"confidence_score": 0.495, "site_id": "balaghat"}}, {"type": "Feature", "geometry": {"type": "Polygon", "coordinates": [[[80.25151515151516, 21.954545454545453], [80.25151515151516, 21.964646464646464], [80.23737373737374, 21.964646464646464], [80.23737373737374, 21.954545454545453], [80.25151515151516, 21.954545454545453]]]}, "properties": {"confidence_score": 0.7341, "site_id": "balaghat"}}, {"type": "Feature", "geometry": {"type": "Polygon", "coordinates": [[[80.26565656565657, 21.954545454545453], [80.26565656565657, 21.964646464646464], [80.25151515151515, 21.964646464646464], [80.25151515151515, 21.954545454545453], [80.26565656565657, 21.954545454545453]]]}, "properties": {"confidence_score": 0.932, "site_id": "balaghat"}}, {"type": "Feature", "geometry": {"type": "Polygon", "coordinates": [[[80.27979797979799, 21.954545454545453], [80.27979797979799, 21.964646464646464], [80.26565656565657, 21.964646464646464], [80.26565656565657, 21.954545454545453], [80.27979797979799, 21.954545454545453]]]}, "properties": {"confidence_score": 0.7248, "site_id": "balaghat"}}, {"type": "Feature", "geometry": {"type": "Polygon", "coordinates": [[[80.2939393939394, 21.954545454545453], [80.2939393939394, 21.964646464646464], [80.27979797979798, 21.964646464646464], [80.27979797979798, 21.954545454545453], [80.2939393939394, 21.954545454545453]]]}, "properties": {"confidence_score": 0.5397, "site_id": "balaghat"}}, {"type": "Feature", "geometry": {"type": "Polygon", "coordinates": [[[80.30808080808082, 21.954545454545453], [80.30808080808082, 21.964646464646464], [80.2939393939394, 21.964646464646464], [80.2939393939394, 21.954545454545453], [80.30808080808082, 21.954545454545453]]]}, "properties": {"confidence_score": 0.5304, "site_id": "balaghat"}}, {"type": "Feature", "geometry": {"type": "Polygon", "coordinates": [[[80.32222222222224, 21.954545454545453], [80.32222222222224, 21.964646464646464], [80.30808080808082, 21.964646464646464], [80.30808080808082, 21.954545454545453], [80.32222222222224, 21.954545454545453]]]}, "properties": {"confidence_score": 0.5435, "site_id": "balaghat"}}, {"type": "Feature", "geometry": {"type": "Polygon", "coordinates": [[[80.33636363636364, 21.954545454545453], [80.33636363636364, 21.964646464646464], [80.32222222222222, 21.964646464646464], [80.32222222222222, 21.954545454545453], [80.33636363636364, 21.954545454545453]]]}, "properties": {"confidence_score": 0.4639, "site_id": "balaghat"}}, {"type": "Feature", "geometry": {"type": "Polygon", "coordinates": [[[80.35050505050506, 21.954545454545453], [80.35050505050506, 21.964646464646464], [80.33636363636364, 21.964646464646464], [80.33636363636364, 21.954545454545453], [80.35050505050506, 21.954545454545453]]]}, "properties": {"confidence_score": 0.5215, "site_id": "balaghat"}}, {"type": "Feature", "geometry": {"type": "Polygon", "coordinates": [[[80.36464646464647, 21.954545454545453], [80.36464646464647, 21.964646464646464], [80.35050505050505, 21.964646464646464], [80.35050505050505, 21.954545454545453], [80.36464646464647, 21.954545454545453]]]}, "properties": {"confidence_score": 0.6851, "site_id": "balaghat"}}, {"type": "Feature", "geometry": {"type": "Polygon", "coordinates": [[[80.37878787878789, 21.954545454545453], [80.37878787878789, 21.964646464646464], [80.36464646464647, 21.964646464646464], [80.36464646464647, 21.954545454545453], [80.37878787878789, 21.954545454545453]]]}, "properties": {"confidence_score": 0.9698, "site_id": "balaghat"}}, {"type": "Feature", "geometry": {"type": "Polygon", "coordinates": [[[80.3929292929293, 21.954545454545453], [80.3929292929293, 21.964646464646464], [80.37878787878788, 21.964646464646464], [80.37878787878788, 21.954545454545453], [80.3929292929293, 21.954545454545453]]]}, "properties": {"confidence_score": 0.8493, "site_id": "balaghat"}}, {"type": "Feature", "geometry": {"type": "Polygon", "coordinates": [[[80.40707070707072, 21.954545454545453], [80.40707070707072, 21.964646464646464], [80.3929292929293, 21.964646464646464], [80.3929292929293, 21.954545454545453], [80.40707070707072, 21.954545454545453]]]}, "properties": {"confidence_score": 0.9446, "site_id": "balaghat"}}, {"type": "Feature", "geometry": {"type": "Polygon", "coordinates": [[[80.11010101010102, 21.964646464646464], [80.11010101010102, 21.974747474747474], [80.0959595959596, 21.974747474747474], [80.0959595959596, 21.964646464646464], [80.11010101010102, 21.964646464646464]]]}, "properties": {"confidence_score": 0.4253, "site_id": "balaghat"}}, {"type": "Feature", "geometry": {"type": "Polygon", "coordinates": [[[80.12424242424242, 21.964646464646464], [80.12424242424242, 21.974747474747474], [80.110101010101, 21.974747474747474], [80.110101010101, 21.964646464646464], [80.12424242424242, 21.964646464646464]]]}, "properties": {"confidence_score": 0.5402, "site_id": "balaghat"}}, {"type": "Feature", "geometry": {"type": "Polygon", "coordinates": [[[80.13838383838385, 21.964646464646464], [80.13838383838385, 21.974747474747474], [80.12424242424242, 21.974747474747474], [80.12424242424242, 21.964646464646464], [80.13838383838385, 21.964646464646464]]]}, "properties": {"confidence_score": 0.744, "site_id": "balaghat"}}, {"type": "Feature", "geometry": {"type": "Polygon", "coordinates": [[[80.15252525252527, 21.964646464646464], [80.15252525252527, 21.974747474747474], [80.13838383838385, 21.974747474747474], [80.13838383838385, 21.964646464646464], [80.15252525252527, 21.964646464646464]]]}, "properties": {"confidence_score": 0.8862, "site_id": "balaghat"}}, {"type": "Feature", "geometry": {"type": "Polygon", "coordinates": [[[80.16666666666667, 21.964646464646464], [80.16666666666667, 21.974747474747474], [80.15252525252525, 21.974747474747474], [80.15252525252525, 21.964646464646464], [80.16666666666667, 21.964646464646464]]]}, "properties": {"confidence_score": 0.8376, "site_id": "balaghat"}}, {"type": "Feature", "geometry": {"type": "Polygon", "coordinates": [[[80.18080808080809, 21.964646464646464], [80.18080808080809, 21.974747474747474], [80.16666666666667, 21.974747474747474], [80.16666666666667, 21.964646464646464], [80.18080808080809, 21.964646464646464]]]}, "properties": {"confidence_score": 0.7441, "site_id": "balaghat"}}, {"type": "Feature", "geometry": {"type": "Polygon", "coordinates": [[[80.1949494949495, 21.964646464646464], [80.1949494949495, 21.974747474747474], [80.18080808080808, 21.974747474747474], [80.18080808080808, 21.964646464646464], [80.1949494949495, 21.964646464646464]]]}, "properties": {"confidence_score": 0.5771, "site_id": "balaghat"}}, {"type": "Feature", "geometry": {"type": "Polygon", "coordinates": [[[80.20909090909092, 21.964646464646464], [80.20909090909092, 21.974747474747474], [80.1949494949495, 21.974747474747474], [80.1949494949495, 21.964646464646464], [80.20909090909092, 21.964646464646464]]]}, "properties": {"confidence_score": 0.492, "site_id": "balaghat"}}, {"type": "Feature", "geometry": {"type": "Polygon", "coordinates": [[[80.22323232323234, 21.964646464646464], [80.22323232323234, 21.974747474747474], [80.20909090909092, 21.974747474747474], [80.20909090909092, 21.964646464646464], [80.22323232323234, 21.964646464646464]]]}, "properties": {"confidence_score": 0.5874, "site_id": "balaghat"}}, {"type": "Feature", "geometry": {"type": "Polygon", "coordinates": [[[80.23737373737374, 21.964646464646464], [80.23737373737374, 21.974747474747474], [80.22323232323232, 21.974747474747474], [80.22323232323232, 21.964646464646464], [80.23737373737374, 21.964646464646464]]]}, "properties": {"confidence_score": 0.7247, "site_id": "balaghat"}}, {"type": "Feature", "geometry": {"type": "Polygon", "coordinates": [[[80.25151515151516, 21.964646464646464], [80.25151515151516, 21.974747474747474], [80.23737373737374, 21.974747474747474], [80.23737373737374, 21.964646464646464], [80.25151515151516, 21.964646464646464]]]}, "properties": {"confidence_score": 0.8348, "site_id": "balaghat"}}, {"type": "Feature", "geometry": {"type": "Polygon", "coordinates": [[[80.26565656565657, 21.964646464646464], [80.26565656565657, 21.974747474747474], [80.25151515151515, 21.974747474747474], [80.25151515151515, 21.964646464646464], [80.26565656565657, 21.964646464646464]]]}, "properties": {"confidence_score": 0.8948, "site_id": "balaghat"}}, {"type": "Feature", "geometry": {"type": "Polygon", "coordinates": [[[80.27979797979799, 21.964646464646464], [80.27979797979799, 21.974747474747474], [80.26565656565657, 21.974747474747474], [80.26565656565657, 21.964646464646464], [80.27979797979799, 21.964646464646464]]]}, "properties": {"confidence_score": 0.716, "site_id": "balaghat"}}, {"type": "Feature", "geometry": {"type": "Polygon", "coordinates": [[[80.2939393939394, 21.964646464646464], [80.2939393939394, 21.974747474747474], [80.27979797979798, 21.974747474747474], [80.27979797979798, 21.964646464646464], [80.2939393939394, 21.964646464646464]]]}, "properties": {"confidence_score": 0.5539, "site_id": "balaghat"}}, {"type": "Feature", "geometry": {"type": "Polygon", "coordinates": [[[80.30808080808082, 21.964646464646464], [80.30808080808082, 21.974747474747474], [80.2939393939394, 21.974747474747474], [80.2939393939394, 21.964646464646464], [80.30808080808082, 21.964646464646464]]]}, "properties": {"confidence_score": 0.4539, "site_id": "balaghat"}}, {"type": "Feature", "geometry": {"type": "Polygon", "coordinates": [[[80.32222222222224, 21.964646464646464], [80.32222222222224, 21.974747474747474], [80.30808080808082, 21.974747474747474], [80.30808080808082, 21.964646464646464], [80.32222222222224, 21.964646464646464]]]}, "properties": {"confidence_score": 0.3933, "site_id": "balaghat"}}, {"type": "Feature", "geometry": {"type": "Polygon", "coordinates": [[[80.33636363636364, 21.964646464646464], [80.33636363636364, 21.974747474747474], [80.32222222222222, 21.974747474747474], [80.32222222222222, 21.964646464646464], [80.33636363636364, 21.964646464646464]]]}, "properties": {"confidence_score": 0.3516, "site_id": "balaghat"}}, {"type": "Feature", "geometry": {"type": "Polygon", "coordinates": [[[80.35050505050506, 21.964646464646464], [80.35050505050506, 21.974747474747474], [80.33636363636364, 21.974747474747474], [80.33636363636364, 21.964646464646464], [80.35050505050506, 21.964646464646464]]]}, "properties": {"confidence_score": 0.3715, "site_id": "balaghat"}}, {"type": "Feature", "geometry": {"type": "Polygon", "coordinates": [[[80.36464646464647, 21.964646464646464], [80.36464646464647, 21.974747474747474], [80.35050505050505, 21.974747474747474], [80.35050505050505, 21.964646464646464], [80.36464646464647, 21.964646464646464]]]}, "properties": {"confidence_score": 0.5079, "site_id": "balaghat"}}, {"type": "Feature", "geometry": {"type": "Polygon", "coordinates": [[[80.37878787878789, 21.964646464646464], [80.37878787878789, 21.974747474747474], [80.36464646464647, 21.974747474747474], [80.36464646464647, 21.964646464646464], [80.37878787878789, 21.964646464646464]]]}, "properties": {"confidence_score": 0.6495, "site_id": "balaghat"}}, {"type": "Feature", "geometry": {"type": "Polygon", "coordinates": [[[80.3929292929293, 21.964646464646464], [80.3929292929293, 21.974747474747474], [80.37878787878788, 21.974747474747474], [80.37878787878788, 21.964646464646464], [80.3929292929293, 21.964646464646464]]]}, "properties": {"confidence_score": 0.6643, "site_id": "balaghat"}}, {"type": "Feature", "geometry": {"type": "Polygon", "coordinates": [[[80.40707070707072, 21.964646464646464], [80.40707070707072, 21.974747474747474], [80.3929292929293, 21.974747474747474], [80.3929292929293, 21.964646464646464], [80.40707070707072, 21.964646464646464]]]}, "properties": {"confidence_score": 0.6373, "site_id": "balaghat"}}, {"type": "Feature", "geometry": {"type": "Polygon", "coordinates": [[[80.11010101010102, 21.974747474747474], [80.11010101010102, 21.984848484848484], [80.0959595959596, 21.984848484848484], [80.0959595959596, 21.974747474747474], [80.11010101010102, 21.974747474747474]]]}, "properties": {"confidence_score": 0.3886, "site_id": "balaghat"}}, {"type": "Feature", "geometry": {"type": "Polygon", "coordinates": [[[80.12424242424242, 21.974747474747474], [80.12424242424242, 21.984848484848484], [80.110101010101, 21.984848484848484], [80.110101010101, 21.974747474747474], [80.12424242424242, 21.974747474747474]]]}, "properties": {"confidence_score": 0.541, "site_id": "balaghat"}}, {"type": "Feature", "geometry": {"type": "Polygon", "coordinates": [[[80.13838383838385, 21.974747474747474], [80.13838383838385, 21.984848484848484], [80.12424242424242, 21.984848484848484], [80.12424242424242, 21.974747474747474], [80.13838383838385, 21.974747474747474]]]}, "properties": {"confidence_score": 0.7471, "site_id": "balaghat"}}, {"type": "Feature", "geometry": {"type": "Polygon", "coordinates": [[[80.15252525252527, 21.974747474747474], [80.15252525252527, 21.984848484848484], [80.13838383838385, 21.984848484848484], [80.13838383838385, 21.974747474747474], [80.15252525252527, 21.974747474747474]]]}, "properties": {"confidence_score": 0.9143, "site_id": "balaghat"}}, {"type": "Feature", "geometry": {"type": "Polygon", "coordinates": [[[80.16666666666667, 21.974747474747474], [80.16666666666667, 21.984848484848484], [80.15252525252525, 21.984848484848484], [80.15252525252525, 21.974747474747474], [80.16666666666667, 21.974747474747474]]]}, "properties": {"confidence_score": 0.7924, "site_id": "balaghat"}}, {"type": "Feature", "geometry": {"type": "Polygon", "coordinates": [[[80.18080808080809, 21.974747474747474], [80.18080808080809, 21.984848484848484], [80.16666666666667, 21.984848484848484], [80.16666666666667, 21.974747474747474], [80.18080808080809, 21.974747474747474]]]}, "properties": {"confidence_score": 0.6356, "site_id": "balaghat"}}, {"type": "Feature", "geometry": {"type": "Polygon", "coordinates": [[[80.1949494949495, 21.974747474747474], [80.1949494949495, 21.984848484848484], [80.18080808080808, 21.984848484848484], [80.18080808080808, 21.974747474747474], [80.1949494949495, 21.974747474747474]]]}, "properties": {"confidence_score": 0.6186, "site_id": "balaghat"}}, {"type": "Feature", "geometry": {"type": "Polygon", "coordinates": [[[80.20909090909092, 21.974747474747474], [80.20909090909092, 21.984848484848484], [80.1949494949495, 21.984848484848484], [80.1949494949495, 21.974747474747474], [80.20909090909092, 21.974747474747474]]]}, "properties": {"confidence_score": 0.5785, "site_id": "balaghat"}}, {"type": "Feature", "geometry": {"type": "Polygon", "coordinates": [[[80.22323232323234, 21.974747474747474], [80.22323232323234, 21.984848484848484], [80.20909090909092, 21.984848484848484], [80.20909090909092, 21.974747474747474], [80.22323232323234, 21.974747474747474]]]}, "properties": {"confidence_score": 0.7541, "site_id": "balaghat"}}, {"type": "Feature", "geometry": {"type": "Polygon", "coordinates": [[[80.23737373737374, 21.974747474747474], [80.23737373737374, 21.984848484848484], [80.22323232323232, 21.984848484848484], [80.22323232323232, 21.974747474747474], [80.23737373737374, 21.974747474747474]]]}, "properties": {"confidence_score": 0.9653, "site_id": "balaghat"}}, {"type": "Feature", "geometry": {"type": "Polygon", "coordinates": [[[80.25151515151516, 21.974747474747474], [80.25151515151516, 21.984848484848484], [80.23737373737374, 21.984848484848484], [80.23737373737374, 21.974747474747474], [80.25151515151516, 21.974747474747474]]]}, "properties": {"confidence_score": 0.8823, "site_id": "balaghat"}}, {"type": "Feature", "geometry": {"type": "Polygon", "coordinates": [[[80.26565656565657, 21.974747474747474], [80.26565656565657, 21.984848484848484], [80.25151515151515, 21.984848484848484], [80.25151515151515, 21.974747474747474], [80.26565656565657, 21.974747474747474]]]}, "properties": {"confidence_score": 0.9175, "site_id": "balaghat"}}, {"type": "Feature", "geometry": {"type": "Polygon", "coordinates": [[[80.27979797979799, 21.974747474747474], [80.27979797979799, 21.984848484848484], [80.26565656565657, 21.984848484848484], [80.26565656565657, 21.974747474747474], [80.27979797979799, 21.974747474747474]]]}, "properties": {"confidence_score": 0.6622, "site_id": "balaghat"}}, {"type": "Feature", "geometry": {"type": "Polygon", "coordinates": [[[80.2939393939394, 21.974747474747474], [80.2939393939394, 21.984848484848484], [80.27979797979798, 21.984848484848484], [80.27979797979798, 21.974747474747474], [80.2939393939394, 21.974747474747474]]]}, "properties": {"confidence_score": 0.5539, "site_id": "balaghat"}}, {"type": "Feature", "geometry": {"type": "Polygon", "coordinates": [[[80.30808080808082, 21.974747474747474], [80.30808080808082, 21.984848484848484], [80.2939393939394, 21.984848484848484], [80.2939393939394, 21.974747474747474], [80.30808080808082, 21.974747474747474]]]}, "properties": {"confidence_score": 0.3756, "site_id": "balaghat"}}, {"type": "Feature", "geometry": {"type": "Polygon", "coordinates": [[[80.32222222222224, 21.974747474747474], [80.32222222222224, 21.984848484848484], [80.30808080808082, 21.984848484848484], [80.30808080808082, 21.974747474747474], [80.32222222222224, 21.974747474747474]]]}, "properties": {"confidence_score": 0.2555, "site_id": "balaghat"}}, {"type": "Feature", "geometry": {"type": "Polygon", "coordinates": [[[80.33636363636364, 21.974747474747474], [80.33636363636364, 21.984848484848484], [80.32222222222222, 21.984848484848484], [80.32222222222222, 21.974747474747474], [80.33636363636364, 21.974747474747474]]]}, "properties": {"confidence_score": 0.2395, "site_id": "balaghat"}}, {"type": "Feature", "geometry": {"type": "Polygon", "coordinates": [[[80.35050505050506, 21.974747474747474], [80.35050505050506, 21.984848484848484], [80.33636363636364, 21.984848484848484], [80.33636363636364, 21.974747474747474], [80.35050505050506, 21.974747474747474]]]}, "properties": {"confidence_score": 0.1934, "site_id": "balaghat"}}, {"type": "Feature", "geometry": {"type": "Polygon", "coordinates": [[[80.36464646464647, 21.974747474747474], [80.36464646464647, 21.984848484848484], [80.35050505050505, 21.984848484848484], [80.35050505050505, 21.974747474747474], [80.36464646464647, 21.974747474747474]]]}, "properties": {"confidence_score": 0.3249, "site_id": "balaghat"}}, {"type": "Feature", "geometry": {"type": "Polygon", "coordinates": [[[80.37878787878789, 21.974747474747474], [80.37878787878789, 21.984848484848484], [80.36464646464647, 21.984848484848484], [80.36464646464647, 21.974747474747474], [80.37878787878789, 21.974747474747474]]]}, "properties": {"confidence_score": 0.3924, "site_id": "balaghat"}}, {"type": "Feature", "geometry": {"type": "Polygon", "coordinates": [[[80.3929292929293, 21.974747474747474], [80.3929292929293, 21.984848484848484], [80.37878787878788, 21.984848484848484], [80.37878787878788, 21.974747474747474], [80.3929292929293, 21.974747474747474]]]}, "properties": {"confidence_score": 0.4347, "site_id": "balaghat"}}, {"type": "Feature", "geometry": {"type": "Polygon", "coordinates": [[[80.40707070707072, 21.974747474747474], [80.40707070707072, 21.984848484848484], [80.3929292929293, 21.984848484848484], [80.3929292929293, 21.974747474747474], [80.40707070707072, 21.974747474747474]]]}, "properties": {"confidence_score": 0.3817, "site_id": "balaghat"}}, {"type": "Feature", "geometry": {"type": "Polygon", "coordinates": [[[80.11010101010102, 21.984848484848484], [80.11010101010102, 21.994949494949495], [80.0959595959596, 21.994949494949495], [80.0959595959596, 21.984848484848484], [80.11010101010102, 21.984848484848484]]]}, "properties": {"confidence_score": 0.3674, "site_id": "balaghat"}}, {"type": "Feature", "geometry": {"type": "Polygon", "coordinates": [[[80.12424242424242, 21.984848484848484], [80.12424242424242, 21.994949494949495], [80.110101010101, 21.994949494949495], [80.110101010101, 21.984848484848484], [80.12424242424242, 21.984848484848484]]]}, "properties": {"confidence_score": 0.5295, "site_id": "balaghat"}}, {"type": "Feature", "geometry": {"type": "Polygon", "coordinates": [[[80.13838383838385, 21.984848484848484], [80.13838383838385, 21.994949494949495], [80.12424242424242, 21.994949494949495], [80.12424242424242, 21.984848484848484], [80.13838383838385, 21.984848484848484]]]}, "properties": {"confidence_score": 0.7342, "site_id": "balaghat"}}, {"type": "Feature", "geometry": {"type": "Polygon", "coordinates": [[[80.15252525252527, 21.984848484848484], [80.15252525252527, 21.994949494949495], [80.13838383838385, 21.994949494949495], [80.13838383838385, 21.984848484848484], [80.15252525252527, 21.984848484848484]]]}, "properties": {"confidence_score": 0.8793, "site_id": "balaghat"}}, {"type": "Feature", "geometry": {"type": "Polygon", "coordinates": [[[80.16666666666667, 21.984848484848484], [80.16666666666667, 21.994949494949495], [80.15252525252525, 21.994949494949495], [80.15252525252525, 21.984848484848484], [80.16666666666667, 21.984848484848484]]]}, "properties": {"confidence_score": 0.8163, "site_id": "balaghat"}}, {"type": "Feature", "geometry": {"type": "Polygon", "coordinates": [[[80.18080808080809, 21.984848484848484], [80.18080808080809, 21.994949494949495], [80.16666666666667, 21.994949494949495], [80.16666666666667, 21.984848484848484], [80.18080808080809, 21.984848484848484]]]}, "properties": {"confidence_score": 0.7541, "site_id": "balaghat"}}, {"type": "Feature", "geometry": {"type": "Polygon", "coordinates": [[[80.1949494949495, 21.984848484848484], [80.1949494949495, 21.994949494949495], [80.18080808080808, 21.994949494949495], [80.18080808080808, 21.984848484848484], [80.1949494949495, 21.984848484848484]]]}, "properties": {"confidence_score": 0.7383, "site_id": "balaghat"}}, {"type": "Feature", "geometry": {"type": "Polygon", "coordinates": [[[80.20909090909092, 21.984848484848484], [80.20909090909092, 21.994949494949495], [80.1949494949495, 21.994949494949495], [80.1949494949495, 21.984848484848484], [80.20909090909092, 21.984848484848484]]]}, "properties": {"confidence_score": 0.7847, "site_id": "balaghat"}}, {"type": "Feature", "geometry": {"type": "Polygon", "coordinates": [[[80.22323232323234, 21.984848484848484], [80.22323232323234, 21.994949494949495], [80.20909090909092, 21.994949494949495], [80.20909090909092, 21.984848484848484], [80.22323232323234, 21.984848484848484]]]}, "properties": {"confidence_score": 0.8615, "site_id": "balaghat"}}, {"type": "Feature", "geometry": {"type": "Polygon", "coordinates": [[[80.23737373737374, 21.984848484848484], [80.23737373737374, 21.994949494949495], [80.22323232323232, 21.994949494949495], [80.22323232323232, 21.984848484848484], [80.23737373737374, 21.984848484848484]]]}, "properties": {"confidence_score": 0.9361, "site_id": "balaghat"}}, {"type": "Feature", "geometry": {"type": "Polygon", "coordinates": [[[80.25151515151516, 21.984848484848484], [80.25151515151516, 21.994949494949495], [80.23737373737374, 21.994949494949495], [80.23737373737374, 21.984848484848484], [80.25151515151516, 21.984848484848484]]]}, "properties": {"confidence_score": 0.8012, "site_id": "balaghat"}}, {"type": "Feature", "geometry": {"type": "Polygon", "coordinates": [[[80.26565656565657, 21.984848484848484], [80.26565656565657, 21.994949494949495], [80.25151515151515, 21.994949494949495], [80.25151515151515, 21.984848484848484], [80.26565656565657, 21.984848484848484]]]}, "properties": {"confidence_score": 0.6638, "site_id": "balaghat"}}, {"type": "Feature", "geometry": {"type": "Polygon", "coordinates": [[[80.27979797979799, 21.984848484848484], [80.27979797979799, 21.994949494949495], [80.26565656565657, 21.994949494949495], [80.26565656565657, 21.984848484848484], [80.27979797979799, 21.984848484848484]]]}, "properties": {"confidence_score": 0.5105, "site_id": "balaghat"}}, {"type": "Feature", "geometry": {"type": "Polygon", "coordinates": [[[80.2939393939394, 21.984848484848484], [80.2939393939394, 21.994949494949495], [80.27979797979798, 21.994949494949495], [80.27979797979798, 21.984848484848484], [80.2939393939394, 21.984848484848484]]]}, "properties": {"confidence_score": 0.3865, "site_id": "balaghat"}}, {"type": "Feature", "geometry": {"type": "Polygon", "coordinates": [[[80.30808080808082, 21.984848484848484], [80.30808080808082, 21.994949494949495], [80.2939393939394, 21.994949494949495], [80.2939393939394, 21.984848484848484], [80.30808080808082, 21.984848484848484]]]}, "properties": {"confidence_score": 0.2956, "site_id": "balaghat"}}, {"type": "Feature", "geometry": {"type": "Polygon", "coordinates": [[[80.32222222222224, 21.984848484848484], [80.32222222222224, 21.994949494949495], [80.30808080808082, 21.994949494949495], [80.30808080808082, 21.984848484848484], [80.32222222222224, 21.984848484848484]]]}, "properties": {"confidence_score": 0.2282, "site_id": "balaghat"}}, {"type": "Feature", "geometry": {"type": "Polygon", "coordinates": [[[80.33636363636364, 21.984848484848484], [80.33636363636364, 21.994949494949495], [80.32222222222222, 21.994949494949495], [80.32222222222222, 21.984848484848484], [80.33636363636364, 21.984848484848484]]]}, "properties": {"confidence_score": 0.1863, "site_id": "balaghat"}}, {"type": "Feature", "geometry": {"type": "Polygon", "coordinates": [[[80.35050505050506, 21.984848484848484], [80.35050505050506, 21.994949494949495], [80.33636363636364, 21.994949494949495], [80.33636363636364, 21.984848484848484], [80.35050505050506, 21.984848484848484]]]}, "properties": {"confidence_score": 0.164, "site_id": "balaghat"}}, {"type": "Feature", "geometry": {"type": "Polygon", "coordinates": [[[80.36464646464647, 21.984848484848484], [80.36464646464647, 21.994949494949495], [80.35050505050505, 21.994949494949495], [80.35050505050505, 21.984848484848484], [80.36464646464647, 21.984848484848484]]]}, "properties": {"confidence_score": 0.2076, "site_id": "balaghat"}}, {"type": "Feature", "geometry": {"type": "Polygon", "coordinates": [[[80.37878787878789, 21.984848484848484], [80.37878787878789, 21.994949494949495], [80.36464646464647, 21.994949494949495], [80.36464646464647, 21.984848484848484], [80.37878787878789, 21.984848484848484]]]}, "properties": {"confidence_score": 0.2425, "site_id": "balaghat"}}, {"type": "Feature", "geometry": {"type": "Polygon", "coordinates": [[[80.3929292929293, 21.984848484848484], [80.3929292929293, 21.994949494949495], [80.37878787878788, 21.994949494949495], [80.37878787878788, 21.984848484848484], [80.3929292929293, 21.984848484848484]]]}, "properties": {"confidence_score": 0.2698, "site_id": "balaghat"}}, {"type": "Feature", "geometry": {"type": "Polygon", "coordinates": [[[80.40707070707072, 21.984848484848484], [80.40707070707072, 21.994949494949495], [80.3929292929293, 21.994949494949495], [80.3929292929293, 21.984848484848484], [80.40707070707072, 21.984848484848484]]]}, "properties": {"confidence_score": 0.2582, "site_id": "balaghat"}}, {"type": "Feature", "geometry": {"type": "Polygon", "coordinates": [[[80.11010101010102, 21.994949494949495], [80.11010101010102, 22.005050505050505], [80.0959595959596, 22.005050505050505], [80.0959595959596, 21.994949494949495], [80.11010101010102, 21.994949494949495]]]}, "properties": {"confidence_score": 0.3476, "site_id": "balaghat"}}, {"type": "Feature", "geometry": {"type": "Polygon", "coordinates": [[[80.12424242424242, 21.994949494949495], [80.12424242424242, 22.005050505050505], [80.110101010101, 22.005050505050505], [80.110101010101, 21.994949494949495], [80.12424242424242, 21.994949494949495]]]}, "properties": {"confidence_score": 0.5053, "site_id": "balaghat"}}, {"type": "Feature", "geometry": {"type": "Polygon", "coordinates": [[[80.13838383838385, 21.994949494949495], [80.13838383838385, 22.005050505050505], [80.12424242424242, 22.005050505050505], [80.12424242424242, 21.994949494949495], [80.13838383838385, 21.994949494949495]]]}, "properties": {"confidence_score": 0.6983, "site_id": "balaghat"}}, {"type": "Feature", "geometry": {"type": "Polygon", "coordinates": [[[80.15252525252527, 21.994949494949495], [80.15252525252527, 22.005050505050505], [80.13838383838385, 22.005050505050505], [80.13838383838385, 21.994949494949495], [80.15252525252527, 21.994949494949495]]]}, "properties": {"confidence_score": 0.8976, "site_id": "balaghat"}}, {"type": "Feature", "geometry": {"type": "Polygon", "coordinates": [[[80.16666666666667, 21.994949494949495], [80.16666666666667, 22.005050505050505], [80.15252525252525, 22.005050505050505], [80.15252525252525, 21.994949494949495], [80.16666666666667, 21.994949494949495]]]}, "properties": {"confidence_score": 0.8253, "site_id": "balaghat"}}, {"type": "Feature", "geometry": {"type": "Polygon", "coordinates": [[[80.18080808080809, 21.994949494949495], [80.18080808080809, 22.005050505050505], [80.16666666666667, 22.005050505050505], [80.16666666666667, 21.994949494949495], [80.18080808080809, 21.994949494949495]]]}, "properties": {"confidence_score": 0.87, "site_id": "balaghat"}}, {"type": "Feature", "geometry": {"type": "Polygon", "coordinates": [[[80.1949494949495, 21.994949494949495], [80.1949494949495, 22.005050505050505], [80.18080808080808, 22.005050505050505], [80.18080808080808, 21.994949494949495], [80.1949494949495, 21.994949494949495]]]}, "properties": {"confidence_score": 0.8235, "site_id": "balaghat"}}, {"type": "Feature", "geometry": {"type": "Polygon", "coordinates": [[[80.20909090909092, 21.994949494949495], [80.20909090909092, 22.005050505050505], [80.1949494949495, 22.005050505050505], [80.1949494949495, 21.994949494949495], [80.20909090909092, 21.994949494949495]]]}, "properties": {"confidence_score": 0.96, "site_id": "balaghat"}}, {"type": "Feature", "geometry": {"type": "Polygon", "coordinates": [[[80.22323232323234, 21.994949494949495], [80.22323232323234, 22.005050505050505], [80.20909090909092, 22.005050505050505], [80.20909090909092, 21.994949494949495], [80.22323232323234, 21.994949494949495]]]}, "properties": {"confidence_score": 0.8847, "site_id": "balaghat"}}, {"type": "Feature", "geometry": {"type": "Polygon", "coordinates": [[[80.23737373737374, 21.994949494949495], [80.23737373737374, 22.005050505050505], [80.22323232323232, 22.005050505050505], [80.22323232323232, 21.994949494949495], [80.23737373737374, 21.994949494949495]]]}, "properties": {"confidence_score": 0.9456, "site_id": "balaghat"}}, {"type": "Feature", "geometry": {"type": "Polygon", "coordinates": [[[80.25151515151516, 21.994949494949495], [80.25151515151516, 22.005050505050505], [80.23737373737374, 22.005050505050505], [80.23737373737374, 21.994949494949495], [80.25151515151516, 21.994949494949495]]]}, "properties": {"confidence_score": 0.6682, "site_id": "balaghat"}}, {"type": "Feature", "geometry": {"type": "Polygon", "coordinates": [[[80.26565656565657, 21.994949494949495], [80.26565656565657, 22.005050505050505], [80.25151515151515, 22.005050505050505], [80.25151515151515, 21.994949494949495], [80.26565656565657, 21.994949494949495]]]}, "properties": {"confidence_score": 0.4265, "site_id": "balaghat"}}, {"type": "Feature", "geometry": {"type": "Polygon", "coordinates": [[[80.27979797979799, 21.994949494949495], [80.27979797979799, 22.005050505050505], [80.26565656565657, 22.005050505050505], [80.26565656565657, 21.994949494949495], [80.27979797979799, 21.994949494949495]]]}, "properties": {"confidence_score": 0.3534, "site_id": "balaghat"}}, {"type": "Feature", "geometry": {"type": "Polygon", "coordinates": [[[80.2939393939394, 21.994949494949495], [80.2939393939394, 22.005050505050505], [80.27979797979798, 22.005050505050505], [80.27979797979798, 21.994949494949495], [80.2939393939394, 21.994949494949495]]]}, "properties": {"confidence_score": 0.2228, "site_id": "balaghat"}}, {"type": "Feature", "geometry": {"type": "Polygon", "coordinates": [[[80.30808080808082, 21.994949494949495], [80.30808080808082, 22.005050505050505], [80.2939393939394, 22.005050505050505], [80.2939393939394, 21.994949494949495], [80.30808080808082, 21.994949494949495]]]}, "properties": {"confidence_score": 0.23, "site_id": "balaghat"}}, {"type": "Feature", "geometry": {"type": "Polygon", "coordinates": [[[80.32222222222224, 21.994949494949495], [80.32222222222224, 22.005050505050505], [80.30808080808082, 22.005050505050505], [80.30808080808082, 21.994949494949495], [80.32222222222224, 21.994949494949495]]]}, "properties": {"confidence_score": 0.2138, "site_id": "balaghat"}}, {"type": "Feature", "geometry": {"type": "Polygon", "coordinates": [[[80.33636363636364, 21.994949494949495], [80.33636363636364, 22.005050505050505], [80.32222222222222, 22.005050505050505], [80.32222222222222, 21.994949494949495], [80.33636363636364, 21.994949494949495]]]}, "properties": {"confidence_score": 0.1675, "site_id": "balaghat"}}, {"type": "Feature", "geometry": {"type": "Polygon", "coordinates": [[[80.35050505050506, 21.994949494949495], [80.35050505050506, 22.005050505050505], [80.33636363636364, 22.005050505050505], [80.33636363636364, 21.994949494949495], [80.35050505050506, 21.994949494949495]]]}, "properties": {"confidence_score": 0.1336, "site_id": "balaghat"}}, {"type": "Feature", "geometry": {"type": "Polygon", "coordinates": [[[80.36464646464647, 21.994949494949495], [80.36464646464647, 22.005050505050505], [80.35050505050505, 22.005050505050505], [80.35050505050505, 21.994949494949495], [80.36464646464647, 21.994949494949495]]]}, "properties": {"confidence_score": 0.1472, "site_id": "balaghat"}}, {"type": "Feature", "geometry": {"type": "Polygon", "coordinates": [[[80.37878787878789, 21.994949494949495], [80.37878787878789, 22.005050505050505], [80.36464646464647, 22.005050505050505], [80.36464646464647, 21.994949494949495], [80.37878787878789, 21.994949494949495]]]}, "properties": {"confidence_score": 0.1302, "site_id": "balaghat"}}, {"type": "Feature", "geometry": {"type": "Polygon", "coordinates": [[[80.3929292929293, 21.994949494949495], [80.3929292929293, 22.005050505050505], [80.37878787878788, 22.005050505050505], [80.37878787878788, 21.994949494949495], [80.3929292929293, 21.994949494949495]]]}, "properties": {"confidence_score": 0.1747, "site_id": "balaghat"}}, {"type": "Feature", "geometry": {"type": "Polygon", "coordinates": [[[80.40707070707072, 21.994949494949495], [80.40707070707072, 22.005050505050505], [80.3929292929293, 22.005050505050505], [80.3929292929293, 21.994949494949495], [80.40707070707072, 21.994949494949495]]]}, "properties": {"confidence_score": 0.1575, "site_id": "balaghat"}}]}